#
# A fatal error has been detected by the Java Runtime Environment:
#
#  SIGSEGV (0xb) at pc=0x000000018ad69ebc, pid=73339, tid=196355
#
# JRE version: OpenJDK Runtime Environment Temurin-25.0.3+9 (25.0.3+9) (build 25.0.3+9-LTS)
# Java VM: OpenJDK 64-Bit Server VM Temurin-25.0.3+9 (25.0.3+9-LTS, mixed mode, tiered, compressed oops, compressed class ptrs, g1 gc, bsd-aarch64)
# Problematic frame:
# C  [libobjc.A.dylib+0x9ebc]  lookUpImpOrForward+0x54
#
# No core dump will be written. Core dumps have been disabled. To enable core dumping, try "ulimit -c unlimited" before starting Java again
#
# If you would like to submit a bug report, please visit:
#   https://github.com/adoptium/adoptium-support/issues
#

---------------  S U M M A R Y ------------

Command Line: 

Host: "MacBookPro17,1" arm64, 8 cores, 16G, Darwin 24.6.0, macOS 15.7.2 (24G325)
Time: Mon Sep 28 08:57:48 2026 EDT elapsed time: 34134.469544 seconds (0d 9h 28m 54s)

---------------  T H R E A D  ---------------

Current thread (0x0000000128285200):  VMThread "VM Thread"          [id=196355, stack(0x000000017fbfc000,0x000000017fdff000) (2060K)]

Stack: [0x000000017fbfc000,0x000000017fdff000],  sp=0x000000017fdfe660,  free space=2057k
Native frames: (J=compiled Java code, j=interpreted, Vv=VM code, C=native code)
C  [libobjc.A.dylib+0x9ebc]  lookUpImpOrForward+0x54
C  [libobjc.A.dylib+0x9b84]  _objc_msgSend_uncached+0x44
C  [HeartCore+0x6cf550]  boost::thread_detail::rollback_once_region(boost::once_flag&)+0x3e8c
C  [libsystem_c.dylib+0x27704]  exit+0x2c
V  [libjvm.dylib+0x89fc20]  os::_exit(int)+0x0
V  [libjvm.dylib+0x89fc14]  permit_forbidden_function::exit(int)+0x0
V  [libjvm.dylib+0x4e4f94]  notify_vm_shutdown()+0x0
V  [libjvm.dylib+0xb8005c]  VM_Exit::doit()+0x168
V  [libjvm.dylib+0xb7f368]  VM_Operation::evaluate()+0xec
V  [libjvm.dylib+0xb8ef10]  VMThread::evaluate_operation(VM_Operation*)+0x10c
V  [libjvm.dylib+0xb8f72c]  VMThread::inner_execute(VM_Operation*)+0x29c
V  [libjvm.dylib+0xb8ebac]  VMThread::run()+0xd0
V  [libjvm.dylib+0xaf9d74]  Thread::call_run()+0xc8
V  [libjvm.dylib+0x898aa0]  thread_native_entry(Thread*)+0x118
C  [libsystem_pthread.dylib+0x6bc8]  _pthread_start+0x88

siginfo: si_signo: 11 (SIGSEGV), si_code: 2 (SEGV_ACCERR), si_addr: 0x0000255094d205f0

Registers:
 x0=0x000060000203d650  x1=0x0000000205d29388  x2=0x00006000032805d0  x3=0x0000000000000003
 x4=0x0000000000000000  x5=0x0000000000000001  x6=0x0000000000000000  x7=0x0000000000000000
 x8=0x0000255094d205d0  x9=0x0000000000000000 x10=0x0000600000e35b00 x11=0x0000000000000007
x12=0x0000600000e35b00 x13=0x0000600000e35b30 x14=0x01006000032805d1 x15=0x00006000032805d0
x16=0x00006000032805d0 x17=0x0000000000000000 x18=0x0000000000000000 x19=0x000060000203d650
x20=0x0000000205d29388 x21=0x00006000032805d0 x22=0x0f007ffffffffff8 x23=0x0000000000000000
x24=0x0000000000000002 x25=0x00000001f90f7000 x26=0x0000000000000008 x27=0x00000003a56ffa10
x28=0x0000000000000007  fp=0x000000017fdfe6c0  lr=0x000000018ad69b84  sp=0x000000017fdfe660
pc=0x000000018ad69ebc cpsr=0x0000000000001000

Register to memory mapping:

x0 =0x000060000203d650 points into unknown readable memory: 0x01006000032805d1 | d1 05 28 03 00 60 00 01
x1 =0x0000000205d29388 points into unknown readable memory: 0x6c63007261656c63 | 63 6c 65 61 72 00 63 6c
x2 =0x00006000032805d0 points into unknown readable memory: 0x0000a55094d205d0 | d0 05 d2 94 50 a5 00 00
x3 =0x0000000000000003 is an unknown value
x4 =0x0 is null
x5 =0x0000000000000001 is an unknown value
x6 =0x0 is null
x7 =0x0 is null
x8 =0x0000255094d205d0 is an unknown value
x9 =0x0 is null
x10=0x0000600000e35b00 points into unknown readable memory: 0x0000a55097195b00 | 00 5b 19 97 50 a5 00 00
x11=0x0000000000000007 is an unknown value
x12=0x0000600000e35b00 points into unknown readable memory: 0x0000a55097195b00 | 00 5b 19 97 50 a5 00 00
x13=0x0000600000e35b30 points into unknown readable memory: 0x0000000000000000 | 00 00 00 00 00 00 00 00
x14=0x01006000032805d1 points into unknown readable memory: 05 d2 94 50 a5 00 00
x15=0x00006000032805d0 points into unknown readable memory: 0x0000a55094d205d0 | d0 05 d2 94 50 a5 00 00
x16=0x00006000032805d0 points into unknown readable memory: 0x0000a55094d205d0 | d0 05 d2 94 50 a5 00 00
x17=0x0 is null
x18=0x0 is null
x19=0x000060000203d650 points into unknown readable memory: 0x01006000032805d1 | d1 05 28 03 00 60 00 01
x20=0x0000000205d29388 points into unknown readable memory: 0x6c63007261656c63 | 63 6c 65 61 72 00 63 6c
x21=0x00006000032805d0 points into unknown readable memory: 0x0000a55094d205d0 | d0 05 d2 94 50 a5 00 00
x22=0x0f007ffffffffff8 is an unknown value
x23=0x0 is null
x24=0x0000000000000002 is an unknown value
x25=0x00000001f90f7000: usual+0x580 in /usr/lib/system/libsystem_c.dylib at 0x000000018afec000
x26=0x0000000000000008 is an unknown value
x27=0x00000003a56ffa10 points into unknown readable memory: 0x0000000000000002 | 02 00 00 00 00 00 00 00
x28=0x0000000000000007 is an unknown value
 fp=0x000000017fdfe6c0 points into unknown readable memory: 0x000000017fdfe7a0 | a0 e7 df 7f 01 00 00 00
 lr=0x000000018ad69b84: _objc_msgSend_uncached+0x44 in /usr/lib/libobjc.A.dylib at 0x000000018ad60000
 sp=0x000000017fdfe660 points into unknown readable memory: 0x0000600002d91a40 | 40 1a d9 02 00 60 00 00

Top of Stack: (sp=0x000000017fdfe660)
0x000000017fdfe660:   0000600002d91a40 0000600000731c80   @....`....s..`..
0x000000017fdfe670:   0000000000000007 00000003a56ffa10   ..........o.....
0x000000017fdfe680:   0000000000000008 00000001f90f7000   .........p......
0x000000017fdfe690:   0000000000000002 0000000000000000   ................
0x000000017fdfe6a0:   00000003a56ffa00 00000003a56ffaf0   ..o.......o.....
0x000000017fdfe6b0:   000060000203c800 000000032476f5f0   .....`....v$....
0x000000017fdfe6c0:   000000017fdfe7a0 000000018ad69b84   ................
0x000000017fdfe6d0:   00000008000000c8 0000000000000000   ................
0x000000017fdfe6e0:   00000001ffffffff 0000000000000000   ................
0x000000017fdfe6f0:   0706050403020100 0f0e0d0c0b0a0908   ................
0x000000017fdfe700:   00000003ad6b70a0 00000003ad6b6258   .pk.....Xbk.....
0x000000017fdfe710:   4217c00000000000 0000000000000000   .......B........
0x000000017fdfe720:   41b0000000000000 0000000000000000   .......A........
0x000000017fdfe730:   3ff0000000000000 0000000000000000   .......?........
0x000000017fdfe740:   0000000000000000 0000000000000000   ................
0x000000017fdfe750:   000060000203d650 0000000205d29388   P....`..........
0x000000017fdfe760:   0000000000000001 0000000000000001   ................
0x000000017fdfe770:   0000000000000000 0000000000000001   ................
0x000000017fdfe780:   0000000000000000 0000000000000000   ................
0x000000017fdfe790:   00000003cc4fd000 00006000032805d0   ..O.......(..`..
0x000000017fdfe7a0:   000000017fdfe890 00000003cb513550   ........P5Q.....
0x000000017fdfe7b0:   000000032476f558 000000032476f540   X.v$....@.v$....
0x000000017fdfe7c0:   000000017fdfe890 00000003cb46978c   ..........F.....
0x000000017fdfe7d0:   0000000000000002 0000000000000000   ................
0x000000017fdfe7e0:   00000003a56ffa00 00000003a56ffaf0   ..o.......o.....
0x000000017fdfe7f0:   00000001f90f5b68 00000003cc770930   h[......0.w.....
0x000000017fdfe800:   000000017fdfe890 00000003cb466e38   ........8nF.....
0x000000017fdfe810:   00000001f90f5b68 0000000000000000   h[..............
0x000000017fdfe820:   000000017fdfe890 000000018b013944   ........D9......
0x000000017fdfe830:   0000000000000000 0000000000000008   ................
0x000000017fdfe840:   000000017c098000 000000017c01af48   ...|....H..|....
0x000000017fdfe850:   000000017c01af10 000000017c098558   ...|....X..|....

Instructions: (pc=0x000000018ad69ebc)
  0x000000018ad69dbc:   1f 20 03 d5 21 01 00 37 71 35 98 52 21 1e c1 da
  0x000000018ad69dcc:   21 f4 7e 92 30 40 00 91 11 02 40 f9 21 00 40 f9
  0x000000018ad69ddc:   e1 47 c1 da 30 0a 1f d7 7f 23 03 d5 fd 7b bf a9
  0x000000018ad69dec:   fd 03 00 91 ff 43 03 d1 e0 07 00 ad e2 0f 01 ad
  0x000000018ad69dfc:   e4 17 02 ad e6 1f 03 ad e0 07 08 a9 e2 0f 09 a9
  0x000000018ad69e0c:   e4 17 0a a9 e6 1f 0b a9 e8 63 00 f9 e0 03 01 aa
  0x000000018ad69e1c:   fc ab 00 94 f1 03 00 aa f0 03 01 aa e0 07 40 ad
  0x000000018ad69e2c:   e2 0f 41 ad e4 17 42 ad e6 1f 43 ad e0 07 48 a9
  0x000000018ad69e3c:   e2 0f 49 a9 e4 17 4a a9 e6 1f 4b a9 e8 63 40 f9
  0x000000018ad69e4c:   bf 03 00 91 fd 7b c1 a8 ff 23 03 d5 5e 00 f0 b6
  0x000000018ad69e5c:   20 8e 38 d4 e1 03 10 aa 3f 0a 1f d6 7f 23 03 d5
  0x000000018ad69e6c:   ff c3 01 d1 fc 6f 01 a9 fa 67 02 a9 f8 5f 03 a9
  0x000000018ad69e7c:   f6 57 04 a9 f4 4f 05 a9 fd 7b 06 a9 fd 83 01 91
  0x000000018ad69e8c:   f5 03 02 aa f4 03 01 aa f3 03 00 aa f6 af 7d b2
  0x000000018ad69e9c:   16 e0 e1 f2 48 10 40 f9 e8 47 c1 da 08 01 16 8a
  0x000000018ad69eac:   08 01 40 b9 e8 00 00 37 a8 02 40 f9 08 ad 7d 92
=>0x000000018ad69ebc:   08 11 40 f9 e8 47 c1 da 08 01 16 8a 08 01 40 b9
  0x000000018ad69ecc:   09 00 80 52 6a 00 1d 32 1f 01 03 72 7a 10 8a 1a
  0x000000018ad69edc:   7c d0 3b d5 88 1b 40 b9 9b eb 35 d0 7b 03 14 91
  0x000000018ad69eec:   68 7f e9 88 3f 01 00 71 a0 00 00 54 80 eb 35 d0
  0x000000018ad69efc:   00 00 14 91 a1 00 a0 52 2b e4 00 94 a8 02 40 f9
  0x000000018ad69f0c:   08 05 00 d1 1f 3d 00 f1 03 11 00 54 a8 82 00 91
  0x000000018ad69f1c:   09 01 40 f9 a9 10 f8 b6 10 01 40 f9 f1 03 08 aa
  0x000000018ad69f2c:   51 27 f9 f2 30 1e c1 da f1 03 10 aa f1 47 c1 da
  0x000000018ad69f3c:   1f 02 11 eb 40 00 00 54 60 8e 38 d4 08 02 16 8a
  0x000000018ad69f4c:   08 09 40 79 29 1c 37 90 29 c9 4f b9 3f 01 08 6b
  0x000000018ad69f5c:   c9 0e 00 54 29 1c 37 90 29 e1 47 f9 28 11 08 8b
  0x000000018ad69f6c:   08 25 40 a9 1f 01 15 eb 20 91 55 fa e9 0d 00 54
  0x000000018ad69f7c:   42 03 00 12 e0 03 13 aa e1 03 15 aa cf 71 00 94
  0x000000018ad69f8c:   f5 03 00 aa 10 00 00 90 10 82 27 91 f0 23 c1 da
  0x000000018ad69f9c:   e0 01 00 b4 a8 02 40 f9 10 00 00 90 10 82 27 91
  0x000000018ad69fac:   f0 23 c1 da 1f ad 7d f2 80 01 00 54 28 1c 37 90


Stack slot to memory mapping:

stack at sp + 0 slots: 0x0000600002d91a40 points into unknown readable memory: 0x746f4e4f564b534e | 4e 53 4b 56 4f 4e 6f 74
stack at sp + 1 slots: 0x0000600000731c80 points into unknown readable memory: 0x0000600000731ce0 | e0 1c 73 00 00 60 00 00
stack at sp + 2 slots: 0x0000000000000007 is an unknown value
stack at sp + 3 slots: 0x00000003a56ffa10 points into unknown readable memory: 0x0000000000000002 | 02 00 00 00 00 00 00 00
stack at sp + 4 slots: 0x0000000000000008 is an unknown value
stack at sp + 5 slots: 0x00000001f90f7000: usual+0x580 in /usr/lib/system/libsystem_c.dylib at 0x000000018afec000
stack at sp + 6 slots: 0x0000000000000002 is an unknown value
stack at sp + 7 slots: 0x0 is null

VM_Operation (0x0000000323a926b8): Exit, mode: safepoint, requested by thread 0x000000046f6c9000


---------------  P R O C E S S  ---------------

Threads class SMR info:
_java_thread_list=0x000060000ab8d520, length=16, elements={
0x000000012881be00, 0x00000001246f2400, 0x0000000129039400, 0x0000000179c28a00,
0x0000000179c29200, 0x0000000179c64600, 0x0000000179c6d000, 0x0000000179cb8200,
0x000000012469b200, 0x000000031cf53a00, 0x00000001299f5000, 0x0000000129ea4a00,
0x0000000129f13c00, 0x0000000128c7f200, 0x000000034b93ca00, 0x000000046f6c9000
}

Java Threads: ( => current thread )
  0x000000012881be00 JavaThread "main"                              [_thread_in_native, id=259, stack(0x000000016d1c8000,0x000000016d9c4000) (8176K)]
  0x00000001246f2400 JavaThread "Reference Handler"          daemon [_thread_blocked, id=237571, stack(0x0000000315008000,0x000000031520b000) (2060K)]
  0x0000000129039400 JavaThread "Finalizer"                  daemon [_thread_blocked, id=199171, stack(0x0000000315214000,0x0000000315417000) (2060K)]
  0x0000000179c28a00 JavaThread "Service Thread"             daemon [_thread_blocked, id=200195, stack(0x000000031562c000,0x000000031582f000) (2060K)]
  0x0000000179c29200 JavaThread "Monitor Deflation Thread"   daemon [_thread_blocked, id=200451, stack(0x0000000315838000,0x0000000315a3b000) (2060K)]
  0x0000000179c64600 JavaThread "C2 CompilerThread0"         daemon [_thread_blocked, id=200707, stack(0x0000000315a44000,0x0000000315c47000) (2060K)]
  0x0000000179c6d000 JavaThread "C1 CompilerThread0"         daemon [_thread_blocked, id=200963, stack(0x0000000315c50000,0x0000000315e53000) (2060K)]
  0x0000000179cb8200 JavaThread "Notification Thread"        daemon [_thread_blocked, id=236035, stack(0x000000031a804000,0x000000031aa07000) (2060K)]
  0x000000012469b200 JavaThread "Common-Cleaner"             daemon [_thread_blocked, id=201475, stack(0x000000031aa10000,0x000000031ac13000) (2060K)]
  0x000000031cf53a00 JavaThread "TimerQueue"                 daemon [_thread_blocked, id=48391, stack(0x000000031fcac000,0x000000031feaf000) (2060K)]
  0x00000001299f5000 JavaThread "AWT-Shutdown"                      [_thread_blocked, id=235531, stack(0x000000031ae28000,0x000000031b02b000) (2060K)]
  0x0000000129ea4a00 JavaThread "AWT-EventQueue-0"                  [_thread_blocked, id=187919, stack(0x000000031feb8000,0x00000003200bb000) (2060K)]
  0x0000000129f13c00 JavaThread "Java2D Queue Flusher"       daemon [_thread_blocked, id=249355, stack(0x00000003224e0000,0x00000003226e3000) (2060K)]
  0x0000000128c7f200 JavaThread "Java2D Disposer"            daemon [_thread_blocked, id=177935, stack(0x000000032811c000,0x000000032831f000) (2060K)]
  0x000000034b93ca00 JavaThread "pool-2-thread-1"                   [_thread_blocked, id=178195, stack(0x000000036c440000,0x000000036c643000) (2060K)]
  0x000000046f6c9000 JavaThread "SIGTERM handler"            daemon [_thread_blocked, id=13831, stack(0x0000000323890000,0x0000000323a93000) (2060K)]
Total: 16

Other Threads:
=>0x0000000128285200 VMThread "VM Thread"                           [id=196355, stack(0x000000017fbfc000,0x000000017fdff000) (2060K)]
  0x000000012882a800 WorkerThread "GC Thread#0"                     [id=193539, stack(0x0000000174b80000,0x0000000174d83000) (2060K)]
  0x000000046c2c1000 WorkerThread "GC Thread#1"                     [id=22591, stack(0x00000004740fc000,0x00000004742ff000) (2060K)]
  0x000000046c2aec00 WorkerThread "GC Thread#2"                     [id=202799, stack(0x0000000474308000,0x000000047450b000) (2060K)]
  0x000000046f752800 WorkerThread "GC Thread#3"                     [id=213191, stack(0x0000000474514000,0x0000000474717000) (2060K)]
  0x000000046f6caa00 WorkerThread "GC Thread#4"                     [id=251919, stack(0x0000000474720000,0x0000000474923000) (2060K)]
  0x000000046f72c200 WorkerThread "GC Thread#5"                     [id=278335, stack(0x000000047492c000,0x0000000474b2f000) (2060K)]
  0x000000046f769800 WorkerThread "GC Thread#6"                     [id=347691, stack(0x0000000474b38000,0x0000000474d3b000) (2060K)]
  0x000000046f75f200 WorkerThread "GC Thread#7"                     [id=263203, stack(0x0000000474d44000,0x0000000474f47000) (2060K)]
  0x00000001295d9000 ConcurrentGCThread "G1 Main Marker"            terminated
  0x0000000124445200 WorkerThread "G1 Conc#0"                       [id=241411, stack(0x0000000174f98000,0x000000017519b000) (2060K)]
  0x0000000129036800 ConcurrentGCThread "G1 Refine#0"               terminated
  0x000000012900ba00 ConcurrentGCThread "G1 Service"                terminated
Total: 13

Threads with active compile tasks:
Total: 0

VM state: at safepoint (shutting down)

VM Mutex/Monitor currently owned by a thread:  ([mutex/lock_event])
[0x000000017c12a8c0] Threads_lock - owner thread: 0x0000000128285200
[0x000000017c12aa40] Heap_lock - owner thread: 0x000000046f6c9000

Heap address: 0x0000000700000000, size: 4096 MB, Compressed Oops mode: Zero based, Oop shift amount: 3

CDS archive(s) not mapped
Compressed class space mapped at: 0x0000038000000000-0x0000038040000000, reserved size: 1073741824
UseCompressedClassPointers 1, UseCompactObjectHeaders 0
Narrow klass pointer bits 32, Max shift 3
Narrow klass base: 0x0000038000000000, Narrow klass shift: 0
Encoding Range: [0x0000038000000000 - 0x0000038100000000), (4294967296 bytes)
Klass Range:    [0x0000038000000000 - 0x0000038040000000), (1073741824 bytes)
Klass ID Range:  [8 - 1073741817) (1073741809)
Protection zone: [0x0000038000000000 - 0x0000038000010000), (65536 bytes)

GC Precious Log:
 CardTable entry size: 512
 Card Set container configuration: InlinePtr #cards 4 size 8 Array Of Cards #cards 16 size 48 Howl #buckets 8 coarsen threshold 3686 Howl Bitmap #cards 512 size 80 coarsen threshold 460 Card regions per heap region 1 cards per card region 4096
 CPUs: 8 total, 8 available
 Memory: 16384M
 Large Page Support: Disabled
 NUMA Support: Disabled
 Compressed Oops: Enabled (Zero based)
 Heap Region Size: 2M
 Heap Min Capacity: 8M
 Heap Initial Capacity: 256M
 Heap Max Capacity: 4G
 Pre-touch: Disabled
 Parallel Workers: 8
 Concurrent Workers: 2
 Concurrent Refinement Workers: 8
 Periodic GC: Disabled

Heap:
 garbage-first heap   total reserved 4194304K, committed 262144K, used 12966K [0x0000000700000000, 0x0000000800000000)
  region size 2048K, 8 young (16384K), 4 survivors (8192K)

Heap Regions: E=young(eden), S=young(survivor), O=old, HS=humongous(starts), HC=humongous(continues), CS=collection set, F=free, TAMS=top-at-mark-start, PB=parsable bottom
|   0|0x0000000700000000, 0x0000000700022000, 0x0000000700200000|  6%| O|  |TAMS 0x0000000700000000| PB 0x0000000700000000| Untracked |  0
|   1|0x0000000700200000, 0x0000000700200000, 0x0000000700400000|  0%| F|  |TAMS 0x0000000700200000| PB 0x0000000700200000| Untracked |  0
|   2|0x0000000700400000, 0x0000000700400000, 0x0000000700600000|  0%| F|  |TAMS 0x0000000700400000| PB 0x0000000700400000| Untracked |  0
|   3|0x0000000700600000, 0x0000000700600000, 0x0000000700800000|  0%| F|  |TAMS 0x0000000700600000| PB 0x0000000700600000| Untracked |  0
|   4|0x0000000700800000, 0x0000000700800000, 0x0000000700a00000|  0%| F|  |TAMS 0x0000000700800000| PB 0x0000000700800000| Untracked |  0
|   5|0x0000000700a00000, 0x0000000700a00000, 0x0000000700c00000|  0%| F|  |TAMS 0x0000000700a00000| PB 0x0000000700a00000| Untracked |  0
|   6|0x0000000700c00000, 0x0000000700c00000, 0x0000000700e00000|  0%| F|  |TAMS 0x0000000700c00000| PB 0x0000000700c00000| Untracked |  0
|   7|0x0000000700e00000, 0x0000000700e00000, 0x0000000701000000|  0%| F|  |TAMS 0x0000000700e00000| PB 0x0000000700e00000| Untracked |  0
|   8|0x0000000701000000, 0x0000000701000000, 0x0000000701200000|  0%| F|  |TAMS 0x0000000701000000| PB 0x0000000701000000| Untracked |  0
|   9|0x0000000701200000, 0x0000000701200000, 0x0000000701400000|  0%| F|  |TAMS 0x0000000701200000| PB 0x0000000701200000| Untracked |  0
|  10|0x0000000701400000, 0x0000000701400000, 0x0000000701600000|  0%| F|  |TAMS 0x0000000701400000| PB 0x0000000701400000| Untracked |  0
|  11|0x0000000701600000, 0x0000000701600000, 0x0000000701800000|  0%| F|  |TAMS 0x0000000701600000| PB 0x0000000701600000| Untracked |  0
|  12|0x0000000701800000, 0x0000000701800000, 0x0000000701a00000|  0%| F|  |TAMS 0x0000000701800000| PB 0x0000000701800000| Untracked |  0
|  13|0x0000000701a00000, 0x0000000701a00000, 0x0000000701c00000|  0%| F|  |TAMS 0x0000000701a00000| PB 0x0000000701a00000| Untracked |  0
|  14|0x0000000701c00000, 0x0000000701c00000, 0x0000000701e00000|  0%| F|  |TAMS 0x0000000701c00000| PB 0x0000000701c00000| Untracked |  0
|  15|0x0000000701e00000, 0x0000000701e00000, 0x0000000702000000|  0%| F|  |TAMS 0x0000000701e00000| PB 0x0000000701e00000| Untracked |  0
|  16|0x0000000702000000, 0x0000000702000000, 0x0000000702200000|  0%| F|  |TAMS 0x0000000702000000| PB 0x0000000702000000| Untracked |  0
|  17|0x0000000702200000, 0x0000000702200000, 0x0000000702400000|  0%| F|  |TAMS 0x0000000702200000| PB 0x0000000702200000| Untracked |  0
|  18|0x0000000702400000, 0x0000000702400000, 0x0000000702600000|  0%| F|  |TAMS 0x0000000702400000| PB 0x0000000702400000| Untracked |  0
|  19|0x0000000702600000, 0x0000000702600000, 0x0000000702800000|  0%| F|  |TAMS 0x0000000702600000| PB 0x0000000702600000| Untracked |  0
|  20|0x0000000702800000, 0x0000000702800000, 0x0000000702a00000|  0%| F|  |TAMS 0x0000000702800000| PB 0x0000000702800000| Untracked |  0
|  21|0x0000000702a00000, 0x0000000702a00000, 0x0000000702c00000|  0%| F|  |TAMS 0x0000000702a00000| PB 0x0000000702a00000| Untracked |  0
|  22|0x0000000702c00000, 0x0000000702c00000, 0x0000000702e00000|  0%| F|  |TAMS 0x0000000702c00000| PB 0x0000000702c00000| Untracked |  0
|  23|0x0000000702e00000, 0x0000000702e00000, 0x0000000703000000|  0%| F|  |TAMS 0x0000000702e00000| PB 0x0000000702e00000| Untracked |  0
|  24|0x0000000703000000, 0x0000000703000000, 0x0000000703200000|  0%| F|  |TAMS 0x0000000703000000| PB 0x0000000703000000| Untracked |  0
|  25|0x0000000703200000, 0x0000000703200000, 0x0000000703400000|  0%| F|  |TAMS 0x0000000703200000| PB 0x0000000703200000| Untracked |  0
|  26|0x0000000703400000, 0x0000000703400000, 0x0000000703600000|  0%| F|  |TAMS 0x0000000703400000| PB 0x0000000703400000| Untracked |  0
|  27|0x0000000703600000, 0x0000000703600000, 0x0000000703800000|  0%| F|  |TAMS 0x0000000703600000| PB 0x0000000703600000| Untracked |  0
|  28|0x0000000703800000, 0x0000000703800000, 0x0000000703a00000|  0%| F|  |TAMS 0x0000000703800000| PB 0x0000000703800000| Untracked |  0
|  29|0x0000000703a00000, 0x0000000703a00000, 0x0000000703c00000|  0%| F|  |TAMS 0x0000000703a00000| PB 0x0000000703a00000| Untracked |  0
|  30|0x0000000703c00000, 0x0000000703c00000, 0x0000000703e00000|  0%| F|  |TAMS 0x0000000703c00000| PB 0x0000000703c00000| Untracked |  0
|  31|0x0000000703e00000, 0x0000000703e00000, 0x0000000704000000|  0%| F|  |TAMS 0x0000000703e00000| PB 0x0000000703e00000| Untracked |  0
|  32|0x0000000704000000, 0x0000000704000000, 0x0000000704200000|  0%| F|  |TAMS 0x0000000704000000| PB 0x0000000704000000| Untracked |  0
|  33|0x0000000704200000, 0x0000000704200000, 0x0000000704400000|  0%| F|  |TAMS 0x0000000704200000| PB 0x0000000704200000| Untracked |  0
|  34|0x0000000704400000, 0x0000000704400000, 0x0000000704600000|  0%| F|  |TAMS 0x0000000704400000| PB 0x0000000704400000| Untracked |  0
|  35|0x0000000704600000, 0x0000000704600000, 0x0000000704800000|  0%| F|  |TAMS 0x0000000704600000| PB 0x0000000704600000| Untracked |  0
|  36|0x0000000704800000, 0x0000000704800000, 0x0000000704a00000|  0%| F|  |TAMS 0x0000000704800000| PB 0x0000000704800000| Untracked |  0
|  37|0x0000000704a00000, 0x0000000704a00000, 0x0000000704c00000|  0%| F|  |TAMS 0x0000000704a00000| PB 0x0000000704a00000| Untracked |  0
|  38|0x0000000704c00000, 0x0000000704c00000, 0x0000000704e00000|  0%| F|  |TAMS 0x0000000704c00000| PB 0x0000000704c00000| Untracked |  0
|  39|0x0000000704e00000, 0x0000000704e00000, 0x0000000705000000|  0%| F|  |TAMS 0x0000000704e00000| PB 0x0000000704e00000| Untracked |  0
|  40|0x0000000705000000, 0x0000000705000000, 0x0000000705200000|  0%| F|  |TAMS 0x0000000705000000| PB 0x0000000705000000| Untracked |  0
|  41|0x0000000705200000, 0x0000000705200000, 0x0000000705400000|  0%| F|  |TAMS 0x0000000705200000| PB 0x0000000705200000| Untracked |  0
|  42|0x0000000705400000, 0x0000000705400000, 0x0000000705600000|  0%| F|  |TAMS 0x0000000705400000| PB 0x0000000705400000| Untracked |  0
|  43|0x0000000705600000, 0x0000000705600000, 0x0000000705800000|  0%| F|  |TAMS 0x0000000705600000| PB 0x0000000705600000| Untracked |  0
|  44|0x0000000705800000, 0x0000000705800000, 0x0000000705a00000|  0%| F|  |TAMS 0x0000000705800000| PB 0x0000000705800000| Untracked |  0
|  45|0x0000000705a00000, 0x0000000705a00000, 0x0000000705c00000|  0%| F|  |TAMS 0x0000000705a00000| PB 0x0000000705a00000| Untracked |  0
|  46|0x0000000705c00000, 0x0000000705c00000, 0x0000000705e00000|  0%| F|  |TAMS 0x0000000705c00000| PB 0x0000000705c00000| Untracked |  0
|  47|0x0000000705e00000, 0x0000000705e00000, 0x0000000706000000|  0%| F|  |TAMS 0x0000000705e00000| PB 0x0000000705e00000| Untracked |  0
|  48|0x0000000706000000, 0x0000000706000000, 0x0000000706200000|  0%| F|  |TAMS 0x0000000706000000| PB 0x0000000706000000| Untracked |  0
|  49|0x0000000706200000, 0x0000000706200000, 0x0000000706400000|  0%| F|  |TAMS 0x0000000706200000| PB 0x0000000706200000| Untracked |  0
|  50|0x0000000706400000, 0x0000000706400000, 0x0000000706600000|  0%| F|  |TAMS 0x0000000706400000| PB 0x0000000706400000| Untracked |  0
|  51|0x0000000706600000, 0x0000000706600000, 0x0000000706800000|  0%| F|  |TAMS 0x0000000706600000| PB 0x0000000706600000| Untracked |  0
|  52|0x0000000706800000, 0x0000000706800000, 0x0000000706a00000|  0%| F|  |TAMS 0x0000000706800000| PB 0x0000000706800000| Untracked |  0
|  53|0x0000000706a00000, 0x0000000706a00000, 0x0000000706c00000|  0%| F|  |TAMS 0x0000000706a00000| PB 0x0000000706a00000| Untracked |  0
|  54|0x0000000706c00000, 0x0000000706c00000, 0x0000000706e00000|  0%| F|  |TAMS 0x0000000706c00000| PB 0x0000000706c00000| Untracked |  0
|  55|0x0000000706e00000, 0x0000000706e00000, 0x0000000707000000|  0%| F|  |TAMS 0x0000000706e00000| PB 0x0000000706e00000| Untracked |  0
|  56|0x0000000707000000, 0x0000000707087ba0, 0x0000000707200000| 26%| S|CS|TAMS 0x0000000707000000| PB 0x0000000707000000| Complete |  0
|  57|0x0000000707200000, 0x0000000707400000, 0x0000000707400000|100%| S|CS|TAMS 0x0000000707200000| PB 0x0000000707200000| Complete |  0
|  58|0x0000000707400000, 0x0000000707600000, 0x0000000707600000|100%| S|CS|TAMS 0x0000000707400000| PB 0x0000000707400000| Complete |  0
|  59|0x0000000707600000, 0x0000000707800000, 0x0000000707800000|100%| S|CS|TAMS 0x0000000707600000| PB 0x0000000707600000| Complete |  0
|  60|0x0000000707800000, 0x0000000707800000, 0x0000000707a00000|  0%| F|  |TAMS 0x0000000707800000| PB 0x0000000707800000| Untracked |  0
|  61|0x0000000707a00000, 0x0000000707a00000, 0x0000000707c00000|  0%| F|  |TAMS 0x0000000707a00000| PB 0x0000000707a00000| Untracked |  0
|  62|0x0000000707c00000, 0x0000000707c00000, 0x0000000707e00000|  0%| F|  |TAMS 0x0000000707c00000| PB 0x0000000707c00000| Untracked |  0
|  63|0x0000000707e00000, 0x0000000707e00000, 0x0000000708000000|  0%| F|  |TAMS 0x0000000707e00000| PB 0x0000000707e00000| Untracked |  0
|  64|0x0000000708000000, 0x0000000708000000, 0x0000000708200000|  0%| F|  |TAMS 0x0000000708000000| PB 0x0000000708000000| Untracked |  0
|  65|0x0000000708200000, 0x0000000708200000, 0x0000000708400000|  0%| F|  |TAMS 0x0000000708200000| PB 0x0000000708200000| Untracked |  0
|  66|0x0000000708400000, 0x0000000708400000, 0x0000000708600000|  0%| F|  |TAMS 0x0000000708400000| PB 0x0000000708400000| Untracked |  0
|  67|0x0000000708600000, 0x0000000708600000, 0x0000000708800000|  0%| F|  |TAMS 0x0000000708600000| PB 0x0000000708600000| Untracked |  0
|  68|0x0000000708800000, 0x0000000708800000, 0x0000000708a00000|  0%| F|  |TAMS 0x0000000708800000| PB 0x0000000708800000| Untracked |  0
|  69|0x0000000708a00000, 0x0000000708a00000, 0x0000000708c00000|  0%| F|  |TAMS 0x0000000708a00000| PB 0x0000000708a00000| Untracked |  0
|  70|0x0000000708c00000, 0x0000000708c00000, 0x0000000708e00000|  0%| F|  |TAMS 0x0000000708c00000| PB 0x0000000708c00000| Untracked |  0
|  71|0x0000000708e00000, 0x0000000708e00000, 0x0000000709000000|  0%| F|  |TAMS 0x0000000708e00000| PB 0x0000000708e00000| Untracked |  0
|  72|0x0000000709000000, 0x0000000709000000, 0x0000000709200000|  0%| F|  |TAMS 0x0000000709000000| PB 0x0000000709000000| Untracked |  0
|  73|0x0000000709200000, 0x0000000709200000, 0x0000000709400000|  0%| F|  |TAMS 0x0000000709200000| PB 0x0000000709200000| Untracked |  0
|  74|0x0000000709400000, 0x0000000709400000, 0x0000000709600000|  0%| F|  |TAMS 0x0000000709400000| PB 0x0000000709400000| Untracked |  0
|  75|0x0000000709600000, 0x0000000709600000, 0x0000000709800000|  0%| F|  |TAMS 0x0000000709600000| PB 0x0000000709600000| Untracked |  0
|  76|0x0000000709800000, 0x0000000709800000, 0x0000000709a00000|  0%| F|  |TAMS 0x0000000709800000| PB 0x0000000709800000| Untracked |  0
|  77|0x0000000709a00000, 0x0000000709a00000, 0x0000000709c00000|  0%| F|  |TAMS 0x0000000709a00000| PB 0x0000000709a00000| Untracked |  0
|  78|0x0000000709c00000, 0x0000000709c00000, 0x0000000709e00000|  0%| F|  |TAMS 0x0000000709c00000| PB 0x0000000709c00000| Untracked |  0
|  79|0x0000000709e00000, 0x0000000709e00000, 0x000000070a000000|  0%| F|  |TAMS 0x0000000709e00000| PB 0x0000000709e00000| Untracked |  0
|  80|0x000000070a000000, 0x000000070a000000, 0x000000070a200000|  0%| F|  |TAMS 0x000000070a000000| PB 0x000000070a000000| Untracked |  0
|  81|0x000000070a200000, 0x000000070a200000, 0x000000070a400000|  0%| F|  |TAMS 0x000000070a200000| PB 0x000000070a200000| Untracked |  0
|  82|0x000000070a400000, 0x000000070a400000, 0x000000070a600000|  0%| F|  |TAMS 0x000000070a400000| PB 0x000000070a400000| Untracked |  0
|  83|0x000000070a600000, 0x000000070a600000, 0x000000070a800000|  0%| F|  |TAMS 0x000000070a600000| PB 0x000000070a600000| Untracked |  0
|  84|0x000000070a800000, 0x000000070a800000, 0x000000070aa00000|  0%| F|  |TAMS 0x000000070a800000| PB 0x000000070a800000| Untracked |  0
|  85|0x000000070aa00000, 0x000000070aa00000, 0x000000070ac00000|  0%| F|  |TAMS 0x000000070aa00000| PB 0x000000070aa00000| Untracked |  0
|  86|0x000000070ac00000, 0x000000070ac00000, 0x000000070ae00000|  0%| F|  |TAMS 0x000000070ac00000| PB 0x000000070ac00000| Untracked |  0
|  87|0x000000070ae00000, 0x000000070ae00000, 0x000000070b000000|  0%| F|  |TAMS 0x000000070ae00000| PB 0x000000070ae00000| Untracked |  0
|  88|0x000000070b000000, 0x000000070b000000, 0x000000070b200000|  0%| F|  |TAMS 0x000000070b000000| PB 0x000000070b000000| Untracked |  0
|  89|0x000000070b200000, 0x000000070b200000, 0x000000070b400000|  0%| F|  |TAMS 0x000000070b200000| PB 0x000000070b200000| Untracked |  0
|  90|0x000000070b400000, 0x000000070b400000, 0x000000070b600000|  0%| F|  |TAMS 0x000000070b400000| PB 0x000000070b400000| Untracked |  0
|  91|0x000000070b600000, 0x000000070b600000, 0x000000070b800000|  0%| F|  |TAMS 0x000000070b600000| PB 0x000000070b600000| Untracked |  0
|  92|0x000000070b800000, 0x000000070b800000, 0x000000070ba00000|  0%| F|  |TAMS 0x000000070b800000| PB 0x000000070b800000| Untracked |  0
|  93|0x000000070ba00000, 0x000000070ba00000, 0x000000070bc00000|  0%| F|  |TAMS 0x000000070ba00000| PB 0x000000070ba00000| Untracked |  0
|  94|0x000000070bc00000, 0x000000070bc00000, 0x000000070be00000|  0%| F|  |TAMS 0x000000070bc00000| PB 0x000000070bc00000| Untracked |  0
|  95|0x000000070be00000, 0x000000070be00000, 0x000000070c000000|  0%| F|  |TAMS 0x000000070be00000| PB 0x000000070be00000| Untracked |  0
|  96|0x000000070c000000, 0x000000070c000000, 0x000000070c200000|  0%| F|  |TAMS 0x000000070c000000| PB 0x000000070c000000| Untracked |  0
|  97|0x000000070c200000, 0x000000070c200000, 0x000000070c400000|  0%| F|  |TAMS 0x000000070c200000| PB 0x000000070c200000| Untracked |  0
|  98|0x000000070c400000, 0x000000070c400000, 0x000000070c600000|  0%| F|  |TAMS 0x000000070c400000| PB 0x000000070c400000| Untracked |  0
|  99|0x000000070c600000, 0x000000070c600000, 0x000000070c800000|  0%| F|  |TAMS 0x000000070c600000| PB 0x000000070c600000| Untracked |  0
| 100|0x000000070c800000, 0x000000070c800000, 0x000000070ca00000|  0%| F|  |TAMS 0x000000070c800000| PB 0x000000070c800000| Untracked |  0
| 101|0x000000070ca00000, 0x000000070ca00000, 0x000000070cc00000|  0%| F|  |TAMS 0x000000070ca00000| PB 0x000000070ca00000| Untracked |  0
| 102|0x000000070cc00000, 0x000000070cc00000, 0x000000070ce00000|  0%| F|  |TAMS 0x000000070cc00000| PB 0x000000070cc00000| Untracked |  0
| 103|0x000000070ce00000, 0x000000070ce00000, 0x000000070d000000|  0%| F|  |TAMS 0x000000070ce00000| PB 0x000000070ce00000| Untracked |  0
| 104|0x000000070d000000, 0x000000070d000000, 0x000000070d200000|  0%| F|  |TAMS 0x000000070d000000| PB 0x000000070d000000| Untracked |  0
| 105|0x000000070d200000, 0x000000070d200000, 0x000000070d400000|  0%| F|  |TAMS 0x000000070d200000| PB 0x000000070d200000| Untracked |  0
| 106|0x000000070d400000, 0x000000070d400000, 0x000000070d600000|  0%| F|  |TAMS 0x000000070d400000| PB 0x000000070d400000| Untracked |  0
| 107|0x000000070d600000, 0x000000070d600000, 0x000000070d800000|  0%| F|  |TAMS 0x000000070d600000| PB 0x000000070d600000| Untracked |  0
| 108|0x000000070d800000, 0x000000070d800000, 0x000000070da00000|  0%| F|  |TAMS 0x000000070d800000| PB 0x000000070d800000| Untracked |  0
| 109|0x000000070da00000, 0x000000070da00000, 0x000000070dc00000|  0%| F|  |TAMS 0x000000070da00000| PB 0x000000070da00000| Untracked |  0
| 110|0x000000070dc00000, 0x000000070dc00000, 0x000000070de00000|  0%| F|  |TAMS 0x000000070dc00000| PB 0x000000070dc00000| Untracked |  0
| 111|0x000000070de00000, 0x000000070de00000, 0x000000070e000000|  0%| F|  |TAMS 0x000000070de00000| PB 0x000000070de00000| Untracked |  0
| 112|0x000000070e000000, 0x000000070e000000, 0x000000070e200000|  0%| F|  |TAMS 0x000000070e000000| PB 0x000000070e000000| Untracked |  0
| 113|0x000000070e200000, 0x000000070e200000, 0x000000070e400000|  0%| F|  |TAMS 0x000000070e200000| PB 0x000000070e200000| Untracked |  0
| 114|0x000000070e400000, 0x000000070e400000, 0x000000070e600000|  0%| F|  |TAMS 0x000000070e400000| PB 0x000000070e400000| Untracked |  0
| 115|0x000000070e600000, 0x000000070e600000, 0x000000070e800000|  0%| F|  |TAMS 0x000000070e600000| PB 0x000000070e600000| Untracked |  0
| 116|0x000000070e800000, 0x000000070e800000, 0x000000070ea00000|  0%| F|  |TAMS 0x000000070e800000| PB 0x000000070e800000| Untracked |  0
| 117|0x000000070ea00000, 0x000000070ea00000, 0x000000070ec00000|  0%| F|  |TAMS 0x000000070ea00000| PB 0x000000070ea00000| Untracked |  0
| 118|0x000000070ec00000, 0x000000070ec00000, 0x000000070ee00000|  0%| F|  |TAMS 0x000000070ec00000| PB 0x000000070ec00000| Untracked |  0
| 119|0x000000070ee00000, 0x000000070ee00000, 0x000000070f000000|  0%| F|  |TAMS 0x000000070ee00000| PB 0x000000070ee00000| Untracked |  0
| 120|0x000000070f000000, 0x000000070f000000, 0x000000070f200000|  0%| F|  |TAMS 0x000000070f000000| PB 0x000000070f000000| Untracked |  0
| 121|0x000000070f200000, 0x000000070f200000, 0x000000070f400000|  0%| F|  |TAMS 0x000000070f200000| PB 0x000000070f200000| Untracked |  0
| 122|0x000000070f400000, 0x000000070f400000, 0x000000070f600000|  0%| F|  |TAMS 0x000000070f400000| PB 0x000000070f400000| Untracked |  0
| 123|0x000000070f600000, 0x000000070f600000, 0x000000070f800000|  0%| F|  |TAMS 0x000000070f600000| PB 0x000000070f600000| Untracked |  0
| 124|0x000000070f800000, 0x000000070f8b8530, 0x000000070fa00000| 36%| E|  |TAMS 0x000000070f800000| PB 0x000000070f800000| Complete |  0
| 125|0x000000070fa00000, 0x000000070fc00000, 0x000000070fc00000|100%| E|CS|TAMS 0x000000070fa00000| PB 0x000000070fa00000| Complete |  0
| 126|0x000000070fc00000, 0x000000070fe00000, 0x000000070fe00000|100%| E|CS|TAMS 0x000000070fc00000| PB 0x000000070fc00000| Complete |  0
| 127|0x000000070fe00000, 0x0000000710000000, 0x0000000710000000|100%| E|CS|TAMS 0x000000070fe00000| PB 0x000000070fe00000| Complete |  0

Card table byte_map: [0x000000017a800000,0x000000017b000000] _byte_map_base: 0x0000000177000000

Marking Bits: (CMBitMap*) 0x0000000129032c10
 Bits: [0x000000030f004000, 0x0000000313004000)

Polling page: 0x000000012e7f8000

Metaspace:
Metaspace        used 20391K, committed 20672K, reserved 1114112K
 class space     used 2387K, committed 2496K, reserved 1048576K

Usage:
  Non-class:     17.58 MB used.
      Class:      2.33 MB used.
       Both:     19.91 MB used.

Virtual space:
  Non-class space:       64.00 MB reserved,      17.75 MB ( 28%) committed,  1 nodes.
      Class space:        1.00 GB reserved,       2.44 MB ( <1%) committed,  1 nodes.
             Both:        1.06 GB reserved,      20.19 MB (  2%) committed. 

Chunk freelists:
   Non-Class:  14.16 MB
       Class:  13.56 MB
        Both:  27.72 MB

MaxMetaspaceSize: unlimited
CompressedClassSpaceSize: 1.00 GB
Initial GC threshold: 21.00 MB
Current GC threshold: 21.00 MB
CDS: off
 - commit_granule_bytes: 65536.
 - commit_granule_words: 8192.
 - virtual_space_node_default_size: 8388608.
 - enlarge_chunks_in_place: 1.
UseCompressedClassPointers 1, UseCompactObjectHeaders 0
Narrow klass pointer bits 32, Max shift 3
Narrow klass base: 0x0000038000000000, Narrow klass shift: 0
Encoding Range: [0x0000038000000000 - 0x0000038100000000), (4294967296 bytes)
Klass Range:    [0x0000038000000000 - 0x0000038040000000), (1073741824 bytes)
Klass ID Range:  [8 - 1073741817) (1073741809)
Protection zone: [0x0000038000000000 - 0x0000038000010000), (65536 bytes)


Internal statistics:

num_allocs_failed_limit: 0.
num_arena_births: 174.
num_arena_deaths: 0.
num_vsnodes_births: 2.
num_vsnodes_deaths: 0.
num_space_committed: 323.
num_space_uncommitted: 0.
num_chunks_returned_to_freelist: 0.
num_chunks_taken_from_freelist: 309.
num_chunk_merges: 0.
num_chunk_splits: 176.
num_chunks_enlarged: 108.
num_inconsistent_stats: 0.

CodeHeap 'non-profiled nmethods': size=120032Kb used=607Kb max_used=607Kb free=119424Kb
 bounds [0x0000000307acc000, 0x0000000307d3c000, 0x000000030f004000]
CodeHeap 'profiled nmethods': size=120032Kb used=2893Kb max_used=2893Kb free=117138Kb
 bounds [0x0000000300000000, 0x00000003002e0000, 0x0000000307538000]
CodeHeap 'non-nmethods': size=5712Kb used=1501Kb max_used=1586Kb free=4210Kb
 bounds [0x0000000307538000, 0x00000003077a8000, 0x0000000307acc000]
CodeCache: size=245776Kb, used=5001Kb, max_used=5086Kb, free=240772Kb
 total_blobs=2910, nmethods=2166, adapters=652, full_count=0
Compilation: enabled, stopped_count=0, restarted_count=0

Compilation events (20 events):
Event: 6529.946 Thread 0x0000000179c64600 2162   !   4       java.util.concurrent.ThreadPoolExecutor::getTask (177 bytes)
Event: 6529.950 Thread 0x0000000179c64600 nmethod 2162 0x0000000307b607c8 code [0x0000000307b608c0, 0x0000000307b614d0]
Event: 6529.950 Thread 0x0000000179c64600 2163       4       java.util.concurrent.ScheduledThreadPoolExecutor$DelayedWorkQueue::take (5 bytes)
Event: 6529.954 Thread 0x0000000179c64600 nmethod 2163 0x0000000307b61508 code [0x0000000307b61600, 0x0000000307b62098]
Event: 6625.603 Thread 0x0000000179c64600 2165       4       java.util.concurrent.locks.ReentrantLock$Sync::tryLock (63 bytes)
Event: 6625.603 Thread 0x0000000179c64600 nmethod 2165 0x0000000307b620c8 code [0x0000000307b621c0, 0x0000000307b623e8]
Event: 10749.740 Thread 0x0000000179c64600 2166 %s!   4       sun.java2d.metal.MTLRenderQueue$QueueFlusher::run @ 2 (234 bytes)
Event: 10749.763 Thread 0x0000000179c64600 nmethod 2166% 0x0000000307b62408 code [0x0000000307b62500, 0x0000000307b62cd8]
Event: 14789.309 Thread 0x0000000179c6d000 2167  s    3       jdk.internal.ref.CleanerImpl$CleanableList::isEmpty (16 bytes)
Event: 14789.320 Thread 0x0000000179c6d000 nmethod 2167 0x00000003002d1e48 code [0x00000003002d1f40, 0x00000003002d21f8]
Event: 14789.320 Thread 0x0000000179c6d000 2168       3       jdk.internal.misc.InnocuousThread::eraseThreadLocals (23 bytes)
Event: 14789.321 Thread 0x0000000179c6d000 nmethod 2168 0x00000003002d2208 code [0x00000003002d2300, 0x00000003002d24d0]
Event: 14789.321 Thread 0x0000000179c6d000 2169       3       java.lang.ref.ReferenceQueue::remove0 (67 bytes)
Event: 14789.321 Thread 0x0000000179c6d000 nmethod 2169 0x00000003002d2508 code [0x00000003002d2600, 0x00000003002d2ab8]
Event: 22470.091 Thread 0x0000000179c6d000 2170   !   3       java.lang.ref.ReferenceQueue::remove (49 bytes)
Event: 22470.103 Thread 0x0000000179c6d000 nmethod 2170 0x00000003002d2ac8 code [0x00000003002d2bc0, 0x00000003002d3538]
Event: 33997.236 Thread 0x0000000179c64600 2171       4       javax.swing.Timer$DoPostEvent::run (85 bytes)
Event: 33997.257 Thread 0x0000000179c64600 nmethod 2171 0x0000000307b62d08 code [0x0000000307b62e00, 0x0000000307b63b30]
Event: 33997.405 Thread 0x0000000179c64600 2172   !   4       java.awt.event.InvocationEvent::dispatch (69 bytes)
Event: 33997.406 Thread 0x0000000179c64600 nmethod 2172 0x0000000307b63b88 code [0x0000000307b63c80, 0x0000000307b63ea8]

GC Heap Usage History (6 events):
Event: 2188.068 {heap Before GC invocations=0 (full 0):
 garbage-first heap   total reserved 4194304K, committed 262144K, used 49152K [0x0000000700000000, 0x0000000800000000)
  region size 2048K, 24 young (49152K), 0 survivors (0K)
}
Event: 2188.083 {heap After GC invocations=1 (full 0):
 garbage-first heap   total reserved 4194304K, committed 262144K, used 6280K [0x0000000700000000, 0x0000000800000000)
  region size 2048K, 3 young (6144K), 3 survivors (6144K)
}
Event: 16228.696 {heap Before GC invocations=1 (full 0):
 garbage-first heap   total reserved 4194304K, committed 262144K, used 112776K [0x0000000700000000, 0x0000000800000000)
  region size 2048K, 55 young (112640K), 3 survivors (6144K)
}
Event: 16228.706 {heap After GC invocations=2 (full 0):
 garbage-first heap   total reserved 4194304K, committed 262144K, used 6953K [0x0000000700000000, 0x0000000800000000)
  region size 2048K, 4 young (8192K), 4 survivors (8192K)
}
Event: 33795.159 {heap Before GC invocations=2 (full 0):
 garbage-first heap   total reserved 4194304K, committed 262144K, used 138025K [0x0000000700000000, 0x0000000800000000)
  region size 2048K, 68 young (139264K), 4 survivors (8192K)
}
Event: 33795.172 {heap After GC invocations=3 (full 0):
 garbage-first heap   total reserved 4194304K, committed 262144K, used 6822K [0x0000000700000000, 0x0000000800000000)
  region size 2048K, 4 young (8192K), 4 survivors (8192K)
}

Metaspace Usage History (6 events):
Event: 2188.068 {metaspace Before GC invocations=0 (full 0):
 Metaspace       used 20374K, committed 20608K, reserved 1114112K
  class space    used 2386K, committed 2496K, reserved 1048576K
}
Event: 2188.083 {metaspace After GC invocations=1 (full 0):
 Metaspace       used 20374K, committed 20608K, reserved 1114112K
  class space    used 2386K, committed 2496K, reserved 1048576K
}
Event: 16228.696 {metaspace Before GC invocations=1 (full 0):
 Metaspace       used 20387K, committed 20608K, reserved 1114112K
  class space    used 2386K, committed 2496K, reserved 1048576K
}
Event: 16228.706 {metaspace After GC invocations=2 (full 0):
 Metaspace       used 20387K, committed 20608K, reserved 1114112K
  class space    used 2386K, committed 2496K, reserved 1048576K
}
Event: 33795.159 {metaspace Before GC invocations=2 (full 0):
 Metaspace       used 20388K, committed 20608K, reserved 1114112K
  class space    used 2386K, committed 2496K, reserved 1048576K
}
Event: 33795.172 {metaspace After GC invocations=3 (full 0):
 Metaspace       used 20388K, committed 20608K, reserved 1114112K
  class space    used 2386K, committed 2496K, reserved 1048576K
}

Dll operation events (11 events):
Event: 0.013 Loaded shared library /Users/jonathankawchuk/Library/Application Support/REAPER/UserPlugins/java-runtime/lib/libjava.dylib
Event: 0.084 Loaded shared library /Users/jonathankawchuk/Library/Application Support/REAPER/UserPlugins/java-runtime/lib/libnio.dylib
Event: 0.096 Loaded shared library /Users/jonathankawchuk/Library/Application Support/REAPER/UserPlugins/java-runtime/lib/libzip.dylib
Event: 0.144 Loaded shared library /Users/jonathankawchuk/Library/Application Support/REAPER/UserPlugins/java-runtime/lib/libverify.dylib
Event: 0.190 Loaded shared library /Users/jonathankawchuk/Library/Application Support/REAPER/UserPlugins/java-runtime/lib/libjimage.dylib
Event: 0.194 Loaded shared library /Users/jonathankawchuk/Library/Application Support/REAPER/UserPlugins/java-runtime/lib/libawt.dylib
Event: 0.206 Loaded shared library /Users/jonathankawchuk/Library/Application Support/REAPER/UserPlugins/java-runtime/lib/libawt_lwawt.dylib
Event: 0.215 Loaded shared library /Users/jonathankawchuk/Library/Application Support/REAPER/UserPlugins/java-runtime/lib/libfontmanager.dylib
Event: 1.358 Loaded shared library /Users/jonathankawchuk/Library/Application Support/REAPER/UserPlugins/java-runtime/lib/libnet.dylib
Event: 1.686 Loaded shared library /private/var/folders/6g/_dyszwd54rd36jmvjmmd4htw0000gn/T/usb4java17484617216614761839.tmp/libusb4java.dylib
Event: 1.719 Loaded shared library /Users/jonathankawchuk/Library/Application Support/REAPER/UserPlugins/java-runtime/lib/libosxui.dylib

Deoptimization events (20 events):
Event: 5379.936 Thread 0x000000034b93ca00 DEOPT PACKING pc=0x0000000307b5d9e0 sp=0x000000036c642760
Event: 5379.936 Thread 0x000000034b93ca00 DEOPT UNPACKING pc=0x0000000307649b9c sp=0x000000036c642600 mode 2
Event: 5380.939 Thread 0x000000034b93ca00 Uncommon trap: trap_request=0xffffffd6 fr.pc=0x0000000307b5d9e0 relative=0x00000000000003e0
Event: 5380.939 Thread 0x000000034b93ca00 Uncommon trap: reason=array_check action=maybe_recompile pc=0x0000000307b5d9e0 method=java.util.concurrent.ScheduledThreadPoolExecutor$DelayedWorkQueue.offer(Ljava/lang/Runnable;)Z @ 65 c2
Event: 5380.939 Thread 0x000000034b93ca00 DEOPT PACKING pc=0x0000000307b5d9e0 sp=0x000000036c642760
Event: 5380.939 Thread 0x000000034b93ca00 DEOPT UNPACKING pc=0x0000000307649b9c sp=0x000000036c642600 mode 2
Event: 5381.933 Thread 0x000000034b93ca00 Uncommon trap: trap_request=0xffffffd6 fr.pc=0x0000000307b5d9e0 relative=0x00000000000003e0
Event: 5381.933 Thread 0x000000034b93ca00 Uncommon trap: reason=array_check action=maybe_recompile pc=0x0000000307b5d9e0 method=java.util.concurrent.ScheduledThreadPoolExecutor$DelayedWorkQueue.offer(Ljava/lang/Runnable;)Z @ 65 c2
Event: 5381.933 Thread 0x000000034b93ca00 DEOPT PACKING pc=0x0000000307b5d9e0 sp=0x000000036c642760
Event: 5381.933 Thread 0x000000034b93ca00 DEOPT UNPACKING pc=0x0000000307649b9c sp=0x000000036c642600 mode 2
Event: 11618.230 Thread 0x0000000129f13c00 DEOPT PACKING pc=0x00000003002ceeac sp=0x00000003226e28d0
Event: 11618.230 Thread 0x0000000129f13c00 DEOPT UNPACKING pc=0x00000003075750bc sp=0x00000003226e25e0 mode 0
Event: 33993.224 Thread 0x0000000129ea4a00 Uncommon trap: trap_request=0xffffffde fr.pc=0x0000000307b4b948 relative=0x0000000000000648
Event: 33993.225 Thread 0x0000000129ea4a00 Uncommon trap: reason=class_check action=maybe_recompile pc=0x0000000307b4b948 method=java.awt.event.InvocationEvent.dispatch()V @ 47 c2
Event: 33993.226 Thread 0x0000000129ea4a00 DEOPT PACKING pc=0x0000000307b4b948 sp=0x00000003200ba720
Event: 33993.227 Thread 0x0000000129ea4a00 DEOPT UNPACKING pc=0x0000000307649b9c sp=0x00000003200ba710 mode 2
Event: 33993.282 Thread 0x0000000129ea4a00 Uncommon trap: trap_request=0xffffffde fr.pc=0x0000000307b4b948 relative=0x0000000000000648
Event: 33993.282 Thread 0x0000000129ea4a00 Uncommon trap: reason=class_check action=maybe_recompile pc=0x0000000307b4b948 method=java.awt.event.InvocationEvent.dispatch()V @ 47 c2
Event: 33993.283 Thread 0x0000000129ea4a00 DEOPT PACKING pc=0x0000000307b4b948 sp=0x00000003200ba720
Event: 33993.283 Thread 0x0000000129ea4a00 DEOPT UNPACKING pc=0x0000000307649b9c sp=0x00000003200ba710 mode 2

Classes loaded (20 events):
Event: 777.049 Loading class java/util/Properties$EntrySet
Event: 777.050 Loading class java/util/Properties$EntrySet done
Event: 777.050 Loading class java/lang/invoke/InnerClassLambdaMetafactory$SerializationSupport
Event: 777.050 Loading class java/lang/invoke/InnerClassLambdaMetafactory$SerializationSupport done
Event: 777.050 Loading class java/lang/invoke/InnerClassLambdaMetafactory$4
Event: 777.050 Loading class java/lang/invoke/InnerClassLambdaMetafactory$4 done
Event: 777.051 Loading class jdk/internal/classfile/impl/AbstractPoolEntry$StringEntryImpl
Event: 777.051 Loading class java/lang/classfile/constantpool/StringEntry
Event: 777.051 Loading class java/lang/classfile/constantpool/ConstantValueEntry
Event: 777.051 Loading class java/lang/classfile/constantpool/ConstantValueEntry done
Event: 777.051 Loading class java/lang/classfile/constantpool/StringEntry done
Event: 777.051 Loading class jdk/internal/classfile/impl/AbstractPoolEntry$StringEntryImpl done
Event: 777.052 Loading class sun/invoke/util/BytecodeDescriptor
Event: 777.052 Loading class sun/invoke/util/BytecodeDescriptor done
Event: 777.052 Loading class jdk/internal/classfile/impl/AbstractPoolEntry$IntegerEntryImpl
Event: 777.052 Loading class java/lang/classfile/constantpool/IntegerEntry
Event: 777.052 Loading class java/lang/classfile/constantpool/IntegerEntry done
Event: 777.052 Loading class jdk/internal/classfile/impl/AbstractPoolEntry$IntegerEntryImpl done
Event: 34134.033 Loading class jdk/internal/misc/Signal$1
Event: 34134.040 Loading class jdk/internal/misc/Signal$1 done

Classes unloaded (0 events):
No events

Classes redefined (0 events):
No events

Internal exceptions (20 events):
Event: 1.795 Thread 0x000000012881be00 Exception <a 'java/lang/ClassNotFoundException'{0x000000070eb45ce0}: com/sun/swing/internal/plaf/basic/resources/spi/basicProvider> (0x000000070eb45ce0) 
thrown [src/hotspot/share/classfile/systemDictionary.cpp, line 328]
Event: 1.797 Thread 0x000000012881be00 Implicit null exception at 0x0000000307af6fa4 to 0x0000000307af6fec
Event: 1.802 Thread 0x000000012881be00 Exception <a 'java/lang/NoSuchMethodError'{0x000000070eb6af78}: 'int java.lang.invoke.Invokers$Holder.invokeExact_MT(java.lang.Object, java.lang.Object)'> (0x000000070eb6af78) 
thrown [src/hotspot/share/interpreter/linkResolver.cpp, line 804]
Event: 1.803 Thread 0x000000012881be00 Implicit null exception at 0x0000000307ae6860 to 0x0000000307ae6c8c
Event: 1.842 Thread 0x000000012881be00 Exception <a 'java/lang/NoSuchMethodError'{0x000000070e81b600}: 'java.lang.Object java.lang.invoke.DirectMethodHandle$Holder.newInvokeSpecial(java.lang.Object, int, java.lang.Object)'> (0x000000070e81b600) 
thrown [src/hotspot/share/interpreter/linkResolver.cpp, line 804]
Event: 2.810 Thread 0x000000012881be00 Exception <a 'java/lang/NoSuchMethodError'{0x000000070e630588}: 'void java.lang.invoke.DirectMethodHandle$Holder.invokeSpecial(java.lang.Object, java.lang.Object, int, java.lang.Object)'> (0x000000070e630588) 
thrown [src/hotspot/share/interpreter/linkResolver.cpp, line 804]
Event: 2.810 Thread 0x000000012881be00 Exception <a 'java/lang/NoSuchMethodError'{0x000000070e63f8f0}: 'java.lang.Object java.lang.invoke.DirectMethodHandle$Holder.newInvokeSpecial(java.lang.Object, java.lang.Object, int)'> (0x000000070e63f8f0) 
thrown [src/hotspot/share/interpreter/linkResolver.cpp, line 804]
Event: 2.825 Thread 0x000000012881be00 Exception <a 'java/lang/NoSuchMethodError'{0x000000070e697d38}: 'void java.lang.invoke.Invokers$Holder.invokeExact_MT(java.lang.Object, java.lang.Object, java.lang.Object, java.lang.Object)'> (0x000000070e697d38) 
thrown [src/hotspot/share/interpreter/linkResolver.cpp, line 804]
Event: 2.828 Thread 0x000000012881be00 Exception <a 'java/lang/NoSuchMethodError'{0x000000070e6b1400}: 'java.lang.Object java.lang.invoke.DirectMethodHandle$Holder.newInvokeSpecial(java.lang.Object, java.lang.Object, java.lang.Object, int, java.lang.Object)'> (0x000000070e6b1400) 
thrown [src/hotspot/share/interpreter/linkResolver.cpp, line 804]
Event: 2.828 Thread 0x000000012881be00 Exception <a 'java/lang/NoSuchMethodError'{0x000000070e6c1c68}: 'java.lang.Object java.lang.invoke.Invokers$Holder.linkToTargetMethod(java.lang.Object, java.lang.Object, int, java.lang.Object, java.lang.Object)'> (0x000000070e6c1c68) 
thrown [src/hotspot/share/interpreter/linkResolver.cpp, line 804]
Event: 2.836 Thread 0x000000012881be00 Exception <a 'java/lang/NoSuchMethodError'{0x000000070e6ca5f0}: 'void java.lang.invoke.DirectMethodHandle$Holder.invokeStatic(java.lang.Object, int, long)'> (0x000000070e6ca5f0) 
thrown [src/hotspot/share/interpreter/linkResolver.cpp, line 804]
Event: 2.845 Thread 0x000000012881be00 Exception <a 'java/lang/NoSuchMethodError'{0x000000070e40edb8}: 'java.lang.Object java.lang.invoke.Invokers$Holder.linkToTargetMethod(int, int, int, int, java.lang.Object)'> (0x000000070e40edb8) 
thrown [src/hotspot/share/interpreter/linkResolver.cpp, line 804]
Event: 2.845 Thread 0x000000012881be00 Exception <a 'java/lang/NoSuchMethodError'{0x000000070e417088}: 'void java.lang.invoke.DirectMethodHandle$Holder.invokeStatic(java.lang.Object, java.lang.Object, long)'> (0x000000070e417088) 
thrown [src/hotspot/share/interpreter/linkResolver.cpp, line 804]
Event: 2.893 Thread 0x000000012881be00 Exception <a 'java/lang/NoSuchMethodError'{0x000000070e57ab08}: 'java.lang.Object java.lang.invoke.DirectMethodHandle$Holder.newInvokeSpecial(java.lang.Object, java.lang.Object, int, int)'> (0x000000070e57ab08) 
thrown [src/hotspot/share/interpreter/linkResolver.cpp, line 804]
Event: 2.908 Thread 0x000000012881be00 Exception <a 'java/lang/NoSuchMethodError'{0x000000070e21d7b0}: 'void java.lang.invoke.DirectMethodHandle$Holder.invokeStatic(java.lang.Object, java.lang.Object, java.lang.Object, java.lang.Object)'> (0x000000070e21d7b0) 
thrown [src/hotspot/share/interpreter/linkResolver.cpp, line 804]
Event: 2.929 Thread 0x000000012881be00 Exception <a 'java/lang/NoSuchMethodError'{0x000000070e2ec880}: 'void java.lang.invoke.DirectMethodHandle$Holder.invokeStatic(java.lang.Object, long, long)'> (0x000000070e2ec880) 
thrown [src/hotspot/share/interpreter/linkResolver.cpp, line 804]
Event: 2.930 Thread 0x000000012881be00 Exception <a 'java/lang/NoSuchMethodError'{0x000000070e2fbb48}: 'java.lang.Object java.lang.invoke.DirectMethodHandle$Holder.newInvokeSpecial(java.lang.Object, long)'> (0x000000070e2fbb48) 
thrown [src/hotspot/share/interpreter/linkResolver.cpp, line 804]
Event: 2.934 Thread 0x000000012881be00 Exception <a 'java/lang/NoSuchMethodError'{0x000000070e32a898}: 'void java.lang.invoke.DirectMethodHandle$Holder.invokeVirtual(java.lang.Object, java.lang.Object)'> (0x000000070e32a898) 
thrown [src/hotspot/share/interpreter/linkResolver.cpp, line 804]
Event: 2.936 Thread 0x0000000129ea4a00 Exception <a 'java/lang/NoSuchMethodError'{0x000000070eff61c8}: 'void java.lang.invoke.DirectMethodHandle$Holder.invokeStatic(java.lang.Object, long)'> (0x000000070eff61c8) 
thrown [src/hotspot/share/interpreter/linkResolver.cpp, line 804]
Event: 2.938 Thread 0x0000000129ea4a00 Exception <a 'java/lang/NoSuchMethodError'{0x000000070e022af8}: 'void java.lang.invoke.DirectMethodHandle$Holder.invokeSpecial(java.lang.Object, java.lang.Object, java.lang.Object, java.lang.Object, java.lang.Object)'> (0x000000070e022af8) 
thrown [src/hotspot/share/interpreter/linkResolver.cpp, line 804]

VM Operations (20 events):
Event: 2.889 Executing non-safepoint VM operation: HandshakeAllThreads (Deoptimize) done
Event: 2.898 Executing non-safepoint VM operation: HandshakeAllThreads (Deoptimize)
Event: 2.898 Executing non-safepoint VM operation: HandshakeAllThreads (Deoptimize) done
Event: 2.928 Executing non-safepoint VM operation: HandshakeAllThreads (Deoptimize)
Event: 2.928 Executing non-safepoint VM operation: HandshakeAllThreads (Deoptimize) done
Event: 2.932 Executing non-safepoint VM operation: HandshakeAllThreads (Deoptimize)
Event: 2.932 Executing non-safepoint VM operation: HandshakeAllThreads (Deoptimize) done
Event: 60.201 Executing non-safepoint VM operation: HandshakeAllThreads (HandshakeForDeflation)
Event: 60.201 Executing non-safepoint VM operation: HandshakeAllThreads (HandshakeForDeflation) done
Event: 60.201 Executing non-safepoint VM operation: RendezvousGCThreads
Event: 60.201 Executing non-safepoint VM operation: RendezvousGCThreads done
Event: 777.052 Executing non-safepoint VM operation: HandshakeAllThreads (Deoptimize)
Event: 777.052 Executing non-safepoint VM operation: HandshakeAllThreads (Deoptimize) done
Event: 2188.066 Executing safepoint VM operation: G1CollectForAllocation (G1 Evacuation Pause)
Event: 2188.083 Executing safepoint VM operation: G1CollectForAllocation (G1 Evacuation Pause) done
Event: 16228.694 Executing safepoint VM operation: G1CollectForAllocation (G1 Evacuation Pause)
Event: 16228.706 Executing safepoint VM operation: G1CollectForAllocation (G1 Evacuation Pause) done
Event: 33795.157 Executing safepoint VM operation: G1CollectForAllocation (G1 Evacuation Pause)
Event: 33795.172 Executing safepoint VM operation: G1CollectForAllocation (G1 Evacuation Pause) done
Event: 34134.052 Executing safepoint VM operation: Exit

Memory protections (20 events):
Event: 0.811 Protecting memory [0x000000031b240000,0x000000031b24c000] with protection modes 3
Event: 0.811 Protecting memory [0x000000031b034000,0x000000031b040000] with protection modes 3
Event: 1.255 Protecting memory [0x000000031ac1c000,0x000000031ac28000] with protection modes 3
Event: 1.255 Protecting memory [0x000000031ae28000,0x000000031ae34000] with protection modes 3
Event: 1.301 Protecting memory [0x000000031ac1c000,0x000000031ac28000] with protection modes 0
Event: 1.302 Protecting memory [0x000000031ae28000,0x000000031ae34000] with protection modes 0
Event: 1.695 Protecting memory [0x000000031fcac000,0x000000031fcb8000] with protection modes 0
Event: 1.695 Protecting memory [0x000000031ae28000,0x000000031ae34000] with protection modes 3
Event: 1.729 Protecting memory [0x000000031ae28000,0x000000031ae34000] with protection modes 0
Event: 1.729 Protecting memory [0x000000031feb8000,0x000000031fec4000] with protection modes 0
Event: 1.743 Protecting memory [0x00000003224e0000,0x00000003224ec000] with protection modes 0
Event: 1.750 Protecting memory [0x000000032811c000,0x0000000328128000] with protection modes 0
Event: 1.934 Protecting memory [0x000000031ac1c000,0x000000031ac28000] with protection modes 3
Event: 2.816 Protecting memory [0x000000036c028000,0x000000036c034000] with protection modes 0
Event: 2.871 Protecting memory [0x000000036c234000,0x000000036c240000] with protection modes 0
Event: 2.932 Protecting memory [0x000000036c440000,0x000000036c44c000] with protection modes 0
Event: 3.160 Protecting memory [0x000000036c234000,0x000000036c240000] with protection modes 3
Event: 7.927 Protecting memory [0x000000036c028000,0x000000036c034000] with protection modes 3
Event: 34134.045 Protecting memory [0x0000000323890000,0x000000032389c000] with protection modes 0
Event: 34134.051 Protecting memory [0x0000000315420000,0x000000031542c000] with protection modes 3

Nmethod flushes (0 events):
No events

Events (20 events):
Event: 0.811 Thread 0x0000000129f58000 Thread exited: 0x0000000129f58000
Event: 1.255 Thread 0x0000000128c71000 Thread exited: 0x0000000128c71000
Event: 1.255 Thread 0x0000000128c57000 Thread exited: 0x0000000128c57000
Event: 1.301 Thread 0x0000000179c6d000 Thread added: 0x00000001299d6400
Event: 1.302 Thread 0x0000000179c6d000 Thread added: 0x0000000129ea4a00
Event: 1.695 Thread 0x000000012881be00 Thread added: 0x000000031cf53a00
Event: 1.695 Thread 0x0000000129ea4a00 Thread exited: 0x0000000129ea4a00
Event: 1.729 Thread 0x000000031cf53a00 Thread added: 0x00000001299f5000
Event: 1.729 Thread 0x000000031cf53a00 Thread added: 0x0000000129ea4a00
Event: 1.743 Thread 0x000000012881be00 Thread added: 0x0000000129f13c00
Event: 1.750 Thread 0x000000012881be00 Thread added: 0x0000000128c7f200
Event: 1.934 Thread 0x00000001299d6400 Thread exited: 0x00000001299d6400
Event: 2.816 Thread 0x000000012881be00 Thread added: 0x0000000322a38000
Event: 2.871 Thread 0x0000000179c6d000 Thread added: 0x00000003230e7600
Event: 2.932 Thread 0x000000012881be00 Thread added: 0x000000034b93ca00
Event: 3.160 Thread 0x00000003230e7600 Thread exited: 0x00000003230e7600
Event: 7.927 Thread 0x0000000322a38000 Thread exited: 0x0000000322a38000
Event: 34134.044 Thread 0x0000000179c61c00 Thread added: 0x000000046f6c9000
Event: 34134.050 Thread 0x000000046f6c9000 Before exit entered
Event: 34134.051 Thread 0x0000000179c61c00 Thread exited: 0x0000000179c61c00


Dynamic libraries:
0x00000001a7978000 	/System/Library/Frameworks/Cocoa.framework/Versions/A/Cocoa
0x000000018f12a000 	/System/Library/Frameworks/AppKit.framework/Versions/C/AppKit
0x000000019241a000 	/System/Library/Frameworks/CoreData.framework/Versions/A/CoreData
0x000000018c7bb000 	/System/Library/Frameworks/Foundation.framework/Versions/C/Foundation
0x00000001993b8000 	/usr/lib/libSystem.B.dylib
0x00000001905bb000 	/System/Library/PrivateFrameworks/UIFoundation.framework/Versions/A/UIFoundation
0x0000000239166000 	/System/Library/PrivateFrameworks/CollectionViewCore.framework/Versions/A/CollectionViewCore
0x0000000196f3c000 	/System/Library/PrivateFrameworks/XCTTargetBootstrap.framework/Versions/A/XCTTargetBootstrap
0x000000019bbb2000 	/System/Library/PrivateFrameworks/InternationalSupport.framework/Versions/A/InternationalSupport
0x000000019bf09000 	/System/Library/PrivateFrameworks/UserActivity.framework/Versions/A/UserActivity
0x0000000267aee000 	/System/Library/PrivateFrameworks/UIIntelligenceSupport.framework/Versions/A/UIIntelligenceSupport
0x00000001f1c78000 	/System/Library/Frameworks/SwiftUICore.framework/Versions/A/SwiftUICore
0x000000026cb74000 	/System/Library/PrivateFrameworks/WritingTools.framework/Versions/A/WritingTools
0x000000026bbb8000 	/System/Library/PrivateFrameworks/WindowManagement.framework/Versions/A/WindowManagement
0x000000018c41e000 	/System/Library/Frameworks/SystemConfiguration.framework/Versions/A/SystemConfiguration
0x000000019afe7000 	/usr/lib/libspindump.dylib
0x000000019076d000 	/System/Library/Frameworks/UniformTypeIdentifiers.framework/Versions/A/UniformTypeIdentifiers
0x00000001987a3000 	/usr/lib/libbsm.0.dylib
0x00000001949bd000 	/usr/lib/libapp_launch_measurement.dylib
0x0000000193d66000 	/System/Library/PrivateFrameworks/CoreAnalytics.framework/Versions/A/CoreAnalytics
0x00000001949c1000 	/System/Library/PrivateFrameworks/CoreAutoLayout.framework/Versions/A/CoreAutoLayout
0x0000000196556000 	/System/Library/Frameworks/Metal.framework/Versions/A/Metal
0x000000019777f000 	/usr/lib/liblangid.dylib
0x0000000196f42000 	/System/Library/PrivateFrameworks/CoreSVG.framework/Versions/A/CoreSVG
0x0000000191192000 	/System/Library/PrivateFrameworks/SkyLight.framework/Versions/A/SkyLight
0x00000001916b9000 	/System/Library/Frameworks/CoreGraphics.framework/Versions/A/CoreGraphics
0x00000001a1089000 	/System/Library/Frameworks/Accelerate.framework/Versions/A/Accelerate
0x000000019ae2a000 	/System/Library/PrivateFrameworks/IconServices.framework/Versions/A/IconServices
0x0000000196533000 	/System/Library/Frameworks/IOSurface.framework/Versions/A/IOSurface
0x0000000193d97000 	/usr/lib/libDiagnosticMessagesClient.dylib
0x0000000199302000 	/usr/lib/libz.1.dylib
0x00000001a4f9e000 	/System/Library/Frameworks/ApplicationServices.framework/Versions/A/ApplicationServices
0x0000000196f27000 	/System/Library/PrivateFrameworks/DFRFoundation.framework/Versions/A/DFRFoundation
0x000000018e98f000 	/usr/lib/libicucore.A.dylib
0x000000019cf92000 	/System/Library/Frameworks/AudioToolbox.framework/Versions/A/AudioToolbox
0x000000019beba000 	/System/Library/PrivateFrameworks/DataDetectorsCore.framework/Versions/A/DataDetectorsCore
0x00000001b7a25000 	/System/Library/PrivateFrameworks/TextInput.framework/Versions/A/TextInput
0x00000001910dd000 	/usr/lib/libMobileGestalt.dylib
0x0000000196c20000 	/System/Library/Frameworks/Carbon.framework/Versions/A/Frameworks/HIToolbox.framework/Versions/A/HIToolbox
0x000000019429e000 	/System/Library/Frameworks/QuartzCore.framework/Versions/A/QuartzCore
0x000000018e58a000 	/System/Library/Frameworks/Security.framework/Versions/A/Security
0x00000001a09e6000 	/System/Library/Frameworks/Carbon.framework/Versions/A/Frameworks/SpeechRecognition.framework/Versions/A/SpeechRecognition
0x00000001946c4000 	/System/Library/PrivateFrameworks/CoreUI.framework/Versions/A/CoreUI
0x000000018de58000 	/System/Library/Frameworks/CoreAudio.framework/Versions/A/CoreAudio
0x0000000193e85000 	/System/Library/Frameworks/DiskArbitration.framework/Versions/A/DiskArbitration
0x000000019b450000 	/System/Library/PrivateFrameworks/MultitouchSupport.framework/Versions/A/MultitouchSupport
0x00000001910db000 	/usr/lib/libenergytrace.dylib
0x00000001abfc9000 	/System/Library/PrivateFrameworks/RenderBox.framework/Versions/A/RenderBox
0x000000018efda000 	/System/Library/Frameworks/IOKit.framework/Versions/A/IOKit
0x00000001a0ddd000 	/System/Library/Frameworks/CoreServices.framework/Versions/A/CoreServices
0x000000019494e000 	/System/Library/PrivateFrameworks/PerformanceAnalysis.framework/Versions/A/PerformanceAnalysis
0x00000001eb639000 	/System/Library/Frameworks/OpenGL.framework/Versions/A/OpenGL
0x0000000194a0b000 	/usr/lib/libxml2.2.dylib
0x0000000198687000 	/System/Library/PrivateFrameworks/MobileKeyBag.framework/Versions/A/MobileKeyBag
0x000000018ad60000 	/usr/lib/libobjc.A.dylib
0x000000018b06e000 	/usr/lib/libc++.1.dylib
0x00000001a0d5e000 	/System/Library/Frameworks/Accessibility.framework/Versions/A/Accessibility
0x0000000191dea000 	/System/Library/Frameworks/ColorSync.framework/Versions/A/ColorSync
0x000000018b1ca000 	/System/Library/Frameworks/CoreFoundation.framework/Versions/A/CoreFoundation
0x0000000197301000 	/System/Library/Frameworks/CoreImage.framework/Versions/A/CoreImage
0x000000018dc39000 	/System/Library/Frameworks/CoreText.framework/Versions/A/CoreText
0x00000001ecb85000 	/System/Library/Frameworks/CoreTransferable.framework/Versions/A/CoreTransferable
0x00000001ed10a000 	/System/Library/Frameworks/DataDetection.framework/Versions/A/DataDetection
0x00000001ed10d000 	/System/Library/Frameworks/DeveloperToolsSupport.framework/Versions/A/DeveloperToolsSupport
0x0000000196f7d000 	/System/Library/Frameworks/ImageIO.framework/Versions/A/ImageIO
0x00000001f283b000 	/System/Library/Frameworks/Symbols.framework/Versions/A/Symbols
0x00000001dede6000 	/System/Library/PrivateFrameworks/FeatureFlags.framework/Versions/A/FeatureFlags
0x00000001993bd000 	/System/Library/PrivateFrameworks/SoftLinking.framework/Versions/A/SoftLinking
0x00000001ca69f000 	/usr/lib/swift/libswiftAccelerate.dylib
0x000000019c927000 	/usr/lib/swift/libswiftCore.dylib
0x00000001b40c8000 	/usr/lib/swift/libswiftCoreFoundation.dylib
0x00000001b4122000 	/usr/lib/swift/libswiftCoreImage.dylib
0x00000001b1431000 	/usr/lib/swift/libswiftDarwin.dylib
0x0000000273791000 	/usr/lib/swift/libswiftDataDetection.dylib
0x00000001a28d6000 	/usr/lib/swift/libswiftDispatch.dylib
0x00000001b4123000 	/usr/lib/swift/libswiftIOKit.dylib
0x00000001c0c93000 	/usr/lib/swift/libswiftMetal.dylib
0x00000001cfc38000 	/usr/lib/swift/libswiftOSLog.dylib
0x00000001a5558000 	/usr/lib/swift/libswiftObjectiveC.dylib
0x00000002737be000 	/usr/lib/swift/libswiftObservation.dylib
0x00000001c6035000 	/usr/lib/swift/libswiftQuartzCore.dylib
0x00000001ca690000 	/usr/lib/swift/libswiftUniformTypeIdentifiers.dylib
0x00000001b40da000 	/usr/lib/swift/libswiftXPC.dylib
0x00000002738a4000 	/usr/lib/swift/libswift_Builtin_float.dylib
0x00000002738a7000 	/usr/lib/swift/libswift_Concurrency.dylib
0x0000000273a06000 	/usr/lib/swift/libswift_StringProcessing.dylib
0x0000000273a99000 	/usr/lib/swift/libswift_errno.dylib
0x0000000273a9b000 	/usr/lib/swift/libswift_math.dylib
0x0000000273a9e000 	/usr/lib/swift/libswift_signal.dylib
0x0000000273a9f000 	/usr/lib/swift/libswift_stdio.dylib
0x0000000273aa0000 	/usr/lib/swift/libswift_time.dylib
0x00000001a555c000 	/usr/lib/swift/libswiftos.dylib
0x00000001b797c000 	/usr/lib/swift/libswiftsimd.dylib
0x0000000273aa1000 	/usr/lib/swift/libswiftsys_time.dylib
0x0000000273aa2000 	/usr/lib/swift/libswiftunistd.dylib
0x00000001995e6000 	/usr/lib/libcompression.dylib
0x000000019bb12000 	/System/Library/PrivateFrameworks/TextureIO.framework/Versions/A/TextureIO
0x000000019aac9000 	/usr/lib/libate.dylib
0x00000001993b2000 	/usr/lib/system/libcache.dylib
0x000000019936d000 	/usr/lib/system/libcommonCrypto.dylib
0x0000000199398000 	/usr/lib/system/libcompiler_rt.dylib
0x000000019938d000 	/usr/lib/system/libcopyfile.dylib
0x000000018aebb000 	/usr/lib/system/libcorecrypto.dylib
0x000000018afa2000 	/usr/lib/system/libdispatch.dylib
0x000000018b162000 	/usr/lib/system/libdyld.dylib
0x00000001993a8000 	/usr/lib/system/libkeymgr.dylib
0x0000000199350000 	/usr/lib/system/libmacho.dylib
0x000000019877c000 	/usr/lib/system/libquarantine.dylib
0x00000001993a5000 	/usr/lib/system/libremovefile.dylib
0x0000000191157000 	/usr/lib/system/libsystem_asl.dylib
0x000000018ae50000 	/usr/lib/system/libsystem_blocks.dylib
0x000000018afec000 	/usr/lib/system/libsystem_c.dylib
0x000000019939c000 	/usr/lib/system/libsystem_collections.dylib
0x000000019776c000 	/usr/lib/system/libsystem_configuration.dylib
0x0000000196502000 	/usr/lib/system/libsystem_containermanager.dylib
0x0000000198e92000 	/usr/lib/system/libsystem_coreservices.dylib
0x000000018ec5b000 	/usr/lib/system/libsystem_darwin.dylib
0x0000000273bd9000 	/usr/lib/system/libsystem_darwindirectory.dylib
0x00000001993a9000 	/usr/lib/system/libsystem_dnssd.dylib
0x0000000273bdd000 	/usr/lib/system/libsystem_eligibility.dylib
0x000000018afe9000 	/usr/lib/system/libsystem_featureflags.dylib
0x000000018b19a000 	/usr/lib/system/libsystem_info.dylib
0x0000000199311000 	/usr/lib/system/libsystem_m.dylib
0x000000018af5a000 	/usr/lib/system/libsystem_malloc.dylib
0x00000001910c0000 	/usr/lib/system/libsystem_networkextension.dylib
0x000000018f0bd000 	/usr/lib/system/libsystem_notify.dylib
0x0000000197771000 	/usr/lib/system/libsystem_sandbox.dylib
0x0000000273be5000 	/usr/lib/system/libsystem_sanitizers.dylib
0x00000001993a1000 	/usr/lib/system/libsystem_secinit.dylib
0x000000018b119000 	/usr/lib/system/libsystem_kernel.dylib
0x000000018b192000 	/usr/lib/system/libsystem_platform.dylib
0x000000018b155000 	/usr/lib/system/libsystem_pthread.dylib
0x0000000192cb4000 	/usr/lib/system/libsystem_symptoms.dylib
0x000000018ae9f000 	/usr/lib/system/libsystem_trace.dylib
0x000000019937b000 	/usr/lib/system/libunwind.dylib
0x000000018ae54000 	/usr/lib/system/libxpc.dylib
0x000000018b0fb000 	/usr/lib/libc++abi.dylib
0x00000002727ae000 	/usr/lib/libRosetta.dylib
0x000000018ef59000 	/System/Library/PrivateFrameworks/CoreServicesInternal.framework/Versions/A/CoreServicesInternal
0x0000000199385000 	/usr/lib/liboah.dylib
0x00000001993ba000 	/usr/lib/libfakelink.dylib
0x00000001a4a51000 	/System/Library/PrivateFrameworks/DiskImages.framework/Versions/A/DiskImages
0x00000001b0f5a000 	/System/Library/Frameworks/NetFS.framework/Versions/A/NetFS
0x0000000190cf6000 	/System/Library/Frameworks/CFNetwork.framework/Versions/A/CFNetwork
0x0000000194985000 	/System/Library/Frameworks/CoreServices.framework/Versions/A/Frameworks/FSEvents.framework/Versions/A/FSEvents
0x000000018ec66000 	/System/Library/Frameworks/CoreServices.framework/Versions/A/Frameworks/CarbonCore.framework/Versions/A/CarbonCore
0x0000000193dfa000 	/System/Library/Frameworks/CoreServices.framework/Versions/A/Frameworks/Metadata.framework/Versions/A/Metadata
0x0000000198e9a000 	/System/Library/Frameworks/CoreServices.framework/Versions/A/Frameworks/OSServices.framework/Versions/A/OSServices
0x0000000199507000 	/System/Library/Frameworks/CoreServices.framework/Versions/A/Frameworks/SearchKit.framework/Versions/A/SearchKit
0x0000000192c2f000 	/System/Library/Frameworks/CoreServices.framework/Versions/A/Frameworks/AE.framework/Versions/A/AE
0x000000018b709000 	/System/Library/Frameworks/CoreServices.framework/Versions/A/Frameworks/LaunchServices.framework/Versions/A/LaunchServices
0x000000019a91e000 	/System/Library/Frameworks/CoreServices.framework/Versions/A/Frameworks/DictionaryServices.framework/Versions/A/DictionaryServices
0x0000000194993000 	/System/Library/Frameworks/CoreServices.framework/Versions/A/Frameworks/SharedFileList.framework/Versions/A/SharedFileList
0x000000019959d000 	/usr/lib/libapple_nghttp2.dylib
0x0000000192890000 	/usr/lib/libsqlite3.dylib
0x000000019d5d5000 	/System/Library/Frameworks/GSS.framework/Versions/A/GSS
0x0000000192bc6000 	/System/Library/PrivateFrameworks/RunningBoardServices.framework/Versions/A/RunningBoardServices
0x0000000192cbd000 	/System/Library/Frameworks/Network.framework/Versions/A/Network
0x0000000199354000 	/usr/lib/system/libkxld.dylib
0x0000000234ff1000 	/System/Library/PrivateFrameworks/AppleKeyStore.framework/Versions/A/AppleKeyStore
0x0000000272606000 	/usr/lib/libCoreEntitlements.dylib
0x000000024ffdf000 	/System/Library/PrivateFrameworks/MessageSecurity.framework/Versions/A/MessageSecurity
0x0000000192875000 	/System/Library/PrivateFrameworks/ProtocolBuffer.framework/Versions/A/ProtocolBuffer
0x0000000198e79000 	/System/Library/PrivateFrameworks/AppleFSCompression.framework/Versions/A/AppleFSCompression
0x000000019878b000 	/usr/lib/libcoretls.dylib
0x000000019a994000 	/usr/lib/libcoretls_cfhelpers.dylib
0x00000001995e0000 	/usr/lib/libpam.2.dylib
0x000000019aa08000 	/usr/lib/libxar.1.dylib
0x000000019940f000 	/usr/lib/libarchive.2.dylib
0x000000019ecd8000 	/System/Library/Frameworks/Combine.framework/Versions/A/Combine
0x000000023918a000 	/System/Library/PrivateFrameworks/CollectionsInternal.framework/Versions/A/CollectionsInternal
0x000000025903a000 	/System/Library/PrivateFrameworks/ReflectionInternal.framework/Versions/A/ReflectionInternal
0x0000000259d11000 	/System/Library/PrivateFrameworks/RuntimeInternal.framework/Versions/A/RuntimeInternal
0x0000000273835000 	/usr/lib/swift/libswiftSystem.dylib
0x000000019777a000 	/System/Library/PrivateFrameworks/AppleSystemInfo.framework/Versions/A/AppleSystemInfo
0x00000001b3fb3000 	/System/Library/PrivateFrameworks/LoggingSupport.framework/Versions/A/LoggingSupport
0x00000001a1d97000 	/System/Library/PrivateFrameworks/PowerLog.framework/Versions/A/PowerLog
0x00000001f1b3d000 	/System/Library/Frameworks/SwiftData.framework/Versions/A/SwiftData
0x0000000194b96000 	/System/Library/PrivateFrameworks/UserManagement.framework/Versions/A/UserManagement
0x0000000190c24000 	/usr/lib/libboringssl.dylib
0x0000000192ca3000 	/usr/lib/libdns_services.dylib
0x00000001b3162000 	/usr/lib/libquic.dylib
0x000000019c8b6000 	/usr/lib/libusrtcp.dylib
0x00000001d7aad000 	/System/Library/PrivateFrameworks/InternalSwiftProtobuf.framework/Versions/A/InternalSwiftProtobuf
0x0000000273792000 	/usr/lib/swift/libswiftDistributed.dylib
0x000000027382b000 	/usr/lib/swift/libswiftSynchronization.dylib
0x0000000190cf5000 	/usr/lib/libnetwork.dylib
0x00000001c4c69000 	/System/Library/PrivateFrameworks/OSAnalytics.framework/Versions/A/OSAnalytics
0x0000000199578000 	/System/Library/PrivateFrameworks/AppleSauce.framework/Versions/A/AppleSauce
0x00000001a306c000 	/System/Library/PrivateFrameworks/CoreSymbolication.framework/Versions/A/CoreSymbolication
0x00000001d3776000 	/System/Library/PrivateFrameworks/Symbolication.framework/Versions/A/Symbolication
0x00000001a3048000 	/System/Library/PrivateFrameworks/DebugSymbols.framework/Versions/A/DebugSymbols
0x00000002724d1000 	/usr/lib/libAppleArchive.dylib
0x0000000198e85000 	/usr/lib/libbz2.1.0.dylib
0x000000019a975000 	/usr/lib/liblzma.5.dylib
0x0000000198477000 	/System/Library/PrivateFrameworks/IOMobileFramebuffer.framework/Versions/A/IOMobileFramebuffer
0x00000001b403c000 	/System/Library/PrivateFrameworks/MallocStackLogging.framework/Versions/A/MallocStackLogging
0x000000019ab63000 	/System/Library/PrivateFrameworks/CrashReporterSupport.framework/Versions/A/CrashReporterSupport
0x000000018c215000 	/System/Library/PrivateFrameworks/Lexicon.framework/Versions/A/Lexicon
0x000000024831e000 	/System/Library/PrivateFrameworks/IO80211.framework/Versions/A/IO80211
0x00000001a2b6e000 	/System/Library/PrivateFrameworks/FrontBoardServices.framework/Versions/A/FrontBoardServices
0x00000001986b3000 	/System/Library/Frameworks/SecurityFoundation.framework/Versions/A/SecurityFoundation
0x0000000198815000 	/usr/lib/libgermantok.dylib
0x000000019789e000 	/System/Library/PrivateFrameworks/LinguisticData.framework/Versions/A/LinguisticData
0x0000000192ae1000 	/System/Library/PrivateFrameworks/BaseBoard.framework/Versions/A/BaseBoard
0x00000001a2c3b000 	/System/Library/PrivateFrameworks/BoardServices.framework/Versions/A/BoardServices
0x00000001986a4000 	/System/Library/PrivateFrameworks/AssertionServices.framework/Versions/A/AssertionServices
0x00000001a488b000 	/System/Library/PrivateFrameworks/BackBoardServices.framework/Versions/A/BackBoardServices
0x000000019694d000 	/System/Library/PrivateFrameworks/FontServices.framework/libFontParser.dylib
0x000000019116f000 	/System/Library/PrivateFrameworks/TCC.framework/Versions/A/TCC
0x00000001a8283000 	/System/Library/PrivateFrameworks/IOSurfaceAccelerator.framework/Versions/A/IOSurfaceAccelerator
0x000000019b44e000 	/System/Library/PrivateFrameworks/WatchdogClient.framework/Versions/A/WatchdogClient
0x000000018d760000 	/System/Library/Frameworks/CoreDisplay.framework/Versions/A/CoreDisplay
0x00000001967f1000 	/System/Library/Frameworks/CoreMedia.framework/Versions/A/CoreMedia
0x000000019654c000 	/System/Library/PrivateFrameworks/IOAccelerator.framework/Versions/A/IOAccelerator
0x0000000194af5000 	/System/Library/Frameworks/CoreVideo.framework/Versions/A/CoreVideo
0x00000001995de000 	/System/Library/Frameworks/MetalPerformanceShaders.framework/Versions/A/MetalPerformanceShaders
0x0000000258378000 	/System/Library/PrivateFrameworks/ProDisplayLibrary.framework/Versions/A/ProDisplayLibrary
0x000000019b496000 	/System/Library/Frameworks/VideoToolbox.framework/Versions/A/VideoToolbox
0x0000000197778000 	/System/Library/PrivateFrameworks/AggregateDictionary.framework/Versions/A/AggregateDictionary
0x000000019a996000 	/System/Library/PrivateFrameworks/APFS.framework/Versions/A/APFS
0x000000019aa17000 	/usr/lib/libutil.dylib
0x000000026329d000 	/System/Library/PrivateFrameworks/SwiftASN1Internal.framework/Versions/A/SwiftASN1Internal
0x0000000193e8e000 	/System/Library/Frameworks/Accelerate.framework/Versions/A/Frameworks/vImage.framework/Versions/A/vImage
0x00000001a0db8000 	/System/Library/Frameworks/Accelerate.framework/Versions/A/Frameworks/vecLib.framework/Versions/A/vecLib
0x000000019aa4f000 	/System/Library/Frameworks/Accelerate.framework/Versions/A/Frameworks/vecLib.framework/Versions/A/libvMisc.dylib
0x000000018bb81000 	/System/Library/Frameworks/Accelerate.framework/Versions/A/Frameworks/vecLib.framework/Versions/A/libBLAS.dylib
0x000000019d1e2000 	/System/Library/Frameworks/ApplicationServices.framework/Versions/A/Frameworks/ATS.framework/Versions/A/ATS
0x0000000191fa0000 	/System/Library/Frameworks/ApplicationServices.framework/Versions/A/Frameworks/HIServices.framework/Versions/A/HIServices
0x000000019ba9b000 	/System/Library/Frameworks/ApplicationServices.framework/Versions/A/Frameworks/PrintCore.framework/Versions/A/PrintCore
0x000000019d59f000 	/System/Library/Frameworks/ApplicationServices.framework/Versions/A/Frameworks/QD.framework/Versions/A/QD
0x000000019d596000 	/System/Library/Frameworks/ApplicationServices.framework/Versions/A/Frameworks/ColorSyncLegacy.framework/Versions/A/ColorSyncLegacy
0x000000019d1b4000 	/System/Library/Frameworks/ApplicationServices.framework/Versions/A/Frameworks/SpeechSynthesis.framework/Versions/A/SpeechSynthesis
0x0000000198444000 	/System/Library/PrivateFrameworks/CoreEmoji.framework/Versions/A/CoreEmoji
0x000000023f3e3000 	/System/Library/PrivateFrameworks/FontServices.framework/Versions/A/FontServices
0x000000019af9c000 	/System/Library/PrivateFrameworks/OTSVG.framework/Versions/A/OTSVG
0x0000000194672000 	/System/Library/Frameworks/ApplicationServices.framework/Versions/A/Frameworks/ATS.framework/Versions/A/Resources/libFontRegistry.dylib
0x0000000272b93000 	/usr/lib/libhvf.dylib
0x000000025427c000 	/System/Library/PrivateFrameworks/ParsingInternal.framework/Versions/A/ParsingInternal
0x00000002737db000 	/usr/lib/swift/libswiftRegexBuilder.dylib
0x0000000273963000 	/usr/lib/swift/libswift_RegexParser.dylib
0x000000019b317000 	/System/Library/PrivateFrameworks/AppleJPEG.framework/Versions/A/AppleJPEG
0x000000019adb8000 	/usr/lib/libexpat.1.dylib
0x000000019b971000 	/System/Library/Frameworks/ImageIO.framework/Versions/A/Resources/libPng.dylib
0x000000019b99c000 	/System/Library/Frameworks/ImageIO.framework/Versions/A/Resources/libTIFF.dylib
0x000000019ba86000 	/System/Library/Frameworks/ImageIO.framework/Versions/A/Resources/libGIF.dylib
0x000000019b35d000 	/System/Library/Frameworks/ImageIO.framework/Versions/A/Resources/libJP2.dylib
0x000000019ba2d000 	/System/Library/Frameworks/ImageIO.framework/Versions/A/Resources/libJPEG.dylib
0x000000019ba24000 	/System/Library/Frameworks/ImageIO.framework/Versions/A/Resources/libRadiance.dylib
0x00000002440b2000 	/System/Library/PrivateFrameworks/GPUCompiler.framework/Versions/32023/Libraries/libllvm-flatbuffers.dylib
0x000000023f4ae000 	/System/Library/PrivateFrameworks/FramePacing.framework/Versions/A/FramePacing
0x00000001eb62b000 	/System/Library/Frameworks/OpenGL.framework/Versions/A/Libraries/libCoreFSCache.dylib
0x0000000240023000 	/System/Library/PrivateFrameworks/GPUCompiler.framework/Versions/32023/Libraries/libGPUCompilerUtils.dylib
0x000000023f3e4000 	/System/Library/PrivateFrameworks/FontServices.framework/libXTFontStaticRegistryData.dylib
0x00000001a669b000 	/System/Library/PrivateFrameworks/ASEProcessing.framework/Versions/A/ASEProcessing
0x00000002574e5000 	/System/Library/PrivateFrameworks/PhotosensitivityProcessing.framework/Versions/A/PhotosensitivityProcessing
0x000000019af90000 	/System/Library/PrivateFrameworks/GraphVisualizer.framework/Versions/A/GraphVisualizer
0x00000001eb689000 	/System/Library/Frameworks/OpenGL.framework/Versions/A/Libraries/libGLU.dylib
0x00000001eb64d000 	/System/Library/Frameworks/OpenGL.framework/Versions/A/Libraries/libGFXShared.dylib
0x00000001eb815000 	/System/Library/Frameworks/OpenGL.framework/Versions/A/Libraries/libGL.dylib
0x00000001eb656000 	/System/Library/Frameworks/OpenGL.framework/Versions/A/Libraries/libGLImage.dylib
0x00000001eb64a000 	/System/Library/Frameworks/OpenGL.framework/Versions/A/Libraries/libCVMSPluginSupport.dylib
0x00000001eb633000 	/System/Library/Frameworks/OpenGL.framework/Versions/A/Libraries/libCoreVMClient.dylib
0x00000001976bc000 	/System/Library/Frameworks/MetalPerformanceShaders.framework/Versions/A/Frameworks/MPSCore.framework/Versions/A/MPSCore
0x0000000198de4000 	/System/Library/Frameworks/MetalPerformanceShaders.framework/Versions/A/Frameworks/MPSImage.framework/Versions/A/MPSImage
0x000000019882d000 	/System/Library/Frameworks/MetalPerformanceShaders.framework/Versions/A/Frameworks/MPSNeuralNetwork.framework/Versions/A/MPSNeuralNetwork
0x0000000198c64000 	/System/Library/Frameworks/MetalPerformanceShaders.framework/Versions/A/Frameworks/MPSMatrix.framework/Versions/A/MPSMatrix
0x0000000198a79000 	/System/Library/Frameworks/MetalPerformanceShaders.framework/Versions/A/Frameworks/MPSRayIntersector.framework/Versions/A/MPSRayIntersector
0x0000000198c96000 	/System/Library/Frameworks/MetalPerformanceShaders.framework/Versions/A/Frameworks/MPSNDArray.framework/Versions/A/MPSNDArray
0x00000001eef2b000 	/System/Library/Frameworks/MetalPerformanceShaders.framework/Versions/A/Frameworks/MPSFunctions.framework/Versions/A/MPSFunctions
0x00000001eef0d000 	/System/Library/Frameworks/MetalPerformanceShaders.framework/Versions/A/Frameworks/MPSBenchmarkLoop.framework/Versions/A/MPSBenchmarkLoop
0x000000018b9fc000 	/System/Library/PrivateFrameworks/MetalTools.framework/Versions/A/MetalTools
0x00000001b8d25000 	/System/Library/PrivateFrameworks/IOAccelMemoryInfo.framework/Versions/A/IOAccelMemoryInfo
0x00000001c642a000 	/System/Library/PrivateFrameworks/kperf.framework/Versions/A/kperf
0x00000001b40a3000 	/System/Library/PrivateFrameworks/GPURawCounter.framework/Versions/A/GPURawCounter
0x000000019ba58000 	/System/Library/Frameworks/ApplicationServices.framework/Versions/A/Frameworks/ATSUI.framework/Versions/A/ATSUI
0x000000019d52a000 	/usr/lib/libcups.2.dylib
0x000000019d5c4000 	/System/Library/Frameworks/Kerberos.framework/Versions/A/Kerberos
0x000000019d22a000 	/usr/lib/libresolv.9.dylib
0x00000001993f4000 	/usr/lib/libiconv.2.dylib
0x000000019afee000 	/System/Library/PrivateFrameworks/Heimdal.framework/Versions/A/Heimdal
0x00000001a54af000 	/System/Library/Frameworks/Kerberos.framework/Versions/A/Libraries/libHeimdalProxy.dylib
0x000000019add3000 	/usr/lib/libheimdal-asn1.dylib
0x0000000194958000 	/System/Library/Frameworks/OpenDirectory.framework/Versions/A/OpenDirectory
0x000000019d627000 	/System/Library/PrivateFrameworks/CommonAuth.framework/Versions/A/CommonAuth
0x0000000194966000 	/System/Library/Frameworks/OpenDirectory.framework/Versions/A/Frameworks/CFOpenDirectory.framework/Versions/A/CFOpenDirectory
0x000000019934f000 	/usr/lib/libcharset.1.dylib
0x00000001ebbb1000 	/System/Library/Frameworks/AVFAudio.framework/Versions/A/AVFAudio
0x00000001ad98f000 	/System/Library/PrivateFrameworks/AXCoreUtilities.framework/Versions/A/AXCoreUtilities
0x000000024bc57000 	/System/Library/PrivateFrameworks/IsolatedCoreAudioClient.framework/Versions/A/IsolatedCoreAudioClient
0x000000019d19b000 	/usr/lib/libAudioStatistics.dylib
0x00000001967c9000 	/System/Library/PrivateFrameworks/caulk.framework/Versions/A/caulk
0x000000018d881000 	/System/Library/PrivateFrameworks/AudioToolboxCore.framework/Versions/A/AudioToolboxCore
0x00000001a77a5000 	/System/Library/Frameworks/CoreMIDI.framework/Versions/A/CoreMIDI
0x000000019d13d000 	/System/Library/PrivateFrameworks/AudioSession.framework/Versions/A/AudioSession
0x000000019ea40000 	/System/Library/Frameworks/IOBluetooth.framework/Versions/A/IOBluetooth
0x000000019aebd000 	/System/Library/PrivateFrameworks/MediaExperience.framework/Versions/A/MediaExperience
0x0000000265d61000 	/System/Library/PrivateFrameworks/Tightbeam.framework/Versions/A/Tightbeam
0x0000000239c48000 	/System/Library/PrivateFrameworks/CoreAudioOrchestration.framework/Versions/A/CoreAudioOrchestration
0x00000001cad62000 	/System/Library/PrivateFrameworks/AFKUser.framework/Versions/A/AFKUser
0x00000001b40a7000 	/usr/lib/swift/libswiftCoreAudio.dylib
0x000000019afdd000 	/System/Library/PrivateFrameworks/AppServerSupport.framework/Versions/A/AppServerSupport
0x000000019d5a8000 	/System/Library/PrivateFrameworks/perfdata.framework/Versions/A/perfdata
0x00000001b325b000 	/System/Library/PrivateFrameworks/SystemPolicy.framework/Versions/A/SystemPolicy
0x000000019d449000 	/usr/lib/libSMC.dylib
0x000000019b93b000 	/usr/lib/libAudioToolboxUtility.dylib
0x000000019d5b6000 	/usr/lib/libperfcheck.dylib
0x0000000235b6f000 	/System/Library/PrivateFrameworks/AudioAnalytics.framework/Versions/A/AudioAnalytics
0x00000001d7874000 	/System/Library/Frameworks/OSLog.framework/Versions/A/OSLog
0x00000001b406e000 	/usr/lib/libmis.dylib
0x000000019cf4b000 	/System/Library/PrivateFrameworks/AudioSession.framework/libSessionUtility.dylib
0x000000019ba8c000 	/System/Library/PrivateFrameworks/CMCaptureCore.framework/Versions/A/CMCaptureCore
0x00000001ed25a000 	/System/Library/Frameworks/ExtensionFoundation.framework/Versions/A/ExtensionFoundation
0x00000001a3179000 	/System/Library/PrivateFrameworks/CoreTime.framework/Versions/A/CoreTime
0x000000019acb7000 	/System/Library/PrivateFrameworks/PlugInKit.framework/Versions/A/PlugInKit
0x00000001a1ca0000 	/System/Library/Frameworks/CoreBluetooth.framework/Versions/A/CoreBluetooth
0x00000001a54b0000 	/System/Library/Frameworks/AudioUnit.framework/Versions/A/AudioUnit
0x0000000198508000 	/System/Library/PrivateFrameworks/CoreUtils.framework/Versions/A/CoreUtils
0x000000023cbfb000 	/System/Library/PrivateFrameworks/CoreUtilsExtras.framework/Versions/A/CoreUtilsExtras
0x00000001a10d9000 	/System/Library/Frameworks/MediaAccessibility.framework/Versions/A/MediaAccessibility
0x00000001bc6c5000 	/System/Library/PrivateFrameworks/AttributeGraph.framework/Versions/A/AttributeGraph
0x000000027244f000 	/usr/lib/libAXSafeCategoryBundle.dylib
0x00000001ada4b000 	/usr/lib/libAccessibility.dylib
0x0000000198352000 	/System/Library/Frameworks/Accelerate.framework/Versions/A/Frameworks/vecLib.framework/Versions/A/libvDSP.dylib
0x00000001996bc000 	/System/Library/Frameworks/Accelerate.framework/Versions/A/Frameworks/vecLib.framework/Versions/A/libLAPACK.dylib
0x0000000198818000 	/System/Library/Frameworks/Accelerate.framework/Versions/A/Frameworks/vecLib.framework/Versions/A/libLinearAlgebra.dylib
0x00000001995b7000 	/System/Library/Frameworks/Accelerate.framework/Versions/A/Frameworks/vecLib.framework/Versions/A/libSparseBLAS.dylib
0x00000001996b7000 	/System/Library/Frameworks/Accelerate.framework/Versions/A/Frameworks/vecLib.framework/Versions/A/libQuadrature.dylib
0x00000001978a5000 	/System/Library/Frameworks/Accelerate.framework/Versions/A/Frameworks/vecLib.framework/Versions/A/libBNNS.dylib
0x000000018c322000 	/System/Library/Frameworks/Accelerate.framework/Versions/A/Frameworks/vecLib.framework/Versions/A/libSparse.dylib
0x000000024d3ce000 	/System/Library/PrivateFrameworks/MIL.framework/Versions/A/MIL
0x000000019ba1f000 	/System/Library/PrivateFrameworks/GPUWrangler.framework/Versions/A/GPUWrangler
0x000000019b9ff000 	/System/Library/PrivateFrameworks/IOPresentment.framework/Versions/A/IOPresentment
0x000000019ba27000 	/System/Library/PrivateFrameworks/DSExternalDisplay.framework/Versions/A/DSExternalDisplay
0x00000001d7c7b000 	/System/Library/PrivateFrameworks/HIDDisplay.framework/Versions/A/HIDDisplay
0x00000001acc69000 	/System/Library/PrivateFrameworks/HID.framework/Versions/A/HID
0x00000002695a3000 	/System/Library/PrivateFrameworks/VideoToolboxParavirtualizationSupport.framework/Versions/A/VideoToolboxParavirtualizationSupport
0x000000019ad6f000 	/System/Library/PrivateFrameworks/AppleVA.framework/Versions/A/AppleVA
0x00000001a2ce8000 	/System/Library/PrivateFrameworks/GraphicsServices.framework/Versions/A/GraphicsServices
0x000000019d79a000 	/System/Library/PrivateFrameworks/CorePhoneNumbers.framework/Versions/A/CorePhoneNumbers
0x00000001a1e88000 	/System/Library/PrivateFrameworks/MediaKit.framework/Versions/A/MediaKit
0x00000001a1dd3000 	/System/Library/Frameworks/DiscRecording.framework/Versions/A/DiscRecording
0x000000019d589000 	/System/Library/PrivateFrameworks/NetAuth.framework/Versions/A/NetAuth
0x0000000194b56000 	/System/Library/PrivateFrameworks/login.framework/Versions/A/Frameworks/loginsupport.framework/Versions/A/loginsupport
0x000000019addd000 	/System/Library/PrivateFrameworks/IconFoundation.framework/Versions/A/IconFoundation
0x000000019ab5a000 	/usr/lib/libIOReport.dylib
0x000000023577f000 	/System/Library/PrivateFrameworks/AppleMobileFileIntegrity.framework/Versions/A/AppleMobileFileIntegrity
0x0000000272811000 	/usr/lib/libTLE.dylib
0x00000001e8687000 	/System/Library/PrivateFrameworks/ConfigProfileHelper.framework/Versions/A/ConfigProfileHelper
0x00000001987b5000 	/usr/lib/libmecab.dylib
0x000000018c4b2000 	/usr/lib/libCRFSuite.dylib
0x0000000197781000 	/System/Library/PrivateFrameworks/CoreNLP.framework/Versions/A/CoreNLP
0x000000019956f000 	/usr/lib/libThaiTokenizer.dylib
0x000000019877f000 	/usr/lib/libCheckFix.dylib
0x0000000193d99000 	/System/Library/PrivateFrameworks/MetadataUtilities.framework/Versions/A/MetadataUtilities
0x0000000248c02000 	/System/Library/PrivateFrameworks/InstalledContentLibrary.framework/Versions/A/InstalledContentLibrary
0x000000018ef99000 	/System/Library/PrivateFrameworks/CoreServicesStore.framework/Versions/A/CoreServicesStore
0x00000001c6534000 	/System/Library/PrivateFrameworks/MobileSystemServices.framework/Versions/A/MobileSystemServices
0x000000019aa1b000 	/usr/lib/libxslt.1.dylib
0x0000000198742000 	/System/Library/PrivateFrameworks/BackgroundTaskManagement.framework/Versions/A/BackgroundTaskManagement
0x00000001a4c0f000 	/usr/lib/libcurl.4.dylib
0x0000000272a45000 	/usr/lib/libcrypto.46.dylib
0x000000027356f000 	/usr/lib/libssl.48.dylib
0x00000001a48e7000 	/System/Library/Frameworks/LDAP.framework/Versions/A/LDAP
0x00000001a4923000 	/System/Library/PrivateFrameworks/TrustEvaluationAgent.framework/Versions/A/TrustEvaluationAgent
0x000000019d247000 	/usr/lib/libsasl2.2.dylib
0x00000001b1430000 	/usr/lib/swift/libswiftCoreGraphics.dylib
0x00000001a1708000 	/usr/lib/swift/libswiftFoundation.dylib
0x00000001e8111000 	/usr/lib/swift/libswiftSwiftOnoneSupport.dylib
0x00000001d3f27000 	/System/Library/PrivateFrameworks/CoreMaterial.framework/Versions/A/CoreMaterial
0x0000000259e08000 	/System/Library/PrivateFrameworks/SFSymbols.framework/Versions/A/SFSymbols
0x00000001a09d3000 	/System/Library/PrivateFrameworks/SpeechRecognitionCore.framework/Versions/A/SpeechRecognitionCore
0x00000001b2c7e000 	/System/Library/Frameworks/Carbon.framework/Versions/A/Carbon
0x00000001a9cb4000 	/System/Library/Frameworks/Carbon.framework/Versions/A/Frameworks/CommonPanels.framework/Versions/A/CommonPanels
0x00000001a4bfa000 	/System/Library/Frameworks/Carbon.framework/Versions/A/Frameworks/Help.framework/Versions/A/Help
0x00000001a9cb8000 	/System/Library/Frameworks/Carbon.framework/Versions/A/Frameworks/ImageCapture.framework/Versions/A/ImageCapture
0x00000001a9c94000 	/System/Library/Frameworks/Carbon.framework/Versions/A/Frameworks/OpenScripting.framework/Versions/A/OpenScripting
0x00000001a9cb3000 	/System/Library/Frameworks/Carbon.framework/Versions/A/Frameworks/Ink.framework/Versions/A/Ink
0x00000001a9cb0000 	/System/Library/Frameworks/Carbon.framework/Versions/A/Frameworks/SecurityHI.framework/Versions/A/SecurityHI
0x000000019481d000 	/System/Library/PrivateFrameworks/ViewBridge.framework/Versions/A/ViewBridge
0x0000000111448000 	/usr/lib/libobjc-trampolines.dylib
0x0000000272453000 	/usr/lib/libAccessibilityBaseImplementations.dylib
0x000000026cb79000 	/System/Library/PrivateFrameworks/WritingToolsUI.framework/Versions/A/WritingToolsUI
0x000000024520d000 	/System/Library/PrivateFrameworks/GenerativeAssistantSettings.framework/Versions/A/GenerativeAssistantSettings
0x0000000263fa3000 	/System/Library/PrivateFrameworks/TextComposer.framework/Versions/A/TextComposer
0x00000001b40cf000 	/usr/lib/swift/libswiftIntents.dylib
0x00000002737ed000 	/usr/lib/swift/libswiftSpatial.dylib
0x00000001ebd0a000 	/System/Library/Frameworks/AppIntents.framework/Versions/A/AppIntents
0x00000001baf9d000 	/System/Library/Frameworks/SwiftUI.framework/Versions/A/SwiftUI
0x00000001b150c000 	/System/Library/Frameworks/WebKit.framework/Versions/A/WebKit
0x0000000230c96000 	/System/Library/Frameworks/_AuthenticationServices_SwiftUI.framework/Versions/A/_AuthenticationServices_SwiftUI
0x0000000233876000 	/System/Library/PrivateFrameworks/Anvil.framework/Versions/A/Anvil
0x00000001ba612000 	/System/Library/PrivateFrameworks/AppStoreDaemon.framework/Versions/A/AppStoreDaemon
0x00000001a79c0000 	/System/Library/PrivateFrameworks/AppleMediaServices.framework/Versions/A/AppleMediaServices
0x00000001b7091000 	/System/Library/PrivateFrameworks/AppleMediaServicesUI.framework/Versions/A/AppleMediaServicesUI
0x00000002451e7000 	/System/Library/PrivateFrameworks/GenerativeAssistantCommon.framework/Versions/A/GenerativeAssistantCommon
0x00000001e7729000 	/System/Library/PrivateFrameworks/JetEngine.framework/Versions/A/JetEngine
0x000000024cd2f000 	/System/Library/PrivateFrameworks/LinkMetadata.framework/Versions/A/LinkMetadata
0x00000001b4951000 	/System/Library/PrivateFrameworks/OnBoardingKit.framework/Versions/A/OnBoardingKit
0x000000025ac83000 	/System/Library/PrivateFrameworks/Settings.framework/Versions/A/Settings
0x00000001991bf000 	/System/Library/Frameworks/CoreSpotlight.framework/Versions/A/CoreSpotlight
0x000000024cf70000 	/System/Library/PrivateFrameworks/LinkServices.framework/Versions/A/LinkServices
0x000000023d88c000 	/System/Library/PrivateFrameworks/DoNotDisturb.framework/Versions/A/DoNotDisturb
0x00000001b8e35000 	/System/Library/PrivateFrameworks/IntentsCore.framework/Versions/A/IntentsCore
0x0000000235f5c000 	/System/Library/PrivateFrameworks/AvailabilityKit.framework/Versions/A/AvailabilityKit
0x0000000233ac6000 	/System/Library/PrivateFrameworks/AppIntentSchemas.framework/Versions/A/AppIntentSchemas
0x0000000262ab9000 	/System/Library/PrivateFrameworks/StatusKit.framework/Versions/A/StatusKit
0x0000000258fb5000 	/System/Library/PrivateFrameworks/RecapPerformanceTesting.framework/Versions/A/RecapPerformanceTesting
0x00000001b4941000 	/System/Library/PrivateFrameworks/SignpostCollection.framework/Versions/A/SignpostCollection
0x0000000272810000 	/usr/lib/libSpatial.dylib
0x00000001a73b6000 	/System/Library/Frameworks/WebKit.framework/Versions/A/Frameworks/WebKitLegacy.framework/Versions/A/WebKitLegacy
0x00000001a52fc000 	/System/Library/PrivateFrameworks/CorePrediction.framework/Versions/A/CorePrediction
0x0000000195810000 	/System/Library/Frameworks/WebKit.framework/Versions/A/Frameworks/WebCore.framework/Versions/A/Frameworks/libwebrtc.dylib
0x00000001b1498000 	/System/Library/PrivateFrameworks/SafariSafeBrowsing.framework/Versions/A/SafariSafeBrowsing
0x000000019d2d0000 	/System/Library/Frameworks/SecurityInterface.framework/Versions/A/SecurityInterface
0x00000001b4950000 	/System/Library/PrivateFrameworks/WebInspectorUI.framework/Versions/A/WebInspectorUI
0x00000001a9cbb000 	/System/Library/Frameworks/JavaScriptCore.framework/Versions/A/JavaScriptCore
0x00000001ada7c000 	/System/Library/Frameworks/WebKit.framework/Versions/A/Frameworks/WebCore.framework/Versions/A/WebCore
0x00000001ec6e8000 	/System/Library/Frameworks/BrowserEngineCore.framework/Versions/A/BrowserEngineCore
0x00000002307f4000 	/System/Library/Frameworks/WebKit.framework/Versions/A/Frameworks/WebCore.framework/Versions/A/Frameworks/libANGLE-shared.dylib
0x000000026b770000 	/System/Library/PrivateFrameworks/WebGPU.framework/Versions/A/WebGPU
0x00000001b6723000 	/System/Library/Frameworks/SceneKit.framework/Versions/A/SceneKit
0x00000001c6d5b000 	/System/Library/Frameworks/ModelIO.framework/Versions/A/ModelIO
0x000000019ec0b000 	/System/Library/Frameworks/MetalKit.framework/Versions/A/MetalKit
0x00000001a0cea000 	/System/Library/Frameworks/GLKit.framework/Versions/A/GLKit
0x0000000273d26000 	/usr/lib/usd/libusd_ms.dylib
0x0000000267db8000 	/System/Library/PrivateFrameworks/USDLib_FormatLoaderProxy.framework/Versions/A/USDLib_FormatLoaderProxy
0x00000001b3b57000 	/System/Library/PrivateFrameworks/CoreOptimization.framework/Versions/A/CoreOptimization
0x0000000235e2f000 	/System/Library/PrivateFrameworks/AuthenticationServicesCore.framework/Versions/A/AuthenticationServicesCore
0x00000001bd8ba000 	/System/Library/Frameworks/AuthenticationServices.framework/Versions/A/AuthenticationServices
0x000000019ac93000 	/System/Library/PrivateFrameworks/SharedWebCredentials.framework/Versions/A/SharedWebCredentials
0x00000001b578d000 	/System/Library/PrivateFrameworks/SafariCore.framework/Versions/A/SafariCore
0x00000001bd40c000 	/System/Library/PrivateFrameworks/SafariFoundation.framework/Versions/A/SafariFoundation
0x0000000236eb9000 	/System/Library/PrivateFrameworks/CBORLibrary.framework/Versions/A/CBORLibrary
0x0000000237c61000 	/System/Library/PrivateFrameworks/Chirp.framework/Versions/A/Chirp
0x00000001e89bc000 	/System/Library/PrivateFrameworks/RemoteManagement.framework/Versions/A/RemoteManagement
0x000000025930b000 	/System/Library/PrivateFrameworks/RemoteManagementModel.framework/Versions/A/RemoteManagementModel
0x0000000259398000 	/System/Library/PrivateFrameworks/RemoteManagementStore.framework/Versions/A/RemoteManagementStore
0x000000019ec29000 	/usr/lib/libxcselect.dylib
0x00000001bd37b000 	/System/Library/PrivateFrameworks/DifferentialPrivacy.framework/Versions/A/DifferentialPrivacy
0x00000001a19b9000 	/System/Library/Frameworks/Contacts.framework/Versions/A/Contacts
0x00000002685dc000 	/System/Library/PrivateFrameworks/VDAF.framework/Versions/A/VDAF
0x00000001a17d6000 	/System/Library/PrivateFrameworks/ContactsPersistence.framework/Versions/A/ContactsPersistence
0x00000001a09ed000 	/System/Library/PrivateFrameworks/AppleLDAP.framework/Versions/A/AppleLDAP
0x00000001a4fa3000 	/System/Library/Frameworks/ClassKit.framework/Versions/A/ClassKit
0x00000001a70e2000 	/System/Library/PrivateFrameworks/CoreSuggestions.framework/Versions/A/CoreSuggestions
0x00000001a1709000 	/System/Library/PrivateFrameworks/ContactsFoundation.framework/Versions/A/ContactsFoundation
0x00000001a2caa000 	/System/Library/PrivateFrameworks/vCard.framework/Versions/A/vCard
0x0000000239484000 	/System/Library/PrivateFrameworks/ContactsMetrics.framework/Versions/A/ContactsMetrics
0x000000019b0af000 	/System/Library/PrivateFrameworks/login.framework/Versions/A/login
0x000000024f0b8000 	/System/Library/PrivateFrameworks/ManagedOrganizationContacts.framework/Versions/A/ManagedOrganizationContacts
0x0000000194f7c000 	/System/Library/PrivateFrameworks/CloudDocs.framework/Versions/A/CloudDocs
0x00000001a66d1000 	/System/Library/PrivateFrameworks/ConfigurationProfiles.framework/Versions/A/ConfigurationProfiles
0x000000023ce0b000 	/System/Library/PrivateFrameworks/DMCUtilities.framework/Versions/A/DMCUtilities
0x000000024d34b000 	/System/Library/PrivateFrameworks/MDMClientLibrary.framework/Versions/A/MDMClientLibrary
0x000000025938c000 	/System/Library/PrivateFrameworks/RemoteManagementProtocol.framework/Versions/A/RemoteManagementProtocol
0x000000027261c000 	/usr/lib/libEndpointSecuritySystem.dylib
0x00000001a1113000 	/System/Library/PrivateFrameworks/SystemAdministration.framework/Versions/A/SystemAdministration
0x00000001ab5c1000 	/System/Library/PrivateFrameworks/PowerlogControl.framework/Versions/A/PowerlogControl
0x0000000198771000 	/System/Library/Frameworks/ServiceManagement.framework/Versions/A/ServiceManagement
0x00000001ab5c3000 	/usr/lib/libUniversalAccess.dylib
0x00000001a828e000 	/System/Library/PrivateFrameworks/FamilyControls.framework/Versions/A/FamilyControls
0x00000001a099e000 	/System/Library/Frameworks/DirectoryService.framework/Versions/A/DirectoryService
0x00000001a4c91000 	/System/Library/PrivateFrameworks/LoginUIKit.framework/Versions/A/Frameworks/LoginUICore.framework/Versions/A/LoginUICore
0x000000019b29f000 	/usr/lib/libodfde.dylib
0x00000001a8288000 	/System/Library/PrivateFrameworks/UniversalAccess.framework/Versions/A/Libraries/libUAPreferences.dylib
0x00000001a82b2000 	/System/Library/PrivateFrameworks/CommerceKit.framework/Versions/A/Frameworks/CommerceCore.framework/Versions/A/CommerceCore
0x000000023cdb9000 	/System/Library/PrivateFrameworks/DEPClientLibrary.framework/Versions/A/DEPClientLibrary
0x000000023cdd9000 	/System/Library/PrivateFrameworks/DMCEnrollmentLibrary.framework/Versions/A/DMCEnrollmentLibrary
0x00000001ab6a7000 	/System/Library/PrivateFrameworks/SetupAssistantFramework.framework/Versions/A/SetupAssistantFramework
0x00000001a5356000 	/System/Library/PrivateFrameworks/AuthKitUI.framework/Versions/A/AuthKitUI
0x00000001a4cdb000 	/System/Library/PrivateFrameworks/AppSSO.framework/Versions/A/AppSSO
0x00000001ba378000 	/System/Library/PrivateFrameworks/LocalAuthenticationUI.framework/Versions/A/LocalAuthenticationUI
0x000000025754a000 	/System/Library/PrivateFrameworks/PlatformSSO.framework/Versions/A/PlatformSSO
0x00000001bad65000 	/System/Library/PrivateFrameworks/AOSUI.framework/Versions/A/AOSUI
0x00000001ad138000 	/System/Library/Frameworks/ContactsUI.framework/Versions/A/ContactsUI
0x00000001a1bf0000 	/System/Library/PrivateFrameworks/FamilyCircle.framework/Versions/A/FamilyCircle
0x00000001c840a000 	/System/Library/Frameworks/LinkPresentation.framework/Versions/A/LinkPresentation
0x0000000257616000 	/System/Library/PrivateFrameworks/PlatformSSOCore.framework/Versions/A/PlatformSSOCore
0x00000001ace4a000 	/System/Library/PrivateFrameworks/IASUtilities.framework/Versions/A/IASUtilities
0x000000024824e000 	/System/Library/PrivateFrameworks/IASUtilitiesCore.framework/Versions/A/IASUtilitiesCore
0x000000024d233000 	/System/Library/PrivateFrameworks/LocalAuthenticationCoreUI.framework/Versions/A/LocalAuthenticationCoreUI
0x00000001b3dec000 	/System/Library/Frameworks/LocalAuthentication.framework/Support/DaemonUtils.framework/Versions/A/DaemonUtils
0x00000001b7058000 	/System/Library/PrivateFrameworks/BridgeXPC.framework/Versions/A/BridgeXPC
0x000000019b0d3000 	/System/Library/PrivateFrameworks/CoreBrightness.framework/Versions/A/CoreBrightness
0x00000001b4a2a000 	/System/Library/PrivateFrameworks/CoreKDL.framework/Versions/A/CoreKDL
0x00000001b3254000 	/System/Library/PrivateFrameworks/EmbeddedOSSupportHost.framework/Versions/A/EmbeddedOSSupportHost
0x00000002637cc000 	/System/Library/PrivateFrameworks/SystemStatus.framework/Versions/A/SystemStatus
0x00000001c24e1000 	/System/Library/PrivateFrameworks/StorageKit.framework/Versions/A/StorageKit
0x00000001ea036000 	/System/Library/Frameworks/DeviceCheck.framework/Versions/A/DeviceCheck
0x00000001ed361000 	/System/Library/Frameworks/FSKit.framework/Versions/A/FSKit
0x000000023d5a9000 	/System/Library/PrivateFrameworks/DiskImages2.framework/Versions/A/DiskImages2
0x000000024d0c0000 	/System/Library/PrivateFrameworks/LiveFS.framework/Versions/A/LiveFS
0x000000026febb000 	/System/Library/PrivateFrameworks/icloudMCCKit.framework/Versions/A/icloudMCCKit
0x00000002347c4000 	/System/Library/PrivateFrameworks/AppleAccountUI.framework/Versions/A/AppleAccountUI
0x0000000238787000 	/System/Library/PrivateFrameworks/CloudSubscriptionFeatures.framework/Versions/A/CloudSubscriptionFeatures
0x00000001d3ef3000 	/System/Library/PrivateFrameworks/PreferencePanesSupport.framework/Versions/A/PreferencePanesSupport
0x00000001baf15000 	/System/Library/PrivateFrameworks/FindMyDeviceUI.framework/Versions/A/FindMyDeviceUI
0x000000026daf3000 	/System/Library/PrivateFrameworks/iCloudQuotaUI.framework/Versions/A/iCloudQuotaUI
0x00000001d40a6000 	/System/Library/PrivateFrameworks/CoreCDPUI.framework/Versions/A/CoreCDPUI
0x00000001b54f4000 	/System/Library/PrivateFrameworks/CoreFollowUpUI.framework/Versions/A/CoreFollowUpUI
0x000000019d309000 	/System/Library/PrivateFrameworks/CoreFollowUp.framework/Versions/A/CoreFollowUp
0x00000001c125c000 	/System/Library/PrivateFrameworks/IMCore.framework/Versions/A/IMCore
0x00000001ab629000 	/System/Library/PrivateFrameworks/CoreCDP.framework/Versions/A/CoreCDP
0x00000001a79b2000 	/System/Library/PrivateFrameworks/AskPermission.framework/Versions/A/AskPermission
0x00000001b8db0000 	/System/Library/Frameworks/Quartz.framework/Versions/A/Quartz
0x00000001c4d86000 	/System/Library/PrivateFrameworks/CloudPhotoServicesConfiguration.framework/Versions/A/CloudPhotoServicesConfiguration
0x00000001b77c6000 	/System/Library/PrivateFrameworks/CommerceKit.framework/Versions/A/CommerceKit
0x00000001c66c6000 	/System/Library/PrivateFrameworks/FindMyMac.framework/Versions/A/FindMyMac
0x00000001c659d000 	/System/Library/Frameworks/PreferencePanes.framework/Versions/A/PreferencePanes
0x00000001ba470000 	/System/Library/Frameworks/AddressBook.framework/Versions/A/AddressBook
0x00000001a699a000 	/System/Library/PrivateFrameworks/AOSAccounts.framework/Versions/A/AOSAccounts
0x00000001a110d000 	/System/Library/PrivateFrameworks/AppleSRP.framework/Versions/A/AppleSRP
0x00000001b3d06000 	/System/Library/Frameworks/SafariServices.framework/Versions/A/SafariServices
0x00000001a54b8000 	/System/Library/PrivateFrameworks/NetFSServer.framework/Versions/A/NetFSServer
0x00000001b65fc000 	/System/Library/Frameworks/PDFKit.framework/Versions/A/PDFKit
0x00000001c75be000 	/System/Library/PrivateFrameworks/EmailFoundation.framework/Versions/A/EmailFoundation
0x00000001c65fa000 	/System/Library/PrivateFrameworks/EmailCore.framework/Versions/A/EmailCore
0x00000001ca3ea000 	/System/Library/PrivateFrameworks/EmailAddressing.framework/Versions/A/EmailAddressing
0x00000001ca3f6000 	/System/Library/PrivateFrameworks/Email.framework/Versions/A/Email
0x00000001f2852000 	/System/Library/Frameworks/TabularData.framework/Versions/A/TabularData
0x00000002737cd000 	/usr/lib/swift/libswiftPassKit.dylib
0x000000023609e000 	/System/Library/PrivateFrameworks/BackgroundSystemTasks.framework/Versions/A/BackgroundSystemTasks
0x000000024d2c2000 	/System/Library/PrivateFrameworks/LockdownMode.framework/Versions/A/LockdownMode
0x00000001a1bea000 	/System/Library/PrivateFrameworks/CommunicationsFilter.framework/Versions/A/CommunicationsFilter
0x00000001d7bb7000 	/System/Library/Frameworks/PassKit.framework/Versions/A/PassKit
0x00000001a8db2000 	/System/Library/PrivateFrameworks/PassKitCore.framework/Versions/A/PassKitCore
0x0000000254b01000 	/System/Library/PrivateFrameworks/PassKitMacHelperTemp.framework/Versions/A/PassKitMacHelperTemp
0x0000000233b03000 	/System/Library/PrivateFrameworks/AppIntentsServices.framework/Versions/A/AppIntentsServices
0x00000001a65b0000 	/System/Library/PrivateFrameworks/CoreRecents.framework/Versions/A/CoreRecents
0x00000001b3e39000 	/System/Library/PrivateFrameworks/BiometricKit.framework/Versions/A/BiometricKit
0x0000000259d49000 	/System/Library/PrivateFrameworks/SEService.framework/Versions/A/SEService
0x00000001a71ae000 	/System/Library/Frameworks/EventKit.framework/Versions/A/EventKit
0x00000001b8e55000 	/System/Library/PrivateFrameworks/NearField.framework/Versions/A/NearField
0x00000001bab8d000 	/System/Library/PrivateFrameworks/FTClientServices.framework/Versions/A/FTClientServices
0x00000001d3914000 	/System/Library/PrivateFrameworks/DiagnosticRequest.framework/Versions/A/DiagnosticRequest
0x00000002727ca000 	/usr/lib/libSESShared.dylib
0x0000000259eea000 	/System/Library/PrivateFrameworks/STSXPCHelperClient.framework/Versions/A/STSXPCHelperClient
0x000000026359f000 	/System/Library/PrivateFrameworks/Symptoms.framework/Versions/A/Frameworks/SymptomPresentationFeed.framework/Versions/A/SymptomPresentationFeed
0x0000000235077000 	/System/Library/PrivateFrameworks/AppleMediaServicesKitInternal.framework/Versions/A/AppleMediaServicesKitInternal
0x000000026331a000 	/System/Library/PrivateFrameworks/SymptomShared.framework/Versions/A/SymptomShared
0x00000002377f1000 	/System/Library/PrivateFrameworks/CalendarDatabase.framework/Versions/A/CalendarDatabase
0x0000000237745000 	/System/Library/PrivateFrameworks/CalendarDaemon.framework/Versions/A/CalendarDaemon
0x00000001a6605000 	/System/Library/PrivateFrameworks/CalendarFoundation.framework/Versions/A/CalendarFoundation
0x00000001a65c1000 	/System/Library/PrivateFrameworks/iCalendar.framework/Versions/A/iCalendar
0x000000023d040000 	/System/Library/PrivateFrameworks/DataAccessExpress.framework/Versions/A/DataAccessExpress
0x00000001accdc000 	/System/Library/PrivateFrameworks/CoreDAV.framework/Versions/A/CoreDAV
0x00000001a7083000 	/System/Library/PrivateFrameworks/CalDAV.framework/Versions/A/CalDAV
0x00000001b11f5000 	/System/Library/PrivateFrameworks/TelephonyUtilities.framework/Versions/A/TelephonyUtilities
0x00000001b55bf000 	/System/Library/Frameworks/CallKit.framework/Versions/A/CallKit
0x00000001dd205000 	/System/Library/PrivateFrameworks/IMTransferServices.framework/Versions/A/IMTransferServices
0x00000001b3b71000 	/System/Library/PrivateFrameworks/IncomingCallFilter.framework/Versions/A/IncomingCallFilter
0x000000025240c000 	/System/Library/PrivateFrameworks/NeighborhoodActivityConduit.framework/Versions/A/NeighborhoodActivityConduit
0x00000002725f2000 	/usr/lib/libBASupport.dylib
0x00000001c1006000 	/System/Library/PrivateFrameworks/SpotlightReceiver.framework/Versions/A/SpotlightReceiver
0x00000001ba82e000 	/usr/lib/libnfshared.dylib
0x00000001da3e5000 	/System/Library/PrivateFrameworks/PassKitUIFoundation.framework/Versions/A/PassKitUIFoundation
0x00000001a09ff000 	/System/Library/Frameworks/MapKit.framework/Versions/A/MapKit
0x00000001ed325000 	/System/Library/Frameworks/ExtensionKit.framework/Versions/A/ExtensionKit
0x0000000245670000 	/System/Library/PrivateFrameworks/GeoAnalytics.framework/Versions/A/GeoAnalytics
0x00000001b4b7f000 	/System/Library/PrivateFrameworks/SearchFoundation.framework/Versions/A/SearchFoundation
0x00000001ba864000 	/System/Library/PrivateFrameworks/Navigation.framework/Versions/A/Navigation
0x00000001c38a6000 	/System/Library/PrivateFrameworks/VectorKit.framework/Versions/A/VectorKit
0x00000001acf12000 	/System/Library/PrivateFrameworks/VirtualGarage.framework/Versions/A/VirtualGarage
0x00000001ba9dd000 	/System/Library/Frameworks/ExternalAccessory.framework/ExternalAccessory
0x00000001ba9f7000 	/System/Library/PrivateFrameworks/IAP.framework/Versions/A/IAP
0x00000001a0cb2000 	/System/Library/PrivateFrameworks/IOPlatformPluginFamily.framework/Versions/A/IOPlatformPluginFamily
0x0000000235f5f000 	/System/Library/PrivateFrameworks/AvatarKit.framework/Versions/A/AvatarKit
0x0000000236017000 	/System/Library/PrivateFrameworks/AvatarPersistence.framework/Versions/A/AvatarPersistence
0x0000000259401000 	/System/Library/PrivateFrameworks/RemoteUI.framework/Versions/A/RemoteUI
0x00000001a0db6000 	/usr/lib/libCTGreenTeaLogger.dylib
0x00000001f2a7c000 	/System/Library/Frameworks/TipKit.framework/Versions/A/TipKit
0x00000001d5b6e000 	/System/Library/PrivateFrameworks/AppleCVA.framework/Versions/A/AppleCVA
0x0000000236016000 	/System/Library/PrivateFrameworks/AvatarKitContent.framework/Versions/A/AvatarKitContent
0x00000001a0dde000 	/System/Library/PrivateFrameworks/CoreAppleCVA.framework/Versions/A/CoreAppleCVA
0x000000024c0fe000 	/System/Library/PrivateFrameworks/LiftUI.framework/Versions/A/LiftUI
0x00000002386f6000 	/System/Library/PrivateFrameworks/CloudSettings.framework/Versions/A/CloudSettings
0x00000001b379b000 	/System/Library/PrivateFrameworks/CoreRoutine.framework/Versions/A/CoreRoutine
0x00000001c2036000 	/System/Library/PrivateFrameworks/Categories.framework/Versions/A/Categories
0x0000000238bf6000 	/System/Library/PrivateFrameworks/Coherence.framework/Versions/A/Coherence
0x00000001b10f0000 	/System/Library/PrivateFrameworks/CoreParsec.framework/Versions/A/CoreParsec
0x0000000255190000 	/System/Library/PrivateFrameworks/PegasusAPI.framework/Versions/A/PegasusAPI
0x0000000255e5e000 	/System/Library/PrivateFrameworks/PegasusConfiguration.framework/Versions/A/PegasusConfiguration
0x000000024d299000 	/System/Library/PrivateFrameworks/LocalStatusKit.framework/Versions/A/LocalStatusKit
0x00000001b5773000 	/System/Library/PrivateFrameworks/ContextKit.framework/Versions/A/ContextKit
0x00000002395b2000 	/System/Library/PrivateFrameworks/ContextKitCore.framework/Versions/A/ContextKitCore
0x00000001bab91000 	/System/Library/PrivateFrameworks/CharacterPicker.framework/Versions/A/CharacterPicker
0x00000001b3c78000 	/System/Library/PrivateFrameworks/ContactsDonation.framework/Versions/A/ContactsDonation
0x00000001ad034000 	/System/Library/PrivateFrameworks/ContactsUICore.framework/Versions/A/ContactsUICore
0x00000001b357e000 	/System/Library/PrivateFrameworks/DataDetectors.framework/Versions/A/DataDetectors
0x00000001a706f000 	/System/Library/Frameworks/MediaLibrary.framework/Versions/A/MediaLibrary
0x00000001a1bd9000 	/System/Library/PrivateFrameworks/PersonaKit.framework/Versions/A/PersonaKit
0x00000001ad022000 	/System/Library/PrivateFrameworks/PersonaUI.framework/Versions/A/PersonaUI
0x0000000248b0f000 	/System/Library/PrivateFrameworks/InputToolKitUI.framework/Versions/A/InputToolKitUI
0x0000000248afa000 	/System/Library/PrivateFrameworks/InputToolKit.framework/Versions/A/InputToolKit
0x0000000262bf2000 	/System/Library/PrivateFrameworks/Stickers.framework/Versions/A/Stickers
0x0000000248a68000 	/System/Library/PrivateFrameworks/InputAnalytics.framework/Versions/A/InputAnalytics
0x00000001bc708000 	/System/Library/PrivateFrameworks/EmojiFoundation.framework/Versions/A/EmojiFoundation
0x000000023e9e2000 	/System/Library/PrivateFrameworks/FeedbackService.framework/Versions/A/FeedbackService
0x00000001a1855000 	/System/Library/PrivateFrameworks/AddressBookCore.framework/Versions/A/AddressBookCore
0x00000001b5474000 	/System/Library/PrivateFrameworks/IntlPreferences.framework/Versions/A/IntlPreferences
0x00000001ba5f3000 	/System/Library/PrivateFrameworks/ToneKit.framework/Versions/A/ToneKit
0x00000001b54ba000 	/System/Library/PrivateFrameworks/ToneLibrary.framework/Versions/A/ToneLibrary
0x000000023944a000 	/System/Library/PrivateFrameworks/ContactsAccounts.framework/Versions/A/ContactsAccounts
0x00000001c5fbb000 	/System/Library/PrivateFrameworks/Transparency.framework/Versions/A/Transparency
0x00000001b8ccd000 	/System/Library/PrivateFrameworks/Lookup.framework/Versions/A/Lookup
0x00000001f0c50000 	/System/Library/Frameworks/QuickLookUI.framework/Versions/A/QuickLookUI
0x00000001f1630000 	/System/Library/Frameworks/ScreenCaptureKit.framework/Versions/A/ScreenCaptureKit
0x00000001b6110000 	/System/Library/Frameworks/Quartz.framework/Versions/A/Frameworks/QuartzComposer.framework/Versions/A/QuartzComposer
0x00000001b544b000 	/System/Library/Frameworks/Quartz.framework/Versions/A/Frameworks/QuartzFilters.framework/Versions/A/QuartzFilters
0x00000001b4531000 	/System/Library/Frameworks/Quartz.framework/Versions/A/Frameworks/ImageKit.framework/Versions/A/ImageKit
0x00000001eb9a5000 	/System/Library/Frameworks/OpenCL.framework/Versions/A/OpenCL
0x00000001b2c7d000 	/System/Library/PrivateFrameworks/CorePDF.framework/Versions/A/CorePDF
0x000000019eba2000 	/System/Library/Frameworks/QuickLook.framework/Versions/A/QuickLook
0x00000001a8cb7000 	/System/Library/PrivateFrameworks/DisplayServices.framework/Versions/A/DisplayServices
0x00000001b53bb000 	/System/Library/Frameworks/ImageCaptureCore.framework/Versions/A/ImageCaptureCore
0x000000026a091000 	/System/Library/PrivateFrameworks/VisionKitCore.framework/Versions/A/VisionKitCore
0x00000001b10c0000 	/System/Library/PrivateFrameworks/QuickLookSupport.framework/Versions/A/QuickLookSupport
0x000000024f922000 	/System/Library/PrivateFrameworks/MediaAnalysisServices.framework/Versions/A/MediaAnalysisServices
0x00000001b7cbc000 	/System/Library/PrivateFrameworks/PhotoLibraryServices.framework/Versions/A/PhotoLibraryServices
0x00000001b5004000 	/System/Library/Frameworks/Photos.framework/Versions/A/Photos
0x00000001c87eb000 	/System/Library/PrivateFrameworks/PhotosFormats.framework/Versions/A/PhotosFormats
0x00000001c4db8000 	/System/Library/PrivateFrameworks/CloudPhotoLibrary.framework/Versions/A/CloudPhotoLibrary
0x00000001cdddc000 	/System/Library/PrivateFrameworks/CloudPhotoServices.framework/Versions/A/CloudPhotoServices
0x00000001ca573000 	/System/Library/PrivateFrameworks/CoreMediaStream.framework/Versions/A/CoreMediaStream
0x00000001a2205000 	/System/Library/PrivateFrameworks/CPAnalytics.framework/Versions/A/CPAnalytics
0x00000001c6c60000 	/System/Library/PrivateFrameworks/MediaConversionService.framework/Versions/A/MediaConversionService
0x00000001a8924000 	/System/Library/PrivateFrameworks/PhotoFoundation.framework/Versions/A/PhotoFoundation
0x00000002563f6000 	/System/Library/PrivateFrameworks/PhotoLibraryServicesCore.framework/Versions/A/PhotoLibraryServicesCore
0x00000001c09b7000 	/System/Library/PrivateFrameworks/MMCS.framework/Versions/A/MMCS
0x00000001a6ed8000 	/System/Library/PrivateFrameworks/ChunkingLibrary.framework/Versions/A/ChunkingLibrary
0x00000001a10b8000 	/System/Library/PrivateFrameworks/AssetCacheServices.framework/Versions/A/AssetCacheServices
0x00000001a2de0000 	/System/Library/PrivateFrameworks/AVFoundationCF.framework/Versions/A/AVFoundationCF
0x00000001dd102000 	/usr/lib/swift/libswiftDemangle.dylib
0x00000001b37fb000 	/System/Library/PrivateFrameworks/MediaStream.framework/Versions/A/MediaStream
0x00000001c717a000 	/System/Library/PrivateFrameworks/NeutrinoCore.framework/Versions/A/NeutrinoCore
0x0000000192320000 	/System/Library/PrivateFrameworks/NLP.framework/Versions/A/NLP
0x00000001ccb88000 	/System/Library/PrivateFrameworks/PhotoImaging.framework/Versions/A/PhotoImaging
0x00000001cdd9d000 	/System/Library/PrivateFrameworks/PhotosImagingFoundation.framework/Versions/A/PhotosImagingFoundation
0x0000000256ed1000 	/System/Library/PrivateFrameworks/PhotosIntelligenceCore.framework/Versions/A/PhotosIntelligenceCore
0x00000001a3277000 	/System/Library/PrivateFrameworks/EmbeddedAcousticRecognition.framework/Versions/A/EmbeddedAcousticRecognition
0x00000001c501f000 	/System/Library/PrivateFrameworks/SDAPI.framework/Versions/A/SDAPI
0x00000001cddea000 	/System/Library/PrivateFrameworks/AutoLoop.framework/Versions/A/AutoLoop
0x000000025793a000 	/System/Library/PrivateFrameworks/Portrait.framework/Versions/A/Portrait
0x000000023486d000 	/System/Library/PrivateFrameworks/AppleDepth.framework/Versions/A/AppleDepth
0x000000023f578000 	/System/Library/PrivateFrameworks/FusionTracker.framework/Versions/A/FusionTracker
0x000000023495b000 	/System/Library/PrivateFrameworks/AppleDepthCore.framework/Versions/A/AppleDepthCore
0x00000001b5bd0000 	/System/Library/PrivateFrameworks/iTunesCloud.framework/Versions/A/iTunesCloud
0x00000001be47c000 	/System/Library/PrivateFrameworks/DAAPKit.framework/Versions/A/DAAPKit
0x0000000273851000 	/usr/lib/swift/libswiftVideoToolbox.dylib
0x00000001b13d1000 	/System/Library/PrivateFrameworks/DeviceManagement.framework/Versions/A/DeviceManagement
0x00000001d3873000 	/System/Library/PrivateFrameworks/ScreenTimeUI.framework/Versions/A/ScreenTimeUI
0x00000001b3578000 	/System/Library/PrivateFrameworks/QuickLookNonBaseSystem.framework/Versions/A/QuickLookNonBaseSystem
0x00000001b3d47000 	/System/Library/PrivateFrameworks/Catalyst.framework/Versions/A/Catalyst
0x000000024f0be000 	/System/Library/PrivateFrameworks/ManagedSettingsObjC.framework/Versions/A/ManagedSettingsObjC
0x00000001b5661000 	/System/Library/PrivateFrameworks/ScreenTimeCore.framework/Versions/A/ScreenTimeCore
0x00000001c7d4e000 	/System/Library/PrivateFrameworks/ScreenTimeServiceUI.framework/Versions/A/ScreenTimeServiceUI
0x00000001c0b42000 	/System/Library/PrivateFrameworks/ConfigurationEngineModel.framework/Versions/A/ConfigurationEngineModel
0x00000001c3862000 	/System/Library/PrivateFrameworks/UsageTracking.framework/Versions/A/UsageTracking
0x00000001ed126000 	/System/Library/Frameworks/DeviceActivity.framework/Versions/A/DeviceActivity
0x00000001c3832000 	/System/Library/PrivateFrameworks/KnowledgeMonitor.framework/Versions/A/KnowledgeMonitor
0x00000001da38a000 	/System/Library/PrivateFrameworks/BluetoothManager.framework/Versions/A/BluetoothManager
0x00000001ee281000 	/System/Library/Frameworks/ManagedSettings.framework/Versions/A/ManagedSettings
0x000000024f0f7000 	/System/Library/PrivateFrameworks/ManagedSettingsSupport.framework/Versions/A/ManagedSettingsSupport
0x00000001d7c87000 	/System/Library/Frameworks/ReplayKit.framework/Versions/A/ReplayKit
0x00000001a9c50000 	/System/Library/PrivateFrameworks/MarkupUI.framework/Versions/A/MarkupUI
0x00000001b3550000 	/System/Library/PrivateFrameworks/SidecarCore.framework/Versions/A/SidecarCore
0x00000001b5fd1000 	/System/Library/PrivateFrameworks/AnnotationKit.framework/Versions/A/AnnotationKit
0x00000001f2bdc000 	/System/Library/Frameworks/Translation.framework/Versions/A/Translation
0x00000001cf7b2000 	/System/Library/PrivateFrameworks/RevealCore.framework/Versions/A/RevealCore
0x00000001cf7a6000 	/System/Library/PrivateFrameworks/Reveal.framework/Versions/A/Reveal
0x0000000266e99000 	/System/Library/PrivateFrameworks/TranslationUIServices.framework/Versions/A/TranslationUIServices
0x00000001b4777000 	/System/Library/Frameworks/PencilKit.framework/Versions/A/PencilKit
0x00000001b492c000 	/System/Library/PrivateFrameworks/SidecarUI.framework/Versions/A/SidecarUI
0x00000001b4124000 	/System/Library/PrivateFrameworks/CoreHandwriting.framework/Versions/A/CoreHandwriting
0x000000018c4e7000 	/usr/lib/libmecabra.dylib
0x00000001ad4ab000 	/System/Library/PrivateFrameworks/Calculate.framework/Versions/A/Calculate
0x000000019aa47000 	/usr/lib/libChineseTokenizer.dylib
0x00000001e88e5000 	/System/Library/PrivateFrameworks/ScreenReaderCore.framework/Versions/A/ScreenReaderCore
0x0000000262fc9000 	/System/Library/PrivateFrameworks/StocksKit.framework/Versions/A/StocksKit
0x00000001ac624000 	/System/Library/PrivateFrameworks/OAuth.framework/Versions/A/OAuth
0x0000000262c76000 	/System/Library/PrivateFrameworks/StocksCore.framework/Versions/A/StocksCore
0x0000000263cda000 	/System/Library/PrivateFrameworks/TeaFoundation.framework/Versions/A/TeaFoundation
0x0000000263ec3000 	/System/Library/PrivateFrameworks/TeaSettings.framework/Versions/A/TeaSettings
0x00000001de4cc000 	/System/Library/PrivateFrameworks/NewsCore.framework/Versions/A/NewsCore
0x0000000263c77000 	/System/Library/PrivateFrameworks/TeaDB.framework/Versions/A/TeaDB
0x00000001db173000 	/System/Library/PrivateFrameworks/RemoteConfiguration.framework/Versions/A/RemoteConfiguration
0x00000001de106000 	/System/Library/PrivateFrameworks/NewsTransport.framework/Versions/A/NewsTransport
0x00000001de4bc000 	/System/Library/PrivateFrameworks/NewsFoundation.framework/Versions/A/NewsFoundation
0x0000000252954000 	/System/Library/PrivateFrameworks/NewsURLBucket.framework/Versions/A/NewsURLBucket
0x00000001b79f0000 	/System/Library/PrivateFrameworks/MobileInstallation.framework/Versions/A/MobileInstallation
0x0000000265ee0000 	/System/Library/PrivateFrameworks/TipKitCore.framework/Versions/A/TipKitCore
0x00000001bc78b000 	/System/Library/PrivateFrameworks/CoreCDPInternal.framework/Versions/A/CoreCDPInternal
0x00000001ac576000 	/System/Library/PrivateFrameworks/AccountsDaemon.framework/Versions/A/AccountsDaemon
0x0000000259043000 	/System/Library/PrivateFrameworks/RegulatoryDomain.framework/Versions/A/RegulatoryDomain
0x00000001d40a3000 	/System/Library/PrivateFrameworks/MachineSettings.framework/Versions/A/MachineSettings
0x00000001c6520000 	/System/Library/PrivateFrameworks/BezelServices.framework/Versions/A/BezelServices
0x00000001be505000 	/System/Library/PrivateFrameworks/SPOwner.framework/Versions/A/SPOwner
0x00000001b782b000 	/System/Library/PrivateFrameworks/FMCore.framework/Versions/A/FMCore
0x000000026da50000 	/System/Library/PrivateFrameworks/iCloudQuota.framework/Versions/A/iCloudQuota
0x00000001acfa7000 	/System/Library/PrivateFrameworks/CoreRecognition.framework/Versions/A/CoreRecognition
0x00000001c65d5000 	/System/Library/PrivateFrameworks/InAppMessages.framework/Versions/A/InAppMessages
0x00000001e7630000 	/System/Library/PrivateFrameworks/JetUI.framework/Versions/A/JetUI
0x000000024be5a000 	/System/Library/PrivateFrameworks/JetPack.framework/Versions/A/JetPack
0x00000001c65cc000 	/System/Library/PrivateFrameworks/InAppMessagesCore.framework/Versions/A/InAppMessagesCore
0x000000026d148000 	/System/Library/PrivateFrameworks/_JetEngine_SwiftUI.framework/Versions/A/_JetEngine_SwiftUI
0x00000002635c7000 	/System/Library/PrivateFrameworks/Synapse.framework/Versions/A/Synapse
0x00000002375e1000 	/System/Library/PrivateFrameworks/CSExattrCrypto.framework/Versions/A/CSExattrCrypto
0x00000001a8935000 	/System/Library/PrivateFrameworks/IMSharedUtilities.framework/Versions/A/IMSharedUtilities
0x00000001c18f0000 	/System/Library/Frameworks/InstantMessage.framework/Versions/A/InstantMessage
0x00000001ba371000 	/System/Library/PrivateFrameworks/IDSKVStore.framework/Versions/A/IDSKVStore
0x00000001ba1b1000 	/System/Library/PrivateFrameworks/IMDPersistence.framework/Versions/A/IMDPersistence
0x000000027376d000 	/usr/lib/swift/libswiftAppleArchive.dylib
0x00000002685ce000 	/System/Library/PrivateFrameworks/UserSafety.framework/Versions/A/UserSafety
0x00000001d95dc000 	/System/Library/PrivateFrameworks/BlastDoor.framework/Versions/A/BlastDoor
0x00000001f16b4000 	/System/Library/Frameworks/SensitiveContentAnalysis.framework/Versions/A/SensitiveContentAnalysis
0x000000024cf40000 	/System/Library/PrivateFrameworks/LinkPresentationStyleSheetParsing.framework/Versions/A/LinkPresentationStyleSheetParsing
0x00000001b3bd0000 	/System/Library/PrivateFrameworks/CoreSDB.framework/Versions/A/CoreSDB
0x00000002359b5000 	/System/Library/PrivateFrameworks/AskToCore.framework/Versions/A/AskToCore
0x00000001b89ba000 	/System/Library/PrivateFrameworks/StoreFoundation.framework/Versions/A/StoreFoundation
0x00000001b7825000 	/System/Library/PrivateFrameworks/ServerInformation.framework/Versions/A/ServerInformation
0x00000001b7296000 	/System/Library/PrivateFrameworks/Install.framework/Frameworks/DistributionKit.framework/Versions/A/DistributionKit
0x00000001b0e8d000 	/System/Library/PrivateFrameworks/PackageKit.framework/Versions/A/PackageKit
0x00000001b72b9000 	/System/Library/PrivateFrameworks/OSPersonalization.framework/Versions/A/OSPersonalization
0x00000001b8f26000 	/System/Library/PrivateFrameworks/BridgeOSSoftwareUpdate.framework/Versions/A/BridgeOSSoftwareUpdate
0x00000001b404c000 	/System/Library/PrivateFrameworks/StorageManagement.framework/Versions/A/StorageManagement
0x00000001c78d7000 	/usr/lib/libauthinstall.dylib
0x00000001b8f2f000 	/System/Library/PrivateFrameworks/InstallerDiagnostics.framework/Versions/A/InstallerDiagnostics
0x00000001c7f0a000 	/usr/lib/libcrypto.42.dylib
0x00000001b8f14000 	/System/Library/PrivateFrameworks/GPUInfo.framework/Versions/A/GPUInfo
0x00000001c66cc000 	/System/Library/PrivateFrameworks/MobileActivationMacOS.framework/Versions/A/MobileActivationMacOS
0x00000001a21ac000 	/System/Library/PrivateFrameworks/GenerationalStorage.framework/Versions/A/GenerationalStorage
0x000000019d70c000 	/System/Library/PrivateFrameworks/CacheDelete.framework/Versions/A/CacheDelete
0x00000001a55ea000 	/System/Library/Frameworks/QuickLookThumbnailing.framework/Versions/A/QuickLookThumbnailing
0x00000001a1fde000 	/System/Library/Frameworks/FileProvider.framework/Versions/A/FileProvider
0x0000000190783000 	/System/Library/PrivateFrameworks/DesktopServicesPriv.framework/Versions/A/DesktopServicesPriv
0x0000000192a45000 	/System/Library/Frameworks/Accounts.framework/Versions/A/Accounts
0x00000001b8f73000 	/System/Library/PrivateFrameworks/AOSKit.framework/Versions/A/AOSKit
0x000000019ab77000 	/System/Library/PrivateFrameworks/AppSSOCore.framework/Versions/A/AppSSOCore
0x00000001a4c97000 	/System/Library/PrivateFrameworks/AppSupport.framework/Versions/A/AppSupport
0x00000001b3056000 	/System/Library/Frameworks/AVFoundation.framework/Versions/A/AVFoundation
0x00000001a550d000 	/System/Library/PrivateFrameworks/DuetActivityScheduler.framework/Versions/A/DuetActivityScheduler
0x00000001b3b77000 	/System/Library/PrivateFrameworks/FTServices.framework/Versions/A/FTServices
0x00000001c4cf1000 	/System/Library/PrivateFrameworks/NetworkServiceProxy.framework/Versions/A/NetworkServiceProxy
0x00000001a54d3000 	/System/Library/PrivateFrameworks/StreamingZip.framework/Versions/A/StreamingZip
0x00000001a45c3000 	/System/Library/PrivateFrameworks/CoreWiFi.framework/Versions/A/CoreWiFi
0x000000019d638000 	/System/Library/PrivateFrameworks/MobileAsset.framework/Versions/A/MobileAsset
0x00000001a3184000 	/System/Library/PrivateFrameworks/Rapport.framework/Versions/A/Rapport
0x000000026332a000 	/System/Library/PrivateFrameworks/Symptoms.framework/Versions/A/Frameworks/SymptomAnalytics.framework/Versions/A/SymptomAnalytics
0x00000001a0d24000 	/usr/lib/libnetworkextension.dylib
0x0000000273053000 	/usr/lib/libmrc.dylib
0x000000024837b000 	/System/Library/PrivateFrameworks/IPConfiguration.framework/Versions/A/IPConfiguration
0x00000001d3eeb000 	/System/Library/PrivateFrameworks/Netrb.framework/Versions/A/Netrb
0x00000001dee6e000 	/System/Library/PrivateFrameworks/WiFiPeerToPeer.framework/Versions/A/WiFiPeerToPeer
0x00000001bab11000 	/System/Library/PrivateFrameworks/SoftwareUpdateCoreSupport.framework/Versions/A/SoftwareUpdateCoreSupport
0x00000001c24b2000 	/System/Library/PrivateFrameworks/SoftwareUpdateCoreConnect.framework/Versions/A/SoftwareUpdateCoreConnect
0x00000001a4b4f000 	/System/Library/PrivateFrameworks/RemoteServiceDiscovery.framework/Versions/A/RemoteServiceDiscovery
0x00000001ba797000 	/System/Library/PrivateFrameworks/MSUDataAccessor.framework/Versions/A/MSUDataAccessor
0x00000001b5f8c000 	/usr/lib/libbootpolicy.dylib
0x00000001a4b65000 	/System/Library/PrivateFrameworks/RemoteXPC.framework/Versions/A/RemoteXPC
0x00000001c1900000 	/usr/lib/libFDR.dylib
0x00000001c79aa000 	/usr/lib/libamsupport.dylib
0x00000002727a6000 	/usr/lib/libReverseProxyDevice.dylib
0x00000002349db000 	/System/Library/PrivateFrameworks/AppleDeviceQuerySupport.framework/Versions/A/AppleDeviceQuerySupport
0x00000001ca897000 	/usr/lib/libpartition2_dynamic.dylib
0x0000000199171000 	/System/Library/Frameworks/UserNotifications.framework/Versions/A/UserNotifications
0x00000001da1a0000 	/System/Library/Frameworks/CryptoKit.framework/Versions/A/CryptoKit
0x00000001a54ab000 	/System/Library/PrivateFrameworks/CryptoKitCBridging.framework/Versions/A/CryptoKitCBridging
0x00000001a2cfa000 	/System/Library/Frameworks/CryptoTokenKit.framework/Versions/A/CryptoTokenKit
0x00000001ce3f4000 	/usr/lib/swift/libswiftCryptoTokenKit.dylib
0x00000001a2d5e000 	/System/Library/Frameworks/LocalAuthentication.framework/Versions/A/LocalAuthentication
0x000000024d115000 	/System/Library/PrivateFrameworks/LocalAuthenticationCore.framework/Versions/A/LocalAuthenticationCore
0x00000001a2db3000 	/System/Library/Frameworks/LocalAuthentication.framework/Support/SharedUtils.framework/Versions/A/SharedUtils
0x000000019d7a4000 	/usr/lib/libTelephonyUtilDynamic.dylib
0x00000001a1d87000 	/System/Library/PrivateFrameworks/SymptomDiagnosticReporter.framework/Versions/A/SymptomDiagnosticReporter
0x000000023ccf7000 	/System/Library/PrivateFrameworks/CryptoKitPrivate.framework/Versions/A/CryptoKitPrivate
0x0000000194b59000 	/System/Library/PrivateFrameworks/ApplePushService.framework/Versions/A/ApplePushService
0x00000001b3281000 	/System/Library/PrivateFrameworks/FindMyDevice.framework/Versions/A/FindMyDevice
0x0000000192aca000 	/System/Library/PrivateFrameworks/CommonUtilities.framework/Versions/A/CommonUtilities
0x00000001c9321000 	/System/Library/PrivateFrameworks/DeviceIdentity.framework/Versions/A/DeviceIdentity
0x000000019b2a1000 	/System/Library/PrivateFrameworks/Bom.framework/Versions/A/Bom
0x000000019d268000 	/usr/lib/libParallelCompression.dylib
0x000000019d25a000 	/System/Library/PrivateFrameworks/MultiverseSupport.framework/Versions/A/MultiverseSupport
0x00000001a8d92000 	/System/Library/PrivateFrameworks/FMCoreLite.framework/Versions/A/FMCoreLite
0x0000000198ecd000 	/System/Library/PrivateFrameworks/AuthKit.framework/Versions/A/AuthKit
0x00000001a1eba000 	/System/Library/PrivateFrameworks/DiskManagement.framework/Versions/A/DiskManagement
0x00000001a1dc6000 	/System/Library/PrivateFrameworks/AppleIDAuthSupport.framework/Versions/A/AppleIDAuthSupport
0x0000000231637000 	/System/Library/PrivateFrameworks/AAAFoundation.framework/Versions/A/AAAFoundation
0x000000019d758000 	/System/Library/PrivateFrameworks/KeychainCircle.framework/Versions/A/KeychainCircle
0x00000001ad985000 	/System/Library/PrivateFrameworks/URLFormatting.framework/Versions/A/URLFormatting
0x00000001a4c03000 	/usr/lib/libcsfde.dylib
0x000000019ad01000 	/usr/lib/libCoreStorage.dylib
0x000000019eb17000 	/System/Library/PrivateFrameworks/ProtectedCloudStorage.framework/Versions/A/ProtectedCloudStorage
0x00000001a4bfe000 	/System/Library/PrivateFrameworks/EFILogin.framework/Versions/A/EFILogin
0x00000001acc2d000 	/System/Library/PrivateFrameworks/CloudServices.framework/Versions/A/CloudServices
0x00000001a21d3000 	/System/Library/PrivateFrameworks/OctagonTrust.framework/Versions/A/OctagonTrust
0x00000001a28ed000 	/System/Library/PrivateFrameworks/AVFCore.framework/Versions/A/AVFCore
0x00000001ab6b7000 	/System/Library/PrivateFrameworks/AVFCapture.framework/Versions/A/AVFCapture
0x000000019bf77000 	/System/Library/Frameworks/MediaToolbox.framework/Versions/A/MediaToolbox
0x00000001a1faf000 	/System/Library/PrivateFrameworks/CoreAVCHD.framework/Versions/A/CoreAVCHD
0x00000001a1fab000 	/System/Library/PrivateFrameworks/Mangrove.framework/Versions/A/Mangrove
0x00000002374d1000 	/System/Library/PrivateFrameworks/CMPhoto.framework/Versions/A/CMPhoto
0x00000001a270a000 	/System/Library/Frameworks/CoreTelephony.framework/Versions/A/CoreTelephony
0x00000001a1f9e000 	/System/Library/PrivateFrameworks/CoreAUC.framework/Versions/A/CoreAUC
0x0000000234e1d000 	/System/Library/PrivateFrameworks/AppleJPEGXL.framework/Versions/A/AppleJPEGXL
0x00000002372fd000 	/System/Library/PrivateFrameworks/CMImaging.framework/Versions/A/CMImaging
0x00000001ab8cf000 	/System/Library/PrivateFrameworks/Quagga.framework/Versions/A/Quagga
0x00000001aba02000 	/System/Library/PrivateFrameworks/CMCapture.framework/Versions/A/CMCapture
0x000000019d33c000 	/System/Library/Frameworks/CoreMediaIO.framework/Versions/A/CoreMediaIO
0x00000001a5636000 	/System/Library/PrivateFrameworks/Espresso.framework/Versions/A/Espresso
0x00000001e8ca1000 	/System/Library/PrivateFrameworks/ANECompiler.framework/Versions/A/ANECompiler
0x00000001a761c000 	/System/Library/PrivateFrameworks/AppleNeuralEngine.framework/Versions/A/AppleNeuralEngine
0x00000001eef40000 	/System/Library/Frameworks/MetalPerformanceShadersGraph.framework/Versions/A/MetalPerformanceShadersGraph
0x000000024dc0d000 	/System/Library/PrivateFrameworks/MLCompilerServices.framework/Versions/A/MLCompilerServices
0x00000001a64f2000 	/System/Library/PrivateFrameworks/ANEServices.framework/Versions/A/ANEServices
0x00000001b8ce8000 	/usr/lib/libncurses.5.4.dylib
0x000000018f0cf000 	/usr/lib/libsandbox.1.dylib
0x000000019acf9000 	/usr/lib/libMatch.1.dylib
0x000000024dbb1000 	/System/Library/PrivateFrameworks/MLCompilerRuntime.framework/Versions/A/MLCompilerRuntime
0x0000000237233000 	/System/Library/PrivateFrameworks/CMCaptureDevice.framework/Versions/A/CMCaptureDevice
0x0000000238023000 	/System/Library/PrivateFrameworks/CinematicFraming.framework/Versions/A/CinematicFraming
0x00000001b2c7f000 	/System/Library/Frameworks/CoreMotion.framework/Versions/A/CoreMotion
0x00000001c19a9000 	/System/Library/PrivateFrameworks/TimeSync.framework/Versions/A/TimeSync
0x000000023d797000 	/System/Library/PrivateFrameworks/DistributedSensing.framework/Versions/A/DistributedSensing
0x00000001bd878000 	/System/Library/PrivateFrameworks/MobileBluetooth.framework/Versions/A/MobileBluetooth
0x000000019cf10000 	/System/Library/PrivateFrameworks/LocationSupport.framework/Versions/A/LocationSupport
0x00000001c346b000 	/System/Library/PrivateFrameworks/IOKitten.framework/Versions/A/IOKitten
0x00000001909ee000 	/System/Library/PrivateFrameworks/CoreDuet.framework/Versions/A/CoreDuet
0x00000001a3f1c000 	/System/Library/PrivateFrameworks/CoreDuetContext.framework/Versions/A/CoreDuetContext
0x00000001be425000 	/System/Library/PrivateFrameworks/BiomeFoundation.framework/Versions/A/BiomeFoundation
0x0000000236162000 	/System/Library/PrivateFrameworks/BiomeLibrary.framework/Versions/A/BiomeLibrary
0x00000001c1a27000 	/System/Library/PrivateFrameworks/BiomeStreams.framework/Versions/A/BiomeStreams
0x00000001c7d55000 	/System/Library/PrivateFrameworks/BiomePubSub.framework/Versions/A/BiomePubSub
0x0000000194bc1000 	/System/Library/Frameworks/CloudKit.framework/Versions/A/CloudKit
0x00000001a3f72000 	/System/Library/Frameworks/Intents.framework/Versions/A/Intents
0x00000001a669a000 	/System/Library/PrivateFrameworks/CoreDuetDaemonProtocol.framework/Versions/A/CoreDuetDaemonProtocol
0x00000001a6520000 	/System/Library/PrivateFrameworks/ProactiveSupport.framework/Versions/A/ProactiveSupport
0x00000002578a1000 	/System/Library/PrivateFrameworks/PoirotSchematizer.framework/Versions/A/PoirotSchematizer
0x00000002367fc000 	/System/Library/PrivateFrameworks/BiomeSync.framework/Versions/A/BiomeSync
0x0000000236143000 	/System/Library/PrivateFrameworks/BiomeFlexibleStorage.framework/Versions/A/BiomeFlexibleStorage
0x0000000236127000 	/System/Library/PrivateFrameworks/BiomeDSL.framework/Versions/A/BiomeDSL
0x00000001c7db2000 	/System/Library/PrivateFrameworks/BiomeStorage.framework/Versions/A/BiomeStorage
0x000000025790e000 	/System/Library/PrivateFrameworks/PoirotUDFs.framework/Versions/A/PoirotUDFs
0x0000000257870000 	/System/Library/PrivateFrameworks/PoirotSQLite.framework/Versions/A/PoirotSQLite
0x00000001a4f9f000 	/System/Library/PrivateFrameworks/InternationalTextSearch.framework/Versions/A/InternationalTextSearch
0x000000024b739000 	/System/Library/PrivateFrameworks/IntelligencePlatformLibrary.framework/Versions/A/IntelligencePlatformLibrary
0x0000000237be8000 	/System/Library/PrivateFrameworks/CascadeSets.framework/Versions/A/CascadeSets
0x000000019e1f6000 	/System/Library/PrivateFrameworks/IDS.framework/Versions/A/IDS
0x000000019ce96000 	/System/Library/PrivateFrameworks/IMFoundation.framework/Versions/A/IMFoundation
0x00000001acf5c000 	/System/Library/PrivateFrameworks/Marco.framework/Versions/A/Marco
0x000000019e3c3000 	/System/Library/PrivateFrameworks/IDSFoundation.framework/Versions/A/IDSFoundation
0x00000001a9c7c000 	/System/Library/PrivateFrameworks/Engram.framework/Versions/A/Engram
0x00000001a9c1c000 	/usr/lib/libtidy.A.dylib
0x00000001c1510000 	/System/Library/PrivateFrameworks/FTAWD.framework/Versions/A/FTAWD
0x00000001f1774000 	/System/Library/Frameworks/SharedWithYouCore.framework/Versions/A/SharedWithYouCore
0x00000001a506a000 	/System/Library/PrivateFrameworks/AppleAccount.framework/Versions/A/AppleAccount
0x00000001a5590000 	/System/Library/PrivateFrameworks/C2.framework/Versions/A/C2
0x00000001963b3000 	/System/Library/Frameworks/CoreLocation.framework/Versions/A/CoreLocation
0x00000002383d1000 	/System/Library/PrivateFrameworks/CloudAssets.framework/Versions/A/CloudAssets
0x00000001a5587000 	/System/Library/Frameworks/PushKit.framework/Versions/A/PushKit
0x00000001cfec8000 	/usr/lib/swift/libswiftAVFoundation.dylib
0x00000001ba158000 	/usr/lib/swift/libswiftCoreLocation.dylib
0x00000001ba16e000 	/usr/lib/swift/libswiftCoreMIDI.dylib
0x00000001ce3f6000 	/usr/lib/swift/libswiftCoreMedia.dylib
0x000000019e657000 	/System/Library/PrivateFrameworks/Sharing.framework/Versions/A/Sharing
0x00000001a45c2000 	/System/Library/PrivateFrameworks/Apple80211.framework/Versions/A/Apple80211
0x0000000198488000 	/System/Library/Frameworks/CoreWLAN.framework/Versions/A/CoreWLAN
0x00000001a8687000 	/System/Library/PrivateFrameworks/AssistantServices.framework/Versions/A/AssistantServices
0x00000001a2f87000 	/System/Library/PrivateFrameworks/SAObjects.framework/Versions/A/SAObjects
0x00000001a82bf000 	/System/Library/PrivateFrameworks/MediaRemote.framework/Versions/A/MediaRemote
0x00000001b93ca000 	/System/Library/PrivateFrameworks/SiriInstrumentation.framework/Versions/A/SiriInstrumentation
0x000000025b13e000 	/System/Library/PrivateFrameworks/SiriAnalytics.framework/Versions/A/SiriAnalytics
0x0000000260cf4000 	/System/Library/PrivateFrameworks/SiriTTSService.framework/Versions/A/SiriTTSService
0x000000025bafa000 	/System/Library/PrivateFrameworks/SiriCrossDeviceArbitration.framework/Versions/A/SiriCrossDeviceArbitration
0x00000001b7063000 	/System/Library/PrivateFrameworks/FeedbackLogger.framework/Versions/A/FeedbackLogger
0x000000025bb4e000 	/System/Library/PrivateFrameworks/SiriCrossDeviceArbitrationFeedback.framework/Versions/A/SiriCrossDeviceArbitrationFeedback
0x0000000245539000 	/System/Library/PrivateFrameworks/GenerativeModels.framework/Versions/A/GenerativeModels
0x00000001acdc8000 	/System/Library/PrivateFrameworks/MediaServices.framework/Versions/A/MediaServices
0x000000019af64000 	/System/Library/PrivateFrameworks/PersistentConnection.framework/Versions/A/PersistentConnection
0x000000019edf0000 	/System/Library/PrivateFrameworks/GeoServices.framework/Versions/A/GeoServices
0x0000000245761000 	/System/Library/PrivateFrameworks/GeoServicesCore.framework/Versions/A/GeoServicesCore
0x00000001ad983000 	/System/Library/PrivateFrameworks/PhoneNumbers.framework/Versions/A/PhoneNumbers
0x000000023d1ff000 	/System/Library/PrivateFrameworks/Dendrite.framework/Versions/A/Dendrite
0x0000000235adb000 	/System/Library/PrivateFrameworks/AtomicsInternal.framework/Versions/A/AtomicsInternal
0x00000001baf68000 	/usr/lib/libtailspin.dylib
0x00000001cdef2000 	/System/Library/PrivateFrameworks/Osprey.framework/Versions/A/Osprey
0x0000000260373000 	/System/Library/PrivateFrameworks/SiriTTS.framework/Versions/A/SiriTTS
0x00000001b3c94000 	/System/Library/Frameworks/NaturalLanguage.framework/Versions/A/NaturalLanguage
0x000000025f0ad000 	/System/Library/PrivateFrameworks/SiriPowerInstrumentation.framework/Versions/A/SiriPowerInstrumentation
0x00000001b4ab9000 	/System/Library/PrivateFrameworks/Trial.framework/Versions/A/Trial
0x00000001b4a3b000 	/System/Library/PrivateFrameworks/TrialProto.framework/Versions/A/TrialProto
0x0000000267e44000 	/System/Library/PrivateFrameworks/UnifiedAssetFramework.framework/Versions/A/UnifiedAssetFramework
0x00000001dedf2000 	/usr/lib/swift/libswiftNaturalLanguage.dylib
0x0000000263c75000 	/System/Library/PrivateFrameworks/TailspinSymbolication.framework/Versions/A/TailspinSymbolication
0x000000023cf0e000 	/System/Library/PrivateFrameworks/Darwinup.framework/Versions/A/Darwinup
0x00000001c6ccd000 	/System/Library/PrivateFrameworks/SignpostSupport.framework/Versions/A/SignpostSupport
0x00000001b3b5d000 	/System/Library/PrivateFrameworks/FeatureFlagsSupport.framework/Versions/A/FeatureFlagsSupport
0x00000001c6430000 	/System/Library/PrivateFrameworks/ktrace.framework/Versions/A/ktrace
0x00000001c6f4d000 	/System/Library/PrivateFrameworks/SampleAnalysis.framework/Versions/A/SampleAnalysis
0x00000001cf78e000 	/System/Library/PrivateFrameworks/kperfdata.framework/Versions/A/kperfdata
0x000000019ecd1000 	/usr/lib/libdscsym.dylib
0x00000001cfc26000 	/System/Library/PrivateFrameworks/BulkSymbolication.framework/Versions/A/BulkSymbolication
0x000000019505c000 	/System/Library/Frameworks/CoreML.framework/Versions/A/CoreML
0x00000001dd0cc000 	/usr/lib/libedit.3.dylib
0x0000000198ace000 	/System/Library/Frameworks/MLCompute.framework/Versions/A/MLCompute
0x000000024da60000 	/System/Library/PrivateFrameworks/MLAssetIO.framework/Versions/A/MLAssetIO
0x00000002737af000 	/usr/lib/swift/libswiftMLCompute.dylib
0x000000018d5a5000 	/System/Library/PrivateFrameworks/LanguageModeling.framework/Versions/A/LanguageModeling
0x000000019210c000 	/System/Library/PrivateFrameworks/Montreal.framework/Versions/A/Montreal
0x00000001993fc000 	/usr/lib/libcmph.dylib
0x00000002455fb000 	/System/Library/PrivateFrameworks/GenerativeModelsFoundation.framework/Versions/A/GenerativeModelsFoundation
0x000000026620b000 	/System/Library/PrivateFrameworks/TokenGeneration.framework/Versions/A/TokenGeneration
0x00000002453d2000 	/System/Library/PrivateFrameworks/GenerativeFunctions.framework/Versions/A/GenerativeFunctions
0x0000000245423000 	/System/Library/PrivateFrameworks/GenerativeFunctionsFoundation.framework/Versions/A/GenerativeFunctionsFoundation
0x00000002509b4000 	/System/Library/PrivateFrameworks/ModelCatalog.framework/Versions/A/ModelCatalog
0x000000025aa3b000 	/System/Library/PrivateFrameworks/SensitiveContentAnalysisML.framework/Versions/A/SensitiveContentAnalysisML
0x00000002454d2000 	/System/Library/PrivateFrameworks/GenerativeFunctionsInstrumentation.framework/Versions/A/GenerativeFunctionsInstrumentation
0x0000000258933000 	/System/Library/PrivateFrameworks/PromptKit.framework/Versions/A/PromptKit
0x000000025845d000 	/System/Library/PrivateFrameworks/ProactiveDaemonSupport.framework/Versions/A/ProactiveDaemonSupport
0x00000002663c3000 	/System/Library/PrivateFrameworks/TokenGenerationCore.framework/Versions/A/TokenGenerationCore
0x00000002694bb000 	/System/Library/PrivateFrameworks/VectorSearch.framework/Versions/A/VectorSearch
0x0000000250c79000 	/System/Library/PrivateFrameworks/ModelManagerServices.framework/Versions/A/ModelManagerServices
0x0000000234a3d000 	/System/Library/PrivateFrameworks/AppleFlatBuffers.framework/Versions/A/AppleFlatBuffers
0x00000001ad372000 	/System/Library/PrivateFrameworks/ProactiveEventTracker.framework/Versions/A/ProactiveEventTracker
0x0000000231653000 	/System/Library/PrivateFrameworks/AAAFoundationSwift.framework/Versions/A/AAAFoundationSwift
0x00000001a52bf000 	/System/Library/PrivateFrameworks/AppleIDSSOAuthentication.framework/Versions/A/AppleIDSSOAuthentication
0x00000001c0c9b000 	/usr/lib/swift/libswiftCompression.dylib
0x000000025abc6000 	/System/Library/PrivateFrameworks/SentencePieceInternal.framework/Versions/A/SentencePieceInternal
0x00000001a1152000 	/System/Library/Frameworks/Vision.framework/Versions/A/Vision
0x000000023c962000 	/System/Library/PrivateFrameworks/CoreSceneUnderstanding.framework/Versions/A/CoreSceneUnderstanding
0x000000026a046000 	/System/Library/PrivateFrameworks/VisionCore.framework/Versions/A/VisionCore
0x00000001bc869000 	/System/Library/Frameworks/Vision.framework/libfaceCore.dylib
0x00000001bd363000 	/System/Library/PrivateFrameworks/Futhark.framework/Versions/A/Futhark
0x00000001c0a63000 	/System/Library/PrivateFrameworks/InertiaCam.framework/Versions/A/InertiaCam
0x00000001bd116000 	/System/Library/PrivateFrameworks/TextRecognition.framework/Versions/A/TextRecognition
0x000000019ab97000 	/System/Library/PrivateFrameworks/CVNLP.framework/Versions/A/CVNLP
0x0000000244154000 	/System/Library/PrivateFrameworks/GRDBInternal.framework/Versions/A/GRDBInternal
0x00000001a738a000 	/System/Library/PrivateFrameworks/RTCReporting.framework/Versions/A/RTCReporting
0x00000001a5576000 	/System/Library/PrivateFrameworks/IntentsFoundation.framework/Versions/A/IntentsFoundation
0x000000019df7f000 	/System/Library/Frameworks/NetworkExtension.framework/Versions/A/NetworkExtension
0x00000001b8869000 	/System/Library/PrivateFrameworks/CaptiveNetwork.framework/Versions/A/CaptiveNetwork
0x00000001a4b0f000 	/System/Library/PrivateFrameworks/EAP8021X.framework/Versions/A/EAP8021X
0x00000001c6f19000 	/System/Library/PrivateFrameworks/UIKitServices.framework/Versions/A/UIKitServices
0x00000001142b8000 	/System/Library/Extensions/AGXMetal13_3.bundle/Contents/MacOS/AGXMetal13_3
0x00000001acc7a000 	/System/Library/PrivateFrameworks/IOGPU.framework/Versions/A/IOGPU
0x00000001ba13d000 	/System/Library/Frameworks/Accelerate.framework/Versions/A/Frameworks/vImage.framework/Versions/A/Libraries/libCGInterfaces.dylib
0x0000000232c41000 	/System/Library/PrivateFrameworks/AccessibilityBundles.framework/Versions/A/AccessibilityBundles
0x00000001bd454000 	/System/Library/CoreServices/RawCamera.bundle/Contents/MacOS/RawCamera
0x0000000113920000 	/Applications/REAPER.app/Contents/Plugins/elastique3.dylib
0x00000001138b0000 	/Applications/REAPER.app/Contents/Plugins/soundtouch.dylib
0x000000011387c000 	/Applications/REAPER.app/Contents/Plugins/rubberband.dylib
0x0000000113f64000 	/Applications/REAPER.app/Contents/Plugins/jsfx.dylib
0x000000011519c000 	/Applications/REAPER.app/Contents/Plugins/reaper_wave.dylib
0x0000000115124000 	/Applications/REAPER.app/Contents/Plugins/reaper_mp3dec.dylib
0x0000000115294000 	/Applications/REAPER.app/Contents/Plugins/libmp3lame.dylib
0x0000000127600000 	/Applications/REAPER.app/Contents/Plugins/reaper_midi.dylib
0x0000000115320000 	/Applications/REAPER.app/Contents/Plugins/reaper_wavpack.dylib
0x00000001151d8000 	/Applications/REAPER.app/Contents/Plugins/reaper_opus.dylib
0x0000000115d9c000 	/Applications/REAPER.app/Contents/Plugins/reaper_flac.dylib
0x00000001153c0000 	/Applications/REAPER.app/Contents/Plugins/reaper_rex.dylib
0x0000000115268000 	/Applications/REAPER.app/Contents/Plugins/reaper_ddp.dylib
0x0000000125ae4000 	/Applications/REAPER.app/Contents/Plugins/reaper_explorer.dylib
0x00000001153f0000 	/Applications/REAPER.app/Contents/Plugins/reaper_cd.dylib
0x00000001ed1dc000 	/System/Library/Frameworks/DiscRecordingUI.framework/Versions/A/DiscRecordingUI
0x000000012e668000 	/Applications/REAPER.app/Contents/Plugins/reaper_ogg.dylib
0x0000000125b58000 	/Applications/REAPER.app/Contents/Plugins/reaper_csurf.dylib
0x0000000125bbc000 	/Applications/REAPER.app/Contents/Plugins/reaper_video.dylib
0x00000001153a0000 	/Applications/REAPER.app/Contents/Plugins/reap_osx_modern.dylib
0x00000001b3057000 	/System/Library/Frameworks/AVKit.framework/Versions/A/AVKit
0x0000000232af2000 	/System/Library/PrivateFrameworks/AVKitCore.framework/Versions/A/AVKitCore
0x00000001c8915000 	/System/Library/PrivateFrameworks/PIP.framework/Versions/A/PIP
0x000000012f340000 	/opt/homebrew/Cellar/ffmpeg/9.0.1_1/lib/libavutil.61.1.101.dylib
0x0000000125d0c000 	/opt/homebrew/Cellar/openssl@3/3.6.4/lib/libssl.3.dylib
0x000000012f994000 	/opt/homebrew/Cellar/openssl@3/3.6.4/lib/libcrypto.3.dylib
0x000000012f4ec000 	/opt/homebrew/Cellar/ffmpeg/9.0.1_1/lib/libswscale.10.1.101.dylib
0x0000000115384000 	/opt/homebrew/Cellar/ffmpeg/9.0.1_1/lib/libswresample.7.1.101.dylib
0x0000000168964000 	/opt/homebrew/Cellar/ffmpeg/9.0.1_1/lib/libavcodec.63.1.101.dylib
0x000000012f790000 	/opt/homebrew/Cellar/libvpx/1.17.0/lib/libvpx.12.dylib
0x0000000116f90000 	/opt/homebrew/Cellar/xz/5.8.4/lib/liblzma.5.dylib
0x000000012f5e0000 	/opt/homebrew/Cellar/dav1d/1.5.4/lib/libdav1d.7.dylib
0x0000000125a00000 	/opt/homebrew/Cellar/lame/4.0/lib/libmp3lame.0.dylib
0x0000000125a54000 	/opt/homebrew/Cellar/opus/1.6.1/lib/libopus.0.dylib
0x00000001682f4000 	/opt/homebrew/Cellar/svt-av1/4.2.0/lib/libSvtAv1Enc.4.2.0.dylib
0x0000000168000000 	/opt/homebrew/Cellar/x264/r3222/lib/libx264.165.dylib
0x000000016e604000 	/opt/homebrew/Cellar/x265/4.3/lib/libx265.217.dylib
0x000000012777c000 	/opt/homebrew/Cellar/mpg123/1.33.7/lib/libmpg123.0.dylib
0x000000016deb0000 	/opt/homebrew/Cellar/ffmpeg/9.0.1_1/lib/libavformat.63.1.101.dylib
0x0000000168628000 	/Applications/VLC.app/Contents/MacOS/lib/libvlccore.9.dylib
0x000000016fb28000 	/Applications/VLC.app/Contents/MacOS/plugins/libavcodec_plugin.dylib
0x00000001256d0000 	/Applications/VLC.app/Contents/MacOS/lib/libvlc.5.dylib
0x0000000115368000 	/Applications/VLC.app/Contents/MacOS/plugins/libi420_rgb_plugin.dylib
0x0000000115410000 	/Applications/VLC.app/Contents/MacOS/plugins/libi420_10_p010_plugin.dylib
0x0000000115424000 	/Applications/VLC.app/Contents/MacOS/plugins/libscaletempo_pitch_plugin.dylib
0x0000000115de8000 	/Applications/VLC.app/Contents/MacOS/plugins/libi420_yuy2_plugin.dylib
0x0000000116fbc000 	/Applications/VLC.app/Contents/MacOS/plugins/libi422_yuy2_plugin.dylib
0x00000001256a0000 	/Applications/VLC.app/Contents/MacOS/plugins/libyuy2_i420_plugin.dylib
0x00000001256b4000 	/Applications/VLC.app/Contents/MacOS/plugins/libi420_nv12_plugin.dylib
0x0000000125ab0000 	/Applications/VLC.app/Contents/MacOS/plugins/libyuy2_i422_plugin.dylib
0x0000000125ac4000 	/Applications/VLC.app/Contents/MacOS/plugins/libkeychain_plugin.dylib
0x0000000125de8000 	/Applications/VLC.app/Contents/MacOS/plugins/libi422_i420_plugin.dylib
0x00000001277c0000 	/Applications/VLC.app/Contents/MacOS/plugins/libgrey_yuv_plugin.dylib
0x00000001277d4000 	/Applications/VLC.app/Contents/MacOS/plugins/libchain_plugin.dylib
0x00000001277e8000 	/Applications/VLC.app/Contents/MacOS/plugins/libscale_plugin.dylib
0x000000012e75c000 	/Applications/VLC.app/Contents/MacOS/plugins/libyuvp_plugin.dylib
0x000000016870c000 	/Applications/VLC.app/Contents/MacOS/plugins/libdav1d_plugin.dylib
0x000000012e770000 	/Applications/VLC.app/Contents/MacOS/plugins/libyuv_plugin.dylib
0x000000012e784000 	/Applications/VLC.app/Contents/MacOS/plugins/libscaletempo_plugin.dylib
0x000000012fefc000 	/Applications/VLC.app/Contents/MacOS/plugins/libswscale_plugin.dylib
0x00000001eb81f000 	/System/Library/Frameworks/OpenGL.framework/Versions/A/Resources/GLEngine.bundle/GLEngine
0x00000001eb6c4000 	/System/Library/Frameworks/OpenGL.framework/Versions/A/Libraries/libGLProgrammability.dylib
0x000000012f6d8000 	/System/Library/Extensions/AppleMetalOpenGLRenderer.bundle/Contents/MacOS/AppleMetalOpenGLRenderer
0x00000001eb980000 	/System/Library/Frameworks/OpenGL.framework/Versions/A/Resources/GLRendererFloat.bundle/GLRendererFloat
0x00000001710d8000 	/Users/jonathankawchuk/Library/Application Support/REAPER/UserPlugins/reaper_command_palette.dylib
0x000000016e184000 	/Users/jonathankawchuk/Library/Application Support/REAPER/UserPlugins/reaper_csurf_integrator.dylib
0x000000012e7d8000 	/Users/jonathankawchuk/Library/Application Support/REAPER/UserPlugins/reaper_ptx_import.dylib
0x000000012e798000 	/Users/jonathankawchuk/Library/Application Support/REAPER/UserPlugins/reaper_pt_spot.dylib
0x000000012fe3c000 	/Users/jonathankawchuk/Library/Application Support/REAPER/UserPlugins/reaper_drivenbymoss.dylib
0x000000016f0e8000 	/Users/jonathankawchuk/Library/Application Support/REAPER/UserPlugins/reaper_imgui-arm64.dylib
0x00000001715f8000 	/Users/jonathankawchuk/Library/Application Support/REAPER/UserPlugins/reaper_sws-arm64.dylib
0x0000000264230000 	/System/Library/PrivateFrameworks/TextInputUI.framework/Versions/A/TextInputUI
0x0000000264254000 	/System/Library/PrivateFrameworks/TextInputUIMacHelper.framework/Versions/A/TextInputUIMacHelper
0x000000025a05a000 	/System/Library/PrivateFrameworks/Sage.framework/Versions/A/Sage
0x000000012e7c8000 	/Users/jonathankawchuk/Library/Application Support/REAPER/UserPlugins/reaper_reatc-arm64.dylib
0x00000001688bc000 	/Users/jonathankawchuk/Library/Application Support/REAPER/UserPlugins/reaper_helgobox-arm64.dylib
0x0000000175200000 	/Users/jonathankawchuk/Library/Application Support/REAPER/UserPlugins/FX/helgobox-arm64.vst.dylib
0x0000000173ec8000 	/Users/jonathankawchuk/Library/Application Support/REAPER/Helgoboss/App/bin/Contents/Frameworks/FlutterMacOS.framework/FlutterMacOS
0x000000016f868000 	/Users/jonathankawchuk/Library/Application Support/REAPER/UserPlugins/reaper_js_ReaScriptAPI64ARM.dylib
0x000000012f944000 	/Users/jonathankawchuk/Library/Application Support/REAPER/Helgoboss/App/bin/Contents/Frameworks/cryptography_flutter.framework/cryptography_flutter
0x00000001737fc000 	/Users/jonathankawchuk/Library/Application Support/REAPER/UserPlugins/reaper_reamo.dylib
0x000000012fed8000 	/Users/jonathankawchuk/Library/Application Support/REAPER/Helgoboss/App/bin/Contents/Frameworks/device_info_plus.framework/device_info_plus
0x0000000173a20000 	/Users/jonathankawchuk/Library/Application Support/REAPER/UserPlugins/reaper_reapack-arm64.dylib
0x000000012ffc4000 	/Users/jonathankawchuk/Library/Application Support/REAPER/Helgoboss/App/bin/Contents/Frameworks/desktop_drop.framework/desktop_drop
0x000000012f774000 	/Users/jonathankawchuk/Library/Application Support/REAPER/Helgoboss/App/bin/Contents/Frameworks/native_context_menu.framework/native_context_menu
0x0000000168270000 	/Users/jonathankawchuk/Library/Application Support/REAPER/Helgoboss/App/bin/Contents/Frameworks/path_provider_foundation.framework/path_provider_foundation
0x0000000168234000 	/Users/jonathankawchuk/Library/Application Support/REAPER/Helgoboss/App/bin/Contents/Frameworks/screen_retriever.framework/screen_retriever
0x0000000168864000 	/Users/jonathankawchuk/Library/Application Support/REAPER/Helgoboss/App/bin/Contents/Frameworks/url_launcher_macos.framework/url_launcher_macos
0x000000016881c000 	/Users/jonathankawchuk/Library/Application Support/REAPER/Helgoboss/App/bin/Contents/Frameworks/window_manager.framework/window_manager
0x0000000173418000 	/Users/jonathankawchuk/Library/Application Support/REAPER/UserPlugins/reaper_ReacomaExtension.dylib
0x00000001682b4000 	/Users/jonathankawchuk/Library/Application Support/REAPER/Helgoboss/App/bin/Contents/Frameworks/pointer_lock.framework/pointer_lock
0x0000000168888000 	/Users/jonathankawchuk/Library/Application Support/REAPER/Helgoboss/App/bin/Contents/MacOS/helgobox
0x00000001c6034000 	/usr/lib/swift/libswiftAppKit.dylib
0x000000016f09c000 	/Users/jonathankawchuk/Library/Application Support/REAPER/UserPlugins/java-runtime/lib/libjli.dylib
0x000000017b288000 	/Users/jonathankawchuk/Library/Application Support/REAPER/UserPlugins/java-runtime/lib/server/libjvm.dylib
0x0000000168254000 	/Users/jonathankawchuk/Library/Application Support/REAPER/UserPlugins/java-runtime/lib/libjimage.dylib
0x000000016f59c000 	/Users/jonathankawchuk/Library/Application Support/REAPER/UserPlugins/java-runtime/lib/libjava.dylib
0x000000016f0c4000 	/Users/jonathankawchuk/Library/Application Support/REAPER/UserPlugins/java-runtime/lib/libnio.dylib
0x000000016e5e4000 	/Users/jonathankawchuk/Library/Application Support/REAPER/UserPlugins/java-runtime/lib/libnet.dylib
0x000000016fa48000 	/Users/jonathankawchuk/Library/Application Support/REAPER/UserPlugins/java-runtime/lib/libzip.dylib
0x000000016f82c000 	/Users/jonathankawchuk/Library/Application Support/REAPER/UserPlugins/java-runtime/lib/libverify.dylib
0x00000001736b8000 	/Users/jonathankawchuk/Library/Application Support/REAPER/UserPlugins/java-runtime/lib/libawt.dylib
0x00000001ee194000 	/System/Library/Frameworks/JavaRuntimeSupport.framework/Versions/A/JavaRuntimeSupport
0x000000017fe04000 	/Users/jonathankawchuk/Library/Application Support/REAPER/UserPlugins/java-runtime/lib/libawt_lwawt.dylib
0x000000016faa0000 	/Users/jonathankawchuk/Library/Application Support/REAPER/UserPlugins/java-runtime/lib/libosxapp.dylib
0x00000001b1495000 	/System/Library/Frameworks/ExceptionHandling.framework/Versions/A/ExceptionHandling
0x0000000315e58000 	/Users/jonathankawchuk/Library/Application Support/REAPER/UserPlugins/java-runtime/lib/libfontmanager.dylib
0x0000000178e18000 	/Users/jonathankawchuk/Library/Application Support/REAPER/UserPlugins/java-runtime/lib/libfreetype.dylib
0x000000031b600000 	/Applications/REAPER.app/Contents/Plugins/FX/reasurround2.vst.dylib
0x000000031b660000 	/Library/Audio/Plug-Ins/VST3/dpMeter5.vst3/Contents/MacOS/dpMeter5
0x00000003201a0000 	/Library/Audio/Plug-Ins/VST3/SonoBus.vst3/Contents/MacOS/SonoBus
0x00000001eca75000 	/System/Library/Frameworks/CoreAudioKit.framework/Versions/A/CoreAudioKit
0x00000001ec242000 	/System/Library/Frameworks/AudioVideoBridging.framework/Versions/A/AudioVideoBridging
0x00000001d7a06000 	/System/Library/Frameworks/ScriptingBridge.framework/Versions/A/ScriptingBridge
0x000000031c604000 	/System/Library/Components/CoreAudio.component/Contents/MacOS/CoreAudio
0x000000031de00000 	/Library/Audio/Plug-Ins/Components/MusePlugin.component/Contents/MacOS/MusePlugin
0x0000000113d8c000 	/private/var/folders/6g/_dyszwd54rd36jmvjmmd4htw0000gn/T/usb4java17484617216614761839.tmp/libusb4java.dylib
0x0000000113d58000 	/System/Library/Extensions/IOUSBHostFamily.kext/Contents/PlugIns/IOUSBLib.bundle/Contents/MacOS/IOUSBLib
0x0000000113ddc000 	/Users/jonathankawchuk/Library/Application Support/REAPER/UserPlugins/java-runtime/lib/libosxui.dylib
0x00000001e83da000 	/System/Library/PrivateFrameworks/VoiceShortcutClient.framework/Versions/A/VoiceShortcutClient
0x00000001bac34000 	/System/Library/PrivateFrameworks/ChronoServices.framework/Versions/A/ChronoServices
0x00000002596cf000 	/System/Library/PrivateFrameworks/ReplicatorEngine.framework/Versions/A/ReplicatorEngine
0x0000000259882000 	/System/Library/PrivateFrameworks/ReplicatorServices.framework/Versions/A/ReplicatorServices
0x0000000263843000 	/System/Library/PrivateFrameworks/SystemWake.framework/Versions/A/SystemWake
0x000000037df20000 	/Library/Audio/Plug-Ins/Components/LittleRadiator.component/Contents/MacOS/LittleRadiator
0x000000037c3b0000 	/Library/Frameworks/PACEEdenExperience.framework/Versions/A/WrapPersist.bundle/Contents/MacOS/WrapPersist
0x0000000325060000 	/System/Library/Frameworks/Security.framework/Versions/A/PlugIns/csparser.bundle/Contents/MacOS/csparser
0x000000036c7d4000 	/Library/Audio/Plug-Ins/Components/iZOzone9AUHook.component/Contents/MacOS/PluginHooksAU
0x0000000384ad4000 	/Library/Audio/Plug-Ins/Components/iZOzone9AUHook.component/Contents/Resources/iZOzone9.bundle/Contents/MacOS/iZOzone9
0x000000036d284000 	/Library/Audio/Plug-Ins/Components/iZOzone9AUHook.component/Contents/Resources/iZOzone9.bundle/Contents/MacOS/libmp3lame.dylib
0x000000036ea14000 	/Library/Audio/Plug-Ins/Components/iZOzone9AUHook.component/Contents/Resources/iZOzone9.bundle/Contents/MacOS/libtag.dylib
0x00000001ebbac000 	/System/Library/Frameworks/AGL.framework/Versions/A/AGL
0x000000016f4e4000 	/Library/Application Support/iZotope/Meter Tap 4/Meter Tap 4.bundle/Contents/MacOS/Meter Tap 4
0x00000002731af000 	/usr/lib/libnwswifttls.dylib
0x00000001b4049000 	/usr/lib/log/liblog_network.dylib
0x000000038ecec000 	/System/Library/Components/AudioCodecs.component/Contents/MacOS/AudioCodecs
0x00000001c2048000 	/System/Library/PrivateFrameworks/TextToSpeech.framework/Versions/A/TextToSpeech
0x00000001c7415000 	/System/Library/PrivateFrameworks/AXAssetLoader.framework/Versions/A/AXAssetLoader
0x0000000325bf0000 	/Library/Audio/Plug-Ins/VST3/Air.vst3/Contents/MacOS/Air
0x0000000173760000 	/Library/Audio/Plug-Ins/VST3/Relay.vst3/Contents/MacOS/PluginHooksVST3
0x00000003a303c000 	/Library/Audio/Plug-Ins/VST3/Relay.vst3/Contents/Resources/iZRelay.bundle/Contents/MacOS/iZRelay
0x0000000326f74000 	/Library/Audio/Plug-Ins/Components/iZNeutron3AUHook.component/Contents/MacOS/PluginHooksAU
0x00000003a9758000 	/Library/Audio/Plug-Ins/Components/iZNeutron3AUHook.component/Contents/Resources/iZNeutron3.bundle/Contents/MacOS/iZNeutron3
0x0000000327100000 	/Library/Audio/Plug-Ins/Components/iZNeutron3AUHook.component/Contents/Resources/iZNeutron3.bundle/Contents/MacOS/libmp3lame.dylib
0x0000000326288000 	/Library/Audio/Plug-Ins/Components/iZNeutron3AUHook.component/Contents/Resources/iZNeutron3.bundle/Contents/MacOS/libtag.dylib
0x000000016db74000 	/Library/Audio/Plug-Ins/VST3/Kilohearts/kHs Gate.vst3/Contents/MacOS/kHs Gate
0x00000003cae44000 	/Library/Application Support/Kilohearts/HeartCore.core/Contents/MacOS/HeartCore
0x000000031b400000 	/Library/Audio/Plug-Ins/VST3/MeldaProduction/Dynamics/MAGC.vst3/Contents/MacOS/MAGC.bin
0x00000003ec800000 	/Library/Application Support/MeldaProduction/LIB/libMeldaProductionAudioPluginKernelV11.dylib
0x000000016db08000 	/Library/Audio/Plug-Ins/VST3/Kilohearts/kHs Gain.vst3/Contents/MacOS/kHs Gain
0x000000036d394000 	/Library/Audio/Plug-Ins/Components/iZRelayAUHook.component/Contents/MacOS/PluginHooksAU
0x000000040dbac000 	/Library/Audio/Plug-Ins/Components/iZRelayAUHook.component/Contents/Resources/iZRelay.bundle/Contents/MacOS/iZRelay
0x0000000326170000 	/Library/Audio/Plug-Ins/VST3/Neutron 3.vst3/Contents/MacOS/PluginHooksVST3
0x0000000425240000 	/Library/Audio/Plug-Ins/VST3/Neutron 3.vst3/Contents/Resources/iZNeutron3.bundle/Contents/MacOS/iZNeutron3
0x000000036d308000 	/Library/Audio/Plug-Ins/VST3/Neutron 3.vst3/Contents/Resources/iZNeutron3.bundle/Contents/MacOS/libmp3lame.dylib
0x000000038eb48000 	/Library/Audio/Plug-Ins/VST3/Neutron 3.vst3/Contents/Resources/iZNeutron3.bundle/Contents/MacOS/libtag.dylib
0x00000003caafc000 	/Library/Audio/Plug-Ins/Components/FabFilter Pro-Q 3.component/Contents/MacOS/FabFilter Pro-Q 3
0x00000001d371e000 	/System/Library/PrivateFrameworks/HelpData.framework/Versions/A/HelpData
0x000000046d164000 	/Library/Audio/Plug-Ins/Components/LittlePlate.component/Contents/MacOS/LittlePlate

JVMTI agents: none


VM Arguments:
java_command: <unknown>
java_class_path (initial): /Users/jonathankawchuk/Library/Application Support/REAPER/UserPlugins/drivenbymoss-libs/DrivenByMoss4Reaper-26.6.4.jar:/Users/jonathankawchuk/Library/Application Support/REAPER/UserPlugins/drivenbymoss-libs/slf4j-ext-2.0.13.jar:/Users/jonathankawchuk/Library/Application Support/REAPER/UserPlugins/drivenbymoss-libs/jackson-databind-2.22.1.jar:/Users/jonathankawchuk/Library/Application Support/REAPER/UserPlugins/drivenbymoss-libs/jna-platform-5.19.1.jar:/Users/jonathankawchuk/Library/Application Support/REAPER/UserPlugins/drivenbymoss-libs/libusb4java-1.0.24-darwin.jar:/Users/jonathankawchuk/Library/Application Support/REAPER/UserPlugins/drivenbymoss-libs/usb4java-1.3.0.jar:/Users/jonathankawchuk/Library/Application Support/REAPER/UserPlugins/drivenbymoss-libs/purejavahidapi-0.0.21.jar:/Users/jonathankawchuk/Library/Application Support/REAPER/UserPlugins/drivenbymoss-libs/svg-salamander-1.1.2.2.jar:/Users/jonathankawchuk/Library/Application Support/REAPER/UserPlugins/drivenbymoss-libs/jackson-core-2.22.1.jar:/Users/jonathankawchuk/Library/Application Support/REAPER/UserPlugins/drivenbymoss-libs/inieditor-r6.jar:/Users/jonathankawchuk/Library/Application Support/REAPER/UserPlugins/drivenbymoss-libs/jackson-annotations-2.22.jar:/Users/jonathankawchuk/Library/Application Support/REAPER/UserPlugins/drivenbymoss-libs/slf4j-api-2.0.13.jar:/Users/jonathankawchuk/Library/Application Support/REAPER/UserPlugins/drivenbymoss-libs/nativefilechooser-1.3.1.jar:/Users/jonathankawchuk/Library/Application Support/REAPER/UserPlugins/drivenbymoss-libs/jamepad-2.30.0.0.jar:/Users/jonathankawchuk/Library/Application Support/REAPER/UserPlugins/drivenbymoss-libs/jna-5.19.1.jar:/Users/jonathankawchuk/Library/Application Support/REAPER/UserPlugins/drivenbymoss-libs/javaosc-core-0.9.jar:/Users/jonathankawchuk/Library/Application Support/REAPER/UserPlugins/drivenbymoss-libs/commons-lang3-3.8.1.jar:/Users/jonathankawchuk/Library/Application Support/REAPER/UserPlugins/drivenbymoss-libs/gdx-jnigen-loader-2.2.0.jar
Launcher Type: generic

[Global flags]
     intx CICompilerCount                          = 4                                         {product} {ergonomic}
     uint ConcGCThreads                            = 2                                         {product} {ergonomic}
     uint G1ConcRefinementThreads                  = 8                                         {product} {ergonomic}
   size_t G1HeapRegionSize                         = 2097152                                   {product} {ergonomic}
   size_t InitialHeapSize                          = 268435456                                 {product} {ergonomic}
   size_t MarkStackSize                            = 4194304                                   {product} {ergonomic}
   size_t MarkStackSizeMax                         = 536870912                                 {product} {ergonomic}
   size_t MaxHeapSize                              = 4294967296                                {product} {ergonomic}
   size_t MaxNewSize                               = 2575302656                                {product} {ergonomic}
   size_t MinHeapDeltaBytes                        = 2097152                                   {product} {ergonomic}
   size_t MinHeapSize                              = 8388608                                   {product} {ergonomic}
    uintx NonNMethodCodeHeapSize                   = 5849088                                {pd product} {ergonomic}
    uintx NonProfiledCodeHeapSize                  = 122912768                              {pd product} {ergonomic}
    uintx ProfiledCodeHeapSize                     = 122912768                              {pd product} {ergonomic}
    uintx ReservedCodeCacheSize                    = 251674624                              {pd product} {ergonomic}
     bool SegmentedCodeCache                       = true                                      {product} {ergonomic}
   size_t SoftMaxHeapSize                          = 4294967296                             {manageable} {ergonomic}
     bool UseCompressedOops                        = true                           {product lp64_product} {ergonomic}
     bool UseG1GC                                  = true                                      {product} {ergonomic}
     bool UseNUMA                                  = false                                     {product} {ergonomic}
     bool UseNUMAInterleaving                      = false                                     {product} {ergonomic}

Logging:
Log output configuration:
 #0: 
[error occurred during error reporting (printing log configuration), id 0xb, SIGSEGV (0xb) at pc=0x000000017b9d2a08]
Release file:
JAVA_VERSION="25.0.3" 
MODULES="java.base java.datatransfer java.xml java.prefs java.desktop java.instrument java.logging java.management java.security.sasl java.naming java.transaction.xa java.sql jdk.accessibility" 

Environment Variables:
PATH=/usr/bin:/bin:/usr/sbin:/sbin:/usr/local/bin:/Users/jonathankawchuk/flucoma-cli/bin
SHELL=/bin/zsh
TMPDIR=/var/folders/6g/_dyszwd54rd36jmvjmmd4htw0000gn/T/

Active Locale:
LC_ALL=C
LC_COLLATE=C
LC_CTYPE=C
LC_MESSAGES=C
LC_MONETARY=C
LC_NUMERIC=C
LC_TIME=C

Signal Handlers:
   SIGSEGV: crash_handler in libjvm.dylib, mask=11100110000111110111111111111111, flags=SA_ONSTACK|SA_RESTART|SA_SIGINFO, unblocked
    SIGBUS: crash_handler in libjvm.dylib, mask=11100110000111110111111111111111, flags=SA_RESTART|SA_SIGINFO, unblocked
    SIGFPE: crash_handler in libjvm.dylib, mask=11100110000111110111111111111111, flags=SA_RESTART|SA_SIGINFO, unblocked
   SIGPIPE: javaSignalHandler in libjvm.dylib, mask=11100110000111110111111111111111, flags=SA_RESTART|SA_SIGINFO, blocked
  chained to: javaSignalHandler in libjvm.dylib, mask=11100110000111110111111111111111, flags=SA_RESTART|SA_SIGINFO
   SIGXFSZ: javaSignalHandler in libjvm.dylib, mask=11100110000111110111111111111111, flags=SA_RESTART|SA_SIGINFO, blocked
    SIGILL: crash_handler in libjvm.dylib, mask=11100110000111110111111111111111, flags=SA_RESTART|SA_SIGINFO, unblocked
   SIGUSR2: SR_handler in libjvm.dylib, mask=00000000000000000000000000000000, flags=SA_RESTART|SA_SIGINFO, blocked
    SIGHUP: UserHandler in libjvm.dylib, mask=11100110000111110111111111111111, flags=SA_RESTART|SA_SIGINFO, blocked
    SIGINT: UserHandler in libjvm.dylib, mask=11100110000111110111111111111111, flags=SA_RESTART|SA_SIGINFO, blocked
   SIGTERM: UserHandler in libjvm.dylib, mask=11100110000111110111111111111111, flags=SA_RESTART|SA_SIGINFO, blocked
   SIGQUIT: UserHandler in libjvm.dylib, mask=11100110000111110111111111111111, flags=SA_RESTART|SA_SIGINFO, blocked
   SIGTRAP: crash_handler in libjvm.dylib, mask=11100110000111110111111111111111, flags=SA_RESTART|SA_SIGINFO, unblocked


Compilation memory statistics disabled.

Periodic native trim disabled

---------------  S Y S T E M  ---------------

OS:
uname: Darwin 24.6.0 Darwin Kernel Version 24.6.0: Wed Oct 15 21:08:19 PDT 2025; root:xnu-11417.140.69.703.14~1/RELEASE_ARM64_T8103 arm64
OS uptime: 0 days 19:32 hours
rlimit (soft/hard): STACK 8176k/65520k , CORE 0k/infinity , NPROC 2666/4000 , NOFILE infinity/infinity , AS infinity/infinity , CPU infinity/infinity , DATA infinity/infinity , FSIZE infinity/infinity , MEMLOCK infinity/infinity , RSS infinity/infinity
load average: 9.17 7.30 4.45

CPU: total 8 (initial active 8) 0x61:0x0:0x1b588bb3:0, fp, asimd, aes, pmull, sha1, sha256, crc32, lse, sha3, sha512
machdep.cpu.brand_string:Apple M1
hw.cachelinesize:128
hw.l1icachesize:131072
hw.l1dcachesize:65536
hw.l2cachesize:4194304

Memory: 16k page, physical 16777216k(2874384k free), swap 7340032k(1150144k free)

vm_info: OpenJDK 64-Bit Server VM (25.0.3+9-LTS) for bsd-aarch64 JRE (25.0.3+9-LTS), built on 2026-04-21T00:00:00Z with clang Apple LLVM 15.0.0 (clang-1500.1.0.2.5)

END.
