#
# A fatal error has been detected by the Java Runtime Environment:
#
#  SIGSEGV (0xb) at pc=0x000000047c973e2c, pid=1654, tid=259
#
# JRE version: OpenJDK Runtime Environment Temurin-25.0.3+9 (25.0.3+9) (build 25.0.3+9-LTS)
# Java VM: OpenJDK 64-Bit Server VM Temurin-25.0.3+9 (25.0.3+9-LTS, mixed mode, tiered, compressed oops, compressed class ptrs, g1 gc, bsd-aarch64)
# Problematic frame:
# C  [DecentSampler+0xebe2c]  GetPluginFactory+0xe6570
#
# No core dump will be written. Core dumps have been disabled. To enable core dumping, try "ulimit -c unlimited" before starting Java again
#
# If you would like to submit a bug report, please visit:
#   https://github.com/adoptium/adoptium-support/issues
# The crash happened outside the Java Virtual Machine in native code.
# See problematic frame for where to report the bug.
#

---------------  S U M M A R Y ------------

Command Line: 

Host: "MacBookPro17,1" arm64, 8 cores, 16G, Darwin 24.6.0, macOS 15.7.2 (24G325)
Time: Thu Sep 10 10:42:10 2026 EDT elapsed time: 2246.027897 seconds (0d 0h 37m 26s)

---------------  T H R E A D  ---------------

Current thread (0x000000012993da00):  JavaThread "main"             [_thread_in_native, id=259, stack(0x000000016ea7c000,0x000000016f278000) (8176K)]

Stack: [0x000000016ea7c000,0x000000016f278000],  sp=0x000000016f270e30,  free space=8147k
Native frames: (J=compiled Java code, j=interpreted, Vv=VM code, C=native code)
C  [DecentSampler+0xebe2c]  GetPluginFactory+0xe6570
C  [DecentSampler+0x67a3dc]  GetPluginFactory+0x674b20
C  [DecentSampler+0x67a014]  GetPluginFactory+0x674758
C  [DecentSampler+0x67b5e4]  GetPluginFactory+0x675d28
C  [CoreFoundation+0x7ca64]  __CFRUNLOOP_IS_CALLING_OUT_TO_A_SOURCE0_PERFORM_FUNCTION__+0x1c
C  [CoreFoundation+0x7c9f8]  __CFRunLoopDoSource0+0xac
C  [CoreFoundation+0x7c7c8]  __CFRunLoopDoSources0+0x14c
C  [CoreFoundation+0x7b3b8]  __CFRunLoopRun+0x348
C  [CoreFoundation+0x7a9e8]  CFRunLoopRunSpecific+0x23c
C  [HIToolbox+0xc327c]  RunCurrentEventLoopInMode+0x144
C  [HIToolbox+0xc631c]  ReceiveNextEventCommon+0xd8
C  [HIToolbox+0x251484]  _BlockUntilNextEventMatchingListInModeWithFilter+0x4c
C  [AppKit+0x3aa34]  _DPSNextEvent+0x2ac
C  [AppKit+0x9d9940]  -[NSApplication(NSEventRouting) _nextEventMatchingEventMask:untilDate:inMode:dequeue:]+0x2b0
C  [AppKit+0x266bdc]  -[NSApplication _doModalLoop:peek:]+0xd8
C  [AppKit+0x26577c]  __35-[NSApplication runModalForWindow:]_block_invoke_2+0x38
C  [AppKit+0x265728]  __35-[NSApplication runModalForWindow:]_block_invoke+0x6c
C  [AppKit+0x264ff4]  _NSTryRunModal+0x64
C  [AppKit+0x264eac]  -[NSApplication runModalForWindow:]+0x124
C  [REAPER+0x50951c]  SWELL_DialogBox(SWELL_DialogResourceIndex*, char const*, HWND__*, long (*)(HWND__*, unsigned int, unsigned long, long), long)+0x178
C  [REAPER+0x14d21c]  __localizeDialog(void*, char const*, HWND__*, long (*)(HWND__*, unsigned int, unsigned long, long), long, int)+0xa8
C  [REAPER+0x43c644]  RenderDialog(HWND__*, RenderConfig*)+0x24a4
C  [REAPER+0x8a3e64]  RenderStemsImpl(bool, bool, bool, bool, bool, bool, WDL_PtrList<RenderRange>*)+0x2e0
C  [REAPER+0x8a4e7c]  FreezeTracks(bool, bool, bool, int)+0x91c
C  [REAPER+0x84290]  Main_OnCommandEx2(int, int, ReaProject*)+0x6fe8
C  [REAPER+0x7c51c]  Main_OnCommand(int, int)+0x28
C  [REAPER+0x2bc590]  lua_Main_OnCommand(lua_State*)+0x48
C  [REAPER+0x336dd8]  luaD_precall+0x14c
C  [REAPER+0x472e04]  luaV_execute+0x392c
C  [REAPER+0x337108]  luaD_callnoyield+0x60
C  [REAPER+0x335d4c]  luaD_rawrunprotected+0x54
C  [REAPER+0x3376f4]  luaD_pcall+0x34
C  [REAPER+0x775650]  lua_pcallk+0xfc
C  [REAPER+0x74ab98]  LuaAPI::RunRegisteredCode(WDL_TypedBuf<int>*, HWND__*)+0x224
C  [REAPER+0x749560]  LuaAPI::RunDeferredTask(HWND__*)+0x60
C  [REAPER+0x78ff7c]  ReaScript_Instance::RunDeferredTask()+0xa8
C  [REAPER+0x78fc64]  ReaScript_RunDeferred()+0xb4
C  [REAPER+0x8a05a0]  runMiscTimers()+0x8a8
C  [REAPER+0x6acf5c]  MainProc(HWND__*, unsigned int, unsigned long, long)+0x13c8
C  [REAPER+0x502864]  SwellDialogDefaultWindowProc(HWND__*, unsigned int, unsigned long, long)+0x1bc
C  [Foundation+0x93fcc]  __NSFireTimer+0x68
C  [CoreFoundation+0x95ba0]  __CFRUNLOOP_IS_CALLING_OUT_TO_A_TIMER_CALLBACK_FUNCTION__+0x20
C  [CoreFoundation+0x95860]  __CFRunLoopDoTimer+0x3d4
C  [CoreFoundation+0x9539c]  __CFRunLoopDoTimers+0x14c
C  [CoreFoundation+0x7b7a8]  __CFRunLoopRun+0x738
C  [CoreFoundation+0x7a9e8]  CFRunLoopRunSpecific+0x23c
C  [HIToolbox+0xc327c]  RunCurrentEventLoopInMode+0x144
C  [HIToolbox+0xc64e8]  ReceiveNextEventCommon+0x2a4
C  [HIToolbox+0x251484]  _BlockUntilNextEventMatchingListInModeWithFilter+0x4c
C  [AppKit+0x3aa34]  _DPSNextEvent+0x2ac
C  [AppKit+0x9d9940]  -[NSApplication(NSEventRouting) _nextEventMatchingEventMask:untilDate:inMode:dequeue:]+0x2b0
C  [AppKit+0x2dbe4]  -[NSApplication run]+0x1e0
C  [AppKit+0x42dc]  NSApplicationMain+0x370
C  [dyld+0x6b98]  start+0x17bc

siginfo: si_signo: 11 (SIGSEGV), si_code: 2 (SEGV_ACCERR), si_addr: 0x3e43eb643e44b0b9

Registers:
 x0=0x0000000000000000  x1=0x0000600005ae8af0  x2=0xffffffffffffffe0  x3=0x0000600005ae8b20
 x4=0x0000600005ae8b40  x5=0x00000000e4e3301a  x6=0x0000000000000af0  x7=0x0000000000000003
 x8=0x3e43eb643e44b0b9  x9=0x0000000000000002 x10=0x0000000000000000 x11=0x0000000000000002
x12=0x0000000000000070 x13=0x0000600007097a68 x14=0x00000000001ff800 x15=0x00000000000007fb
x16=0x000000018bba68a4 x17=0x00000001fab97a78 x18=0x0000000000000000 x19=0x00000005c4aac858
x20=0x000000016f270e58 x21=0x000000042f588198 x22=0x0000600015287980 x23=0x000000042f588030
x24=0x000000047d3d5000 x25=0x000000047d3d3000 x26=0x000000047d3d5268 x27=0x000000000023bcdc
x28=0x0000000000000001  fp=0x000000016f270ef0  lr=0x000000047c973e20  sp=0x000000016f270e30
pc=0x000000047c973e2c cpsr=0x0000000060001000

Register to memory mapping:

x0 =0x0 is null
x1 =0x0000600005ae8af0 points into unknown readable memory: 0x0000000000000000 | 00 00 00 00 00 00 00 00
x2 =0xffffffffffffffe0 is an unknown value
x3 =0x0000600005ae8b20 points into unknown readable memory: 0x030000018bc42f40 | 40 2f c4 8b 01 00 00 03
x4 =0x0000600005ae8b40 points into unknown readable memory: 0x0000000000000000 | 00 00 00 00 00 00 00 00
x5 =0x00000000e4e3301a is an unknown value
x6 =0x0000000000000af0 is an unknown value
x7 =0x0000000000000003 is an unknown value
x8 =0x3e43eb643e44b0b9 is an unknown value
x9 =0x0000000000000002 is an unknown value
x10=0x0 is null
x11=0x0000000000000002 is an unknown value
x12=0x0000000000000070 is an unknown value
x13=0x0000600007097a68 points into unknown readable memory: 0x065ffffce683281b | 1b 28 83 e6 fc ff 5f 06
x14=0x00000000001ff800 is an unknown value
x15=0x00000000000007fb is an unknown value
x16=0x000000018bba68a4: pthread_mutex_unlock+0 in /usr/lib/system/libsystem_pthread.dylib at 0x000000018bba5000
x17=0x00000001fab97a78 points into unknown readable memory: 0x000000018bba68a4 | a4 68 ba 8b 01 00 00 00
x18=0x0 is null
x19=0x00000005c4aac858 points into unknown readable memory: 0x3e1d1e0c3e1be969 | 69 e9 1b 3e 0c 1e 1d 3e
x20=0x000000016f270e58 is pointing into the stack for thread: 0x000000012993da00
x21=0x000000042f588198 points into unknown readable memory: 0x00000000434f4e45 | 45 4e 4f 43 00 00 00 00
x22=0x0000600015287980 points into unknown readable memory: 0x000000047d3b36a8 | a8 36 3b 7d 04 00 00 00
x23=0x000000042f588030 points into unknown readable memory: 0x000000047d3b3490 | 90 34 3b 7d 04 00 00 00
x24=0x000000047d3d5000: <offset 0xb4d000> in /Library/Audio/Plug-Ins/VST3/DecentSampler.vst3/Contents/MacOS/DecentSampler at 0x000000047c888000
x25=0x000000047d3d3000: <offset 0xb4b000> in /Library/Audio/Plug-Ins/VST3/DecentSampler.vst3/Contents/MacOS/DecentSampler at 0x000000047c888000
x26=0x000000047d3d5268: <offset 0xb4d268> in /Library/Audio/Plug-Ins/VST3/DecentSampler.vst3/Contents/MacOS/DecentSampler at 0x000000047c888000
x27=0x000000000023bcdc is an unknown value
x28=0x0000000000000001 is an unknown value
 fp=0x000000016f270ef0 is pointing into the stack for thread: 0x000000012993da00
 lr=0x000000047c973e20: GetPluginFactory+0xe6564 in /Library/Audio/Plug-Ins/VST3/DecentSampler.vst3/Contents/MacOS/DecentSampler at 0x000000047c888000
 sp=0x000000016f270e30 is pointing into the stack for thread: 0x000000012993da00

Top of Stack: (sp=0x000000016f270e30)
0x000000016f270e30:   0000000000000001 0000600000697061   ........api..`..
0x000000016f270e40:   000000016f270e80 030000018bc42f40   ..'o....@/......
0x000000016f270e50:   000000047d3cff88 0000600000697061   ..<}....api..`..
0x000000016f270e60:   000000016f270e80 030000018bc42f40   ..'o....@/......
0x000000016f270e70:   0000600007130d10 0000600013685b20   .....`.. [h..`..
0x000000016f270e80:   000000016f270ed0 000000018bc51890   ..'o............
0x000000016f270e90:   000000016f270f10 116a036294dc0071   ..'o....q...b.j.
0x000000016f270ea0:   0000000000000001 000000000023bcdc   ..........#.....
0x000000016f270eb0:   000000047d3d5268 000000047d3d3000   hR=}.....0=}....
0x000000016f270ec0:   000000047d3d5000 000000042f588030   .P=}....0.X/....
0x000000016f270ed0:   0000600015287980 000000042f588198   .y(..`....X/....
0x000000016f270ee0:   000000042f588158 0000600015287980   X.X/.....y(..`..
0x000000016f270ef0:   000000016f270f10 000000047cf023dc   ..'o.....#.|....
0x000000016f270f00:   000000042f588158 000000042f588210   X.X/......X/....
0x000000016f270f10:   000000016f270f90 000000047cf02014   ..'o..... .|....
0x000000016f270f20:   00000000211200d5 000000042f588030   ...!....0.X/....
0x000000016f270f30:   000060000bb9e760 00000001f9b5b001   `....`..........
0x000000016f270f40:   0000000000003e03 0000000000000001   .>..............
0x000000016f270f50:   00000000211200d5 0000000000000000   ...!............
0x000000016f270f60:   0000000000000004 00000001f9b5b000   ................
0x000000016f270f70:   00000000141300b9 0000000613b42d30   ........0-......
0x000000016f270f80:   000060000702cbb0 000060000da28150   .....`..P....`..
0x000000016f270f90:   000000016f270fd0 000000047cf035e4   ..'o.....5.|....
0x000000016f270fa0:   000000016f270fe0 000060000702cbb0   ..'o.........`..
0x000000016f270fb0:   00000000141300b9 0000000613b42d28   ........(-......
0x000000016f270fc0:   000060000da28150 000000047cf03548   P....`..H5.|....
0x000000016f270fd0:   000000016f270fe0 000000018bc96a64   ..'o....dj......
0x000000016f270fe0:   000000016f271010 000000018bc969f8   ..'o.....i......
0x000000016f270ff0:   0000000000000001 0000000000000001   ................
0x000000016f271000:   0000000128004c10 0000600000984000   .L.(.....@...`..
0x000000016f271010:   000000016f271070 000000018bc967c8   p.'o.....g......
0x000000016f271020:   000060000e2e6220 116a036294dc0071    b...`..q...b.j.

Instructions: (pc=0x000000047c973e2c)
  0x000000047c973d2c:   1f 00 19 eb a0 00 00 54 08 00 80 12 08 00 e8 b8
  0x000000047c973d3c:   48 00 00 35 ff 79 1f 94 e0 03 15 aa da 78 1f 94
  0x000000047c973d4c:   f4 4f be a9 fd 7b 01 a9 fd 43 00 91 f3 03 00 aa
  0x000000047c973d5c:   f4 03 00 aa 80 86 40 f8 e1 03 14 aa bd 27 00 94
  0x000000047c973d6c:   88 5e c0 39 a8 00 f8 37 e0 03 13 aa fd 7b 41 a9
  0x000000047c973d7c:   f4 4f c2 a8 c0 03 5f d6 80 02 40 f9 f0 79 1f 94
  0x000000047c973d8c:   e0 03 13 aa fd 7b 41 a9 f4 4f c2 a8 c0 03 5f d6
  0x000000047c973d9c:   56 5c fc 97 ff 43 03 d1 fc 6f 07 a9 fa 67 08 a9
  0x000000047c973dac:   f8 5f 09 a9 f6 57 0a a9 f4 4f 0b a9 fd 7b 0c a9
  0x000000047c973dbc:   fd 03 03 91 f3 03 00 aa e8 4f 00 b0 08 ed 41 f9
  0x000000047c973dcc:   08 01 40 f9 a8 83 1a f8 e8 52 00 90 08 81 3f 91
  0x000000047c973ddc:   08 c1 bf 38 f4 52 00 90 94 22 3e 91 a8 21 00 36
  0x000000047c973dec:   68 00 80 52 e8 7f 00 39 28 0c 8e 52 28 0d a0 72
  0x000000047c973dfc:   e8 0b 00 b9 f4 13 00 f9 e8 83 00 91 14 21 00 91
  0x000000047c973e0c:   e1 23 00 91 e0 03 14 aa f5 78 1f 94 e0 23 00 91
  0x000000047c973e1c:   fd 26 00 94 e8 7f c0 39 a8 00 f8 37 68 36 41 f9
=>0x000000047c973e2c:   08 01 40 39 e8 00 00 35 63 00 00 14 e0 07 40 f9
  0x000000047c973e3c:   c3 79 1f 94 68 36 41 f9 08 01 40 39 c8 0b 00 34
  0x000000047c973e4c:   75 1a 40 f9 a0 36 66 f9 a0 00 00 b5 08 7b 89 52
  0x000000047c973e5c:   a0 02 08 8b b3 be ff 97 a0 36 66 f9 ae ea 15 94
  0x000000047c973e6c:   75 1a 40 f9 a0 36 66 f9 a0 00 00 b5 08 7b 89 52
  0x000000047c973e7c:   a0 02 08 8b ab be ff 97 a0 36 66 f9 17 53 00 90
  0x000000047c973e8c:   f7 a2 23 91 e8 42 00 91 e8 23 00 f9 c1 4c 00 f0
  0x000000047c973e9c:   21 64 37 91 e8 23 00 91 e2 03 01 91 19 84 14 94
  0x000000047c973eac:   f6 07 40 f9 e0 03 16 aa 1d 7a 1f 94 f5 03 00 aa
  0x000000047c973ebc:   c0 42 00 d1 1f 00 17 eb a0 00 00 54 08 00 80 12
  0x000000047c973ecc:   08 00 e8 b8 48 00 00 35 9a 79 1f 94 e8 23 40 f9
  0x000000047c973edc:   00 41 00 d1 1f 00 17 eb 80 00 00 54 08 00 80 12
  0x000000047c973eec:   08 00 e8 b8 28 06 00 34 bf 06 00 f1 4b 06 00 54
  0x000000047c973efc:   75 4e 01 f9 e0 23 00 91 01 00 80 d2 aa 7a 1f 94
  0x000000047c973f0c:   e8 07 40 f9 e9 13 80 b9 4a ba 89 92 aa f3 bd f2
  0x000000047c973f1c:   29 7d 0a 9b 2a fd 7f d3 29 fd 66 93 29 01 0a 0b


Stack slot to memory mapping:

stack at sp + 0 slots: 0x0000000000000001 is an unknown value
stack at sp + 1 slots: 0x0000600000697061 points into unknown readable memory: 00 00 00 00 00 00 00
stack at sp + 2 slots: 0x000000016f270e80 is pointing into the stack for thread: 0x000000012993da00
stack at sp + 3 slots: 0x030000018bc42f40: cow_cleanup+0xa4 in /System/Library/Frameworks/CoreFoundation.framework/Versions/A/CoreFoundation at 0x000000018bc1a000
stack at sp + 4 slots: 0x000000047d3cff88: <offset 0xb47f88> in /Library/Audio/Plug-Ins/VST3/DecentSampler.vst3/Contents/MacOS/DecentSampler at 0x000000047c888000
stack at sp + 5 slots: 0x0000600000697061 points into unknown readable memory: 00 00 00 00 00 00 00
stack at sp + 6 slots: 0x000000016f270e80 is pointing into the stack for thread: 0x000000012993da00
stack at sp + 7 slots: 0x030000018bc42f40: cow_cleanup+0xa4 in /System/Library/Frameworks/CoreFoundation.framework/Versions/A/CoreFoundation at 0x000000018bc1a000

Lock stack of current Java thread (top to bottom):


---------------  P R O C E S S  ---------------

Threads class SMR info:
_java_thread_list=0x000060000f7f0680, length=16, elements={
0x000000012993da00, 0x0000000107587200, 0x0000000107586a00, 0x000000015ec66400,
0x000000015ec71800, 0x000000015ec54400, 0x00000001106dc000, 0x0000000110748a00,
0x000000011072a800, 0x00000001075c5e00, 0x00000001073f5600, 0x00000001100caa00,
0x000000012a0f2800, 0x000000012985ea00, 0x00000001077d3a00, 0x0000000323029a00
}

Java Threads: ( => current thread )
=>0x000000012993da00 JavaThread "main"                              [_thread_in_native, id=259, stack(0x000000016ea7c000,0x000000016f278000) (8176K)]
  0x0000000107587200 JavaThread "Reference Handler"          daemon [_thread_blocked, id=240899, stack(0x000000017fdac000,0x000000017ffaf000) (2060K)]
  0x0000000107586a00 JavaThread "Finalizer"                  daemon [_thread_blocked, id=240387, stack(0x0000000304004000,0x0000000304207000) (2060K)]
  0x000000015ec66400 JavaThread "Signal Dispatcher"          daemon [_thread_blocked, id=196867, stack(0x0000000304210000,0x0000000304413000) (2060K)]
  0x000000015ec71800 JavaThread "Service Thread"             daemon [_thread_blocked, id=240131, stack(0x000000030441c000,0x000000030461f000) (2060K)]
  0x000000015ec54400 JavaThread "Monitor Deflation Thread"   daemon [_thread_blocked, id=197379, stack(0x0000000304628000,0x000000030482b000) (2060K)]
  0x00000001106dc000 JavaThread "C2 CompilerThread0"         daemon [_thread_blocked, id=197635, stack(0x0000000304834000,0x0000000304a37000) (2060K)]
  0x0000000110748a00 JavaThread "C1 CompilerThread0"         daemon [_thread_blocked, id=197891, stack(0x0000000304a40000,0x0000000304c43000) (2060K)]
  0x000000011072a800 JavaThread "Notification Thread"        daemon [_thread_blocked, id=198403, stack(0x0000000304c4c000,0x0000000304e4f000) (2060K)]
  0x00000001075c5e00 JavaThread "Common-Cleaner"             daemon [_thread_blocked, id=198659, stack(0x0000000304e58000,0x000000030505b000) (2060K)]
  0x00000001073f5600 JavaThread "TimerQueue"                 daemon [_thread_blocked, id=60423, stack(0x00000003304ec000,0x00000003306ef000) (2060K)]
  0x00000001100caa00 JavaThread "AWT-Shutdown"                      [_thread_blocked, id=208919, stack(0x0000000305594000,0x0000000305797000) (2060K)]
  0x000000012a0f2800 JavaThread "AWT-EventQueue-0"                  [_thread_blocked, id=36119, stack(0x0000000326c88000,0x0000000326e8b000) (2060K)]
  0x000000012985ea00 JavaThread "Java2D Queue Flusher"       daemon [_thread_blocked, id=51467, stack(0x0000000332430000,0x0000000332633000) (2060K)]
  0x00000001077d3a00 JavaThread "Java2D Disposer"            daemon [_thread_blocked, id=49675, stack(0x000000033263c000,0x000000033283f000) (2060K)]
  0x0000000323029a00 JavaThread "pool-2-thread-1"                   [_thread_blocked, id=226059, stack(0x0000000375510000,0x0000000375713000) (2060K)]
Total: 16

Other Threads:
  0x00000001073eea00 VMThread "VM Thread"                           [id=243715, stack(0x000000017fba0000,0x000000017fda3000) (2060K)]
  0x00000001078c52d0 WatcherThread "VM Periodic Task Thread"        [id=193283, stack(0x000000017f994000,0x000000017fb97000) (2060K)]
  0x000000015ec8a000 WorkerThread "GC Thread#0"                     [id=246275, stack(0x000000017ef58000,0x000000017f15b000) (2060K)]
  0x0000000386e10000 WorkerThread "GC Thread#1"                     [id=274475, stack(0x0000000385290000,0x0000000385493000) (2060K)]
  0x0000000386902600 WorkerThread "GC Thread#2"                     [id=465703, stack(0x00000003895f0000,0x00000003897f3000) (2060K)]
  0x0000000386e11000 WorkerThread "GC Thread#3"                     [id=460815, stack(0x000000038a968000,0x000000038ab6b000) (2060K)]
  0x0000000386c11000 WorkerThread "GC Thread#4"                     [id=270603, stack(0x000000038ab74000,0x000000038ad77000) (2060K)]
  0x0000000386953e00 WorkerThread "GC Thread#5"                     [id=400003, stack(0x000000038ad80000,0x000000038af83000) (2060K)]
  0x0000000386954400 WorkerThread "GC Thread#6"                     [id=385663, stack(0x00000003a1940000,0x00000003a1b43000) (2060K)]
  0x00000003868f1e00 WorkerThread "GC Thread#7"                     [id=462635, stack(0x00000003a5d04000,0x00000003a5f07000) (2060K)]
  0x0000000107408a00 ConcurrentGCThread "G1 Main Marker"            [id=191747, stack(0x000000017f164000,0x000000017f367000) (2060K)]
  0x000000011072e000 WorkerThread "G1 Conc#0"                       [id=245763, stack(0x000000017f370000,0x000000017f573000) (2060K)]
  0x00000001073f3000 ConcurrentGCThread "G1 Refine#0"               [id=245507, stack(0x000000017f57c000,0x000000017f77f000) (2060K)]
  0x0000000107499a00 ConcurrentGCThread "G1 Service"                [id=244995, stack(0x000000017f788000,0x000000017f98b000) (2060K)]
Total: 14

Threads with active compile tasks:
Total: 0

VM state: not at safepoint (normal execution)

VM Mutex/Monitor currently owned by a thread: None

Heap address: 0x0000000700000000, size: 4096 MB, Compressed Oops mode: Zero based, Oop shift amount: 3

CDS archive(s) not mapped
Compressed class space mapped at: 0x00000ffc00000000-0x00000ffc40000000, reserved size: 1073741824
UseCompressedClassPointers 1, UseCompactObjectHeaders 0
Narrow klass pointer bits 32, Max shift 3
Narrow klass base: 0x00000ffc00000000, Narrow klass shift: 0
Encoding Range: [0x00000ffc00000000 - 0x00000ffd00000000), (4294967296 bytes)
Klass Range:    [0x00000ffc00000000 - 0x00000ffc40000000), (1073741824 bytes)
Klass ID Range:  [8 - 1073741817) (1073741809)
Protection zone: [0x00000ffc00000000 - 0x00000ffc00010000), (65536 bytes)

GC Precious Log:
 CardTable entry size: 512
 Card Set container configuration: InlinePtr #cards 4 size 8 Array Of Cards #cards 16 size 48 Howl #buckets 8 coarsen threshold 3686 Howl Bitmap #cards 512 size 80 coarsen threshold 460 Card regions per heap region 1 cards per card region 4096
 CPUs: 8 total, 8 available
 Memory: 16384M
 Large Page Support: Disabled
 NUMA Support: Disabled
 Compressed Oops: Enabled (Zero based)
 Heap Region Size: 2M
 Heap Min Capacity: 8M
 Heap Initial Capacity: 256M
 Heap Max Capacity: 4G
 Pre-touch: Disabled
 Parallel Workers: 8
 Concurrent Workers: 2
 Concurrent Refinement Workers: 8
 Periodic GC: Disabled

Heap:
 garbage-first heap   total reserved 4194304K, committed 262144K, used 135423K [0x0000000700000000, 0x0000000800000000)
  region size 2048K, 28 young (57344K), 9 survivors (18432K)

Heap Regions: E=young(eden), S=young(survivor), O=old, HS=humongous(starts), HC=humongous(continues), CS=collection set, F=free, TAMS=top-at-mark-start, PB=parsable bottom
|   0|0x0000000700000000, 0x0000000700200000, 0x0000000700200000|100%| O|  |TAMS 0x0000000700000000| PB 0x0000000700000000| Untracked |  0
|   1|0x0000000700200000, 0x0000000700400000, 0x0000000700400000|100%| O|  |TAMS 0x0000000700200000| PB 0x0000000700200000| Untracked |  0
|   2|0x0000000700400000, 0x0000000700600000, 0x0000000700600000|100%| O|  |TAMS 0x0000000700400000| PB 0x0000000700400000| Untracked |  0
|   3|0x0000000700600000, 0x0000000700800000, 0x0000000700800000|100%| O|  |TAMS 0x0000000700600000| PB 0x0000000700600000| Untracked |  0
|   4|0x0000000700800000, 0x0000000700a00000, 0x0000000700a00000|100%|HS|  |TAMS 0x0000000700800000| PB 0x0000000700800000| Complete |  0
|   5|0x0000000700a00000, 0x0000000700c00000, 0x0000000700c00000|100%|HS|  |TAMS 0x0000000700a00000| PB 0x0000000700a00000| Complete |  0
|   6|0x0000000700c00000, 0x0000000700e00000, 0x0000000700e00000|100%|HS|  |TAMS 0x0000000700c00000| PB 0x0000000700c00000| Complete |  0
|   7|0x0000000700e00000, 0x0000000701000000, 0x0000000701000000|100%|HS|  |TAMS 0x0000000700e00000| PB 0x0000000700e00000| Complete |  0
|   8|0x0000000701000000, 0x0000000701200000, 0x0000000701200000|100%|HS|  |TAMS 0x0000000701000000| PB 0x0000000701000000| Complete |  0
|   9|0x0000000701200000, 0x0000000701400000, 0x0000000701400000|100%|HC|  |TAMS 0x0000000701200000| PB 0x0000000701200000| Complete |  0
|  10|0x0000000701400000, 0x0000000701600000, 0x0000000701600000|100%|HS|  |TAMS 0x0000000701400000| PB 0x0000000701400000| Complete |  0
|  11|0x0000000701600000, 0x0000000701800000, 0x0000000701800000|100%|HC|  |TAMS 0x0000000701600000| PB 0x0000000701600000| Complete |  0
|  12|0x0000000701800000, 0x0000000701a00000, 0x0000000701a00000|100%|HS|  |TAMS 0x0000000701800000| PB 0x0000000701800000| Complete |  0
|  13|0x0000000701a00000, 0x0000000701c00000, 0x0000000701c00000|100%|HC|  |TAMS 0x0000000701a00000| PB 0x0000000701a00000| Complete |  0
|  14|0x0000000701c00000, 0x0000000701e00000, 0x0000000701e00000|100%|HS|  |TAMS 0x0000000701c00000| PB 0x0000000701c00000| Complete |  0
|  15|0x0000000701e00000, 0x0000000702000000, 0x0000000702000000|100%|HC|  |TAMS 0x0000000701e00000| PB 0x0000000701e00000| Complete |  0
|  16|0x0000000702000000, 0x0000000702200000, 0x0000000702200000|100%|HS|  |TAMS 0x0000000702000000| PB 0x0000000702000000| Complete |  0
|  17|0x0000000702200000, 0x0000000702400000, 0x0000000702400000|100%|HC|  |TAMS 0x0000000702200000| PB 0x0000000702200000| Complete |  0
|  18|0x0000000702400000, 0x0000000702600000, 0x0000000702600000|100%|HS|  |TAMS 0x0000000702400000| PB 0x0000000702400000| Complete |  0
|  19|0x0000000702600000, 0x0000000702800000, 0x0000000702800000|100%|HC|  |TAMS 0x0000000702600000| PB 0x0000000702600000| Complete |  0
|  20|0x0000000702800000, 0x0000000702a00000, 0x0000000702a00000|100%|HS|  |TAMS 0x0000000702800000| PB 0x0000000702800000| Complete |  0
|  21|0x0000000702a00000, 0x0000000702c00000, 0x0000000702c00000|100%|HC|  |TAMS 0x0000000702a00000| PB 0x0000000702a00000| Complete |  0
|  22|0x0000000702c00000, 0x0000000702e00000, 0x0000000702e00000|100%|HS|  |TAMS 0x0000000702c00000| PB 0x0000000702c00000| Complete |  0
|  23|0x0000000702e00000, 0x0000000703000000, 0x0000000703000000|100%|HC|  |TAMS 0x0000000702e00000| PB 0x0000000702e00000| Complete |  0
|  24|0x0000000703000000, 0x0000000703200000, 0x0000000703200000|100%|HS|  |TAMS 0x0000000703000000| PB 0x0000000703000000| Complete |  0
|  25|0x0000000703200000, 0x0000000703400000, 0x0000000703400000|100%|HC|  |TAMS 0x0000000703200000| PB 0x0000000703200000| Complete |  0
|  26|0x0000000703400000, 0x0000000703600000, 0x0000000703600000|100%|HS|  |TAMS 0x0000000703400000| PB 0x0000000703400000| Complete |  0
|  27|0x0000000703600000, 0x0000000703800000, 0x0000000703800000|100%|HC|  |TAMS 0x0000000703600000| PB 0x0000000703600000| Complete |  0
|  28|0x0000000703800000, 0x0000000703a00000, 0x0000000703a00000|100%|HS|  |TAMS 0x0000000703800000| PB 0x0000000703800000| Complete |  0
|  29|0x0000000703a00000, 0x0000000703c00000, 0x0000000703c00000|100%|HS|  |TAMS 0x0000000703a00000| PB 0x0000000703a00000| Complete |  0
|  30|0x0000000703c00000, 0x0000000703e00000, 0x0000000703e00000|100%|HS|  |TAMS 0x0000000703c00000| PB 0x0000000703c00000| Complete |  0
|  31|0x0000000703e00000, 0x0000000704000000, 0x0000000704000000|100%|HS|  |TAMS 0x0000000703e00000| PB 0x0000000703e00000| Complete |  0
|  32|0x0000000704000000, 0x0000000704200000, 0x0000000704200000|100%| O|  |TAMS 0x0000000704000000| PB 0x0000000704000000| Untracked |  0
|  33|0x0000000704200000, 0x0000000704400000, 0x0000000704400000|100%| O|  |TAMS 0x0000000704200000| PB 0x0000000704200000| Untracked |  0
|  34|0x0000000704400000, 0x0000000704600000, 0x0000000704600000|100%|HS|  |TAMS 0x0000000704400000| PB 0x0000000704400000| Complete |  0
|  35|0x0000000704600000, 0x0000000704800000, 0x0000000704800000|100%|HS|  |TAMS 0x0000000704600000| PB 0x0000000704600000| Complete |  0
|  36|0x0000000704800000, 0x0000000704a00000, 0x0000000704a00000|100%|HS|  |TAMS 0x0000000704800000| PB 0x0000000704800000| Complete |  0
|  37|0x0000000704a00000, 0x0000000704c00000, 0x0000000704c00000|100%| O|  |TAMS 0x0000000704a00000| PB 0x0000000704a00000| Untracked |  0
|  38|0x0000000704c00000, 0x0000000704e00000, 0x0000000704e00000|100%| O|  |TAMS 0x0000000704c00000| PB 0x0000000704c00000| Untracked |  0
|  39|0x0000000704e00000, 0x0000000704e95d40, 0x0000000705000000| 29%| O|  |TAMS 0x0000000704e00000| PB 0x0000000704e00000| Untracked |  0
|  40|0x0000000705000000, 0x0000000705000000, 0x0000000705200000|  0%| F|  |TAMS 0x0000000705000000| PB 0x0000000705000000| Untracked |  0
|  41|0x0000000705200000, 0x0000000705200000, 0x0000000705400000|  0%| F|  |TAMS 0x0000000705200000| PB 0x0000000705200000| Untracked |  0
|  42|0x0000000705400000, 0x0000000705400000, 0x0000000705600000|  0%| F|  |TAMS 0x0000000705400000| PB 0x0000000705400000| Untracked |  0
|  43|0x0000000705600000, 0x0000000705600000, 0x0000000705800000|  0%| F|  |TAMS 0x0000000705600000| PB 0x0000000705600000| Untracked |  0
|  44|0x0000000705800000, 0x0000000705800000, 0x0000000705a00000|  0%| F|  |TAMS 0x0000000705800000| PB 0x0000000705800000| Untracked |  0
|  45|0x0000000705a00000, 0x0000000705a00000, 0x0000000705c00000|  0%| F|  |TAMS 0x0000000705a00000| PB 0x0000000705a00000| Untracked |  0
|  46|0x0000000705c00000, 0x0000000705c00000, 0x0000000705e00000|  0%| F|  |TAMS 0x0000000705c00000| PB 0x0000000705c00000| Untracked |  0
|  47|0x0000000705e00000, 0x0000000705e00000, 0x0000000706000000|  0%| F|  |TAMS 0x0000000705e00000| PB 0x0000000705e00000| Untracked |  0
|  48|0x0000000706000000, 0x00000007061aa0c0, 0x0000000706200000| 83%| S|CS|TAMS 0x0000000706000000| PB 0x0000000706000000| Complete |  0
|  49|0x0000000706200000, 0x0000000706400000, 0x0000000706400000|100%| S|CS|TAMS 0x0000000706200000| PB 0x0000000706200000| Complete |  0
|  50|0x0000000706400000, 0x0000000706600000, 0x0000000706600000|100%| S|CS|TAMS 0x0000000706400000| PB 0x0000000706400000| Complete |  0
|  51|0x0000000706600000, 0x0000000706800000, 0x0000000706800000|100%| S|CS|TAMS 0x0000000706600000| PB 0x0000000706600000| Complete |  0
|  52|0x0000000706800000, 0x0000000706a00000, 0x0000000706a00000|100%| S|CS|TAMS 0x0000000706800000| PB 0x0000000706800000| Complete |  0
|  53|0x0000000706a00000, 0x0000000706c00000, 0x0000000706c00000|100%| S|CS|TAMS 0x0000000706a00000| PB 0x0000000706a00000| Complete |  0
|  54|0x0000000706c00000, 0x0000000706e00000, 0x0000000706e00000|100%| S|CS|TAMS 0x0000000706c00000| PB 0x0000000706c00000| Complete |  0
|  55|0x0000000706e00000, 0x0000000707000000, 0x0000000707000000|100%| S|CS|TAMS 0x0000000706e00000| PB 0x0000000706e00000| Complete |  0
|  56|0x0000000707000000, 0x0000000707000000, 0x0000000707200000|  0%| F|  |TAMS 0x0000000707000000| PB 0x0000000707000000| Untracked |  0
|  57|0x0000000707200000, 0x0000000707200000, 0x0000000707400000|  0%| F|  |TAMS 0x0000000707200000| PB 0x0000000707200000| Untracked |  0
|  58|0x0000000707400000, 0x0000000707400000, 0x0000000707600000|  0%| F|  |TAMS 0x0000000707400000| PB 0x0000000707400000| Untracked |  0
|  59|0x0000000707600000, 0x0000000707600000, 0x0000000707800000|  0%| F|  |TAMS 0x0000000707600000| PB 0x0000000707600000| Untracked |  0
|  60|0x0000000707800000, 0x0000000707800000, 0x0000000707a00000|  0%| F|  |TAMS 0x0000000707800000| PB 0x0000000707800000| Untracked |  0
|  61|0x0000000707a00000, 0x0000000707a00000, 0x0000000707c00000|  0%| F|  |TAMS 0x0000000707a00000| PB 0x0000000707a00000| Untracked |  0
|  62|0x0000000707c00000, 0x0000000707c00000, 0x0000000707e00000|  0%| F|  |TAMS 0x0000000707c00000| PB 0x0000000707c00000| Untracked |  0
|  63|0x0000000707e00000, 0x0000000708000000, 0x0000000708000000|100%| S|CS|TAMS 0x0000000707e00000| PB 0x0000000707e00000| Complete |  0
|  64|0x0000000708000000, 0x0000000708000000, 0x0000000708200000|  0%| F|  |TAMS 0x0000000708000000| PB 0x0000000708000000| Untracked |  0
|  65|0x0000000708200000, 0x0000000708200000, 0x0000000708400000|  0%| F|  |TAMS 0x0000000708200000| PB 0x0000000708200000| Untracked |  0
|  66|0x0000000708400000, 0x0000000708400000, 0x0000000708600000|  0%| F|  |TAMS 0x0000000708400000| PB 0x0000000708400000| Untracked |  0
|  67|0x0000000708600000, 0x0000000708600000, 0x0000000708800000|  0%| F|  |TAMS 0x0000000708600000| PB 0x0000000708600000| Untracked |  0
|  68|0x0000000708800000, 0x0000000708800000, 0x0000000708a00000|  0%| F|  |TAMS 0x0000000708800000| PB 0x0000000708800000| Untracked |  0
|  69|0x0000000708a00000, 0x0000000708a00000, 0x0000000708c00000|  0%| F|  |TAMS 0x0000000708a00000| PB 0x0000000708a00000| Untracked |  0
|  70|0x0000000708c00000, 0x0000000708c00000, 0x0000000708e00000|  0%| F|  |TAMS 0x0000000708c00000| PB 0x0000000708c00000| Untracked |  0
|  71|0x0000000708e00000, 0x0000000708e00000, 0x0000000709000000|  0%| F|  |TAMS 0x0000000708e00000| PB 0x0000000708e00000| Untracked |  0
|  72|0x0000000709000000, 0x0000000709000000, 0x0000000709200000|  0%| F|  |TAMS 0x0000000709000000| PB 0x0000000709000000| Untracked |  0
|  73|0x0000000709200000, 0x0000000709200000, 0x0000000709400000|  0%| F|  |TAMS 0x0000000709200000| PB 0x0000000709200000| Untracked |  0
|  74|0x0000000709400000, 0x0000000709400000, 0x0000000709600000|  0%| F|  |TAMS 0x0000000709400000| PB 0x0000000709400000| Untracked |  0
|  75|0x0000000709600000, 0x0000000709600000, 0x0000000709800000|  0%| F|  |TAMS 0x0000000709600000| PB 0x0000000709600000| Untracked |  0
|  76|0x0000000709800000, 0x0000000709800000, 0x0000000709a00000|  0%| F|  |TAMS 0x0000000709800000| PB 0x0000000709800000| Untracked |  0
|  77|0x0000000709a00000, 0x0000000709a00000, 0x0000000709c00000|  0%| F|  |TAMS 0x0000000709a00000| PB 0x0000000709a00000| Untracked |  0
|  78|0x0000000709c00000, 0x0000000709c00000, 0x0000000709e00000|  0%| F|  |TAMS 0x0000000709c00000| PB 0x0000000709c00000| Untracked |  0
|  79|0x0000000709e00000, 0x0000000709e00000, 0x000000070a000000|  0%| F|  |TAMS 0x0000000709e00000| PB 0x0000000709e00000| Untracked |  0
|  80|0x000000070a000000, 0x000000070a000000, 0x000000070a200000|  0%| F|  |TAMS 0x000000070a000000| PB 0x000000070a000000| Untracked |  0
|  81|0x000000070a200000, 0x000000070a200000, 0x000000070a400000|  0%| F|  |TAMS 0x000000070a200000| PB 0x000000070a200000| Untracked |  0
|  82|0x000000070a400000, 0x000000070a400000, 0x000000070a600000|  0%| F|  |TAMS 0x000000070a400000| PB 0x000000070a400000| Untracked |  0
|  83|0x000000070a600000, 0x000000070a600000, 0x000000070a800000|  0%| F|  |TAMS 0x000000070a600000| PB 0x000000070a600000| Untracked |  0
|  84|0x000000070a800000, 0x000000070a800000, 0x000000070aa00000|  0%| F|  |TAMS 0x000000070a800000| PB 0x000000070a800000| Untracked |  0
|  85|0x000000070aa00000, 0x000000070aa00000, 0x000000070ac00000|  0%| F|  |TAMS 0x000000070aa00000| PB 0x000000070aa00000| Untracked |  0
|  86|0x000000070ac00000, 0x000000070ac00000, 0x000000070ae00000|  0%| F|  |TAMS 0x000000070ac00000| PB 0x000000070ac00000| Untracked |  0
|  87|0x000000070ae00000, 0x000000070ae00000, 0x000000070b000000|  0%| F|  |TAMS 0x000000070ae00000| PB 0x000000070ae00000| Untracked |  0
|  88|0x000000070b000000, 0x000000070b000000, 0x000000070b200000|  0%| F|  |TAMS 0x000000070b000000| PB 0x000000070b000000| Untracked |  0
|  89|0x000000070b200000, 0x000000070b200000, 0x000000070b400000|  0%| F|  |TAMS 0x000000070b200000| PB 0x000000070b200000| Untracked |  0
|  90|0x000000070b400000, 0x000000070b400000, 0x000000070b600000|  0%| F|  |TAMS 0x000000070b400000| PB 0x000000070b400000| Untracked |  0
|  91|0x000000070b600000, 0x000000070b600000, 0x000000070b800000|  0%| F|  |TAMS 0x000000070b600000| PB 0x000000070b600000| Untracked |  0
|  92|0x000000070b800000, 0x000000070b800000, 0x000000070ba00000|  0%| F|  |TAMS 0x000000070b800000| PB 0x000000070b800000| Untracked |  0
|  93|0x000000070ba00000, 0x000000070ba00000, 0x000000070bc00000|  0%| F|  |TAMS 0x000000070ba00000| PB 0x000000070ba00000| Untracked |  0
|  94|0x000000070bc00000, 0x000000070bc00000, 0x000000070be00000|  0%| F|  |TAMS 0x000000070bc00000| PB 0x000000070bc00000| Untracked |  0
|  95|0x000000070be00000, 0x000000070be00000, 0x000000070c000000|  0%| F|  |TAMS 0x000000070be00000| PB 0x000000070be00000| Untracked |  0
|  96|0x000000070c000000, 0x000000070c000000, 0x000000070c200000|  0%| F|  |TAMS 0x000000070c000000| PB 0x000000070c000000| Untracked |  0
|  97|0x000000070c200000, 0x000000070c200000, 0x000000070c400000|  0%| F|  |TAMS 0x000000070c200000| PB 0x000000070c200000| Untracked |  0
|  98|0x000000070c400000, 0x000000070c400000, 0x000000070c600000|  0%| F|  |TAMS 0x000000070c400000| PB 0x000000070c400000| Untracked |  0
|  99|0x000000070c600000, 0x000000070c600000, 0x000000070c800000|  0%| F|  |TAMS 0x000000070c600000| PB 0x000000070c600000| Untracked |  0
| 100|0x000000070c800000, 0x000000070c800000, 0x000000070ca00000|  0%| F|  |TAMS 0x000000070c800000| PB 0x000000070c800000| Untracked |  0
| 101|0x000000070ca00000, 0x000000070ca00000, 0x000000070cc00000|  0%| F|  |TAMS 0x000000070ca00000| PB 0x000000070ca00000| Untracked |  0
| 102|0x000000070cc00000, 0x000000070cc00000, 0x000000070ce00000|  0%| F|  |TAMS 0x000000070cc00000| PB 0x000000070cc00000| Untracked |  0
| 103|0x000000070ce00000, 0x000000070ce00000, 0x000000070d000000|  0%| F|  |TAMS 0x000000070ce00000| PB 0x000000070ce00000| Untracked |  0
| 104|0x000000070d000000, 0x000000070d000000, 0x000000070d200000|  0%| F|  |TAMS 0x000000070d000000| PB 0x000000070d000000| Untracked |  0
| 105|0x000000070d200000, 0x000000070d200000, 0x000000070d400000|  0%| F|  |TAMS 0x000000070d200000| PB 0x000000070d200000| Untracked |  0
| 106|0x000000070d400000, 0x000000070d400000, 0x000000070d600000|  0%| F|  |TAMS 0x000000070d400000| PB 0x000000070d400000| Untracked |  0
| 107|0x000000070d600000, 0x000000070d600000, 0x000000070d800000|  0%| F|  |TAMS 0x000000070d600000| PB 0x000000070d600000| Untracked |  0
| 108|0x000000070d800000, 0x000000070d800000, 0x000000070da00000|  0%| F|  |TAMS 0x000000070d800000| PB 0x000000070d800000| Untracked |  0
| 109|0x000000070da00000, 0x000000070db00000, 0x000000070dc00000| 50%| E|  |TAMS 0x000000070da00000| PB 0x000000070da00000| Complete |  0
| 110|0x000000070dc00000, 0x000000070de00000, 0x000000070de00000|100%| E|CS|TAMS 0x000000070dc00000| PB 0x000000070dc00000| Complete |  0
| 111|0x000000070de00000, 0x000000070e000000, 0x000000070e000000|100%| E|CS|TAMS 0x000000070de00000| PB 0x000000070de00000| Complete |  0
| 112|0x000000070e000000, 0x000000070e200000, 0x000000070e200000|100%| E|CS|TAMS 0x000000070e000000| PB 0x000000070e000000| Complete |  0
| 113|0x000000070e200000, 0x000000070e400000, 0x000000070e400000|100%| E|CS|TAMS 0x000000070e200000| PB 0x000000070e200000| Complete |  0
| 114|0x000000070e400000, 0x000000070e600000, 0x000000070e600000|100%| E|CS|TAMS 0x000000070e400000| PB 0x000000070e400000| Complete |  0
| 115|0x000000070e600000, 0x000000070e800000, 0x000000070e800000|100%| E|CS|TAMS 0x000000070e600000| PB 0x000000070e600000| Complete |  0
| 116|0x000000070e800000, 0x000000070ea00000, 0x000000070ea00000|100%| E|CS|TAMS 0x000000070e800000| PB 0x000000070e800000| Complete |  0
| 117|0x000000070ea00000, 0x000000070ec00000, 0x000000070ec00000|100%| E|CS|TAMS 0x000000070ea00000| PB 0x000000070ea00000| Complete |  0
| 118|0x000000070ec00000, 0x000000070ee00000, 0x000000070ee00000|100%| E|CS|TAMS 0x000000070ec00000| PB 0x000000070ec00000| Complete |  0
| 119|0x000000070ee00000, 0x000000070f000000, 0x000000070f000000|100%| E|CS|TAMS 0x000000070ee00000| PB 0x000000070ee00000| Complete |  0
| 120|0x000000070f000000, 0x000000070f200000, 0x000000070f200000|100%| E|CS|TAMS 0x000000070f000000| PB 0x000000070f000000| Complete |  0
| 121|0x000000070f200000, 0x000000070f400000, 0x000000070f400000|100%| E|CS|TAMS 0x000000070f200000| PB 0x000000070f200000| Complete |  0
| 122|0x000000070f400000, 0x000000070f600000, 0x000000070f600000|100%| E|CS|TAMS 0x000000070f400000| PB 0x000000070f400000| Complete |  0
| 123|0x000000070f600000, 0x000000070f800000, 0x000000070f800000|100%| E|CS|TAMS 0x000000070f600000| PB 0x000000070f600000| Complete |  0
| 124|0x000000070f800000, 0x000000070fa00000, 0x000000070fa00000|100%| E|CS|TAMS 0x000000070f800000| PB 0x000000070f800000| Complete |  0
| 125|0x000000070fa00000, 0x000000070fc00000, 0x000000070fc00000|100%| E|CS|TAMS 0x000000070fa00000| PB 0x000000070fa00000| Complete |  0
| 126|0x000000070fc00000, 0x000000070fe00000, 0x000000070fe00000|100%| E|CS|TAMS 0x000000070fc00000| PB 0x000000070fc00000| Complete |  0
| 127|0x000000070fe00000, 0x0000000710000000, 0x0000000710000000|100%| E|CS|TAMS 0x000000070fe00000| PB 0x000000070fe00000| Complete |  0

Card table byte_map: [0x00000001114ac000,0x0000000111cac000] _byte_map_base: 0x000000010dcac000

Marking Bits: (CMBitMap*) 0x000000010750d610
 Bits: [0x0000000163970000, 0x0000000167970000)

Polling page: 0x000000011084c000

Metaspace:
Metaspace        used 20391K, committed 20608K, reserved 1114112K
 class space     used 2388K, committed 2496K, reserved 1048576K

Usage:
  Non-class:     17.58 MB used.
      Class:      2.33 MB used.
       Both:     19.91 MB used.

Virtual space:
  Non-class space:       64.00 MB reserved,      17.69 MB ( 28%) committed,  1 nodes.
      Class space:        1.00 GB reserved,       2.44 MB ( <1%) committed,  1 nodes.
             Both:        1.06 GB reserved,      20.12 MB (  2%) committed. 

Chunk freelists:
   Non-Class:  14.16 MB
       Class:  13.56 MB
        Both:  27.72 MB

MaxMetaspaceSize: unlimited
CompressedClassSpaceSize: 1.00 GB
Initial GC threshold: 21.00 MB
Current GC threshold: 21.00 MB
CDS: off
 - commit_granule_bytes: 65536.
 - commit_granule_words: 8192.
 - virtual_space_node_default_size: 8388608.
 - enlarge_chunks_in_place: 1.
UseCompressedClassPointers 1, UseCompactObjectHeaders 0
Narrow klass pointer bits 32, Max shift 3
Narrow klass base: 0x00000ffc00000000, Narrow klass shift: 0
Encoding Range: [0x00000ffc00000000 - 0x00000ffd00000000), (4294967296 bytes)
Klass Range:    [0x00000ffc00000000 - 0x00000ffc40000000), (1073741824 bytes)
Klass ID Range:  [8 - 1073741817) (1073741809)
Protection zone: [0x00000ffc00000000 - 0x00000ffc00010000), (65536 bytes)


Internal statistics:

num_allocs_failed_limit: 0.
num_arena_births: 174.
num_arena_deaths: 0.
num_vsnodes_births: 2.
num_vsnodes_deaths: 0.
num_space_committed: 322.
num_space_uncommitted: 0.
num_chunks_returned_to_freelist: 0.
num_chunks_taken_from_freelist: 309.
num_chunk_merges: 0.
num_chunk_splits: 175.
num_chunks_enlarged: 107.
num_inconsistent_stats: 0.

CodeHeap 'non-profiled nmethods': size=120032Kb used=673Kb max_used=673Kb free=119358Kb
 bounds [0x0000000177a1c000, 0x0000000177c8c000, 0x000000017ef54000]
CodeHeap 'profiled nmethods': size=120032Kb used=2889Kb max_used=2889Kb free=117142Kb
 bounds [0x000000016ff50000, 0x0000000170230000, 0x0000000177488000]
CodeHeap 'non-nmethods': size=5712Kb used=1502Kb max_used=1557Kb free=4209Kb
 bounds [0x0000000177488000, 0x00000001776f8000, 0x0000000177a1c000]
CodeCache: size=245776Kb, used=5064Kb, max_used=5119Kb, free=240709Kb
 total_blobs=2945, nmethods=2201, adapters=652, full_count=0
Compilation: enabled, stopped_count=0, restarted_count=0

Compilation events (20 events):
Event: 1651.811 Thread 0x0000000110748a00 2199       3       java.util.concurrent.locks.ReentrantLock$NonfairSync::tryAcquire (27 bytes)
Event: 1651.813 Thread 0x0000000110748a00 nmethod 2199 0x000000017021d608 code [0x000000017021d700, 0x000000017021db10]
Event: 1702.281 Thread 0x00000001106dc000 2200   !   4       java.util.concurrent.locks.AbstractQueuedSynchronizer::acquire (448 bytes)
Event: 1702.321 Thread 0x00000001106dc000 nmethod 2200 0x0000000177ac3088 code [0x0000000177ac3180, 0x0000000177ac3f88]
Event: 1702.321 Thread 0x00000001106dc000 2201       4       java.util.concurrent.locks.ReentrantLock$NonfairSync::tryAcquire (27 bytes)
Event: 1702.326 Thread 0x00000001106dc000 nmethod 2201 0x0000000177ac3fc8 code [0x0000000177ac40c0, 0x0000000177ac4260]
Event: 1795.672 Thread 0x00000001106dc000 2202       4       java.util.concurrent.ScheduledThreadPoolExecutor::canRunInCurrentRunState (61 bytes)
Event: 1795.729 Thread 0x00000001106dc000 nmethod 2202 0x0000000177ac4288 code [0x0000000177ac4380, 0x0000000177ac4460]
Event: 1892.772 Thread 0x0000000110748a00 2203       3       java.util.ArrayList::<init> (65 bytes)
Event: 1892.781 Thread 0x0000000110748a00 nmethod 2203 0x000000017021db48 code [0x000000017021dc40, 0x000000017021e290]
Event: 2051.668 Thread 0x00000001106dc000 2204       4       java.util.concurrent.ThreadPoolExecutor::runStateAtLeast (11 bytes)
Event: 2051.669 Thread 0x00000001106dc000 nmethod 2204 0x0000000177ac4488 code [0x0000000177ac4580, 0x0000000177ac4618]
Event: 2079.031 Thread 0x0000000110748a00 2205 % !   3       javax.swing.TimerQueue::run @ 9 (189 bytes)
Event: 2079.043 Thread 0x0000000110748a00 nmethod 2205% 0x000000017021e2c8 code [0x000000017021e3c0, 0x00000001702200b8]
Event: 2113.832 Thread 0x0000000110748a00 2206   !   3       javax.swing.TimerQueue::run (189 bytes)
Event: 2113.834 Thread 0x0000000110748a00 nmethod 2206 0x0000000170220108 code [0x0000000170220200, 0x0000000170221e10]
Event: 2170.359 Thread 0x0000000110748a00 2207       3       java.util.concurrent.ConcurrentHashMap$BaseIterator::<init> (21 bytes)
Event: 2170.360 Thread 0x0000000110748a00 nmethod 2207 0x0000000170221e88 code [0x0000000170221f80, 0x0000000170222228]
Event: 2170.360 Thread 0x0000000110748a00 2208       3       java.util.concurrent.ConcurrentHashMap$Traverser::<init> (36 bytes)
Event: 2170.360 Thread 0x0000000110748a00 nmethod 2208 0x0000000170222248 code [0x0000000170222340, 0x0000000170222540]

GC Heap Usage History (12 events):
Event: 347.152 {heap Before GC invocations=0 (full 0):
 garbage-first heap   total reserved 4194304K, committed 262144K, used 49152K [0x0000000700000000, 0x0000000800000000)
  region size 2048K, 24 young (49152K), 0 survivors (0K)
}
Event: 347.180 {heap After GC invocations=1 (full 0):
 garbage-first heap   total reserved 4194304K, committed 262144K, used 7213K [0x0000000700000000, 0x0000000800000000)
  region size 2048K, 3 young (6144K), 3 survivors (6144K)
}
Event: 653.852 {heap Before GC invocations=1 (full 0):
 garbage-first heap   total reserved 4194304K, committed 262144K, used 70701K [0x0000000700000000, 0x0000000800000000)
  region size 2048K, 34 young (69632K), 3 survivors (6144K)
}
Event: 653.924 {heap After GC invocations=2 (full 0):
 garbage-first heap   total reserved 4194304K, committed 262144K, used 12556K [0x0000000700000000, 0x0000000800000000)
  region size 2048K, 3 young (6144K), 3 survivors (6144K)
}
Event: 1130.218 {heap Before GC invocations=2 (full 0):
 garbage-first heap   total reserved 4194304K, committed 262144K, used 119052K [0x0000000700000000, 0x0000000800000000)
  region size 2048K, 51 young (104448K), 3 survivors (6144K)
}
Event: 1130.232 {heap After GC invocations=3 (full 0):
 garbage-first heap   total reserved 4194304K, committed 262144K, used 25355K [0x0000000700000000, 0x0000000800000000)
  region size 2048K, 5 young (10240K), 5 survivors (10240K)
}
Event: 1303.110 {heap Before GC invocations=3 (full 0):
 garbage-first heap   total reserved 4194304K, committed 262144K, used 207627K [0x0000000700000000, 0x0000000800000000)
  region size 2048K, 76 young (155648K), 5 survivors (10240K)
}
Event: 1303.171 {heap After GC invocations=4 (full 0):
 garbage-first heap   total reserved 4194304K, committed 262144K, used 67375K [0x0000000700000000, 0x0000000800000000)
  region size 2048K, 8 young (16384K), 8 survivors (16384K)
}
Event: 1960.798 {heap Before GC invocations=4 (full 0):
 garbage-first heap   total reserved 4194304K, committed 262144K, used 212783K [0x0000000700000000, 0x0000000800000000)
  region size 2048K, 73 young (149504K), 8 survivors (16384K)
}
Event: 1960.873 {heap After GC invocations=5 (full 0):
 garbage-first heap   total reserved 4194304K, committed 262144K, used 82881K [0x0000000700000000, 0x0000000800000000)
  region size 2048K, 7 young (14336K), 7 survivors (14336K)
}
Event: 2226.650 {heap Before GC invocations=5 (full 0):
 garbage-first heap   total reserved 4194304K, committed 262144K, used 220097K [0x0000000700000000, 0x0000000800000000)
  region size 2048K, 71 young (145408K), 7 survivors (14336K)
}
Event: 2226.714 {heap After GC invocations=6 (full 0):
 garbage-first heap   total reserved 4194304K, committed 262144K, used 98559K [0x0000000700000000, 0x0000000800000000)
  region size 2048K, 9 young (18432K), 9 survivors (18432K)
}

Metaspace Usage History (12 events):
Event: 347.153 {metaspace Before GC invocations=0 (full 0):
 Metaspace       used 20359K, committed 20608K, reserved 1114112K
  class space    used 2388K, committed 2496K, reserved 1048576K
}
Event: 347.180 {metaspace After GC invocations=1 (full 0):
 Metaspace       used 20359K, committed 20608K, reserved 1114112K
  class space    used 2388K, committed 2496K, reserved 1048576K
}
Event: 653.853 {metaspace Before GC invocations=1 (full 0):
 Metaspace       used 20383K, committed 20608K, reserved 1114112K
  class space    used 2388K, committed 2496K, reserved 1048576K
}
Event: 653.924 {metaspace After GC invocations=2 (full 0):
 Metaspace       used 20383K, committed 20608K, reserved 1114112K
  class space    used 2388K, committed 2496K, reserved 1048576K
}
Event: 1130.218 {metaspace Before GC invocations=2 (full 0):
 Metaspace       used 20385K, committed 20608K, reserved 1114112K
  class space    used 2388K, committed 2496K, reserved 1048576K
}
Event: 1130.232 {metaspace After GC invocations=3 (full 0):
 Metaspace       used 20385K, committed 20608K, reserved 1114112K
  class space    used 2388K, committed 2496K, reserved 1048576K
}
Event: 1303.110 {metaspace Before GC invocations=3 (full 0):
 Metaspace       used 20385K, committed 20608K, reserved 1114112K
  class space    used 2388K, committed 2496K, reserved 1048576K
}
Event: 1303.171 {metaspace After GC invocations=4 (full 0):
 Metaspace       used 20385K, committed 20608K, reserved 1114112K
  class space    used 2388K, committed 2496K, reserved 1048576K
}
Event: 1960.806 {metaspace Before GC invocations=4 (full 0):
 Metaspace       used 20388K, committed 20608K, reserved 1114112K
  class space    used 2388K, committed 2496K, reserved 1048576K
}
Event: 1960.873 {metaspace After GC invocations=5 (full 0):
 Metaspace       used 20388K, committed 20608K, reserved 1114112K
  class space    used 2388K, committed 2496K, reserved 1048576K
}
Event: 2226.650 {metaspace Before GC invocations=5 (full 0):
 Metaspace       used 20391K, committed 20608K, reserved 1114112K
  class space    used 2388K, committed 2496K, reserved 1048576K
}
Event: 2226.714 {metaspace After GC invocations=6 (full 0):
 Metaspace       used 20391K, committed 20608K, reserved 1114112K
  class space    used 2388K, committed 2496K, reserved 1048576K
}

Dll operation events (11 events):
Event: 0.046 Loaded shared library /Users/jonathankawchuk/Library/Application Support/REAPER/UserPlugins/java-runtime/lib/libjava.dylib
Event: 0.170 Loaded shared library /Users/jonathankawchuk/Library/Application Support/REAPER/UserPlugins/java-runtime/lib/libnio.dylib
Event: 0.216 Loaded shared library /Users/jonathankawchuk/Library/Application Support/REAPER/UserPlugins/java-runtime/lib/libzip.dylib
Event: 0.279 Loaded shared library /Users/jonathankawchuk/Library/Application Support/REAPER/UserPlugins/java-runtime/lib/libverify.dylib
Event: 0.327 Loaded shared library /Users/jonathankawchuk/Library/Application Support/REAPER/UserPlugins/java-runtime/lib/libjimage.dylib
Event: 0.347 Loaded shared library /Users/jonathankawchuk/Library/Application Support/REAPER/UserPlugins/java-runtime/lib/libawt.dylib
Event: 0.386 Loaded shared library /Users/jonathankawchuk/Library/Application Support/REAPER/UserPlugins/java-runtime/lib/libawt_lwawt.dylib
Event: 0.411 Loaded shared library /Users/jonathankawchuk/Library/Application Support/REAPER/UserPlugins/java-runtime/lib/libfontmanager.dylib
Event: 2.116 Loaded shared library /Users/jonathankawchuk/Library/Application Support/REAPER/UserPlugins/java-runtime/lib/libnet.dylib
Event: 2.614 Loaded shared library /private/var/folders/6g/_dyszwd54rd36jmvjmmd4htw0000gn/T/usb4java14064668736268597877.tmp/libusb4java.dylib
Event: 2.655 Loaded shared library /Users/jonathankawchuk/Library/Application Support/REAPER/UserPlugins/java-runtime/lib/libosxui.dylib

Deoptimization events (20 events):
Event: 951.836 Thread 0x000000012a0f2800 DEOPT PACKING pc=0x0000000177ab1a7c sp=0x0000000326e8a660
Event: 951.836 Thread 0x000000012a0f2800 DEOPT UNPACKING pc=0x000000017750799c sp=0x0000000326e8a4f0 mode 2
Event: 1022.058 Thread 0x000000012a0f2800 DEOPT PACKING pc=0x0000000170215f28 sp=0x0000000326e8a560
Event: 1022.058 Thread 0x000000012a0f2800 DEOPT UNPACKING pc=0x00000001774c50bc sp=0x0000000326e8a2f0 mode 0
Event: 1170.618 Thread 0x000000012a0f2800 Uncommon trap: trap_request=0xffffff45 fr.pc=0x0000000177a97798 relative=0x0000000000000258
Event: 1170.618 Thread 0x000000012a0f2800 Uncommon trap: reason=unstable_if action=reinterpret pc=0x0000000177a97798 method=java.util.concurrent.locks.ReentrantLock$NonfairSync.tryAcquire(I)Z @ 13 c2
Event: 1170.618 Thread 0x000000012a0f2800 DEOPT PACKING pc=0x0000000177a97798 sp=0x0000000326e8a6c0
Event: 1170.618 Thread 0x000000012a0f2800 DEOPT UNPACKING pc=0x000000017750799c sp=0x0000000326e8a590 mode 2
Event: 1545.838 Thread 0x000000012a0f2800 Uncommon trap: trap_request=0xffffff45 fr.pc=0x0000000177abf4f4 relative=0x0000000000000674
Event: 1545.855 Thread 0x000000012a0f2800 Uncommon trap: reason=unstable_if action=reinterpret pc=0x0000000177abf4f4 method=java.util.concurrent.locks.ReentrantLock$NonfairSync.tryAcquire(I)Z @ 4 c2
Event: 1545.873 Thread 0x000000012a0f2800 DEOPT PACKING pc=0x0000000177abf4f4 sp=0x0000000326e8a6a0
Event: 1545.873 Thread 0x000000012a0f2800 DEOPT UNPACKING pc=0x000000017750799c sp=0x0000000326e8a590 mode 2
Event: 1650.501 Thread 0x000000012993da00 Uncommon trap: trap_request=0xffffff45 fr.pc=0x0000000177a96618 relative=0x00000000000000d8
Event: 1650.502 Thread 0x000000012993da00 Uncommon trap: reason=unstable_if action=reinterpret pc=0x0000000177a96618 method=java.util.concurrent.locks.ReentrantLock$NonfairSync.tryAcquire(I)Z @ 4 c2
Event: 1650.502 Thread 0x000000012993da00 DEOPT PACKING pc=0x0000000177a96618 sp=0x000000016f274700
Event: 1650.502 Thread 0x000000012993da00 DEOPT UNPACKING pc=0x000000017750799c sp=0x000000016f274680 mode 2
Event: 1650.503 Thread 0x000000012993da00 Uncommon trap: trap_request=0xffffff45 fr.pc=0x0000000177ac2624 relative=0x0000000000000664
Event: 1650.503 Thread 0x000000012993da00 Uncommon trap: reason=unstable_if action=reinterpret pc=0x0000000177ac2624 method=java.util.concurrent.locks.AbstractQueuedSynchronizer.acquire(Ljava/util/concurrent/locks/AbstractQueuedSynchronizer$Node;IZZZJ)I @ 26 c2
Event: 1650.503 Thread 0x000000012993da00 DEOPT PACKING pc=0x0000000177ac2624 sp=0x000000016f2746a0
Event: 1650.503 Thread 0x000000012993da00 DEOPT UNPACKING pc=0x000000017750799c sp=0x000000016f2745f0 mode 2

Classes loaded (20 events):
Event: 13.111 Loading class sun/util/locale/provider/LocaleResources$ResourceReference
Event: 13.111 Loading class sun/util/locale/provider/LocaleResources$ResourceReference done
Event: 13.111 Loading class java/util/Properties$EntrySet
Event: 13.111 Loading class java/util/Properties$EntrySet done
Event: 13.112 Loading class java/lang/invoke/InnerClassLambdaMetafactory$SerializationSupport
Event: 13.112 Loading class java/lang/invoke/InnerClassLambdaMetafactory$SerializationSupport done
Event: 13.112 Loading class java/lang/invoke/InnerClassLambdaMetafactory$4
Event: 13.112 Loading class java/lang/invoke/InnerClassLambdaMetafactory$4 done
Event: 13.112 Loading class jdk/internal/classfile/impl/AbstractPoolEntry$StringEntryImpl
Event: 13.112 Loading class java/lang/classfile/constantpool/StringEntry
Event: 13.112 Loading class java/lang/classfile/constantpool/ConstantValueEntry
Event: 13.112 Loading class java/lang/classfile/constantpool/ConstantValueEntry done
Event: 13.112 Loading class java/lang/classfile/constantpool/StringEntry done
Event: 13.112 Loading class jdk/internal/classfile/impl/AbstractPoolEntry$StringEntryImpl done
Event: 13.112 Loading class sun/invoke/util/BytecodeDescriptor
Event: 13.113 Loading class sun/invoke/util/BytecodeDescriptor done
Event: 13.113 Loading class jdk/internal/classfile/impl/AbstractPoolEntry$IntegerEntryImpl
Event: 13.113 Loading class java/lang/classfile/constantpool/IntegerEntry
Event: 13.113 Loading class java/lang/classfile/constantpool/IntegerEntry done
Event: 13.113 Loading class jdk/internal/classfile/impl/AbstractPoolEntry$IntegerEntryImpl done

Classes unloaded (0 events):
No events

Classes redefined (0 events):
No events

Internal exceptions (20 events):
Event: 2.716 Thread 0x000000012993da00 Implicit null exception at 0x0000000177a4be64 to 0x0000000177a4beac
Event: 2.722 Thread 0x000000012993da00 Exception <a 'java/lang/NoSuchMethodError'{0x000000070e8bbba8}: 'int java.lang.invoke.Invokers$Holder.invokeExact_MT(java.lang.Object, java.lang.Object)'> (0x000000070e8bbba8) 
thrown [src/hotspot/share/interpreter/linkResolver.cpp, line 804]
Event: 2.723 Thread 0x000000012993da00 Implicit null exception at 0x0000000177a4b860 to 0x0000000177a4bc84
Event: 2.723 Thread 0x000000012993da00 Implicit null exception at 0x0000000177a37a20 to 0x0000000177a37e4c
Event: 2.761 Thread 0x000000012993da00 Exception <a 'java/lang/NoSuchMethodError'{0x000000070e96c230}: 'java.lang.Object java.lang.invoke.DirectMethodHandle$Holder.newInvokeSpecial(java.lang.Object, int, java.lang.Object)'> (0x000000070e96c230) 
thrown [src/hotspot/share/interpreter/linkResolver.cpp, line 804]
Event: 3.516 Thread 0x000000012993da00 Exception <a 'java/lang/NoSuchMethodError'{0x000000070e69b928}: 'void java.lang.invoke.DirectMethodHandle$Holder.invokeSpecial(java.lang.Object, java.lang.Object, int, java.lang.Object)'> (0x000000070e69b928) 
thrown [src/hotspot/share/interpreter/linkResolver.cpp, line 804]
Event: 3.516 Thread 0x000000012993da00 Exception <a 'java/lang/NoSuchMethodError'{0x000000070e6aac90}: 'java.lang.Object java.lang.invoke.DirectMethodHandle$Holder.newInvokeSpecial(java.lang.Object, java.lang.Object, int)'> (0x000000070e6aac90) 
thrown [src/hotspot/share/interpreter/linkResolver.cpp, line 804]
Event: 3.533 Thread 0x000000012993da00 Exception <a 'java/lang/NoSuchMethodError'{0x000000070e7faf30}: 'void java.lang.invoke.Invokers$Holder.invokeExact_MT(java.lang.Object, java.lang.Object, java.lang.Object, java.lang.Object)'> (0x000000070e7faf30) 
thrown [src/hotspot/share/interpreter/linkResolver.cpp, line 804]
Event: 3.536 Thread 0x000000012993da00 Exception <a 'java/lang/NoSuchMethodError'{0x000000070e417f40}: 'java.lang.Object java.lang.invoke.DirectMethodHandle$Holder.newInvokeSpecial(java.lang.Object, java.lang.Object, java.lang.Object, int, java.lang.Object)'> (0x000000070e417f40) 
thrown [src/hotspot/share/interpreter/linkResolver.cpp, line 804]
Event: 3.536 Thread 0x000000012993da00 Exception <a 'java/lang/NoSuchMethodError'{0x000000070e4287a8}: 'java.lang.Object java.lang.invoke.Invokers$Holder.linkToTargetMethod(java.lang.Object, java.lang.Object, int, java.lang.Object, java.lang.Object)'> (0x000000070e4287a8) 
thrown [src/hotspot/share/interpreter/linkResolver.cpp, line 804]
Event: 3.542 Thread 0x000000012993da00 Exception <a 'java/lang/NoSuchMethodError'{0x000000070e431130}: 'void java.lang.invoke.DirectMethodHandle$Holder.invokeStatic(java.lang.Object, int, long)'> (0x000000070e431130) 
thrown [src/hotspot/share/interpreter/linkResolver.cpp, line 804]
Event: 3.550 Thread 0x000000012993da00 Exception <a 'java/lang/NoSuchMethodError'{0x000000070e47dba0}: 'java.lang.Object java.lang.invoke.Invokers$Holder.linkToTargetMethod(int, int, int, int, java.lang.Object)'> (0x000000070e47dba0) 
thrown [src/hotspot/share/interpreter/linkResolver.cpp, line 804]
Event: 3.551 Thread 0x000000012993da00 Exception <a 'java/lang/NoSuchMethodError'{0x000000070e485e70}: 'void java.lang.invoke.DirectMethodHandle$Holder.invokeStatic(java.lang.Object, java.lang.Object, long)'> (0x000000070e485e70) 
thrown [src/hotspot/share/interpreter/linkResolver.cpp, line 804]
Event: 3.607 Thread 0x000000012993da00 Exception <a 'java/lang/NoSuchMethodError'{0x000000070e5ebbe8}: 'java.lang.Object java.lang.invoke.DirectMethodHandle$Holder.newInvokeSpecial(java.lang.Object, java.lang.Object, int, int)'> (0x000000070e5ebbe8) 
thrown [src/hotspot/share/interpreter/linkResolver.cpp, line 804]
Event: 3.624 Thread 0x000000012993da00 Exception <a 'java/lang/NoSuchMethodError'{0x000000070e290c28}: 'void java.lang.invoke.DirectMethodHandle$Holder.invokeStatic(java.lang.Object, java.lang.Object, java.lang.Object, java.lang.Object)'> (0x000000070e290c28) 
thrown [src/hotspot/share/interpreter/linkResolver.cpp, line 804]
Event: 3.663 Thread 0x000000012993da00 Exception <a 'java/lang/NoSuchMethodError'{0x000000070e362388}: 'void java.lang.invoke.DirectMethodHandle$Holder.invokeStatic(java.lang.Object, long, long)'> (0x000000070e362388) 
thrown [src/hotspot/share/interpreter/linkResolver.cpp, line 804]
Event: 3.663 Thread 0x000000012993da00 Exception <a 'java/lang/NoSuchMethodError'{0x000000070e371240}: 'java.lang.Object java.lang.invoke.DirectMethodHandle$Holder.newInvokeSpecial(java.lang.Object, long)'> (0x000000070e371240) 
thrown [src/hotspot/share/interpreter/linkResolver.cpp, line 804]
Event: 3.669 Thread 0x000000012993da00 Exception <a 'java/lang/NoSuchMethodError'{0x000000070e39ff90}: 'void java.lang.invoke.DirectMethodHandle$Holder.invokeVirtual(java.lang.Object, java.lang.Object)'> (0x000000070e39ff90) 
thrown [src/hotspot/share/interpreter/linkResolver.cpp, line 804]
Event: 3.671 Thread 0x000000012a0f2800 Exception <a 'java/lang/NoSuchMethodError'{0x000000070ed00550}: 'void java.lang.invoke.DirectMethodHandle$Holder.invokeStatic(java.lang.Object, long)'> (0x000000070ed00550) 
thrown [src/hotspot/share/interpreter/linkResolver.cpp, line 804]
Event: 3.674 Thread 0x000000012a0f2800 Exception <a 'java/lang/NoSuchMethodError'{0x000000070ed2bc58}: 'void java.lang.invoke.DirectMethodHandle$Holder.invokeSpecial(java.lang.Object, java.lang.Object, java.lang.Object, java.lang.Object, java.lang.Object)'> (0x000000070ed2bc58) 
thrown [src/hotspot/share/interpreter/linkResolver.cpp, line 804]

VM Operations (20 events):
Event: 347.151 Executing safepoint VM operation: G1CollectForAllocation (G1 Evacuation Pause)
Event: 347.180 Executing safepoint VM operation: G1CollectForAllocation (G1 Evacuation Pause) done
Event: 653.852 Executing safepoint VM operation: G1CollectForAllocation (G1 Evacuation Pause)
Event: 653.924 Executing safepoint VM operation: G1CollectForAllocation (G1 Evacuation Pause) done
Event: 1130.217 Executing safepoint VM operation: G1CollectForAllocation (G1 Evacuation Pause)
Event: 1130.232 Executing safepoint VM operation: G1CollectForAllocation (G1 Evacuation Pause) done
Event: 1303.109 Executing safepoint VM operation: G1CollectForAllocation (G1 Evacuation Pause)
Event: 1303.171 Executing safepoint VM operation: G1CollectForAllocation (G1 Evacuation Pause) done
Event: 1684.253 Executing non-safepoint VM operation: HandshakeAllThreads (HandshakeForDeflation)
Event: 1684.253 Executing non-safepoint VM operation: HandshakeAllThreads (HandshakeForDeflation) done
Event: 1684.253 Executing non-safepoint VM operation: RendezvousGCThreads
Event: 1684.253 Executing non-safepoint VM operation: RendezvousGCThreads done
Event: 1924.777 Executing non-safepoint VM operation: HandshakeAllThreads (HandshakeForDeflation)
Event: 1924.778 Executing non-safepoint VM operation: HandshakeAllThreads (HandshakeForDeflation) done
Event: 1924.778 Executing non-safepoint VM operation: RendezvousGCThreads
Event: 1924.778 Executing non-safepoint VM operation: RendezvousGCThreads done
Event: 1960.797 Executing safepoint VM operation: G1CollectForAllocation (G1 Evacuation Pause)
Event: 1960.873 Executing safepoint VM operation: G1CollectForAllocation (G1 Evacuation Pause) done
Event: 2226.643 Executing safepoint VM operation: G1CollectForAllocation (G1 Evacuation Pause)
Event: 2226.714 Executing safepoint VM operation: G1CollectForAllocation (G1 Evacuation Pause) done

Memory protections (20 events):
Event: 1.461 Protecting memory [0x0000000305064000,0x0000000305070000] with protection modes 3
Event: 1.461 Protecting memory [0x0000000305270000,0x000000030527c000] with protection modes 3
Event: 2.020 Protecting memory [0x0000000305594000,0x00000003055a0000] with protection modes 0
Event: 2.031 Protecting memory [0x0000000326c88000,0x0000000326c94000] with protection modes 0
Event: 2.623 Protecting memory [0x00000003304ec000,0x00000003304f8000] with protection modes 0
Event: 2.625 Protecting memory [0x0000000326c88000,0x0000000326c94000] with protection modes 3
Event: 2.625 Protecting memory [0x0000000305594000,0x00000003055a0000] with protection modes 3
Event: 2.658 Protecting memory [0x0000000305594000,0x00000003055a0000] with protection modes 0
Event: 2.658 Protecting memory [0x0000000326c88000,0x0000000326c94000] with protection modes 0
Event: 2.671 Protecting memory [0x0000000332430000,0x000000033243c000] with protection modes 0
Event: 2.678 Protecting memory [0x000000033263c000,0x0000000332648000] with protection modes 0
Event: 3.522 Protecting memory [0x0000000374f30000,0x0000000374f3c000] with protection modes 0
Event: 3.577 Protecting memory [0x0000000375304000,0x0000000375310000] with protection modes 0
Event: 3.667 Protecting memory [0x0000000375510000,0x000000037551c000] with protection modes 0
Event: 3.930 Protecting memory [0x0000000375304000,0x0000000375310000] with protection modes 3
Event: 8.650 Protecting memory [0x0000000374f30000,0x0000000374f3c000] with protection modes 3
Event: 950.389 Protecting memory [0x00000003aca4c000,0x00000003aca58000] with protection modes 0
Event: 950.391 Protecting memory [0x00000003bb334000,0x00000003bb340000] with protection modes 0
Event: 951.836 Protecting memory [0x00000003bb334000,0x00000003bb340000] with protection modes 3
Event: 951.836 Protecting memory [0x00000003aca4c000,0x00000003aca58000] with protection modes 3

Nmethod flushes (0 events):
No events

Events (20 events):
Event: 1.461 Thread 0x00000001103a1c00 Thread exited: 0x00000001103a1c00
Event: 1.461 Thread 0x0000000110727c00 Thread exited: 0x0000000110727c00
Event: 2.020 Thread 0x0000000110748a00 Thread added: 0x0000000129037800
Event: 2.031 Thread 0x0000000110748a00 Thread added: 0x00000003221e6200
Event: 2.623 Thread 0x000000012993da00 Thread added: 0x00000001073f5600
Event: 2.625 Thread 0x00000003221e6200 Thread exited: 0x00000003221e6200
Event: 2.625 Thread 0x0000000129037800 Thread exited: 0x0000000129037800
Event: 2.658 Thread 0x00000001073f5600 Thread added: 0x00000001100caa00
Event: 2.658 Thread 0x00000001073f5600 Thread added: 0x000000012a0f2800
Event: 2.671 Thread 0x000000012993da00 Thread added: 0x000000012985ea00
Event: 2.678 Thread 0x000000012993da00 Thread added: 0x00000001077d3a00
Event: 3.522 Thread 0x000000012993da00 Thread added: 0x00000003223b9600
Event: 3.577 Thread 0x0000000110748a00 Thread added: 0x0000000129037800
Event: 3.667 Thread 0x000000012993da00 Thread added: 0x0000000323029a00
Event: 3.930 Thread 0x0000000129037800 Thread exited: 0x0000000129037800
Event: 8.650 Thread 0x00000003223b9600 Thread exited: 0x00000003223b9600
Event: 950.389 Thread 0x00000001106dc000 Thread added: 0x000000057d507000
Event: 950.391 Thread 0x000000057d507000 Thread added: 0x000000057d51b400
Event: 951.836 Thread 0x000000057d51b400 Thread exited: 0x000000057d51b400
Event: 951.836 Thread 0x000000057d507000 Thread exited: 0x000000057d507000


Dynamic libraries:
0x00000001a83c8000 	/System/Library/Frameworks/Cocoa.framework/Versions/A/Cocoa
0x000000018fb7a000 	/System/Library/Frameworks/AppKit.framework/Versions/C/AppKit
0x0000000192e6a000 	/System/Library/Frameworks/CoreData.framework/Versions/A/CoreData
0x000000018d20b000 	/System/Library/Frameworks/Foundation.framework/Versions/C/Foundation
0x0000000199e08000 	/usr/lib/libSystem.B.dylib
0x000000019100b000 	/System/Library/PrivateFrameworks/UIFoundation.framework/Versions/A/UIFoundation
0x0000000239bb6000 	/System/Library/PrivateFrameworks/CollectionViewCore.framework/Versions/A/CollectionViewCore
0x000000019798c000 	/System/Library/PrivateFrameworks/XCTTargetBootstrap.framework/Versions/A/XCTTargetBootstrap
0x000000019c602000 	/System/Library/PrivateFrameworks/InternationalSupport.framework/Versions/A/InternationalSupport
0x000000019c959000 	/System/Library/PrivateFrameworks/UserActivity.framework/Versions/A/UserActivity
0x000000026853e000 	/System/Library/PrivateFrameworks/UIIntelligenceSupport.framework/Versions/A/UIIntelligenceSupport
0x00000001f26c8000 	/System/Library/Frameworks/SwiftUICore.framework/Versions/A/SwiftUICore
0x000000026d5c4000 	/System/Library/PrivateFrameworks/WritingTools.framework/Versions/A/WritingTools
0x000000026c608000 	/System/Library/PrivateFrameworks/WindowManagement.framework/Versions/A/WindowManagement
0x000000018ce6e000 	/System/Library/Frameworks/SystemConfiguration.framework/Versions/A/SystemConfiguration
0x000000019ba37000 	/usr/lib/libspindump.dylib
0x00000001911bd000 	/System/Library/Frameworks/UniformTypeIdentifiers.framework/Versions/A/UniformTypeIdentifiers
0x00000001991f3000 	/usr/lib/libbsm.0.dylib
0x000000019540d000 	/usr/lib/libapp_launch_measurement.dylib
0x00000001947b6000 	/System/Library/PrivateFrameworks/CoreAnalytics.framework/Versions/A/CoreAnalytics
0x0000000195411000 	/System/Library/PrivateFrameworks/CoreAutoLayout.framework/Versions/A/CoreAutoLayout
0x0000000196fa6000 	/System/Library/Frameworks/Metal.framework/Versions/A/Metal
0x00000001981cf000 	/usr/lib/liblangid.dylib
0x0000000197992000 	/System/Library/PrivateFrameworks/CoreSVG.framework/Versions/A/CoreSVG
0x0000000191be2000 	/System/Library/PrivateFrameworks/SkyLight.framework/Versions/A/SkyLight
0x0000000192109000 	/System/Library/Frameworks/CoreGraphics.framework/Versions/A/CoreGraphics
0x00000001a1ad9000 	/System/Library/Frameworks/Accelerate.framework/Versions/A/Accelerate
0x000000019b87a000 	/System/Library/PrivateFrameworks/IconServices.framework/Versions/A/IconServices
0x0000000196f83000 	/System/Library/Frameworks/IOSurface.framework/Versions/A/IOSurface
0x00000001947e7000 	/usr/lib/libDiagnosticMessagesClient.dylib
0x0000000199d52000 	/usr/lib/libz.1.dylib
0x00000001a59ee000 	/System/Library/Frameworks/ApplicationServices.framework/Versions/A/ApplicationServices
0x0000000197977000 	/System/Library/PrivateFrameworks/DFRFoundation.framework/Versions/A/DFRFoundation
0x000000018f3df000 	/usr/lib/libicucore.A.dylib
0x000000019d9e2000 	/System/Library/Frameworks/AudioToolbox.framework/Versions/A/AudioToolbox
0x000000019c90a000 	/System/Library/PrivateFrameworks/DataDetectorsCore.framework/Versions/A/DataDetectorsCore
0x00000001b8475000 	/System/Library/PrivateFrameworks/TextInput.framework/Versions/A/TextInput
0x0000000191b2d000 	/usr/lib/libMobileGestalt.dylib
0x0000000197670000 	/System/Library/Frameworks/Carbon.framework/Versions/A/Frameworks/HIToolbox.framework/Versions/A/HIToolbox
0x0000000194cee000 	/System/Library/Frameworks/QuartzCore.framework/Versions/A/QuartzCore
0x000000018efda000 	/System/Library/Frameworks/Security.framework/Versions/A/Security
0x00000001a1436000 	/System/Library/Frameworks/Carbon.framework/Versions/A/Frameworks/SpeechRecognition.framework/Versions/A/SpeechRecognition
0x0000000195114000 	/System/Library/PrivateFrameworks/CoreUI.framework/Versions/A/CoreUI
0x000000018e8a8000 	/System/Library/Frameworks/CoreAudio.framework/Versions/A/CoreAudio
0x00000001948d5000 	/System/Library/Frameworks/DiskArbitration.framework/Versions/A/DiskArbitration
0x000000019bea0000 	/System/Library/PrivateFrameworks/MultitouchSupport.framework/Versions/A/MultitouchSupport
0x0000000191b2b000 	/usr/lib/libenergytrace.dylib
0x00000001aca19000 	/System/Library/PrivateFrameworks/RenderBox.framework/Versions/A/RenderBox
0x000000018fa2a000 	/System/Library/Frameworks/IOKit.framework/Versions/A/IOKit
0x00000001a182d000 	/System/Library/Frameworks/CoreServices.framework/Versions/A/CoreServices
0x000000019539e000 	/System/Library/PrivateFrameworks/PerformanceAnalysis.framework/Versions/A/PerformanceAnalysis
0x00000001ec089000 	/System/Library/Frameworks/OpenGL.framework/Versions/A/OpenGL
0x000000019545b000 	/usr/lib/libxml2.2.dylib
0x00000001990d7000 	/System/Library/PrivateFrameworks/MobileKeyBag.framework/Versions/A/MobileKeyBag
0x000000018b7b0000 	/usr/lib/libobjc.A.dylib
0x000000018babe000 	/usr/lib/libc++.1.dylib
0x00000001a17ae000 	/System/Library/Frameworks/Accessibility.framework/Versions/A/Accessibility
0x000000019283a000 	/System/Library/Frameworks/ColorSync.framework/Versions/A/ColorSync
0x000000018bc1a000 	/System/Library/Frameworks/CoreFoundation.framework/Versions/A/CoreFoundation
0x0000000197d51000 	/System/Library/Frameworks/CoreImage.framework/Versions/A/CoreImage
0x000000018e689000 	/System/Library/Frameworks/CoreText.framework/Versions/A/CoreText
0x00000001ed5d5000 	/System/Library/Frameworks/CoreTransferable.framework/Versions/A/CoreTransferable
0x00000001edb5a000 	/System/Library/Frameworks/DataDetection.framework/Versions/A/DataDetection
0x00000001edb5d000 	/System/Library/Frameworks/DeveloperToolsSupport.framework/Versions/A/DeveloperToolsSupport
0x00000001979cd000 	/System/Library/Frameworks/ImageIO.framework/Versions/A/ImageIO
0x00000001f328b000 	/System/Library/Frameworks/Symbols.framework/Versions/A/Symbols
0x00000001df836000 	/System/Library/PrivateFrameworks/FeatureFlags.framework/Versions/A/FeatureFlags
0x0000000199e0d000 	/System/Library/PrivateFrameworks/SoftLinking.framework/Versions/A/SoftLinking
0x00000001cb0ef000 	/usr/lib/swift/libswiftAccelerate.dylib
0x000000019d377000 	/usr/lib/swift/libswiftCore.dylib
0x00000001b4b18000 	/usr/lib/swift/libswiftCoreFoundation.dylib
0x00000001b4b72000 	/usr/lib/swift/libswiftCoreImage.dylib
0x00000001b1e81000 	/usr/lib/swift/libswiftDarwin.dylib
0x00000002741e1000 	/usr/lib/swift/libswiftDataDetection.dylib
0x00000001a3326000 	/usr/lib/swift/libswiftDispatch.dylib
0x00000001b4b73000 	/usr/lib/swift/libswiftIOKit.dylib
0x00000001c16e3000 	/usr/lib/swift/libswiftMetal.dylib
0x00000001d0688000 	/usr/lib/swift/libswiftOSLog.dylib
0x00000001a5fa8000 	/usr/lib/swift/libswiftObjectiveC.dylib
0x000000027420e000 	/usr/lib/swift/libswiftObservation.dylib
0x00000001c6a85000 	/usr/lib/swift/libswiftQuartzCore.dylib
0x00000001cb0e0000 	/usr/lib/swift/libswiftUniformTypeIdentifiers.dylib
0x00000001b4b2a000 	/usr/lib/swift/libswiftXPC.dylib
0x00000002742f4000 	/usr/lib/swift/libswift_Builtin_float.dylib
0x00000002742f7000 	/usr/lib/swift/libswift_Concurrency.dylib
0x0000000274456000 	/usr/lib/swift/libswift_StringProcessing.dylib
0x00000002744e9000 	/usr/lib/swift/libswift_errno.dylib
0x00000002744eb000 	/usr/lib/swift/libswift_math.dylib
0x00000002744ee000 	/usr/lib/swift/libswift_signal.dylib
0x00000002744ef000 	/usr/lib/swift/libswift_stdio.dylib
0x00000002744f0000 	/usr/lib/swift/libswift_time.dylib
0x00000001a5fac000 	/usr/lib/swift/libswiftos.dylib
0x00000001b83cc000 	/usr/lib/swift/libswiftsimd.dylib
0x00000002744f1000 	/usr/lib/swift/libswiftsys_time.dylib
0x00000002744f2000 	/usr/lib/swift/libswiftunistd.dylib
0x000000019a036000 	/usr/lib/libcompression.dylib
0x000000019c562000 	/System/Library/PrivateFrameworks/TextureIO.framework/Versions/A/TextureIO
0x000000019b519000 	/usr/lib/libate.dylib
0x0000000199e02000 	/usr/lib/system/libcache.dylib
0x0000000199dbd000 	/usr/lib/system/libcommonCrypto.dylib
0x0000000199de8000 	/usr/lib/system/libcompiler_rt.dylib
0x0000000199ddd000 	/usr/lib/system/libcopyfile.dylib
0x000000018b90b000 	/usr/lib/system/libcorecrypto.dylib
0x000000018b9f2000 	/usr/lib/system/libdispatch.dylib
0x000000018bbb2000 	/usr/lib/system/libdyld.dylib
0x0000000199df8000 	/usr/lib/system/libkeymgr.dylib
0x0000000199da0000 	/usr/lib/system/libmacho.dylib
0x00000001991cc000 	/usr/lib/system/libquarantine.dylib
0x0000000199df5000 	/usr/lib/system/libremovefile.dylib
0x0000000191ba7000 	/usr/lib/system/libsystem_asl.dylib
0x000000018b8a0000 	/usr/lib/system/libsystem_blocks.dylib
0x000000018ba3c000 	/usr/lib/system/libsystem_c.dylib
0x0000000199dec000 	/usr/lib/system/libsystem_collections.dylib
0x00000001981bc000 	/usr/lib/system/libsystem_configuration.dylib
0x0000000196f52000 	/usr/lib/system/libsystem_containermanager.dylib
0x00000001998e2000 	/usr/lib/system/libsystem_coreservices.dylib
0x000000018f6ab000 	/usr/lib/system/libsystem_darwin.dylib
0x0000000274629000 	/usr/lib/system/libsystem_darwindirectory.dylib
0x0000000199df9000 	/usr/lib/system/libsystem_dnssd.dylib
0x000000027462d000 	/usr/lib/system/libsystem_eligibility.dylib
0x000000018ba39000 	/usr/lib/system/libsystem_featureflags.dylib
0x000000018bbea000 	/usr/lib/system/libsystem_info.dylib
0x0000000199d61000 	/usr/lib/system/libsystem_m.dylib
0x000000018b9aa000 	/usr/lib/system/libsystem_malloc.dylib
0x0000000191b10000 	/usr/lib/system/libsystem_networkextension.dylib
0x000000018fb0d000 	/usr/lib/system/libsystem_notify.dylib
0x00000001981c1000 	/usr/lib/system/libsystem_sandbox.dylib
0x0000000274635000 	/usr/lib/system/libsystem_sanitizers.dylib
0x0000000199df1000 	/usr/lib/system/libsystem_secinit.dylib
0x000000018bb69000 	/usr/lib/system/libsystem_kernel.dylib
0x000000018bbe2000 	/usr/lib/system/libsystem_platform.dylib
0x000000018bba5000 	/usr/lib/system/libsystem_pthread.dylib
0x0000000193704000 	/usr/lib/system/libsystem_symptoms.dylib
0x000000018b8ef000 	/usr/lib/system/libsystem_trace.dylib
0x0000000199dcb000 	/usr/lib/system/libunwind.dylib
0x000000018b8a4000 	/usr/lib/system/libxpc.dylib
0x000000018bb4b000 	/usr/lib/libc++abi.dylib
0x00000002731fe000 	/usr/lib/libRosetta.dylib
0x000000018f9a9000 	/System/Library/PrivateFrameworks/CoreServicesInternal.framework/Versions/A/CoreServicesInternal
0x0000000199dd5000 	/usr/lib/liboah.dylib
0x0000000199e0a000 	/usr/lib/libfakelink.dylib
0x00000001a54a1000 	/System/Library/PrivateFrameworks/DiskImages.framework/Versions/A/DiskImages
0x00000001b19aa000 	/System/Library/Frameworks/NetFS.framework/Versions/A/NetFS
0x0000000191746000 	/System/Library/Frameworks/CFNetwork.framework/Versions/A/CFNetwork
0x00000001953d5000 	/System/Library/Frameworks/CoreServices.framework/Versions/A/Frameworks/FSEvents.framework/Versions/A/FSEvents
0x000000018f6b6000 	/System/Library/Frameworks/CoreServices.framework/Versions/A/Frameworks/CarbonCore.framework/Versions/A/CarbonCore
0x000000019484a000 	/System/Library/Frameworks/CoreServices.framework/Versions/A/Frameworks/Metadata.framework/Versions/A/Metadata
0x00000001998ea000 	/System/Library/Frameworks/CoreServices.framework/Versions/A/Frameworks/OSServices.framework/Versions/A/OSServices
0x0000000199f57000 	/System/Library/Frameworks/CoreServices.framework/Versions/A/Frameworks/SearchKit.framework/Versions/A/SearchKit
0x000000019367f000 	/System/Library/Frameworks/CoreServices.framework/Versions/A/Frameworks/AE.framework/Versions/A/AE
0x000000018c159000 	/System/Library/Frameworks/CoreServices.framework/Versions/A/Frameworks/LaunchServices.framework/Versions/A/LaunchServices
0x000000019b36e000 	/System/Library/Frameworks/CoreServices.framework/Versions/A/Frameworks/DictionaryServices.framework/Versions/A/DictionaryServices
0x00000001953e3000 	/System/Library/Frameworks/CoreServices.framework/Versions/A/Frameworks/SharedFileList.framework/Versions/A/SharedFileList
0x0000000199fed000 	/usr/lib/libapple_nghttp2.dylib
0x00000001932e0000 	/usr/lib/libsqlite3.dylib
0x000000019e025000 	/System/Library/Frameworks/GSS.framework/Versions/A/GSS
0x0000000193616000 	/System/Library/PrivateFrameworks/RunningBoardServices.framework/Versions/A/RunningBoardServices
0x000000019370d000 	/System/Library/Frameworks/Network.framework/Versions/A/Network
0x0000000199da4000 	/usr/lib/system/libkxld.dylib
0x0000000235a41000 	/System/Library/PrivateFrameworks/AppleKeyStore.framework/Versions/A/AppleKeyStore
0x0000000273056000 	/usr/lib/libCoreEntitlements.dylib
0x0000000250a2f000 	/System/Library/PrivateFrameworks/MessageSecurity.framework/Versions/A/MessageSecurity
0x00000001932c5000 	/System/Library/PrivateFrameworks/ProtocolBuffer.framework/Versions/A/ProtocolBuffer
0x00000001998c9000 	/System/Library/PrivateFrameworks/AppleFSCompression.framework/Versions/A/AppleFSCompression
0x00000001991db000 	/usr/lib/libcoretls.dylib
0x000000019b3e4000 	/usr/lib/libcoretls_cfhelpers.dylib
0x000000019a030000 	/usr/lib/libpam.2.dylib
0x000000019b458000 	/usr/lib/libxar.1.dylib
0x0000000199e5f000 	/usr/lib/libarchive.2.dylib
0x000000019f728000 	/System/Library/Frameworks/Combine.framework/Versions/A/Combine
0x0000000239bda000 	/System/Library/PrivateFrameworks/CollectionsInternal.framework/Versions/A/CollectionsInternal
0x0000000259a8a000 	/System/Library/PrivateFrameworks/ReflectionInternal.framework/Versions/A/ReflectionInternal
0x000000025a761000 	/System/Library/PrivateFrameworks/RuntimeInternal.framework/Versions/A/RuntimeInternal
0x0000000274285000 	/usr/lib/swift/libswiftSystem.dylib
0x00000001981ca000 	/System/Library/PrivateFrameworks/AppleSystemInfo.framework/Versions/A/AppleSystemInfo
0x00000001b4a03000 	/System/Library/PrivateFrameworks/LoggingSupport.framework/Versions/A/LoggingSupport
0x00000001a27e7000 	/System/Library/PrivateFrameworks/PowerLog.framework/Versions/A/PowerLog
0x00000001f258d000 	/System/Library/Frameworks/SwiftData.framework/Versions/A/SwiftData
0x00000001955e6000 	/System/Library/PrivateFrameworks/UserManagement.framework/Versions/A/UserManagement
0x0000000191674000 	/usr/lib/libboringssl.dylib
0x00000001936f3000 	/usr/lib/libdns_services.dylib
0x00000001b3bb2000 	/usr/lib/libquic.dylib
0x000000019d306000 	/usr/lib/libusrtcp.dylib
0x00000001d84fd000 	/System/Library/PrivateFrameworks/InternalSwiftProtobuf.framework/Versions/A/InternalSwiftProtobuf
0x00000002741e2000 	/usr/lib/swift/libswiftDistributed.dylib
0x000000027427b000 	/usr/lib/swift/libswiftSynchronization.dylib
0x0000000191745000 	/usr/lib/libnetwork.dylib
0x00000001c56b9000 	/System/Library/PrivateFrameworks/OSAnalytics.framework/Versions/A/OSAnalytics
0x0000000199fc8000 	/System/Library/PrivateFrameworks/AppleSauce.framework/Versions/A/AppleSauce
0x00000001a3abc000 	/System/Library/PrivateFrameworks/CoreSymbolication.framework/Versions/A/CoreSymbolication
0x00000001d41c6000 	/System/Library/PrivateFrameworks/Symbolication.framework/Versions/A/Symbolication
0x00000001a3a98000 	/System/Library/PrivateFrameworks/DebugSymbols.framework/Versions/A/DebugSymbols
0x0000000272f21000 	/usr/lib/libAppleArchive.dylib
0x00000001998d5000 	/usr/lib/libbz2.1.0.dylib
0x000000019b3c5000 	/usr/lib/liblzma.5.dylib
0x0000000198ec7000 	/System/Library/PrivateFrameworks/IOMobileFramebuffer.framework/Versions/A/IOMobileFramebuffer
0x00000001b4a8c000 	/System/Library/PrivateFrameworks/MallocStackLogging.framework/Versions/A/MallocStackLogging
0x000000019b5b3000 	/System/Library/PrivateFrameworks/CrashReporterSupport.framework/Versions/A/CrashReporterSupport
0x000000018cc65000 	/System/Library/PrivateFrameworks/Lexicon.framework/Versions/A/Lexicon
0x0000000248d6e000 	/System/Library/PrivateFrameworks/IO80211.framework/Versions/A/IO80211
0x00000001a35be000 	/System/Library/PrivateFrameworks/FrontBoardServices.framework/Versions/A/FrontBoardServices
0x0000000199103000 	/System/Library/Frameworks/SecurityFoundation.framework/Versions/A/SecurityFoundation
0x0000000199265000 	/usr/lib/libgermantok.dylib
0x00000001982ee000 	/System/Library/PrivateFrameworks/LinguisticData.framework/Versions/A/LinguisticData
0x0000000193531000 	/System/Library/PrivateFrameworks/BaseBoard.framework/Versions/A/BaseBoard
0x00000001a368b000 	/System/Library/PrivateFrameworks/BoardServices.framework/Versions/A/BoardServices
0x00000001990f4000 	/System/Library/PrivateFrameworks/AssertionServices.framework/Versions/A/AssertionServices
0x00000001a52db000 	/System/Library/PrivateFrameworks/BackBoardServices.framework/Versions/A/BackBoardServices
0x000000019739d000 	/System/Library/PrivateFrameworks/FontServices.framework/libFontParser.dylib
0x0000000191bbf000 	/System/Library/PrivateFrameworks/TCC.framework/Versions/A/TCC
0x00000001a8cd3000 	/System/Library/PrivateFrameworks/IOSurfaceAccelerator.framework/Versions/A/IOSurfaceAccelerator
0x000000019be9e000 	/System/Library/PrivateFrameworks/WatchdogClient.framework/Versions/A/WatchdogClient
0x000000018e1b0000 	/System/Library/Frameworks/CoreDisplay.framework/Versions/A/CoreDisplay
0x0000000197241000 	/System/Library/Frameworks/CoreMedia.framework/Versions/A/CoreMedia
0x0000000196f9c000 	/System/Library/PrivateFrameworks/IOAccelerator.framework/Versions/A/IOAccelerator
0x0000000195545000 	/System/Library/Frameworks/CoreVideo.framework/Versions/A/CoreVideo
0x000000019a02e000 	/System/Library/Frameworks/MetalPerformanceShaders.framework/Versions/A/MetalPerformanceShaders
0x0000000258dc8000 	/System/Library/PrivateFrameworks/ProDisplayLibrary.framework/Versions/A/ProDisplayLibrary
0x000000019bee6000 	/System/Library/Frameworks/VideoToolbox.framework/Versions/A/VideoToolbox
0x00000001981c8000 	/System/Library/PrivateFrameworks/AggregateDictionary.framework/Versions/A/AggregateDictionary
0x000000019b3e6000 	/System/Library/PrivateFrameworks/APFS.framework/Versions/A/APFS
0x000000019b467000 	/usr/lib/libutil.dylib
0x0000000263ced000 	/System/Library/PrivateFrameworks/SwiftASN1Internal.framework/Versions/A/SwiftASN1Internal
0x00000001948de000 	/System/Library/Frameworks/Accelerate.framework/Versions/A/Frameworks/vImage.framework/Versions/A/vImage
0x00000001a1808000 	/System/Library/Frameworks/Accelerate.framework/Versions/A/Frameworks/vecLib.framework/Versions/A/vecLib
0x000000019b49f000 	/System/Library/Frameworks/Accelerate.framework/Versions/A/Frameworks/vecLib.framework/Versions/A/libvMisc.dylib
0x000000018c5d1000 	/System/Library/Frameworks/Accelerate.framework/Versions/A/Frameworks/vecLib.framework/Versions/A/libBLAS.dylib
0x000000019dc32000 	/System/Library/Frameworks/ApplicationServices.framework/Versions/A/Frameworks/ATS.framework/Versions/A/ATS
0x00000001929f0000 	/System/Library/Frameworks/ApplicationServices.framework/Versions/A/Frameworks/HIServices.framework/Versions/A/HIServices
0x000000019c4eb000 	/System/Library/Frameworks/ApplicationServices.framework/Versions/A/Frameworks/PrintCore.framework/Versions/A/PrintCore
0x000000019dfef000 	/System/Library/Frameworks/ApplicationServices.framework/Versions/A/Frameworks/QD.framework/Versions/A/QD
0x000000019dfe6000 	/System/Library/Frameworks/ApplicationServices.framework/Versions/A/Frameworks/ColorSyncLegacy.framework/Versions/A/ColorSyncLegacy
0x000000019dc04000 	/System/Library/Frameworks/ApplicationServices.framework/Versions/A/Frameworks/SpeechSynthesis.framework/Versions/A/SpeechSynthesis
0x0000000198e94000 	/System/Library/PrivateFrameworks/CoreEmoji.framework/Versions/A/CoreEmoji
0x000000023fe33000 	/System/Library/PrivateFrameworks/FontServices.framework/Versions/A/FontServices
0x000000019b9ec000 	/System/Library/PrivateFrameworks/OTSVG.framework/Versions/A/OTSVG
0x00000001950c2000 	/System/Library/Frameworks/ApplicationServices.framework/Versions/A/Frameworks/ATS.framework/Versions/A/Resources/libFontRegistry.dylib
0x00000002735e3000 	/usr/lib/libhvf.dylib
0x0000000254ccc000 	/System/Library/PrivateFrameworks/ParsingInternal.framework/Versions/A/ParsingInternal
0x000000027422b000 	/usr/lib/swift/libswiftRegexBuilder.dylib
0x00000002743b3000 	/usr/lib/swift/libswift_RegexParser.dylib
0x000000019bd67000 	/System/Library/PrivateFrameworks/AppleJPEG.framework/Versions/A/AppleJPEG
0x000000019b808000 	/usr/lib/libexpat.1.dylib
0x000000019c3c1000 	/System/Library/Frameworks/ImageIO.framework/Versions/A/Resources/libPng.dylib
0x000000019c3ec000 	/System/Library/Frameworks/ImageIO.framework/Versions/A/Resources/libTIFF.dylib
0x000000019c4d6000 	/System/Library/Frameworks/ImageIO.framework/Versions/A/Resources/libGIF.dylib
0x000000019bdad000 	/System/Library/Frameworks/ImageIO.framework/Versions/A/Resources/libJP2.dylib
0x000000019c47d000 	/System/Library/Frameworks/ImageIO.framework/Versions/A/Resources/libJPEG.dylib
0x000000019c474000 	/System/Library/Frameworks/ImageIO.framework/Versions/A/Resources/libRadiance.dylib
0x0000000244b02000 	/System/Library/PrivateFrameworks/GPUCompiler.framework/Versions/32023/Libraries/libllvm-flatbuffers.dylib
0x000000023fefe000 	/System/Library/PrivateFrameworks/FramePacing.framework/Versions/A/FramePacing
0x00000001ec07b000 	/System/Library/Frameworks/OpenGL.framework/Versions/A/Libraries/libCoreFSCache.dylib
0x0000000240a73000 	/System/Library/PrivateFrameworks/GPUCompiler.framework/Versions/32023/Libraries/libGPUCompilerUtils.dylib
0x000000023fe34000 	/System/Library/PrivateFrameworks/FontServices.framework/libXTFontStaticRegistryData.dylib
0x00000001a70eb000 	/System/Library/PrivateFrameworks/ASEProcessing.framework/Versions/A/ASEProcessing
0x0000000257f35000 	/System/Library/PrivateFrameworks/PhotosensitivityProcessing.framework/Versions/A/PhotosensitivityProcessing
0x000000019b9e0000 	/System/Library/PrivateFrameworks/GraphVisualizer.framework/Versions/A/GraphVisualizer
0x00000001ec0d9000 	/System/Library/Frameworks/OpenGL.framework/Versions/A/Libraries/libGLU.dylib
0x00000001ec09d000 	/System/Library/Frameworks/OpenGL.framework/Versions/A/Libraries/libGFXShared.dylib
0x00000001ec265000 	/System/Library/Frameworks/OpenGL.framework/Versions/A/Libraries/libGL.dylib
0x00000001ec0a6000 	/System/Library/Frameworks/OpenGL.framework/Versions/A/Libraries/libGLImage.dylib
0x00000001ec09a000 	/System/Library/Frameworks/OpenGL.framework/Versions/A/Libraries/libCVMSPluginSupport.dylib
0x00000001ec083000 	/System/Library/Frameworks/OpenGL.framework/Versions/A/Libraries/libCoreVMClient.dylib
0x000000019810c000 	/System/Library/Frameworks/MetalPerformanceShaders.framework/Versions/A/Frameworks/MPSCore.framework/Versions/A/MPSCore
0x0000000199834000 	/System/Library/Frameworks/MetalPerformanceShaders.framework/Versions/A/Frameworks/MPSImage.framework/Versions/A/MPSImage
0x000000019927d000 	/System/Library/Frameworks/MetalPerformanceShaders.framework/Versions/A/Frameworks/MPSNeuralNetwork.framework/Versions/A/MPSNeuralNetwork
0x00000001996b4000 	/System/Library/Frameworks/MetalPerformanceShaders.framework/Versions/A/Frameworks/MPSMatrix.framework/Versions/A/MPSMatrix
0x00000001994c9000 	/System/Library/Frameworks/MetalPerformanceShaders.framework/Versions/A/Frameworks/MPSRayIntersector.framework/Versions/A/MPSRayIntersector
0x00000001996e6000 	/System/Library/Frameworks/MetalPerformanceShaders.framework/Versions/A/Frameworks/MPSNDArray.framework/Versions/A/MPSNDArray
0x00000001ef97b000 	/System/Library/Frameworks/MetalPerformanceShaders.framework/Versions/A/Frameworks/MPSFunctions.framework/Versions/A/MPSFunctions
0x00000001ef95d000 	/System/Library/Frameworks/MetalPerformanceShaders.framework/Versions/A/Frameworks/MPSBenchmarkLoop.framework/Versions/A/MPSBenchmarkLoop
0x000000018c44c000 	/System/Library/PrivateFrameworks/MetalTools.framework/Versions/A/MetalTools
0x00000001b9775000 	/System/Library/PrivateFrameworks/IOAccelMemoryInfo.framework/Versions/A/IOAccelMemoryInfo
0x00000001c6e7a000 	/System/Library/PrivateFrameworks/kperf.framework/Versions/A/kperf
0x00000001b4af3000 	/System/Library/PrivateFrameworks/GPURawCounter.framework/Versions/A/GPURawCounter
0x000000019c4a8000 	/System/Library/Frameworks/ApplicationServices.framework/Versions/A/Frameworks/ATSUI.framework/Versions/A/ATSUI
0x000000019df7a000 	/usr/lib/libcups.2.dylib
0x000000019e014000 	/System/Library/Frameworks/Kerberos.framework/Versions/A/Kerberos
0x000000019dc7a000 	/usr/lib/libresolv.9.dylib
0x0000000199e44000 	/usr/lib/libiconv.2.dylib
0x000000019ba3e000 	/System/Library/PrivateFrameworks/Heimdal.framework/Versions/A/Heimdal
0x00000001a5eff000 	/System/Library/Frameworks/Kerberos.framework/Versions/A/Libraries/libHeimdalProxy.dylib
0x000000019b823000 	/usr/lib/libheimdal-asn1.dylib
0x00000001953a8000 	/System/Library/Frameworks/OpenDirectory.framework/Versions/A/OpenDirectory
0x000000019e077000 	/System/Library/PrivateFrameworks/CommonAuth.framework/Versions/A/CommonAuth
0x00000001953b6000 	/System/Library/Frameworks/OpenDirectory.framework/Versions/A/Frameworks/CFOpenDirectory.framework/Versions/A/CFOpenDirectory
0x0000000199d9f000 	/usr/lib/libcharset.1.dylib
0x00000001ec601000 	/System/Library/Frameworks/AVFAudio.framework/Versions/A/AVFAudio
0x00000001ae3df000 	/System/Library/PrivateFrameworks/AXCoreUtilities.framework/Versions/A/AXCoreUtilities
0x000000024c6a7000 	/System/Library/PrivateFrameworks/IsolatedCoreAudioClient.framework/Versions/A/IsolatedCoreAudioClient
0x000000019dbeb000 	/usr/lib/libAudioStatistics.dylib
0x0000000197219000 	/System/Library/PrivateFrameworks/caulk.framework/Versions/A/caulk
0x000000018e2d1000 	/System/Library/PrivateFrameworks/AudioToolboxCore.framework/Versions/A/AudioToolboxCore
0x00000001a81f5000 	/System/Library/Frameworks/CoreMIDI.framework/Versions/A/CoreMIDI
0x000000019db8d000 	/System/Library/PrivateFrameworks/AudioSession.framework/Versions/A/AudioSession
0x000000019f490000 	/System/Library/Frameworks/IOBluetooth.framework/Versions/A/IOBluetooth
0x000000019b90d000 	/System/Library/PrivateFrameworks/MediaExperience.framework/Versions/A/MediaExperience
0x00000002667b1000 	/System/Library/PrivateFrameworks/Tightbeam.framework/Versions/A/Tightbeam
0x000000023a698000 	/System/Library/PrivateFrameworks/CoreAudioOrchestration.framework/Versions/A/CoreAudioOrchestration
0x00000001cb7b2000 	/System/Library/PrivateFrameworks/AFKUser.framework/Versions/A/AFKUser
0x00000001b4af7000 	/usr/lib/swift/libswiftCoreAudio.dylib
0x000000019ba2d000 	/System/Library/PrivateFrameworks/AppServerSupport.framework/Versions/A/AppServerSupport
0x000000019dff8000 	/System/Library/PrivateFrameworks/perfdata.framework/Versions/A/perfdata
0x00000001b3cab000 	/System/Library/PrivateFrameworks/SystemPolicy.framework/Versions/A/SystemPolicy
0x000000019de99000 	/usr/lib/libSMC.dylib
0x000000019c38b000 	/usr/lib/libAudioToolboxUtility.dylib
0x000000019e006000 	/usr/lib/libperfcheck.dylib
0x00000002365bf000 	/System/Library/PrivateFrameworks/AudioAnalytics.framework/Versions/A/AudioAnalytics
0x00000001d82c4000 	/System/Library/Frameworks/OSLog.framework/Versions/A/OSLog
0x00000001b4abe000 	/usr/lib/libmis.dylib
0x000000019d99b000 	/System/Library/PrivateFrameworks/AudioSession.framework/libSessionUtility.dylib
0x000000019c4dc000 	/System/Library/PrivateFrameworks/CMCaptureCore.framework/Versions/A/CMCaptureCore
0x00000001edcaa000 	/System/Library/Frameworks/ExtensionFoundation.framework/Versions/A/ExtensionFoundation
0x00000001a3bc9000 	/System/Library/PrivateFrameworks/CoreTime.framework/Versions/A/CoreTime
0x000000019b707000 	/System/Library/PrivateFrameworks/PlugInKit.framework/Versions/A/PlugInKit
0x00000001a26f0000 	/System/Library/Frameworks/CoreBluetooth.framework/Versions/A/CoreBluetooth
0x00000001a5f00000 	/System/Library/Frameworks/AudioUnit.framework/Versions/A/AudioUnit
0x0000000198f58000 	/System/Library/PrivateFrameworks/CoreUtils.framework/Versions/A/CoreUtils
0x000000023d64b000 	/System/Library/PrivateFrameworks/CoreUtilsExtras.framework/Versions/A/CoreUtilsExtras
0x00000001a1b29000 	/System/Library/Frameworks/MediaAccessibility.framework/Versions/A/MediaAccessibility
0x00000001bd115000 	/System/Library/PrivateFrameworks/AttributeGraph.framework/Versions/A/AttributeGraph
0x0000000272e9f000 	/usr/lib/libAXSafeCategoryBundle.dylib
0x00000001ae49b000 	/usr/lib/libAccessibility.dylib
0x0000000198da2000 	/System/Library/Frameworks/Accelerate.framework/Versions/A/Frameworks/vecLib.framework/Versions/A/libvDSP.dylib
0x000000019a10c000 	/System/Library/Frameworks/Accelerate.framework/Versions/A/Frameworks/vecLib.framework/Versions/A/libLAPACK.dylib
0x0000000199268000 	/System/Library/Frameworks/Accelerate.framework/Versions/A/Frameworks/vecLib.framework/Versions/A/libLinearAlgebra.dylib
0x000000019a007000 	/System/Library/Frameworks/Accelerate.framework/Versions/A/Frameworks/vecLib.framework/Versions/A/libSparseBLAS.dylib
0x000000019a107000 	/System/Library/Frameworks/Accelerate.framework/Versions/A/Frameworks/vecLib.framework/Versions/A/libQuadrature.dylib
0x00000001982f5000 	/System/Library/Frameworks/Accelerate.framework/Versions/A/Frameworks/vecLib.framework/Versions/A/libBNNS.dylib
0x000000018cd72000 	/System/Library/Frameworks/Accelerate.framework/Versions/A/Frameworks/vecLib.framework/Versions/A/libSparse.dylib
0x000000024de1e000 	/System/Library/PrivateFrameworks/MIL.framework/Versions/A/MIL
0x000000019c46f000 	/System/Library/PrivateFrameworks/GPUWrangler.framework/Versions/A/GPUWrangler
0x000000019c44f000 	/System/Library/PrivateFrameworks/IOPresentment.framework/Versions/A/IOPresentment
0x000000019c477000 	/System/Library/PrivateFrameworks/DSExternalDisplay.framework/Versions/A/DSExternalDisplay
0x00000001d86cb000 	/System/Library/PrivateFrameworks/HIDDisplay.framework/Versions/A/HIDDisplay
0x00000001ad6b9000 	/System/Library/PrivateFrameworks/HID.framework/Versions/A/HID
0x0000000269ff3000 	/System/Library/PrivateFrameworks/VideoToolboxParavirtualizationSupport.framework/Versions/A/VideoToolboxParavirtualizationSupport
0x000000019b7bf000 	/System/Library/PrivateFrameworks/AppleVA.framework/Versions/A/AppleVA
0x00000001a3738000 	/System/Library/PrivateFrameworks/GraphicsServices.framework/Versions/A/GraphicsServices
0x000000019e1ea000 	/System/Library/PrivateFrameworks/CorePhoneNumbers.framework/Versions/A/CorePhoneNumbers
0x00000001a28d8000 	/System/Library/PrivateFrameworks/MediaKit.framework/Versions/A/MediaKit
0x00000001a2823000 	/System/Library/Frameworks/DiscRecording.framework/Versions/A/DiscRecording
0x000000019dfd9000 	/System/Library/PrivateFrameworks/NetAuth.framework/Versions/A/NetAuth
0x00000001955a6000 	/System/Library/PrivateFrameworks/login.framework/Versions/A/Frameworks/loginsupport.framework/Versions/A/loginsupport
0x000000019b82d000 	/System/Library/PrivateFrameworks/IconFoundation.framework/Versions/A/IconFoundation
0x000000019b5aa000 	/usr/lib/libIOReport.dylib
0x00000002361cf000 	/System/Library/PrivateFrameworks/AppleMobileFileIntegrity.framework/Versions/A/AppleMobileFileIntegrity
0x0000000273261000 	/usr/lib/libTLE.dylib
0x00000001e90d7000 	/System/Library/PrivateFrameworks/ConfigProfileHelper.framework/Versions/A/ConfigProfileHelper
0x0000000199205000 	/usr/lib/libmecab.dylib
0x000000018cf02000 	/usr/lib/libCRFSuite.dylib
0x00000001981d1000 	/System/Library/PrivateFrameworks/CoreNLP.framework/Versions/A/CoreNLP
0x0000000199fbf000 	/usr/lib/libThaiTokenizer.dylib
0x00000001991cf000 	/usr/lib/libCheckFix.dylib
0x00000001947e9000 	/System/Library/PrivateFrameworks/MetadataUtilities.framework/Versions/A/MetadataUtilities
0x0000000249652000 	/System/Library/PrivateFrameworks/InstalledContentLibrary.framework/Versions/A/InstalledContentLibrary
0x000000018f9e9000 	/System/Library/PrivateFrameworks/CoreServicesStore.framework/Versions/A/CoreServicesStore
0x00000001c6f84000 	/System/Library/PrivateFrameworks/MobileSystemServices.framework/Versions/A/MobileSystemServices
0x000000019b46b000 	/usr/lib/libxslt.1.dylib
0x0000000199192000 	/System/Library/PrivateFrameworks/BackgroundTaskManagement.framework/Versions/A/BackgroundTaskManagement
0x00000001a565f000 	/usr/lib/libcurl.4.dylib
0x0000000273495000 	/usr/lib/libcrypto.46.dylib
0x0000000273fbf000 	/usr/lib/libssl.48.dylib
0x00000001a5337000 	/System/Library/Frameworks/LDAP.framework/Versions/A/LDAP
0x00000001a5373000 	/System/Library/PrivateFrameworks/TrustEvaluationAgent.framework/Versions/A/TrustEvaluationAgent
0x000000019dc97000 	/usr/lib/libsasl2.2.dylib
0x00000001b1e80000 	/usr/lib/swift/libswiftCoreGraphics.dylib
0x00000001a2158000 	/usr/lib/swift/libswiftFoundation.dylib
0x00000001e8b61000 	/usr/lib/swift/libswiftSwiftOnoneSupport.dylib
0x00000001d4977000 	/System/Library/PrivateFrameworks/CoreMaterial.framework/Versions/A/CoreMaterial
0x000000025a858000 	/System/Library/PrivateFrameworks/SFSymbols.framework/Versions/A/SFSymbols
0x00000001a1423000 	/System/Library/PrivateFrameworks/SpeechRecognitionCore.framework/Versions/A/SpeechRecognitionCore
0x00000001b36ce000 	/System/Library/Frameworks/Carbon.framework/Versions/A/Carbon
0x00000001aa704000 	/System/Library/Frameworks/Carbon.framework/Versions/A/Frameworks/CommonPanels.framework/Versions/A/CommonPanels
0x00000001a564a000 	/System/Library/Frameworks/Carbon.framework/Versions/A/Frameworks/Help.framework/Versions/A/Help
0x00000001aa708000 	/System/Library/Frameworks/Carbon.framework/Versions/A/Frameworks/ImageCapture.framework/Versions/A/ImageCapture
0x00000001aa6e4000 	/System/Library/Frameworks/Carbon.framework/Versions/A/Frameworks/OpenScripting.framework/Versions/A/OpenScripting
0x00000001aa703000 	/System/Library/Frameworks/Carbon.framework/Versions/A/Frameworks/Ink.framework/Versions/A/Ink
0x00000001aa700000 	/System/Library/Frameworks/Carbon.framework/Versions/A/Frameworks/SecurityHI.framework/Versions/A/SecurityHI
0x000000019526d000 	/System/Library/PrivateFrameworks/ViewBridge.framework/Versions/A/ViewBridge
0x0000000105458000 	/usr/lib/libobjc-trampolines.dylib
0x0000000272ea3000 	/usr/lib/libAccessibilityBaseImplementations.dylib
0x000000026d5c9000 	/System/Library/PrivateFrameworks/WritingToolsUI.framework/Versions/A/WritingToolsUI
0x0000000245c5d000 	/System/Library/PrivateFrameworks/GenerativeAssistantSettings.framework/Versions/A/GenerativeAssistantSettings
0x00000002649f3000 	/System/Library/PrivateFrameworks/TextComposer.framework/Versions/A/TextComposer
0x00000001b4b1f000 	/usr/lib/swift/libswiftIntents.dylib
0x000000027423d000 	/usr/lib/swift/libswiftSpatial.dylib
0x00000001ec75a000 	/System/Library/Frameworks/AppIntents.framework/Versions/A/AppIntents
0x00000001bb9ed000 	/System/Library/Frameworks/SwiftUI.framework/Versions/A/SwiftUI
0x00000001b1f5c000 	/System/Library/Frameworks/WebKit.framework/Versions/A/WebKit
0x00000002316e6000 	/System/Library/Frameworks/_AuthenticationServices_SwiftUI.framework/Versions/A/_AuthenticationServices_SwiftUI
0x00000002342c6000 	/System/Library/PrivateFrameworks/Anvil.framework/Versions/A/Anvil
0x00000001bb062000 	/System/Library/PrivateFrameworks/AppStoreDaemon.framework/Versions/A/AppStoreDaemon
0x00000001a8410000 	/System/Library/PrivateFrameworks/AppleMediaServices.framework/Versions/A/AppleMediaServices
0x00000001b7ae1000 	/System/Library/PrivateFrameworks/AppleMediaServicesUI.framework/Versions/A/AppleMediaServicesUI
0x0000000245c37000 	/System/Library/PrivateFrameworks/GenerativeAssistantCommon.framework/Versions/A/GenerativeAssistantCommon
0x00000001e8179000 	/System/Library/PrivateFrameworks/JetEngine.framework/Versions/A/JetEngine
0x000000024d77f000 	/System/Library/PrivateFrameworks/LinkMetadata.framework/Versions/A/LinkMetadata
0x00000001b53a1000 	/System/Library/PrivateFrameworks/OnBoardingKit.framework/Versions/A/OnBoardingKit
0x000000025b6d3000 	/System/Library/PrivateFrameworks/Settings.framework/Versions/A/Settings
0x0000000199c0f000 	/System/Library/Frameworks/CoreSpotlight.framework/Versions/A/CoreSpotlight
0x000000024d9c0000 	/System/Library/PrivateFrameworks/LinkServices.framework/Versions/A/LinkServices
0x000000023e2dc000 	/System/Library/PrivateFrameworks/DoNotDisturb.framework/Versions/A/DoNotDisturb
0x00000001b9885000 	/System/Library/PrivateFrameworks/IntentsCore.framework/Versions/A/IntentsCore
0x00000002369ac000 	/System/Library/PrivateFrameworks/AvailabilityKit.framework/Versions/A/AvailabilityKit
0x0000000234516000 	/System/Library/PrivateFrameworks/AppIntentSchemas.framework/Versions/A/AppIntentSchemas
0x0000000263509000 	/System/Library/PrivateFrameworks/StatusKit.framework/Versions/A/StatusKit
0x0000000259a05000 	/System/Library/PrivateFrameworks/RecapPerformanceTesting.framework/Versions/A/RecapPerformanceTesting
0x00000001b5391000 	/System/Library/PrivateFrameworks/SignpostCollection.framework/Versions/A/SignpostCollection
0x0000000273260000 	/usr/lib/libSpatial.dylib
0x00000001a7e06000 	/System/Library/Frameworks/WebKit.framework/Versions/A/Frameworks/WebKitLegacy.framework/Versions/A/WebKitLegacy
0x00000001a5d4c000 	/System/Library/PrivateFrameworks/CorePrediction.framework/Versions/A/CorePrediction
0x0000000196260000 	/System/Library/Frameworks/WebKit.framework/Versions/A/Frameworks/WebCore.framework/Versions/A/Frameworks/libwebrtc.dylib
0x00000001b1ee8000 	/System/Library/PrivateFrameworks/SafariSafeBrowsing.framework/Versions/A/SafariSafeBrowsing
0x000000019dd20000 	/System/Library/Frameworks/SecurityInterface.framework/Versions/A/SecurityInterface
0x00000001b53a0000 	/System/Library/PrivateFrameworks/WebInspectorUI.framework/Versions/A/WebInspectorUI
0x00000001aa70b000 	/System/Library/Frameworks/JavaScriptCore.framework/Versions/A/JavaScriptCore
0x00000001ae4cc000 	/System/Library/Frameworks/WebKit.framework/Versions/A/Frameworks/WebCore.framework/Versions/A/WebCore
0x00000001ed138000 	/System/Library/Frameworks/BrowserEngineCore.framework/Versions/A/BrowserEngineCore
0x0000000231244000 	/System/Library/Frameworks/WebKit.framework/Versions/A/Frameworks/WebCore.framework/Versions/A/Frameworks/libANGLE-shared.dylib
0x000000026c1c0000 	/System/Library/PrivateFrameworks/WebGPU.framework/Versions/A/WebGPU
0x00000001b7173000 	/System/Library/Frameworks/SceneKit.framework/Versions/A/SceneKit
0x00000001c77ab000 	/System/Library/Frameworks/ModelIO.framework/Versions/A/ModelIO
0x000000019f65b000 	/System/Library/Frameworks/MetalKit.framework/Versions/A/MetalKit
0x00000001a173a000 	/System/Library/Frameworks/GLKit.framework/Versions/A/GLKit
0x0000000274776000 	/usr/lib/usd/libusd_ms.dylib
0x0000000268808000 	/System/Library/PrivateFrameworks/USDLib_FormatLoaderProxy.framework/Versions/A/USDLib_FormatLoaderProxy
0x00000001b45a7000 	/System/Library/PrivateFrameworks/CoreOptimization.framework/Versions/A/CoreOptimization
0x000000023687f000 	/System/Library/PrivateFrameworks/AuthenticationServicesCore.framework/Versions/A/AuthenticationServicesCore
0x00000001be30a000 	/System/Library/Frameworks/AuthenticationServices.framework/Versions/A/AuthenticationServices
0x000000019b6e3000 	/System/Library/PrivateFrameworks/SharedWebCredentials.framework/Versions/A/SharedWebCredentials
0x00000001b61dd000 	/System/Library/PrivateFrameworks/SafariCore.framework/Versions/A/SafariCore
0x00000001bde5c000 	/System/Library/PrivateFrameworks/SafariFoundation.framework/Versions/A/SafariFoundation
0x0000000237909000 	/System/Library/PrivateFrameworks/CBORLibrary.framework/Versions/A/CBORLibrary
0x00000002386b1000 	/System/Library/PrivateFrameworks/Chirp.framework/Versions/A/Chirp
0x00000001e940c000 	/System/Library/PrivateFrameworks/RemoteManagement.framework/Versions/A/RemoteManagement
0x0000000259d5b000 	/System/Library/PrivateFrameworks/RemoteManagementModel.framework/Versions/A/RemoteManagementModel
0x0000000259de8000 	/System/Library/PrivateFrameworks/RemoteManagementStore.framework/Versions/A/RemoteManagementStore
0x000000019f679000 	/usr/lib/libxcselect.dylib
0x00000001bddcb000 	/System/Library/PrivateFrameworks/DifferentialPrivacy.framework/Versions/A/DifferentialPrivacy
0x00000001a2409000 	/System/Library/Frameworks/Contacts.framework/Versions/A/Contacts
0x000000026902c000 	/System/Library/PrivateFrameworks/VDAF.framework/Versions/A/VDAF
0x00000001a2226000 	/System/Library/PrivateFrameworks/ContactsPersistence.framework/Versions/A/ContactsPersistence
0x00000001a143d000 	/System/Library/PrivateFrameworks/AppleLDAP.framework/Versions/A/AppleLDAP
0x00000001a59f3000 	/System/Library/Frameworks/ClassKit.framework/Versions/A/ClassKit
0x00000001a7b32000 	/System/Library/PrivateFrameworks/CoreSuggestions.framework/Versions/A/CoreSuggestions
0x00000001a2159000 	/System/Library/PrivateFrameworks/ContactsFoundation.framework/Versions/A/ContactsFoundation
0x00000001a36fa000 	/System/Library/PrivateFrameworks/vCard.framework/Versions/A/vCard
0x0000000239ed4000 	/System/Library/PrivateFrameworks/ContactsMetrics.framework/Versions/A/ContactsMetrics
0x000000019baff000 	/System/Library/PrivateFrameworks/login.framework/Versions/A/login
0x000000024fb08000 	/System/Library/PrivateFrameworks/ManagedOrganizationContacts.framework/Versions/A/ManagedOrganizationContacts
0x00000001959cc000 	/System/Library/PrivateFrameworks/CloudDocs.framework/Versions/A/CloudDocs
0x00000001a7121000 	/System/Library/PrivateFrameworks/ConfigurationProfiles.framework/Versions/A/ConfigurationProfiles
0x000000023d85b000 	/System/Library/PrivateFrameworks/DMCUtilities.framework/Versions/A/DMCUtilities
0x000000024dd9b000 	/System/Library/PrivateFrameworks/MDMClientLibrary.framework/Versions/A/MDMClientLibrary
0x0000000259ddc000 	/System/Library/PrivateFrameworks/RemoteManagementProtocol.framework/Versions/A/RemoteManagementProtocol
0x000000027306c000 	/usr/lib/libEndpointSecuritySystem.dylib
0x00000001a1b63000 	/System/Library/PrivateFrameworks/SystemAdministration.framework/Versions/A/SystemAdministration
0x00000001ac011000 	/System/Library/PrivateFrameworks/PowerlogControl.framework/Versions/A/PowerlogControl
0x00000001991c1000 	/System/Library/Frameworks/ServiceManagement.framework/Versions/A/ServiceManagement
0x00000001ac013000 	/usr/lib/libUniversalAccess.dylib
0x00000001a8cde000 	/System/Library/PrivateFrameworks/FamilyControls.framework/Versions/A/FamilyControls
0x00000001a13ee000 	/System/Library/Frameworks/DirectoryService.framework/Versions/A/DirectoryService
0x00000001a56e1000 	/System/Library/PrivateFrameworks/LoginUIKit.framework/Versions/A/Frameworks/LoginUICore.framework/Versions/A/LoginUICore
0x000000019bcef000 	/usr/lib/libodfde.dylib
0x00000001a8cd8000 	/System/Library/PrivateFrameworks/UniversalAccess.framework/Versions/A/Libraries/libUAPreferences.dylib
0x00000001a8d02000 	/System/Library/PrivateFrameworks/CommerceKit.framework/Versions/A/Frameworks/CommerceCore.framework/Versions/A/CommerceCore
0x000000023d809000 	/System/Library/PrivateFrameworks/DEPClientLibrary.framework/Versions/A/DEPClientLibrary
0x000000023d829000 	/System/Library/PrivateFrameworks/DMCEnrollmentLibrary.framework/Versions/A/DMCEnrollmentLibrary
0x00000001ac0f7000 	/System/Library/PrivateFrameworks/SetupAssistantFramework.framework/Versions/A/SetupAssistantFramework
0x00000001a5da6000 	/System/Library/PrivateFrameworks/AuthKitUI.framework/Versions/A/AuthKitUI
0x00000001a572b000 	/System/Library/PrivateFrameworks/AppSSO.framework/Versions/A/AppSSO
0x00000001badc8000 	/System/Library/PrivateFrameworks/LocalAuthenticationUI.framework/Versions/A/LocalAuthenticationUI
0x0000000257f9a000 	/System/Library/PrivateFrameworks/PlatformSSO.framework/Versions/A/PlatformSSO
0x00000001bb7b5000 	/System/Library/PrivateFrameworks/AOSUI.framework/Versions/A/AOSUI
0x00000001adb88000 	/System/Library/Frameworks/ContactsUI.framework/Versions/A/ContactsUI
0x00000001a2640000 	/System/Library/PrivateFrameworks/FamilyCircle.framework/Versions/A/FamilyCircle
0x00000001c8e5a000 	/System/Library/Frameworks/LinkPresentation.framework/Versions/A/LinkPresentation
0x0000000258066000 	/System/Library/PrivateFrameworks/PlatformSSOCore.framework/Versions/A/PlatformSSOCore
0x00000001ad89a000 	/System/Library/PrivateFrameworks/IASUtilities.framework/Versions/A/IASUtilities
0x0000000248c9e000 	/System/Library/PrivateFrameworks/IASUtilitiesCore.framework/Versions/A/IASUtilitiesCore
0x000000024dc83000 	/System/Library/PrivateFrameworks/LocalAuthenticationCoreUI.framework/Versions/A/LocalAuthenticationCoreUI
0x00000001b483c000 	/System/Library/Frameworks/LocalAuthentication.framework/Support/DaemonUtils.framework/Versions/A/DaemonUtils
0x00000001b7aa8000 	/System/Library/PrivateFrameworks/BridgeXPC.framework/Versions/A/BridgeXPC
0x000000019bb23000 	/System/Library/PrivateFrameworks/CoreBrightness.framework/Versions/A/CoreBrightness
0x00000001b547a000 	/System/Library/PrivateFrameworks/CoreKDL.framework/Versions/A/CoreKDL
0x00000001b3ca4000 	/System/Library/PrivateFrameworks/EmbeddedOSSupportHost.framework/Versions/A/EmbeddedOSSupportHost
0x000000026421c000 	/System/Library/PrivateFrameworks/SystemStatus.framework/Versions/A/SystemStatus
0x00000001c2f31000 	/System/Library/PrivateFrameworks/StorageKit.framework/Versions/A/StorageKit
0x00000001eaa86000 	/System/Library/Frameworks/DeviceCheck.framework/Versions/A/DeviceCheck
0x00000001eddb1000 	/System/Library/Frameworks/FSKit.framework/Versions/A/FSKit
0x000000023dff9000 	/System/Library/PrivateFrameworks/DiskImages2.framework/Versions/A/DiskImages2
0x000000024db10000 	/System/Library/PrivateFrameworks/LiveFS.framework/Versions/A/LiveFS
0x000000027090b000 	/System/Library/PrivateFrameworks/icloudMCCKit.framework/Versions/A/icloudMCCKit
0x0000000235214000 	/System/Library/PrivateFrameworks/AppleAccountUI.framework/Versions/A/AppleAccountUI
0x00000002391d7000 	/System/Library/PrivateFrameworks/CloudSubscriptionFeatures.framework/Versions/A/CloudSubscriptionFeatures
0x00000001d4943000 	/System/Library/PrivateFrameworks/PreferencePanesSupport.framework/Versions/A/PreferencePanesSupport
0x00000001bb965000 	/System/Library/PrivateFrameworks/FindMyDeviceUI.framework/Versions/A/FindMyDeviceUI
0x000000026e543000 	/System/Library/PrivateFrameworks/iCloudQuotaUI.framework/Versions/A/iCloudQuotaUI
0x00000001d4af6000 	/System/Library/PrivateFrameworks/CoreCDPUI.framework/Versions/A/CoreCDPUI
0x00000001b5f44000 	/System/Library/PrivateFrameworks/CoreFollowUpUI.framework/Versions/A/CoreFollowUpUI
0x000000019dd59000 	/System/Library/PrivateFrameworks/CoreFollowUp.framework/Versions/A/CoreFollowUp
0x00000001c1cac000 	/System/Library/PrivateFrameworks/IMCore.framework/Versions/A/IMCore
0x00000001ac079000 	/System/Library/PrivateFrameworks/CoreCDP.framework/Versions/A/CoreCDP
0x00000001a8402000 	/System/Library/PrivateFrameworks/AskPermission.framework/Versions/A/AskPermission
0x00000001b9800000 	/System/Library/Frameworks/Quartz.framework/Versions/A/Quartz
0x00000001c57d6000 	/System/Library/PrivateFrameworks/CloudPhotoServicesConfiguration.framework/Versions/A/CloudPhotoServicesConfiguration
0x00000001b8216000 	/System/Library/PrivateFrameworks/CommerceKit.framework/Versions/A/CommerceKit
0x00000001c7116000 	/System/Library/PrivateFrameworks/FindMyMac.framework/Versions/A/FindMyMac
0x00000001c6fed000 	/System/Library/Frameworks/PreferencePanes.framework/Versions/A/PreferencePanes
0x00000001baec0000 	/System/Library/Frameworks/AddressBook.framework/Versions/A/AddressBook
0x00000001a73ea000 	/System/Library/PrivateFrameworks/AOSAccounts.framework/Versions/A/AOSAccounts
0x00000001a1b5d000 	/System/Library/PrivateFrameworks/AppleSRP.framework/Versions/A/AppleSRP
0x00000001b4756000 	/System/Library/Frameworks/SafariServices.framework/Versions/A/SafariServices
0x00000001a5f08000 	/System/Library/PrivateFrameworks/NetFSServer.framework/Versions/A/NetFSServer
0x00000001b704c000 	/System/Library/Frameworks/PDFKit.framework/Versions/A/PDFKit
0x00000001c800e000 	/System/Library/PrivateFrameworks/EmailFoundation.framework/Versions/A/EmailFoundation
0x00000001c704a000 	/System/Library/PrivateFrameworks/EmailCore.framework/Versions/A/EmailCore
0x00000001cae3a000 	/System/Library/PrivateFrameworks/EmailAddressing.framework/Versions/A/EmailAddressing
0x00000001cae46000 	/System/Library/PrivateFrameworks/Email.framework/Versions/A/Email
0x00000001f32a2000 	/System/Library/Frameworks/TabularData.framework/Versions/A/TabularData
0x000000027421d000 	/usr/lib/swift/libswiftPassKit.dylib
0x0000000236aee000 	/System/Library/PrivateFrameworks/BackgroundSystemTasks.framework/Versions/A/BackgroundSystemTasks
0x000000024dd12000 	/System/Library/PrivateFrameworks/LockdownMode.framework/Versions/A/LockdownMode
0x00000001a263a000 	/System/Library/PrivateFrameworks/CommunicationsFilter.framework/Versions/A/CommunicationsFilter
0x00000001d8607000 	/System/Library/Frameworks/PassKit.framework/Versions/A/PassKit
0x00000001a9802000 	/System/Library/PrivateFrameworks/PassKitCore.framework/Versions/A/PassKitCore
0x0000000255551000 	/System/Library/PrivateFrameworks/PassKitMacHelperTemp.framework/Versions/A/PassKitMacHelperTemp
0x0000000234553000 	/System/Library/PrivateFrameworks/AppIntentsServices.framework/Versions/A/AppIntentsServices
0x00000001a7000000 	/System/Library/PrivateFrameworks/CoreRecents.framework/Versions/A/CoreRecents
0x00000001b4889000 	/System/Library/PrivateFrameworks/BiometricKit.framework/Versions/A/BiometricKit
0x000000025a799000 	/System/Library/PrivateFrameworks/SEService.framework/Versions/A/SEService
0x00000001a7bfe000 	/System/Library/Frameworks/EventKit.framework/Versions/A/EventKit
0x00000001b98a5000 	/System/Library/PrivateFrameworks/NearField.framework/Versions/A/NearField
0x00000001bb5dd000 	/System/Library/PrivateFrameworks/FTClientServices.framework/Versions/A/FTClientServices
0x00000001d4364000 	/System/Library/PrivateFrameworks/DiagnosticRequest.framework/Versions/A/DiagnosticRequest
0x000000027321a000 	/usr/lib/libSESShared.dylib
0x000000025a93a000 	/System/Library/PrivateFrameworks/STSXPCHelperClient.framework/Versions/A/STSXPCHelperClient
0x0000000263fef000 	/System/Library/PrivateFrameworks/Symptoms.framework/Versions/A/Frameworks/SymptomPresentationFeed.framework/Versions/A/SymptomPresentationFeed
0x0000000235ac7000 	/System/Library/PrivateFrameworks/AppleMediaServicesKitInternal.framework/Versions/A/AppleMediaServicesKitInternal
0x0000000263d6a000 	/System/Library/PrivateFrameworks/SymptomShared.framework/Versions/A/SymptomShared
0x0000000238241000 	/System/Library/PrivateFrameworks/CalendarDatabase.framework/Versions/A/CalendarDatabase
0x0000000238195000 	/System/Library/PrivateFrameworks/CalendarDaemon.framework/Versions/A/CalendarDaemon
0x00000001a7055000 	/System/Library/PrivateFrameworks/CalendarFoundation.framework/Versions/A/CalendarFoundation
0x00000001a7011000 	/System/Library/PrivateFrameworks/iCalendar.framework/Versions/A/iCalendar
0x000000023da90000 	/System/Library/PrivateFrameworks/DataAccessExpress.framework/Versions/A/DataAccessExpress
0x00000001ad72c000 	/System/Library/PrivateFrameworks/CoreDAV.framework/Versions/A/CoreDAV
0x00000001a7ad3000 	/System/Library/PrivateFrameworks/CalDAV.framework/Versions/A/CalDAV
0x00000001b1c45000 	/System/Library/PrivateFrameworks/TelephonyUtilities.framework/Versions/A/TelephonyUtilities
0x00000001b600f000 	/System/Library/Frameworks/CallKit.framework/Versions/A/CallKit
0x00000001ddc55000 	/System/Library/PrivateFrameworks/IMTransferServices.framework/Versions/A/IMTransferServices
0x00000001b45c1000 	/System/Library/PrivateFrameworks/IncomingCallFilter.framework/Versions/A/IncomingCallFilter
0x0000000252e5c000 	/System/Library/PrivateFrameworks/NeighborhoodActivityConduit.framework/Versions/A/NeighborhoodActivityConduit
0x0000000273042000 	/usr/lib/libBASupport.dylib
0x00000001c1a56000 	/System/Library/PrivateFrameworks/SpotlightReceiver.framework/Versions/A/SpotlightReceiver
0x00000001bb27e000 	/usr/lib/libnfshared.dylib
0x00000001dae35000 	/System/Library/PrivateFrameworks/PassKitUIFoundation.framework/Versions/A/PassKitUIFoundation
0x00000001a144f000 	/System/Library/Frameworks/MapKit.framework/Versions/A/MapKit
0x00000001edd75000 	/System/Library/Frameworks/ExtensionKit.framework/Versions/A/ExtensionKit
0x00000002460c0000 	/System/Library/PrivateFrameworks/GeoAnalytics.framework/Versions/A/GeoAnalytics
0x00000001b55cf000 	/System/Library/PrivateFrameworks/SearchFoundation.framework/Versions/A/SearchFoundation
0x00000001bb2b4000 	/System/Library/PrivateFrameworks/Navigation.framework/Versions/A/Navigation
0x00000001c42f6000 	/System/Library/PrivateFrameworks/VectorKit.framework/Versions/A/VectorKit
0x00000001ad962000 	/System/Library/PrivateFrameworks/VirtualGarage.framework/Versions/A/VirtualGarage
0x00000001bb42d000 	/System/Library/Frameworks/ExternalAccessory.framework/ExternalAccessory
0x00000001bb447000 	/System/Library/PrivateFrameworks/IAP.framework/Versions/A/IAP
0x00000001a1702000 	/System/Library/PrivateFrameworks/IOPlatformPluginFamily.framework/Versions/A/IOPlatformPluginFamily
0x00000002369af000 	/System/Library/PrivateFrameworks/AvatarKit.framework/Versions/A/AvatarKit
0x0000000236a67000 	/System/Library/PrivateFrameworks/AvatarPersistence.framework/Versions/A/AvatarPersistence
0x0000000259e51000 	/System/Library/PrivateFrameworks/RemoteUI.framework/Versions/A/RemoteUI
0x00000001a1806000 	/usr/lib/libCTGreenTeaLogger.dylib
0x00000001f34cc000 	/System/Library/Frameworks/TipKit.framework/Versions/A/TipKit
0x00000001d65be000 	/System/Library/PrivateFrameworks/AppleCVA.framework/Versions/A/AppleCVA
0x0000000236a66000 	/System/Library/PrivateFrameworks/AvatarKitContent.framework/Versions/A/AvatarKitContent
0x00000001a182e000 	/System/Library/PrivateFrameworks/CoreAppleCVA.framework/Versions/A/CoreAppleCVA
0x000000024cb4e000 	/System/Library/PrivateFrameworks/LiftUI.framework/Versions/A/LiftUI
0x0000000239146000 	/System/Library/PrivateFrameworks/CloudSettings.framework/Versions/A/CloudSettings
0x00000001b41eb000 	/System/Library/PrivateFrameworks/CoreRoutine.framework/Versions/A/CoreRoutine
0x00000001c2a86000 	/System/Library/PrivateFrameworks/Categories.framework/Versions/A/Categories
0x0000000239646000 	/System/Library/PrivateFrameworks/Coherence.framework/Versions/A/Coherence
0x00000001b1b40000 	/System/Library/PrivateFrameworks/CoreParsec.framework/Versions/A/CoreParsec
0x0000000255be0000 	/System/Library/PrivateFrameworks/PegasusAPI.framework/Versions/A/PegasusAPI
0x00000002568ae000 	/System/Library/PrivateFrameworks/PegasusConfiguration.framework/Versions/A/PegasusConfiguration
0x000000024dce9000 	/System/Library/PrivateFrameworks/LocalStatusKit.framework/Versions/A/LocalStatusKit
0x00000001b61c3000 	/System/Library/PrivateFrameworks/ContextKit.framework/Versions/A/ContextKit
0x000000023a002000 	/System/Library/PrivateFrameworks/ContextKitCore.framework/Versions/A/ContextKitCore
0x00000001bb5e1000 	/System/Library/PrivateFrameworks/CharacterPicker.framework/Versions/A/CharacterPicker
0x00000001b46c8000 	/System/Library/PrivateFrameworks/ContactsDonation.framework/Versions/A/ContactsDonation
0x00000001ada84000 	/System/Library/PrivateFrameworks/ContactsUICore.framework/Versions/A/ContactsUICore
0x00000001b3fce000 	/System/Library/PrivateFrameworks/DataDetectors.framework/Versions/A/DataDetectors
0x00000001a7abf000 	/System/Library/Frameworks/MediaLibrary.framework/Versions/A/MediaLibrary
0x00000001a2629000 	/System/Library/PrivateFrameworks/PersonaKit.framework/Versions/A/PersonaKit
0x00000001ada72000 	/System/Library/PrivateFrameworks/PersonaUI.framework/Versions/A/PersonaUI
0x000000024955f000 	/System/Library/PrivateFrameworks/InputToolKitUI.framework/Versions/A/InputToolKitUI
0x000000024954a000 	/System/Library/PrivateFrameworks/InputToolKit.framework/Versions/A/InputToolKit
0x0000000263642000 	/System/Library/PrivateFrameworks/Stickers.framework/Versions/A/Stickers
0x00000002494b8000 	/System/Library/PrivateFrameworks/InputAnalytics.framework/Versions/A/InputAnalytics
0x00000001bd158000 	/System/Library/PrivateFrameworks/EmojiFoundation.framework/Versions/A/EmojiFoundation
0x000000023f432000 	/System/Library/PrivateFrameworks/FeedbackService.framework/Versions/A/FeedbackService
0x00000001a22a5000 	/System/Library/PrivateFrameworks/AddressBookCore.framework/Versions/A/AddressBookCore
0x00000001b5ec4000 	/System/Library/PrivateFrameworks/IntlPreferences.framework/Versions/A/IntlPreferences
0x00000001bb043000 	/System/Library/PrivateFrameworks/ToneKit.framework/Versions/A/ToneKit
0x00000001b5f0a000 	/System/Library/PrivateFrameworks/ToneLibrary.framework/Versions/A/ToneLibrary
0x0000000239e9a000 	/System/Library/PrivateFrameworks/ContactsAccounts.framework/Versions/A/ContactsAccounts
0x00000001c6a0b000 	/System/Library/PrivateFrameworks/Transparency.framework/Versions/A/Transparency
0x00000001b971d000 	/System/Library/PrivateFrameworks/Lookup.framework/Versions/A/Lookup
0x00000001f16a0000 	/System/Library/Frameworks/QuickLookUI.framework/Versions/A/QuickLookUI
0x00000001f2080000 	/System/Library/Frameworks/ScreenCaptureKit.framework/Versions/A/ScreenCaptureKit
0x00000001b6b60000 	/System/Library/Frameworks/Quartz.framework/Versions/A/Frameworks/QuartzComposer.framework/Versions/A/QuartzComposer
0x00000001b5e9b000 	/System/Library/Frameworks/Quartz.framework/Versions/A/Frameworks/QuartzFilters.framework/Versions/A/QuartzFilters
0x00000001b4f81000 	/System/Library/Frameworks/Quartz.framework/Versions/A/Frameworks/ImageKit.framework/Versions/A/ImageKit
0x00000001ec3f5000 	/System/Library/Frameworks/OpenCL.framework/Versions/A/OpenCL
0x00000001b36cd000 	/System/Library/PrivateFrameworks/CorePDF.framework/Versions/A/CorePDF
0x000000019f5f2000 	/System/Library/Frameworks/QuickLook.framework/Versions/A/QuickLook
0x00000001a9707000 	/System/Library/PrivateFrameworks/DisplayServices.framework/Versions/A/DisplayServices
0x00000001b5e0b000 	/System/Library/Frameworks/ImageCaptureCore.framework/Versions/A/ImageCaptureCore
0x000000026aae1000 	/System/Library/PrivateFrameworks/VisionKitCore.framework/Versions/A/VisionKitCore
0x00000001b1b10000 	/System/Library/PrivateFrameworks/QuickLookSupport.framework/Versions/A/QuickLookSupport
0x0000000250372000 	/System/Library/PrivateFrameworks/MediaAnalysisServices.framework/Versions/A/MediaAnalysisServices
0x00000001b870c000 	/System/Library/PrivateFrameworks/PhotoLibraryServices.framework/Versions/A/PhotoLibraryServices
0x00000001b5a54000 	/System/Library/Frameworks/Photos.framework/Versions/A/Photos
0x00000001c923b000 	/System/Library/PrivateFrameworks/PhotosFormats.framework/Versions/A/PhotosFormats
0x00000001c5808000 	/System/Library/PrivateFrameworks/CloudPhotoLibrary.framework/Versions/A/CloudPhotoLibrary
0x00000001ce82c000 	/System/Library/PrivateFrameworks/CloudPhotoServices.framework/Versions/A/CloudPhotoServices
0x00000001cafc3000 	/System/Library/PrivateFrameworks/CoreMediaStream.framework/Versions/A/CoreMediaStream
0x00000001a2c55000 	/System/Library/PrivateFrameworks/CPAnalytics.framework/Versions/A/CPAnalytics
0x00000001c76b0000 	/System/Library/PrivateFrameworks/MediaConversionService.framework/Versions/A/MediaConversionService
0x00000001a9374000 	/System/Library/PrivateFrameworks/PhotoFoundation.framework/Versions/A/PhotoFoundation
0x0000000256e46000 	/System/Library/PrivateFrameworks/PhotoLibraryServicesCore.framework/Versions/A/PhotoLibraryServicesCore
0x00000001c1407000 	/System/Library/PrivateFrameworks/MMCS.framework/Versions/A/MMCS
0x00000001a7928000 	/System/Library/PrivateFrameworks/ChunkingLibrary.framework/Versions/A/ChunkingLibrary
0x00000001a1b08000 	/System/Library/PrivateFrameworks/AssetCacheServices.framework/Versions/A/AssetCacheServices
0x00000001a3830000 	/System/Library/PrivateFrameworks/AVFoundationCF.framework/Versions/A/AVFoundationCF
0x00000001ddb52000 	/usr/lib/swift/libswiftDemangle.dylib
0x00000001b424b000 	/System/Library/PrivateFrameworks/MediaStream.framework/Versions/A/MediaStream
0x00000001c7bca000 	/System/Library/PrivateFrameworks/NeutrinoCore.framework/Versions/A/NeutrinoCore
0x0000000192d70000 	/System/Library/PrivateFrameworks/NLP.framework/Versions/A/NLP
0x00000001cd5d8000 	/System/Library/PrivateFrameworks/PhotoImaging.framework/Versions/A/PhotoImaging
0x00000001ce7ed000 	/System/Library/PrivateFrameworks/PhotosImagingFoundation.framework/Versions/A/PhotosImagingFoundation
0x0000000257921000 	/System/Library/PrivateFrameworks/PhotosIntelligenceCore.framework/Versions/A/PhotosIntelligenceCore
0x00000001a3cc7000 	/System/Library/PrivateFrameworks/EmbeddedAcousticRecognition.framework/Versions/A/EmbeddedAcousticRecognition
0x00000001c5a6f000 	/System/Library/PrivateFrameworks/SDAPI.framework/Versions/A/SDAPI
0x00000001ce83a000 	/System/Library/PrivateFrameworks/AutoLoop.framework/Versions/A/AutoLoop
0x000000025838a000 	/System/Library/PrivateFrameworks/Portrait.framework/Versions/A/Portrait
0x00000002352bd000 	/System/Library/PrivateFrameworks/AppleDepth.framework/Versions/A/AppleDepth
0x000000023ffc8000 	/System/Library/PrivateFrameworks/FusionTracker.framework/Versions/A/FusionTracker
0x00000002353ab000 	/System/Library/PrivateFrameworks/AppleDepthCore.framework/Versions/A/AppleDepthCore
0x00000001b6620000 	/System/Library/PrivateFrameworks/iTunesCloud.framework/Versions/A/iTunesCloud
0x00000001beecc000 	/System/Library/PrivateFrameworks/DAAPKit.framework/Versions/A/DAAPKit
0x00000002742a1000 	/usr/lib/swift/libswiftVideoToolbox.dylib
0x00000001b1e21000 	/System/Library/PrivateFrameworks/DeviceManagement.framework/Versions/A/DeviceManagement
0x00000001d42c3000 	/System/Library/PrivateFrameworks/ScreenTimeUI.framework/Versions/A/ScreenTimeUI
0x00000001b3fc8000 	/System/Library/PrivateFrameworks/QuickLookNonBaseSystem.framework/Versions/A/QuickLookNonBaseSystem
0x00000001b4797000 	/System/Library/PrivateFrameworks/Catalyst.framework/Versions/A/Catalyst
0x000000024fb0e000 	/System/Library/PrivateFrameworks/ManagedSettingsObjC.framework/Versions/A/ManagedSettingsObjC
0x00000001b60b1000 	/System/Library/PrivateFrameworks/ScreenTimeCore.framework/Versions/A/ScreenTimeCore
0x00000001c879e000 	/System/Library/PrivateFrameworks/ScreenTimeServiceUI.framework/Versions/A/ScreenTimeServiceUI
0x00000001c1592000 	/System/Library/PrivateFrameworks/ConfigurationEngineModel.framework/Versions/A/ConfigurationEngineModel
0x00000001c42b2000 	/System/Library/PrivateFrameworks/UsageTracking.framework/Versions/A/UsageTracking
0x00000001edb76000 	/System/Library/Frameworks/DeviceActivity.framework/Versions/A/DeviceActivity
0x00000001c4282000 	/System/Library/PrivateFrameworks/KnowledgeMonitor.framework/Versions/A/KnowledgeMonitor
0x00000001dadda000 	/System/Library/PrivateFrameworks/BluetoothManager.framework/Versions/A/BluetoothManager
0x00000001eecd1000 	/System/Library/Frameworks/ManagedSettings.framework/Versions/A/ManagedSettings
0x000000024fb47000 	/System/Library/PrivateFrameworks/ManagedSettingsSupport.framework/Versions/A/ManagedSettingsSupport
0x00000001d86d7000 	/System/Library/Frameworks/ReplayKit.framework/Versions/A/ReplayKit
0x00000001aa6a0000 	/System/Library/PrivateFrameworks/MarkupUI.framework/Versions/A/MarkupUI
0x00000001b3fa0000 	/System/Library/PrivateFrameworks/SidecarCore.framework/Versions/A/SidecarCore
0x00000001b6a21000 	/System/Library/PrivateFrameworks/AnnotationKit.framework/Versions/A/AnnotationKit
0x00000001f362c000 	/System/Library/Frameworks/Translation.framework/Versions/A/Translation
0x00000001d0202000 	/System/Library/PrivateFrameworks/RevealCore.framework/Versions/A/RevealCore
0x00000001d01f6000 	/System/Library/PrivateFrameworks/Reveal.framework/Versions/A/Reveal
0x00000002678e9000 	/System/Library/PrivateFrameworks/TranslationUIServices.framework/Versions/A/TranslationUIServices
0x00000001b51c7000 	/System/Library/Frameworks/PencilKit.framework/Versions/A/PencilKit
0x00000001b537c000 	/System/Library/PrivateFrameworks/SidecarUI.framework/Versions/A/SidecarUI
0x00000001b4b74000 	/System/Library/PrivateFrameworks/CoreHandwriting.framework/Versions/A/CoreHandwriting
0x000000018cf37000 	/usr/lib/libmecabra.dylib
0x00000001adefb000 	/System/Library/PrivateFrameworks/Calculate.framework/Versions/A/Calculate
0x000000019b497000 	/usr/lib/libChineseTokenizer.dylib
0x00000001e9335000 	/System/Library/PrivateFrameworks/ScreenReaderCore.framework/Versions/A/ScreenReaderCore
0x0000000263a19000 	/System/Library/PrivateFrameworks/StocksKit.framework/Versions/A/StocksKit
0x00000001ad074000 	/System/Library/PrivateFrameworks/OAuth.framework/Versions/A/OAuth
0x00000002636c6000 	/System/Library/PrivateFrameworks/StocksCore.framework/Versions/A/StocksCore
0x000000026472a000 	/System/Library/PrivateFrameworks/TeaFoundation.framework/Versions/A/TeaFoundation
0x0000000264913000 	/System/Library/PrivateFrameworks/TeaSettings.framework/Versions/A/TeaSettings
0x00000001def1c000 	/System/Library/PrivateFrameworks/NewsCore.framework/Versions/A/NewsCore
0x00000002646c7000 	/System/Library/PrivateFrameworks/TeaDB.framework/Versions/A/TeaDB
0x00000001dbbc3000 	/System/Library/PrivateFrameworks/RemoteConfiguration.framework/Versions/A/RemoteConfiguration
0x00000001deb56000 	/System/Library/PrivateFrameworks/NewsTransport.framework/Versions/A/NewsTransport
0x00000001def0c000 	/System/Library/PrivateFrameworks/NewsFoundation.framework/Versions/A/NewsFoundation
0x00000002533a4000 	/System/Library/PrivateFrameworks/NewsURLBucket.framework/Versions/A/NewsURLBucket
0x00000001b8440000 	/System/Library/PrivateFrameworks/MobileInstallation.framework/Versions/A/MobileInstallation
0x0000000266930000 	/System/Library/PrivateFrameworks/TipKitCore.framework/Versions/A/TipKitCore
0x00000001bd1db000 	/System/Library/PrivateFrameworks/CoreCDPInternal.framework/Versions/A/CoreCDPInternal
0x00000001acfc6000 	/System/Library/PrivateFrameworks/AccountsDaemon.framework/Versions/A/AccountsDaemon
0x0000000259a93000 	/System/Library/PrivateFrameworks/RegulatoryDomain.framework/Versions/A/RegulatoryDomain
0x00000001d4af3000 	/System/Library/PrivateFrameworks/MachineSettings.framework/Versions/A/MachineSettings
0x00000001c6f70000 	/System/Library/PrivateFrameworks/BezelServices.framework/Versions/A/BezelServices
0x00000001bef55000 	/System/Library/PrivateFrameworks/SPOwner.framework/Versions/A/SPOwner
0x00000001b827b000 	/System/Library/PrivateFrameworks/FMCore.framework/Versions/A/FMCore
0x000000026e4a0000 	/System/Library/PrivateFrameworks/iCloudQuota.framework/Versions/A/iCloudQuota
0x00000001ad9f7000 	/System/Library/PrivateFrameworks/CoreRecognition.framework/Versions/A/CoreRecognition
0x00000001c7025000 	/System/Library/PrivateFrameworks/InAppMessages.framework/Versions/A/InAppMessages
0x00000001e8080000 	/System/Library/PrivateFrameworks/JetUI.framework/Versions/A/JetUI
0x000000024c8aa000 	/System/Library/PrivateFrameworks/JetPack.framework/Versions/A/JetPack
0x00000001c701c000 	/System/Library/PrivateFrameworks/InAppMessagesCore.framework/Versions/A/InAppMessagesCore
0x000000026db98000 	/System/Library/PrivateFrameworks/_JetEngine_SwiftUI.framework/Versions/A/_JetEngine_SwiftUI
0x0000000264017000 	/System/Library/PrivateFrameworks/Synapse.framework/Versions/A/Synapse
0x0000000238031000 	/System/Library/PrivateFrameworks/CSExattrCrypto.framework/Versions/A/CSExattrCrypto
0x00000001a9385000 	/System/Library/PrivateFrameworks/IMSharedUtilities.framework/Versions/A/IMSharedUtilities
0x00000001c2340000 	/System/Library/Frameworks/InstantMessage.framework/Versions/A/InstantMessage
0x00000001badc1000 	/System/Library/PrivateFrameworks/IDSKVStore.framework/Versions/A/IDSKVStore
0x00000001bac01000 	/System/Library/PrivateFrameworks/IMDPersistence.framework/Versions/A/IMDPersistence
0x00000002741bd000 	/usr/lib/swift/libswiftAppleArchive.dylib
0x000000026901e000 	/System/Library/PrivateFrameworks/UserSafety.framework/Versions/A/UserSafety
0x00000001da02c000 	/System/Library/PrivateFrameworks/BlastDoor.framework/Versions/A/BlastDoor
0x00000001f2104000 	/System/Library/Frameworks/SensitiveContentAnalysis.framework/Versions/A/SensitiveContentAnalysis
0x000000024d990000 	/System/Library/PrivateFrameworks/LinkPresentationStyleSheetParsing.framework/Versions/A/LinkPresentationStyleSheetParsing
0x00000001b4620000 	/System/Library/PrivateFrameworks/CoreSDB.framework/Versions/A/CoreSDB
0x0000000236405000 	/System/Library/PrivateFrameworks/AskToCore.framework/Versions/A/AskToCore
0x00000001b940a000 	/System/Library/PrivateFrameworks/StoreFoundation.framework/Versions/A/StoreFoundation
0x00000001b8275000 	/System/Library/PrivateFrameworks/ServerInformation.framework/Versions/A/ServerInformation
0x00000001b7ce6000 	/System/Library/PrivateFrameworks/Install.framework/Frameworks/DistributionKit.framework/Versions/A/DistributionKit
0x00000001b18dd000 	/System/Library/PrivateFrameworks/PackageKit.framework/Versions/A/PackageKit
0x00000001b7d09000 	/System/Library/PrivateFrameworks/OSPersonalization.framework/Versions/A/OSPersonalization
0x00000001b9976000 	/System/Library/PrivateFrameworks/BridgeOSSoftwareUpdate.framework/Versions/A/BridgeOSSoftwareUpdate
0x00000001b4a9c000 	/System/Library/PrivateFrameworks/StorageManagement.framework/Versions/A/StorageManagement
0x00000001c8327000 	/usr/lib/libauthinstall.dylib
0x00000001b997f000 	/System/Library/PrivateFrameworks/InstallerDiagnostics.framework/Versions/A/InstallerDiagnostics
0x00000001c895a000 	/usr/lib/libcrypto.42.dylib
0x00000001b9964000 	/System/Library/PrivateFrameworks/GPUInfo.framework/Versions/A/GPUInfo
0x00000001c711c000 	/System/Library/PrivateFrameworks/MobileActivationMacOS.framework/Versions/A/MobileActivationMacOS
0x00000001a2bfc000 	/System/Library/PrivateFrameworks/GenerationalStorage.framework/Versions/A/GenerationalStorage
0x000000019e15c000 	/System/Library/PrivateFrameworks/CacheDelete.framework/Versions/A/CacheDelete
0x00000001a603a000 	/System/Library/Frameworks/QuickLookThumbnailing.framework/Versions/A/QuickLookThumbnailing
0x00000001a2a2e000 	/System/Library/Frameworks/FileProvider.framework/Versions/A/FileProvider
0x00000001911d3000 	/System/Library/PrivateFrameworks/DesktopServicesPriv.framework/Versions/A/DesktopServicesPriv
0x0000000193495000 	/System/Library/Frameworks/Accounts.framework/Versions/A/Accounts
0x00000001b99c3000 	/System/Library/PrivateFrameworks/AOSKit.framework/Versions/A/AOSKit
0x000000019b5c7000 	/System/Library/PrivateFrameworks/AppSSOCore.framework/Versions/A/AppSSOCore
0x00000001a56e7000 	/System/Library/PrivateFrameworks/AppSupport.framework/Versions/A/AppSupport
0x00000001b3aa6000 	/System/Library/Frameworks/AVFoundation.framework/Versions/A/AVFoundation
0x00000001a5f5d000 	/System/Library/PrivateFrameworks/DuetActivityScheduler.framework/Versions/A/DuetActivityScheduler
0x00000001b45c7000 	/System/Library/PrivateFrameworks/FTServices.framework/Versions/A/FTServices
0x00000001c5741000 	/System/Library/PrivateFrameworks/NetworkServiceProxy.framework/Versions/A/NetworkServiceProxy
0x00000001a5f23000 	/System/Library/PrivateFrameworks/StreamingZip.framework/Versions/A/StreamingZip
0x00000001a5013000 	/System/Library/PrivateFrameworks/CoreWiFi.framework/Versions/A/CoreWiFi
0x000000019e088000 	/System/Library/PrivateFrameworks/MobileAsset.framework/Versions/A/MobileAsset
0x00000001a3bd4000 	/System/Library/PrivateFrameworks/Rapport.framework/Versions/A/Rapport
0x0000000263d7a000 	/System/Library/PrivateFrameworks/Symptoms.framework/Versions/A/Frameworks/SymptomAnalytics.framework/Versions/A/SymptomAnalytics
0x00000001a1774000 	/usr/lib/libnetworkextension.dylib
0x0000000273aa3000 	/usr/lib/libmrc.dylib
0x0000000248dcb000 	/System/Library/PrivateFrameworks/IPConfiguration.framework/Versions/A/IPConfiguration
0x00000001d493b000 	/System/Library/PrivateFrameworks/Netrb.framework/Versions/A/Netrb
0x00000001df8be000 	/System/Library/PrivateFrameworks/WiFiPeerToPeer.framework/Versions/A/WiFiPeerToPeer
0x00000001bb561000 	/System/Library/PrivateFrameworks/SoftwareUpdateCoreSupport.framework/Versions/A/SoftwareUpdateCoreSupport
0x00000001c2f02000 	/System/Library/PrivateFrameworks/SoftwareUpdateCoreConnect.framework/Versions/A/SoftwareUpdateCoreConnect
0x00000001a559f000 	/System/Library/PrivateFrameworks/RemoteServiceDiscovery.framework/Versions/A/RemoteServiceDiscovery
0x00000001bb1e7000 	/System/Library/PrivateFrameworks/MSUDataAccessor.framework/Versions/A/MSUDataAccessor
0x00000001b69dc000 	/usr/lib/libbootpolicy.dylib
0x00000001a55b5000 	/System/Library/PrivateFrameworks/RemoteXPC.framework/Versions/A/RemoteXPC
0x00000001c2350000 	/usr/lib/libFDR.dylib
0x00000001c83fa000 	/usr/lib/libamsupport.dylib
0x00000002731f6000 	/usr/lib/libReverseProxyDevice.dylib
0x000000023542b000 	/System/Library/PrivateFrameworks/AppleDeviceQuerySupport.framework/Versions/A/AppleDeviceQuerySupport
0x00000001cb2e7000 	/usr/lib/libpartition2_dynamic.dylib
0x0000000199bc1000 	/System/Library/Frameworks/UserNotifications.framework/Versions/A/UserNotifications
0x00000001dabf0000 	/System/Library/Frameworks/CryptoKit.framework/Versions/A/CryptoKit
0x00000001a5efb000 	/System/Library/PrivateFrameworks/CryptoKitCBridging.framework/Versions/A/CryptoKitCBridging
0x00000001a374a000 	/System/Library/Frameworks/CryptoTokenKit.framework/Versions/A/CryptoTokenKit
0x00000001cee44000 	/usr/lib/swift/libswiftCryptoTokenKit.dylib
0x00000001a37ae000 	/System/Library/Frameworks/LocalAuthentication.framework/Versions/A/LocalAuthentication
0x000000024db65000 	/System/Library/PrivateFrameworks/LocalAuthenticationCore.framework/Versions/A/LocalAuthenticationCore
0x00000001a3803000 	/System/Library/Frameworks/LocalAuthentication.framework/Support/SharedUtils.framework/Versions/A/SharedUtils
0x000000019e1f4000 	/usr/lib/libTelephonyUtilDynamic.dylib
0x00000001a27d7000 	/System/Library/PrivateFrameworks/SymptomDiagnosticReporter.framework/Versions/A/SymptomDiagnosticReporter
0x000000023d747000 	/System/Library/PrivateFrameworks/CryptoKitPrivate.framework/Versions/A/CryptoKitPrivate
0x00000001955a9000 	/System/Library/PrivateFrameworks/ApplePushService.framework/Versions/A/ApplePushService
0x00000001b3cd1000 	/System/Library/PrivateFrameworks/FindMyDevice.framework/Versions/A/FindMyDevice
0x000000019351a000 	/System/Library/PrivateFrameworks/CommonUtilities.framework/Versions/A/CommonUtilities
0x00000001c9d71000 	/System/Library/PrivateFrameworks/DeviceIdentity.framework/Versions/A/DeviceIdentity
0x000000019bcf1000 	/System/Library/PrivateFrameworks/Bom.framework/Versions/A/Bom
0x000000019dcb8000 	/usr/lib/libParallelCompression.dylib
0x000000019dcaa000 	/System/Library/PrivateFrameworks/MultiverseSupport.framework/Versions/A/MultiverseSupport
0x00000001a97e2000 	/System/Library/PrivateFrameworks/FMCoreLite.framework/Versions/A/FMCoreLite
0x000000019991d000 	/System/Library/PrivateFrameworks/AuthKit.framework/Versions/A/AuthKit
0x00000001a290a000 	/System/Library/PrivateFrameworks/DiskManagement.framework/Versions/A/DiskManagement
0x00000001a2816000 	/System/Library/PrivateFrameworks/AppleIDAuthSupport.framework/Versions/A/AppleIDAuthSupport
0x0000000232087000 	/System/Library/PrivateFrameworks/AAAFoundation.framework/Versions/A/AAAFoundation
0x000000019e1a8000 	/System/Library/PrivateFrameworks/KeychainCircle.framework/Versions/A/KeychainCircle
0x00000001ae3d5000 	/System/Library/PrivateFrameworks/URLFormatting.framework/Versions/A/URLFormatting
0x00000001a5653000 	/usr/lib/libcsfde.dylib
0x000000019b751000 	/usr/lib/libCoreStorage.dylib
0x000000019f567000 	/System/Library/PrivateFrameworks/ProtectedCloudStorage.framework/Versions/A/ProtectedCloudStorage
0x00000001a564e000 	/System/Library/PrivateFrameworks/EFILogin.framework/Versions/A/EFILogin
0x00000001ad67d000 	/System/Library/PrivateFrameworks/CloudServices.framework/Versions/A/CloudServices
0x00000001a2c23000 	/System/Library/PrivateFrameworks/OctagonTrust.framework/Versions/A/OctagonTrust
0x00000001a333d000 	/System/Library/PrivateFrameworks/AVFCore.framework/Versions/A/AVFCore
0x00000001ac107000 	/System/Library/PrivateFrameworks/AVFCapture.framework/Versions/A/AVFCapture
0x000000019c9c7000 	/System/Library/Frameworks/MediaToolbox.framework/Versions/A/MediaToolbox
0x00000001a29ff000 	/System/Library/PrivateFrameworks/CoreAVCHD.framework/Versions/A/CoreAVCHD
0x00000001a29fb000 	/System/Library/PrivateFrameworks/Mangrove.framework/Versions/A/Mangrove
0x0000000237f21000 	/System/Library/PrivateFrameworks/CMPhoto.framework/Versions/A/CMPhoto
0x00000001a315a000 	/System/Library/Frameworks/CoreTelephony.framework/Versions/A/CoreTelephony
0x00000001a29ee000 	/System/Library/PrivateFrameworks/CoreAUC.framework/Versions/A/CoreAUC
0x000000023586d000 	/System/Library/PrivateFrameworks/AppleJPEGXL.framework/Versions/A/AppleJPEGXL
0x0000000237d4d000 	/System/Library/PrivateFrameworks/CMImaging.framework/Versions/A/CMImaging
0x00000001ac31f000 	/System/Library/PrivateFrameworks/Quagga.framework/Versions/A/Quagga
0x00000001ac452000 	/System/Library/PrivateFrameworks/CMCapture.framework/Versions/A/CMCapture
0x000000019dd8c000 	/System/Library/Frameworks/CoreMediaIO.framework/Versions/A/CoreMediaIO
0x00000001a6086000 	/System/Library/PrivateFrameworks/Espresso.framework/Versions/A/Espresso
0x00000001e96f1000 	/System/Library/PrivateFrameworks/ANECompiler.framework/Versions/A/ANECompiler
0x00000001a806c000 	/System/Library/PrivateFrameworks/AppleNeuralEngine.framework/Versions/A/AppleNeuralEngine
0x00000001ef990000 	/System/Library/Frameworks/MetalPerformanceShadersGraph.framework/Versions/A/MetalPerformanceShadersGraph
0x000000024e65d000 	/System/Library/PrivateFrameworks/MLCompilerServices.framework/Versions/A/MLCompilerServices
0x00000001a6f42000 	/System/Library/PrivateFrameworks/ANEServices.framework/Versions/A/ANEServices
0x00000001b9738000 	/usr/lib/libncurses.5.4.dylib
0x000000018fb1f000 	/usr/lib/libsandbox.1.dylib
0x000000019b749000 	/usr/lib/libMatch.1.dylib
0x000000024e601000 	/System/Library/PrivateFrameworks/MLCompilerRuntime.framework/Versions/A/MLCompilerRuntime
0x0000000237c83000 	/System/Library/PrivateFrameworks/CMCaptureDevice.framework/Versions/A/CMCaptureDevice
0x0000000238a73000 	/System/Library/PrivateFrameworks/CinematicFraming.framework/Versions/A/CinematicFraming
0x00000001b36cf000 	/System/Library/Frameworks/CoreMotion.framework/Versions/A/CoreMotion
0x00000001c23f9000 	/System/Library/PrivateFrameworks/TimeSync.framework/Versions/A/TimeSync
0x000000023e1e7000 	/System/Library/PrivateFrameworks/DistributedSensing.framework/Versions/A/DistributedSensing
0x00000001be2c8000 	/System/Library/PrivateFrameworks/MobileBluetooth.framework/Versions/A/MobileBluetooth
0x000000019d960000 	/System/Library/PrivateFrameworks/LocationSupport.framework/Versions/A/LocationSupport
0x00000001c3ebb000 	/System/Library/PrivateFrameworks/IOKitten.framework/Versions/A/IOKitten
0x000000019143e000 	/System/Library/PrivateFrameworks/CoreDuet.framework/Versions/A/CoreDuet
0x00000001a496c000 	/System/Library/PrivateFrameworks/CoreDuetContext.framework/Versions/A/CoreDuetContext
0x00000001bee75000 	/System/Library/PrivateFrameworks/BiomeFoundation.framework/Versions/A/BiomeFoundation
0x0000000236bb2000 	/System/Library/PrivateFrameworks/BiomeLibrary.framework/Versions/A/BiomeLibrary
0x00000001c2477000 	/System/Library/PrivateFrameworks/BiomeStreams.framework/Versions/A/BiomeStreams
0x00000001c87a5000 	/System/Library/PrivateFrameworks/BiomePubSub.framework/Versions/A/BiomePubSub
0x0000000195611000 	/System/Library/Frameworks/CloudKit.framework/Versions/A/CloudKit
0x00000001a49c2000 	/System/Library/Frameworks/Intents.framework/Versions/A/Intents
0x00000001a70ea000 	/System/Library/PrivateFrameworks/CoreDuetDaemonProtocol.framework/Versions/A/CoreDuetDaemonProtocol
0x00000001a6f70000 	/System/Library/PrivateFrameworks/ProactiveSupport.framework/Versions/A/ProactiveSupport
0x00000002582f1000 	/System/Library/PrivateFrameworks/PoirotSchematizer.framework/Versions/A/PoirotSchematizer
0x000000023724c000 	/System/Library/PrivateFrameworks/BiomeSync.framework/Versions/A/BiomeSync
0x0000000236b93000 	/System/Library/PrivateFrameworks/BiomeFlexibleStorage.framework/Versions/A/BiomeFlexibleStorage
0x0000000236b77000 	/System/Library/PrivateFrameworks/BiomeDSL.framework/Versions/A/BiomeDSL
0x00000001c8802000 	/System/Library/PrivateFrameworks/BiomeStorage.framework/Versions/A/BiomeStorage
0x000000025835e000 	/System/Library/PrivateFrameworks/PoirotUDFs.framework/Versions/A/PoirotUDFs
0x00000002582c0000 	/System/Library/PrivateFrameworks/PoirotSQLite.framework/Versions/A/PoirotSQLite
0x00000001a59ef000 	/System/Library/PrivateFrameworks/InternationalTextSearch.framework/Versions/A/InternationalTextSearch
0x000000024c189000 	/System/Library/PrivateFrameworks/IntelligencePlatformLibrary.framework/Versions/A/IntelligencePlatformLibrary
0x0000000238638000 	/System/Library/PrivateFrameworks/CascadeSets.framework/Versions/A/CascadeSets
0x000000019ec46000 	/System/Library/PrivateFrameworks/IDS.framework/Versions/A/IDS
0x000000019d8e6000 	/System/Library/PrivateFrameworks/IMFoundation.framework/Versions/A/IMFoundation
0x00000001ad9ac000 	/System/Library/PrivateFrameworks/Marco.framework/Versions/A/Marco
0x000000019ee13000 	/System/Library/PrivateFrameworks/IDSFoundation.framework/Versions/A/IDSFoundation
0x00000001aa6cc000 	/System/Library/PrivateFrameworks/Engram.framework/Versions/A/Engram
0x00000001aa66c000 	/usr/lib/libtidy.A.dylib
0x00000001c1f60000 	/System/Library/PrivateFrameworks/FTAWD.framework/Versions/A/FTAWD
0x00000001f21c4000 	/System/Library/Frameworks/SharedWithYouCore.framework/Versions/A/SharedWithYouCore
0x00000001a5aba000 	/System/Library/PrivateFrameworks/AppleAccount.framework/Versions/A/AppleAccount
0x00000001a5fe0000 	/System/Library/PrivateFrameworks/C2.framework/Versions/A/C2
0x0000000196e03000 	/System/Library/Frameworks/CoreLocation.framework/Versions/A/CoreLocation
0x0000000238e21000 	/System/Library/PrivateFrameworks/CloudAssets.framework/Versions/A/CloudAssets
0x00000001a5fd7000 	/System/Library/Frameworks/PushKit.framework/Versions/A/PushKit
0x00000001d0918000 	/usr/lib/swift/libswiftAVFoundation.dylib
0x00000001baba8000 	/usr/lib/swift/libswiftCoreLocation.dylib
0x00000001babbe000 	/usr/lib/swift/libswiftCoreMIDI.dylib
0x00000001cee46000 	/usr/lib/swift/libswiftCoreMedia.dylib
0x000000019f0a7000 	/System/Library/PrivateFrameworks/Sharing.framework/Versions/A/Sharing
0x00000001a5012000 	/System/Library/PrivateFrameworks/Apple80211.framework/Versions/A/Apple80211
0x0000000198ed8000 	/System/Library/Frameworks/CoreWLAN.framework/Versions/A/CoreWLAN
0x00000001a90d7000 	/System/Library/PrivateFrameworks/AssistantServices.framework/Versions/A/AssistantServices
0x00000001a39d7000 	/System/Library/PrivateFrameworks/SAObjects.framework/Versions/A/SAObjects
0x00000001a8d0f000 	/System/Library/PrivateFrameworks/MediaRemote.framework/Versions/A/MediaRemote
0x00000001b9e1a000 	/System/Library/PrivateFrameworks/SiriInstrumentation.framework/Versions/A/SiriInstrumentation
0x000000025bb8e000 	/System/Library/PrivateFrameworks/SiriAnalytics.framework/Versions/A/SiriAnalytics
0x0000000261744000 	/System/Library/PrivateFrameworks/SiriTTSService.framework/Versions/A/SiriTTSService
0x000000025c54a000 	/System/Library/PrivateFrameworks/SiriCrossDeviceArbitration.framework/Versions/A/SiriCrossDeviceArbitration
0x00000001b7ab3000 	/System/Library/PrivateFrameworks/FeedbackLogger.framework/Versions/A/FeedbackLogger
0x000000025c59e000 	/System/Library/PrivateFrameworks/SiriCrossDeviceArbitrationFeedback.framework/Versions/A/SiriCrossDeviceArbitrationFeedback
0x0000000245f89000 	/System/Library/PrivateFrameworks/GenerativeModels.framework/Versions/A/GenerativeModels
0x00000001ad818000 	/System/Library/PrivateFrameworks/MediaServices.framework/Versions/A/MediaServices
0x000000019b9b4000 	/System/Library/PrivateFrameworks/PersistentConnection.framework/Versions/A/PersistentConnection
0x000000019f840000 	/System/Library/PrivateFrameworks/GeoServices.framework/Versions/A/GeoServices
0x00000002461b1000 	/System/Library/PrivateFrameworks/GeoServicesCore.framework/Versions/A/GeoServicesCore
0x00000001ae3d3000 	/System/Library/PrivateFrameworks/PhoneNumbers.framework/Versions/A/PhoneNumbers
0x000000023dc4f000 	/System/Library/PrivateFrameworks/Dendrite.framework/Versions/A/Dendrite
0x000000023652b000 	/System/Library/PrivateFrameworks/AtomicsInternal.framework/Versions/A/AtomicsInternal
0x00000001bb9b8000 	/usr/lib/libtailspin.dylib
0x00000001ce942000 	/System/Library/PrivateFrameworks/Osprey.framework/Versions/A/Osprey
0x0000000260dc3000 	/System/Library/PrivateFrameworks/SiriTTS.framework/Versions/A/SiriTTS
0x00000001b46e4000 	/System/Library/Frameworks/NaturalLanguage.framework/Versions/A/NaturalLanguage
0x000000025fafd000 	/System/Library/PrivateFrameworks/SiriPowerInstrumentation.framework/Versions/A/SiriPowerInstrumentation
0x00000001b5509000 	/System/Library/PrivateFrameworks/Trial.framework/Versions/A/Trial
0x00000001b548b000 	/System/Library/PrivateFrameworks/TrialProto.framework/Versions/A/TrialProto
0x0000000268894000 	/System/Library/PrivateFrameworks/UnifiedAssetFramework.framework/Versions/A/UnifiedAssetFramework
0x00000001df842000 	/usr/lib/swift/libswiftNaturalLanguage.dylib
0x00000002646c5000 	/System/Library/PrivateFrameworks/TailspinSymbolication.framework/Versions/A/TailspinSymbolication
0x000000023d95e000 	/System/Library/PrivateFrameworks/Darwinup.framework/Versions/A/Darwinup
0x00000001c771d000 	/System/Library/PrivateFrameworks/SignpostSupport.framework/Versions/A/SignpostSupport
0x00000001b45ad000 	/System/Library/PrivateFrameworks/FeatureFlagsSupport.framework/Versions/A/FeatureFlagsSupport
0x00000001c6e80000 	/System/Library/PrivateFrameworks/ktrace.framework/Versions/A/ktrace
0x00000001c799d000 	/System/Library/PrivateFrameworks/SampleAnalysis.framework/Versions/A/SampleAnalysis
0x00000001d01de000 	/System/Library/PrivateFrameworks/kperfdata.framework/Versions/A/kperfdata
0x000000019f721000 	/usr/lib/libdscsym.dylib
0x00000001d0676000 	/System/Library/PrivateFrameworks/BulkSymbolication.framework/Versions/A/BulkSymbolication
0x0000000195aac000 	/System/Library/Frameworks/CoreML.framework/Versions/A/CoreML
0x00000001ddb1c000 	/usr/lib/libedit.3.dylib
0x000000019951e000 	/System/Library/Frameworks/MLCompute.framework/Versions/A/MLCompute
0x000000024e4b0000 	/System/Library/PrivateFrameworks/MLAssetIO.framework/Versions/A/MLAssetIO
0x00000002741ff000 	/usr/lib/swift/libswiftMLCompute.dylib
0x000000018dff5000 	/System/Library/PrivateFrameworks/LanguageModeling.framework/Versions/A/LanguageModeling
0x0000000192b5c000 	/System/Library/PrivateFrameworks/Montreal.framework/Versions/A/Montreal
0x0000000199e4c000 	/usr/lib/libcmph.dylib
0x000000024604b000 	/System/Library/PrivateFrameworks/GenerativeModelsFoundation.framework/Versions/A/GenerativeModelsFoundation
0x0000000266c5b000 	/System/Library/PrivateFrameworks/TokenGeneration.framework/Versions/A/TokenGeneration
0x0000000245e22000 	/System/Library/PrivateFrameworks/GenerativeFunctions.framework/Versions/A/GenerativeFunctions
0x0000000245e73000 	/System/Library/PrivateFrameworks/GenerativeFunctionsFoundation.framework/Versions/A/GenerativeFunctionsFoundation
0x0000000251404000 	/System/Library/PrivateFrameworks/ModelCatalog.framework/Versions/A/ModelCatalog
0x000000025b48b000 	/System/Library/PrivateFrameworks/SensitiveContentAnalysisML.framework/Versions/A/SensitiveContentAnalysisML
0x0000000245f22000 	/System/Library/PrivateFrameworks/GenerativeFunctionsInstrumentation.framework/Versions/A/GenerativeFunctionsInstrumentation
0x0000000259383000 	/System/Library/PrivateFrameworks/PromptKit.framework/Versions/A/PromptKit
0x0000000258ead000 	/System/Library/PrivateFrameworks/ProactiveDaemonSupport.framework/Versions/A/ProactiveDaemonSupport
0x0000000266e13000 	/System/Library/PrivateFrameworks/TokenGenerationCore.framework/Versions/A/TokenGenerationCore
0x0000000269f0b000 	/System/Library/PrivateFrameworks/VectorSearch.framework/Versions/A/VectorSearch
0x00000002516c9000 	/System/Library/PrivateFrameworks/ModelManagerServices.framework/Versions/A/ModelManagerServices
0x000000023548d000 	/System/Library/PrivateFrameworks/AppleFlatBuffers.framework/Versions/A/AppleFlatBuffers
0x00000001addc2000 	/System/Library/PrivateFrameworks/ProactiveEventTracker.framework/Versions/A/ProactiveEventTracker
0x00000002320a3000 	/System/Library/PrivateFrameworks/AAAFoundationSwift.framework/Versions/A/AAAFoundationSwift
0x00000001a5d0f000 	/System/Library/PrivateFrameworks/AppleIDSSOAuthentication.framework/Versions/A/AppleIDSSOAuthentication
0x00000001c16eb000 	/usr/lib/swift/libswiftCompression.dylib
0x000000025b616000 	/System/Library/PrivateFrameworks/SentencePieceInternal.framework/Versions/A/SentencePieceInternal
0x00000001a1ba2000 	/System/Library/Frameworks/Vision.framework/Versions/A/Vision
0x000000023d3b2000 	/System/Library/PrivateFrameworks/CoreSceneUnderstanding.framework/Versions/A/CoreSceneUnderstanding
0x000000026aa96000 	/System/Library/PrivateFrameworks/VisionCore.framework/Versions/A/VisionCore
0x00000001bd2b9000 	/System/Library/Frameworks/Vision.framework/libfaceCore.dylib
0x00000001bddb3000 	/System/Library/PrivateFrameworks/Futhark.framework/Versions/A/Futhark
0x00000001c14b3000 	/System/Library/PrivateFrameworks/InertiaCam.framework/Versions/A/InertiaCam
0x00000001bdb66000 	/System/Library/PrivateFrameworks/TextRecognition.framework/Versions/A/TextRecognition
0x000000019b5e7000 	/System/Library/PrivateFrameworks/CVNLP.framework/Versions/A/CVNLP
0x0000000244ba4000 	/System/Library/PrivateFrameworks/GRDBInternal.framework/Versions/A/GRDBInternal
0x00000001a7dda000 	/System/Library/PrivateFrameworks/RTCReporting.framework/Versions/A/RTCReporting
0x00000001a5fc6000 	/System/Library/PrivateFrameworks/IntentsFoundation.framework/Versions/A/IntentsFoundation
0x000000019e9cf000 	/System/Library/Frameworks/NetworkExtension.framework/Versions/A/NetworkExtension
0x00000001b92b9000 	/System/Library/PrivateFrameworks/CaptiveNetwork.framework/Versions/A/CaptiveNetwork
0x00000001a555f000 	/System/Library/PrivateFrameworks/EAP8021X.framework/Versions/A/EAP8021X
0x00000001c7969000 	/System/Library/PrivateFrameworks/UIKitServices.framework/Versions/A/UIKitServices
0x00000001161b8000 	/System/Library/Extensions/AGXMetal13_3.bundle/Contents/MacOS/AGXMetal13_3
0x00000001ad6ca000 	/System/Library/PrivateFrameworks/IOGPU.framework/Versions/A/IOGPU
0x00000001bab8d000 	/System/Library/Frameworks/Accelerate.framework/Versions/A/Frameworks/vImage.framework/Versions/A/Libraries/libCGInterfaces.dylib
0x00000001bdea4000 	/System/Library/CoreServices/RawCamera.bundle/Contents/MacOS/RawCamera
0x00000001125ac000 	/Applications/REAPER.app/Contents/Plugins/elastique3.dylib
0x0000000106be0000 	/Applications/REAPER.app/Contents/Plugins/soundtouch.dylib
0x0000000112570000 	/Applications/REAPER.app/Contents/Plugins/rubberband.dylib
0x00000001126f4000 	/Applications/REAPER.app/Contents/Plugins/jsfx.dylib
0x0000000233691000 	/System/Library/PrivateFrameworks/AccessibilityBundles.framework/Versions/A/AccessibilityBundles
0x0000000126a78000 	/Applications/REAPER.app/Contents/Plugins/reaper_wave.dylib
0x0000000126a00000 	/Applications/REAPER.app/Contents/Plugins/reaper_mp3dec.dylib
0x0000000126b70000 	/Applications/REAPER.app/Contents/Plugins/libmp3lame.dylib
0x0000000126bfc000 	/Applications/REAPER.app/Contents/Plugins/reaper_midi.dylib
0x0000000126d78000 	/Applications/REAPER.app/Contents/Plugins/reaper_wavpack.dylib
0x0000000126ab4000 	/Applications/REAPER.app/Contents/Plugins/reaper_opus.dylib
0x000000012849c000 	/Applications/REAPER.app/Contents/Plugins/reaper_flac.dylib
0x0000000126dc0000 	/Applications/REAPER.app/Contents/Plugins/reaper_rex.dylib
0x0000000126b44000 	/Applications/REAPER.app/Contents/Plugins/reaper_ddp.dylib
0x0000000128400000 	/Applications/REAPER.app/Contents/Plugins/reaper_explorer.dylib
0x0000000128474000 	/Applications/REAPER.app/Contents/Plugins/reaper_cd.dylib
0x00000001edc2c000 	/System/Library/Frameworks/DiscRecordingUI.framework/Versions/A/DiscRecordingUI
0x00000001286d4000 	/Applications/REAPER.app/Contents/Plugins/reaper_ogg.dylib
0x00000001285ac000 	/Applications/REAPER.app/Contents/Plugins/reaper_csurf.dylib
0x000000012fe3c000 	/Applications/REAPER.app/Contents/Plugins/reaper_video.dylib
0x0000000128520000 	/Applications/REAPER.app/Contents/Plugins/reap_osx_modern.dylib
0x00000001b3aa7000 	/System/Library/Frameworks/AVKit.framework/Versions/A/AVKit
0x0000000233542000 	/System/Library/PrivateFrameworks/AVKitCore.framework/Versions/A/AVKitCore
0x00000001c9365000 	/System/Library/PrivateFrameworks/PIP.framework/Versions/A/PIP
0x000000012fbb0000 	/opt/homebrew/Cellar/ffmpeg/8.1.2_1/lib/libavutil.60.26.102.dylib
0x00000001512a4000 	/opt/homebrew/Cellar/openssl@3/3.6.3/lib/libssl.3.dylib
0x0000000151830000 	/opt/homebrew/Cellar/openssl@3/3.6.3/lib/libcrypto.3.dylib
0x000000012fd60000 	/opt/homebrew/Cellar/ffmpeg/8.1.2_1/lib/libswscale.9.5.102.dylib
0x000000012853c000 	/opt/homebrew/Cellar/ffmpeg/8.1.2_1/lib/libswresample.6.3.102.dylib
0x0000000152638000 	/opt/homebrew/Cellar/ffmpeg/8.1.2_1/lib/libavcodec.62.28.102.dylib
0x0000000151534000 	/opt/homebrew/Cellar/libvpx/1.16.0/lib/libvpx.12.dylib
0x0000000151384000 	/opt/homebrew/Cellar/dav1d/1.5.4/lib/libdav1d.7.dylib
0x0000000128610000 	/opt/homebrew/Cellar/lame/4.0/lib/libmp3lame.0.dylib
0x000000012ff84000 	/opt/homebrew/Cellar/opus/1.6.1/lib/libopus.0.dylib
0x0000000151fd0000 	/opt/homebrew/Cellar/svt-av1/4.2.0/lib/libSvtAv1Enc.4.2.0.dylib
0x0000000151cdc000 	/opt/homebrew/Cellar/x264/r3222/lib/libx264.165.dylib
0x0000000153d70000 	/opt/homebrew/Cellar/x265/4.2/lib/libx265.216.dylib
0x0000000128664000 	/opt/homebrew/Cellar/mpg123/1.33.6/lib/libmpg123.0.dylib
0x0000000153638000 	/opt/homebrew/Cellar/ffmpeg/8.1.2_1/lib/libavformat.62.12.102.dylib
0x0000000152304000 	/Applications/VLC.app/Contents/MacOS/lib/libvlccore.9.dylib
0x0000000155278000 	/Applications/VLC.app/Contents/MacOS/plugins/libavcodec_plugin.dylib
0x000000012855c000 	/Applications/VLC.app/Contents/MacOS/lib/libvlc.5.dylib
0x00000001284e8000 	/Applications/VLC.app/Contents/MacOS/plugins/libi420_rgb_plugin.dylib
0x0000000126a60000 	/Applications/VLC.app/Contents/MacOS/plugins/libi420_10_p010_plugin.dylib
0x0000000128500000 	/Applications/VLC.app/Contents/MacOS/plugins/libscaletempo_pitch_plugin.dylib
0x000000012858c000 	/Applications/VLC.app/Contents/MacOS/plugins/libi420_yuy2_plugin.dylib
0x00000001286ac000 	/Applications/VLC.app/Contents/MacOS/plugins/libi422_yuy2_plugin.dylib
0x00000001286c0000 	/Applications/VLC.app/Contents/MacOS/plugins/libyuy2_i420_plugin.dylib
0x00000001287e0000 	/Applications/VLC.app/Contents/MacOS/plugins/libi420_nv12_plugin.dylib
0x00000001287c8000 	/Applications/VLC.app/Contents/MacOS/plugins/libyuy2_i422_plugin.dylib
0x00000001511c4000 	/Applications/VLC.app/Contents/MacOS/plugins/libkeychain_plugin.dylib
0x000000012ffe0000 	/Applications/VLC.app/Contents/MacOS/plugins/libi422_i420_plugin.dylib
0x00000001511dc000 	/Applications/VLC.app/Contents/MacOS/plugins/libgrey_yuv_plugin.dylib
0x00000001511f0000 	/Applications/VLC.app/Contents/MacOS/plugins/libchain_plugin.dylib
0x0000000151204000 	/Applications/VLC.app/Contents/MacOS/plugins/libscale_plugin.dylib
0x0000000151218000 	/Applications/VLC.app/Contents/MacOS/plugins/libyuvp_plugin.dylib
0x00000001523e8000 	/Applications/VLC.app/Contents/MacOS/plugins/libdav1d_plugin.dylib
0x000000015122c000 	/Applications/VLC.app/Contents/MacOS/plugins/libyuv_plugin.dylib
0x0000000151240000 	/Applications/VLC.app/Contents/MacOS/plugins/libscaletempo_plugin.dylib
0x00000001524f8000 	/Applications/VLC.app/Contents/MacOS/plugins/libswscale_plugin.dylib
0x00000001ec26f000 	/System/Library/Frameworks/OpenGL.framework/Versions/A/Resources/GLEngine.bundle/GLEngine
0x00000001ec114000 	/System/Library/Frameworks/OpenGL.framework/Versions/A/Libraries/libGLProgrammability.dylib
0x000000015147c000 	/System/Library/Extensions/AppleMetalOpenGLRenderer.bundle/Contents/MacOS/AppleMetalOpenGLRenderer
0x00000001ec3d0000 	/System/Library/Frameworks/OpenGL.framework/Versions/A/Resources/GLRendererFloat.bundle/GLRendererFloat
0x0000000156828000 	/Users/jonathankawchuk/Library/Application Support/REAPER/UserPlugins/reaper_command_palette.dylib
0x00000001544bc000 	/Users/jonathankawchuk/Library/Application Support/REAPER/UserPlugins/reaper_csurf_integrator.dylib
0x00000001516e8000 	/Users/jonathankawchuk/Library/Application Support/REAPER/UserPlugins/reaper_ptx_import.dylib
0x0000000151254000 	/Users/jonathankawchuk/Library/Application Support/REAPER/UserPlugins/reaper_pt_spot.dylib
0x0000000151708000 	/Users/jonathankawchuk/Library/Application Support/REAPER/UserPlugins/reaper_drivenbymoss.dylib
0x0000000154710000 	/Users/jonathankawchuk/Library/Application Support/REAPER/UserPlugins/reaper_imgui-arm64.dylib
0x0000000154aac000 	/Users/jonathankawchuk/Library/Application Support/REAPER/UserPlugins/reaper_sws-arm64.dylib
0x0000000264c80000 	/System/Library/PrivateFrameworks/TextInputUI.framework/Versions/A/TextInputUI
0x0000000264ca4000 	/System/Library/PrivateFrameworks/TextInputUIMacHelper.framework/Versions/A/TextInputUIMacHelper
0x000000025aaaa000 	/System/Library/PrivateFrameworks/Sage.framework/Versions/A/Sage
0x0000000151294000 	/Users/jonathankawchuk/Library/Application Support/REAPER/UserPlugins/reaper_reatc-arm64.dylib
0x0000000153918000 	/Users/jonathankawchuk/Library/Application Support/REAPER/UserPlugins/reaper_helgobox-arm64.dylib
0x000000015a314000 	/Users/jonathankawchuk/Library/Application Support/REAPER/UserPlugins/FX/helgobox-arm64.vst.dylib
0x00000001590f8000 	/Users/jonathankawchuk/Library/Application Support/REAPER/Helgoboss/App/bin/Contents/Frameworks/FlutterMacOS.framework/FlutterMacOS
0x0000000153b8c000 	/Users/jonathankawchuk/Library/Application Support/REAPER/UserPlugins/reaper_js_ReaScriptAPI64ARM.dylib
0x0000000151f10000 	/Users/jonathankawchuk/Library/Application Support/REAPER/Helgoboss/App/bin/Contents/Frameworks/cryptography_flutter.framework/cryptography_flutter
0x0000000154fcc000 	/Users/jonathankawchuk/Library/Application Support/REAPER/UserPlugins/reaper_reamo.dylib
0x00000001517e8000 	/Users/jonathankawchuk/Library/Application Support/REAPER/Helgoboss/App/bin/Contents/Frameworks/device_info_plus.framework/device_info_plus
0x0000000158850000 	/Users/jonathankawchuk/Library/Application Support/REAPER/UserPlugins/reaper_reapack-arm64.dylib
0x00000001517a4000 	/Users/jonathankawchuk/Library/Application Support/REAPER/Helgoboss/App/bin/Contents/Frameworks/desktop_drop.framework/desktop_drop
0x0000000151518000 	/Users/jonathankawchuk/Library/Application Support/REAPER/Helgoboss/App/bin/Contents/Frameworks/native_context_menu.framework/native_context_menu
0x00000001517cc000 	/Users/jonathankawchuk/Library/Application Support/REAPER/Helgoboss/App/bin/Contents/Frameworks/path_provider_foundation.framework/path_provider_foundation
0x0000000159dac000 	/Users/jonathankawchuk/Library/Application Support/REAPER/UserPlugins/reaper_ReacomaExtension.dylib
0x0000000151808000 	/Users/jonathankawchuk/Library/Application Support/REAPER/Helgoboss/App/bin/Contents/Frameworks/screen_retriever.framework/screen_retriever
0x0000000151f70000 	/Users/jonathankawchuk/Library/Application Support/REAPER/Helgoboss/App/bin/Contents/Frameworks/url_launcher_macos.framework/url_launcher_macos
0x000000015387c000 	/Users/jonathankawchuk/Library/Application Support/REAPER/Helgoboss/App/bin/Contents/Frameworks/window_manager.framework/window_manager
0x0000000152600000 	/Users/jonathankawchuk/Library/Application Support/REAPER/Helgoboss/App/bin/Contents/Frameworks/pointer_lock.framework/pointer_lock
0x00000001525c0000 	/Users/jonathankawchuk/Library/Application Support/REAPER/Helgoboss/App/bin/Contents/MacOS/helgobox
0x00000001c6a84000 	/usr/lib/swift/libswiftAppKit.dylib
0x0000000110874000 	/Users/jonathankawchuk/Library/Application Support/REAPER/UserPlugins/java-runtime/lib/libjli.dylib
0x000000015f000000 	/Users/jonathankawchuk/Library/Application Support/REAPER/UserPlugins/java-runtime/lib/server/libjvm.dylib
0x0000000110860000 	/Users/jonathankawchuk/Library/Application Support/REAPER/UserPlugins/java-runtime/lib/libjimage.dylib
0x00000001108cc000 	/Users/jonathankawchuk/Library/Application Support/REAPER/UserPlugins/java-runtime/lib/libjava.dylib
0x0000000111d54000 	/Users/jonathankawchuk/Library/Application Support/REAPER/UserPlugins/java-runtime/lib/libnio.dylib
0x0000000111d74000 	/Users/jonathankawchuk/Library/Application Support/REAPER/UserPlugins/java-runtime/lib/libnet.dylib
0x0000000111db8000 	/Users/jonathankawchuk/Library/Application Support/REAPER/UserPlugins/java-runtime/lib/libzip.dylib
0x0000000111d90000 	/Users/jonathankawchuk/Library/Application Support/REAPER/UserPlugins/java-runtime/lib/libverify.dylib
0x0000000111e68000 	/Users/jonathankawchuk/Library/Application Support/REAPER/UserPlugins/java-runtime/lib/libawt.dylib
0x00000001eebe4000 	/System/Library/Frameworks/JavaRuntimeSupport.framework/Versions/A/JavaRuntimeSupport
0x0000000112040000 	/Users/jonathankawchuk/Library/Application Support/REAPER/UserPlugins/java-runtime/lib/libawt_lwawt.dylib
0x0000000111e10000 	/Users/jonathankawchuk/Library/Application Support/REAPER/UserPlugins/java-runtime/lib/libosxapp.dylib
0x00000001b1ee5000 	/System/Library/Frameworks/ExceptionHandling.framework/Versions/A/ExceptionHandling
0x00000001122d8000 	/Users/jonathankawchuk/Library/Application Support/REAPER/UserPlugins/java-runtime/lib/libfontmanager.dylib
0x0000000112178000 	/Users/jonathankawchuk/Library/Application Support/REAPER/UserPlugins/java-runtime/lib/libfreetype.dylib
0x0000000112218000 	/Applications/REAPER.app/Contents/Plugins/FX/reasurround2.vst.dylib
0x0000000158d6c000 	/Library/Audio/Plug-Ins/VST3/dpMeter5.vst3/Contents/MacOS/dpMeter5
0x0000000305d58000 	/Library/Audio/Plug-Ins/VST3/SonoBus.vst3/Contents/MacOS/SonoBus
0x00000001ed4c5000 	/System/Library/Frameworks/CoreAudioKit.framework/Versions/A/CoreAudioKit
0x00000001ecc92000 	/System/Library/Frameworks/AudioVideoBridging.framework/Versions/A/AudioVideoBridging
0x00000001d8456000 	/System/Library/Frameworks/ScriptingBridge.framework/Versions/A/ScriptingBridge
0x0000000158ee0000 	/System/Library/Components/CoreAudio.component/Contents/MacOS/CoreAudio
0x000000032392c000 	/Library/Audio/Plug-Ins/Components/MusePlugin.component/Contents/MacOS/MusePlugin
0x00000001156bc000 	/private/var/folders/6g/_dyszwd54rd36jmvjmmd4htw0000gn/T/usb4java14064668736268597877.tmp/libusb4java.dylib
0x0000000115688000 	/System/Library/Extensions/IOUSBHostFamily.kext/Contents/PlugIns/IOUSBLib.bundle/Contents/MacOS/IOUSBLib
0x000000011570c000 	/Users/jonathankawchuk/Library/Application Support/REAPER/UserPlugins/java-runtime/lib/libosxui.dylib
0x00000001e8e2a000 	/System/Library/PrivateFrameworks/VoiceShortcutClient.framework/Versions/A/VoiceShortcutClient
0x00000001bb684000 	/System/Library/PrivateFrameworks/ChronoServices.framework/Versions/A/ChronoServices
0x000000025a11f000 	/System/Library/PrivateFrameworks/ReplicatorEngine.framework/Versions/A/ReplicatorEngine
0x000000025a2d2000 	/System/Library/PrivateFrameworks/ReplicatorServices.framework/Versions/A/ReplicatorServices
0x0000000264293000 	/System/Library/PrivateFrameworks/SystemWake.framework/Versions/A/SystemWake
0x0000000377b6c000 	/Library/Audio/Plug-Ins/VST/Cthulhu.vst/Contents/MacOS/Cthulhu
0x000000038e5f0000 	/Library/Audio/Plug-Ins/Components/Trackspacer25.component/Contents/MacOS/Trackspacer25
0x00000003dd158000 	/Library/Audio/Plug-Ins/VST3/Kontakt 7.vst3/Contents/MacOS/Kontakt 7
0x00000001ec5fc000 	/System/Library/Frameworks/AGL.framework/Versions/A/AGL
0x00000003b9a70000 	/System/Library/Frameworks/Security.framework/Versions/A/PlugIns/csparser.bundle/Contents/MacOS/csparser
0x000000038e4e4000 	/System/Library/TextEncodings/Unicode Encodings.bundle/Contents/MacOS/Unicode Encodings
0x00000003ba5b4000 	/Library/Application Support/Native Instruments/Kontakt 7/sqlite3.dylib
0x00000003ba43c000 	/Library/Application Support/Native Instruments/Kontakt 7/REX Shared Library.framework/Versions/A/REX Shared Library
0x0000000272e91000 	/usr/lib/i18n/libiconv_std.dylib
0x0000000272e87000 	/usr/lib/i18n/libUTF8.dylib
0x0000000272e83000 	/usr/lib/i18n/libUTF1632.dylib
0x0000000272e96000 	/usr/lib/i18n/libmapper_none.dylib
0x0000000430ea8000 	/Library/Audio/Plug-Ins/VST3/Vienna Synchron Player.vst3/Contents/MacOS/ViennaSynchronPlayer
0x0000000407c64000 	/Library/PrivilegedHelperTools/licenseDaemon.app/Contents/PlugIns/__Pace_Eden/libpacefusion_shared.dylib
0x0000000436a70000 	/Library/Audio/Plug-Ins/VST3/UVIWorkstation.vst3/Contents/MacOS/UVIWorkstation
0x0000000430a90000 	/Library/Audio/Plug-Ins/VST3/UVIWorkstation.vst3/Contents/Frameworks/libsndfile.1.0.37.dylib
0x000000042f734000 	/Library/Audio/Plug-Ins/VST3/UVIWorkstation.vst3/Contents/Frameworks/REX Shared Library.framework/Versions/A/REX Shared Library
0x0000000461fd0000 	/Library/Audio/Plug-Ins/VST3/Air.vst3/Contents/MacOS/Air
0x0000000439490000 	/Library/Audio/Plug-Ins/VST3/Neutron 3.vst3/Contents/MacOS/PluginHooksVST3
0x00000004675ec000 	/Library/Audio/Plug-Ins/VST3/Neutron 3.vst3/Contents/Resources/iZNeutron3.bundle/Contents/MacOS/iZNeutron3
0x000000043f960000 	/Library/Audio/Plug-Ins/VST3/Neutron 3.vst3/Contents/Resources/iZNeutron3.bundle/Contents/MacOS/libmp3lame.dylib
0x000000043fecc000 	/Library/Audio/Plug-Ins/VST3/Neutron 3.vst3/Contents/Resources/iZNeutron3.bundle/Contents/MacOS/libtag.dylib
0x00000004324cc000 	/Library/Application Support/iZotope/Meter Tap 4/Meter Tap 4.bundle/Contents/MacOS/Meter Tap 4
0x000000047c888000 	/Library/Audio/Plug-Ins/VST3/DecentSampler.vst3/Contents/MacOS/DecentSampler
0x000000043a0b4000 	/Applications/REAPER.app/Contents/Plugins/FX/reatune.vst.dylib
0x00000004b9f24000 	/Library/Audio/Plug-Ins/VST3/Serum2.vst3/Contents/MacOS/Serum2
0x00000004cdd98000 	/Library/Audio/Plug-Ins/VST3/Trackspacer25.vst3/Contents/MacOS/Trackspacer25
0x00000003b0220000 	/Library/Audio/Plug-Ins/VST3/Sumu.vst3/Contents/MacOS/sumu
0x0000000378c2c000 	/Library/Audio/Plug-Ins/VST3/Dodo MIDI.vst3/Contents/MacOS/Dodo MIDI
0x0000000375718000 	/Library/Audio/Plug-Ins/VST3/MeldaProduction/Reverb/MConvolutionEZ.vst3/Contents/MacOS/MConvolutionEZ.bin
0x0000000518000000 	/Library/Application Support/MeldaProduction/LIB/libMeldaProductionAudioPluginKernelV11.dylib
0x000000050a9f8000 	/Applications/REAPER.app/Contents/Plugins/FX/reaverb.vst.dylib
0x000000050b800000 	/Library/Audio/Plug-Ins/VST3/Kilohearts/kHs Compressor.vst3/Contents/MacOS/kHs Compressor
0x000000051aea8000 	/Library/Application Support/Kilohearts/HeartCore.core/Contents/MacOS/HeartCore
0x000000050c3bc000 	/Library/Audio/Plug-Ins/Components/LittlePlate.component/Contents/MacOS/LittlePlate
0x00000005338a8000 	/Library/Frameworks/PACEEdenExperience.framework/Versions/A/WrapPersist.bundle/Contents/MacOS/WrapPersist
0x00000001c2a98000 	/System/Library/PrivateFrameworks/TextToSpeech.framework/Versions/A/TextToSpeech
0x00000001c7e65000 	/System/Library/PrivateFrameworks/AXAssetLoader.framework/Versions/A/AXAssetLoader
0x0000000273bff000 	/usr/lib/libnwswifttls.dylib
0x00000001b4a99000 	/usr/lib/log/liblog_network.dylib
0x000000012c378000 	/Library/Audio/Plug-Ins/VST/FabFilter Pro-C 2 (Mono).vst/Contents/MacOS/FabFilter Pro-C 2 (Mono)
0x00000003a1114000 	/Library/Audio/Plug-Ins/VST/FabFilter Pro-C 2.vst/Contents/MacOS/FabFilter Pro-C 2
0x00000001d416e000 	/System/Library/PrivateFrameworks/HelpData.framework/Versions/A/HelpData

JVMTI agents: none


VM Arguments:
java_command: <unknown>
java_class_path (initial): /Users/jonathankawchuk/Library/Application Support/REAPER/UserPlugins/drivenbymoss-libs/DrivenByMoss4Reaper-26.6.4.jar:/Users/jonathankawchuk/Library/Application Support/REAPER/UserPlugins/drivenbymoss-libs/slf4j-ext-2.0.13.jar:/Users/jonathankawchuk/Library/Application Support/REAPER/UserPlugins/drivenbymoss-libs/jackson-databind-2.22.1.jar:/Users/jonathankawchuk/Library/Application Support/REAPER/UserPlugins/drivenbymoss-libs/jna-platform-5.19.1.jar:/Users/jonathankawchuk/Library/Application Support/REAPER/UserPlugins/drivenbymoss-libs/libusb4java-1.0.24-darwin.jar:/Users/jonathankawchuk/Library/Application Support/REAPER/UserPlugins/drivenbymoss-libs/usb4java-1.3.0.jar:/Users/jonathankawchuk/Library/Application Support/REAPER/UserPlugins/drivenbymoss-libs/purejavahidapi-0.0.21.jar:/Users/jonathankawchuk/Library/Application Support/REAPER/UserPlugins/drivenbymoss-libs/svg-salamander-1.1.2.2.jar:/Users/jonathankawchuk/Library/Application Support/REAPER/UserPlugins/drivenbymoss-libs/jackson-core-2.22.1.jar:/Users/jonathankawchuk/Library/Application Support/REAPER/UserPlugins/drivenbymoss-libs/inieditor-r6.jar:/Users/jonathankawchuk/Library/Application Support/REAPER/UserPlugins/drivenbymoss-libs/jackson-annotations-2.22.jar:/Users/jonathankawchuk/Library/Application Support/REAPER/UserPlugins/drivenbymoss-libs/slf4j-api-2.0.13.jar:/Users/jonathankawchuk/Library/Application Support/REAPER/UserPlugins/drivenbymoss-libs/nativefilechooser-1.3.1.jar:/Users/jonathankawchuk/Library/Application Support/REAPER/UserPlugins/drivenbymoss-libs/jamepad-2.30.0.0.jar:/Users/jonathankawchuk/Library/Application Support/REAPER/UserPlugins/drivenbymoss-libs/jna-5.19.1.jar:/Users/jonathankawchuk/Library/Application Support/REAPER/UserPlugins/drivenbymoss-libs/javaosc-core-0.9.jar:/Users/jonathankawchuk/Library/Application Support/REAPER/UserPlugins/drivenbymoss-libs/commons-lang3-3.8.1.jar:/Users/jonathankawchuk/Library/Application Support/REAPER/UserPlugins/drivenbymoss-libs/gdx-jnigen-loader-2.2.0.jar
Launcher Type: generic

[Global flags]
     intx CICompilerCount                          = 4                                         {product} {ergonomic}
     uint ConcGCThreads                            = 2                                         {product} {ergonomic}
     uint G1ConcRefinementThreads                  = 8                                         {product} {ergonomic}
   size_t G1HeapRegionSize                         = 2097152                                   {product} {ergonomic}
   size_t InitialHeapSize                          = 268435456                                 {product} {ergonomic}
   size_t MarkStackSize                            = 4194304                                   {product} {ergonomic}
   size_t MarkStackSizeMax                         = 536870912                                 {product} {ergonomic}
   size_t MaxHeapSize                              = 4294967296                                {product} {ergonomic}
   size_t MaxNewSize                               = 2575302656                                {product} {ergonomic}
   size_t MinHeapDeltaBytes                        = 2097152                                   {product} {ergonomic}
   size_t MinHeapSize                              = 8388608                                   {product} {ergonomic}
    uintx NonNMethodCodeHeapSize                   = 5849088                                {pd product} {ergonomic}
    uintx NonProfiledCodeHeapSize                  = 122912768                              {pd product} {ergonomic}
    uintx ProfiledCodeHeapSize                     = 122912768                              {pd product} {ergonomic}
    uintx ReservedCodeCacheSize                    = 251674624                              {pd product} {ergonomic}
     bool SegmentedCodeCache                       = true                                      {product} {ergonomic}
   size_t SoftMaxHeapSize                          = 4294967296                             {manageable} {ergonomic}
     bool UseCompressedOops                        = true                           {product lp64_product} {ergonomic}
     bool UseG1GC                                  = true                                      {product} {ergonomic}
     bool UseNUMA                                  = false                                     {product} {ergonomic}
     bool UseNUMAInterleaving                      = false                                     {product} {ergonomic}

Logging:
Log output configuration:
 #0: stdout all=warning uptime,level,tags foldmultilines=false
 #1: stderr all=off uptime,level,tags foldmultilines=false

Release file:
JAVA_VERSION="25.0.3" 
MODULES="java.base java.datatransfer java.xml java.prefs java.desktop java.instrument java.logging java.management java.security.sasl java.naming java.transaction.xa java.sql jdk.accessibility" 

Environment Variables:
PATH=/usr/bin:/bin:/usr/sbin:/sbin
SHELL=/bin/zsh
TMPDIR=/var/folders/6g/_dyszwd54rd36jmvjmmd4htw0000gn/T/

Active Locale:
LC_ALL=C/UTF-8/C/C/C/C
LC_COLLATE=C
LC_CTYPE=UTF-8
LC_MESSAGES=C
LC_MONETARY=C
LC_NUMERIC=C
LC_TIME=C

Signal Handlers:
   SIGSEGV: crash_handler in libjvm.dylib, mask=11100110000111110111111111111111, flags=SA_ONSTACK|SA_RESTART|SA_SIGINFO, unblocked
    SIGBUS: crash_handler in libjvm.dylib, mask=11100110000111110111111111111111, flags=SA_RESTART|SA_SIGINFO, unblocked
    SIGFPE: crash_handler in libjvm.dylib, mask=11100110000111110111111111111111, flags=SA_RESTART|SA_SIGINFO, unblocked
   SIGPIPE: javaSignalHandler in libjvm.dylib, mask=11100110000111110111111111111111, flags=SA_RESTART|SA_SIGINFO, blocked
  chained to: javaSignalHandler in libjvm.dylib, mask=11100110000111110111111111111111, flags=SA_RESTART|SA_SIGINFO
   SIGXFSZ: javaSignalHandler in libjvm.dylib, mask=11100110000111110111111111111111, flags=SA_RESTART|SA_SIGINFO, blocked
    SIGILL: crash_handler in libjvm.dylib, mask=11100110000111110111111111111111, flags=SA_RESTART|SA_SIGINFO, unblocked
   SIGUSR2: SR_handler in libjvm.dylib, mask=00000000000000000000000000000000, flags=SA_RESTART|SA_SIGINFO, blocked
    SIGHUP: UserHandler in libjvm.dylib, mask=11100110000111110111111111111111, flags=SA_RESTART|SA_SIGINFO, blocked
    SIGINT: UserHandler in libjvm.dylib, mask=11100110000111110111111111111111, flags=SA_RESTART|SA_SIGINFO, blocked
   SIGTERM: UserHandler in libjvm.dylib, mask=11100110000111110111111111111111, flags=SA_RESTART|SA_SIGINFO, blocked
   SIGQUIT: UserHandler in libjvm.dylib, mask=11100110000111110111111111111111, flags=SA_RESTART|SA_SIGINFO, blocked
   SIGTRAP: crash_handler in libjvm.dylib, mask=11100110000111110111111111111111, flags=SA_RESTART|SA_SIGINFO, unblocked


Compilation memory statistics disabled.

Periodic native trim disabled

---------------  S Y S T E M  ---------------

OS:
uname: Darwin 24.6.0 Darwin Kernel Version 24.6.0: Wed Oct 15 21:08:19 PDT 2025; root:xnu-11417.140.69.703.14~1/RELEASE_ARM64_T8103 arm64
OS uptime: 0 days 0:38 hours
rlimit (soft/hard): STACK 8176k/65520k , CORE 0k/infinity , NPROC 2666/4000 , NOFILE 10240/10240 , AS infinity/infinity , CPU infinity/infinity , DATA infinity/infinity , FSIZE infinity/infinity , MEMLOCK infinity/infinity , RSS infinity/infinity
load average: 23.35 30.18 37.51

CPU: total 8 (initial active 8) 0x61:0x0:0x1b588bb3:0, fp, asimd, aes, pmull, sha1, sha256, crc32, lse, sha3, sha512
machdep.cpu.brand_string:Apple M1
hw.cachelinesize:128
hw.l1icachesize:131072
hw.l1dcachesize:65536
hw.l2cachesize:4194304

Memory: 16k page, physical 16777216k(2742304k free), swap 7340032k(1010752k free)

vm_info: OpenJDK 64-Bit Server VM (25.0.3+9-LTS) for bsd-aarch64 JRE (25.0.3+9-LTS), built on 2026-04-21T00:00:00Z with clang Apple LLVM 15.0.0 (clang-1500.1.0.2.5)

END.
