#
# A fatal error has been detected by the Java Runtime Environment:
#
#  SIGSEGV (0xb) at pc=0x0000000100e956a8, pid=67649, tid=259
#
# JRE version: OpenJDK Runtime Environment Temurin-25.0.3+9 (25.0.3+9) (build 25.0.3+9-LTS)
# Java VM: OpenJDK 64-Bit Server VM Temurin-25.0.3+9 (25.0.3+9-LTS, mixed mode, tiered, compressed oops, compressed class ptrs, g1 gc, bsd-aarch64)
# Problematic frame:
# C  [REAPER+0x3256a8]  GetRulerMarks_Beats(ReaProject const*, double, double, WDL_TypedBuf<RulerMark>*, WDL_TypedBuf<RulerMark>*, bool)+0x1790
#
# No core dump will be written. Core dumps have been disabled. To enable core dumping, try "ulimit -c unlimited" before starting Java again
#
# If you would like to submit a bug report, please visit:
#   https://github.com/adoptium/adoptium-support/issues
# The crash happened outside the Java Virtual Machine in native code.
# See problematic frame for where to report the bug.
#

---------------  S U M M A R Y ------------

Command Line: 

Host: "MacBookPro17,1" arm64, 8 cores, 16G, Darwin 24.6.0, macOS 15.7.2 (24G325)
Time: Wed Sep  2 10:55:59 2026 EDT elapsed time: 498.343249 seconds (0d 0h 8m 18s)

---------------  T H R E A D  ---------------

Current thread (0x00000001297d5600):  JavaThread "main"             [_thread_in_native, id=259, stack(0x000000016ea94000,0x000000016f290000) (8176K)]

Stack: [0x000000016ea94000,0x000000016f290000],  sp=0x000000016f28e480,  free space=8169k
Native frames: (J=compiled Java code, j=interpreted, Vv=VM code, C=native code)
C  [REAPER+0x3256a8]  GetRulerMarks_Beats(ReaProject const*, double, double, WDL_TypedBuf<RulerMark>*, WDL_TypedBuf<RulerMark>*, bool)+0x1790
C  [REAPER+0x4415c]  TrackList_NavigateGridLines(ReaProject*, double*, int, bool)+0x254
C  [REAPER+0x9f1d8]  Main_OnCommandEx2(int, int, ReaProject*)+0x21f30
C  [REAPER+0x7c5a4]  Main_OnCommandEx(int, int, ReaProject*)+0x1c
C  [REAPER+0x338808]  KBD_OnMainActionImpl(int, int, int, int, HWND__*, ReaProject*)+0x14c
C  [REAPER+0x33f15c]  KBD_OnMainAction(int, int, int, int, HWND__*)+0x10
C  [REAPER+0x33d550]  kbd_onAction(KbdAccel*, int, int, int, bool, _REAPER_KbdSectionInfo*, HWND__*)+0x48c
C  [REAPER+0x343758]  kbd_translateAccelerator(HWND__*, MSG*, _REAPER_KbdSectionInfo*)+0x204
C  [REAPER+0x3464bc]  -[REAPERapp sendEvent:]+0xc78
C  [AppKit+0x5d742c]  -[NSApplication _handleEvent:]+0x3c
C  [AppKit+0x2dc0c]  -[NSApplication run]+0x208
C  [AppKit+0x42dc]  NSApplicationMain+0x370
C  [dyld+0x6b98]  start+0x17bc

siginfo: si_signo: 11 (SIGSEGV), si_code: 2 (SEGV_ACCERR), si_addr: 0x00000006e78f8028

Registers:
 x0=0x000c9c3800000000  x1=0x00000001aa3362e8  x2=0x0000000000000065  x3=0x000000000000001b
 x4=0x000000016f28e570  x5=0x000000016f28e618  x6=0x000000016f28e584  x7=0x0000000000000000
 x8=0x0000000002312d01  x9=0x0000000000000000 x10=0x0000000683398000 x11=0x00000006e78f8020
x12=0x0000000683398000 x13=0x0000000000000001 x14=0x0000000000000068 x15=0x000000012d4598a8
x16=0x00000001aa336180 x17=0x000000020b16a8f0 x18=0x0000000000000000 x19=0x0000000000f6fb14
x20=0x0000000000000000 x21=0x0000000002312d02 x22=0x0000000000000068 x23=0x000000013d606600
x24=0x000000016f28e728 x25=0x000000016f28e590 x26=0x0000000000000001 x27=0x0000000000000000
x28=0x0000000000000000  fp=0x000000016f28e710  lr=0x0000000100e95340  sp=0x000000016f28e480
pc=0x0000000100e956a8 cpsr=0x0000000080001000

Register to memory mapping:

x0 =0x000c9c3800000000 is an unknown value
x1 =0x00000001aa3362e8: log+0x168 in /usr/lib/system/libsystem_m.dylib at 0x00000001aa335000
x2 =0x0000000000000065 is an unknown value
x3 =0x000000000000001b is an unknown value
x4 =0x000000016f28e570 is pointing into the stack for thread: 0x00000001297d5600
x5 =0x000000016f28e618 is pointing into the stack for thread: 0x00000001297d5600
x6 =0x000000016f28e584 is pointing into the stack for thread: 0x00000001297d5600
x7 =0x0 is null
x8 =0x0000000002312d01 is an unknown value
x9 =0x0 is null
x10=0x0000000683398000 points into unknown readable memory: 0x3ff0000000000000 | 00 00 00 00 00 00 f0 3f
x11=0x00000006e78f8020 is an unknown value
x12=0x0000000683398000 points into unknown readable memory: 0x3ff0000000000000 | 00 00 00 00 00 00 f0 3f
x13=0x0000000000000001 is an unknown value
x14=0x0000000000000068 is an unknown value
x15=0x000000012d4598a8 points into unknown readable memory: 0x0000000000000000 | 00 00 00 00 00 00 00 00
x16=0x00000001aa336180: log+0 in /usr/lib/system/libsystem_m.dylib at 0x00000001aa335000
x17=0x000000020b16a8f0 points into unknown readable memory: 0x000000019c13fe84 | 84 fe 13 9c 01 00 00 00
x18=0x0 is null
x19=0x0000000000f6fb14 is an unknown value
x20=0x0 is null
x21=0x0000000002312d02 is an unknown value
x22=0x0000000000000068 is an unknown value
x23=0x000000013d606600 points into unknown readable memory: 0x0000000000000001 | 01 00 00 00 00 00 00 00
x24=0x000000016f28e728 is pointing into the stack for thread: 0x00000001297d5600
x25=0x000000016f28e590 is pointing into the stack for thread: 0x00000001297d5600
x26=0x0000000000000001 is an unknown value
x27=0x0 is null
x28=0x0 is null
 fp=0x000000016f28e710 is pointing into the stack for thread: 0x00000001297d5600
 lr=0x0000000100e95340: _Z19GetRulerMarks_BeatsPK10ReaProjectddP12WDL_TypedBufI9RulerMarkES5_b+0x1428 in /Applications/REAPER.app/Contents/MacOS/REAPER at 0x0000000100b70000
 sp=0x000000016f28e480 is pointing into the stack for thread: 0x00000001297d5600

Top of Stack: (sp=0x000000016f28e480)
0x000000016f28e480:   0000000000000000 0000000000000000   ................
0x000000016f28e490:   418312d000000000 00000000765630c0   .......A.0Vv....
0x000000016f28e4a0:   0000000000000000 3ec0c00000000000   ...............>
0x000000016f28e4b0:   3da5fd7fe1796495 000000019c1f5a5c   .dy....=\Z......
0x000000016f28e4c0:   0000000000000000 00000001765630c0   .........0Vv....
0x000000016f28e4d0:   0000000000000029 00000002ffffffff   )...............
0x000000016f28e4e0:   000000006f28e530 000000019c20d798   0.(o...... .....
0x000000016f28e4f0:   00000002041bc900 000000013bb3b368   ........h..;....
0x000000016f28e500:   0000000507dba000 0000000000000000   ................
0x000000016f28e510:   02312d0100000003 000000016f28e728   .....-1.(.(o....
0x000000016f28e520:   0000000000000001 000000006f28e5e0   ..........(o....
0x000000016f28e530:   000000013d606600 000000019c2670c0   .f`=.....p&.....
0x000000016f28e540:   0000000000000000 0000000100000001   ................
0x000000016f28e550:   0000000100000000 4191896800000043   ........C...h..A
0x000000016f28e560:   0000000000000000 000000020c011b28   ........(.......
0x000000016f28e570:   4010000000000000 000000049c1f5a5c   .......@\Z......
0x000000016f28e580:   0000000000000004 0000000002312d01   .........-1.....
0x000000016f28e590:   3ff0000000000000 4010000000000000   .......?.......@
0x000000016f28e5a0:   3e7ad7f29abcaf48 0000000003030302   H.....z>........
0x000000016f28e5b0:   0000000000000000 0000000000000000   ................
0x000000016f28e5c0:   0000000000000000 0000000000000000   ................
0x000000016f28e5d0:   0000000000000000 0000000000000000   ................
0x000000016f28e5e0:   0000000000000000 0000000000000000   ................
0x000000016f28e5f0:   0000000000000000 0000000000000000   ................
0x000000016f28e600:   3ff0000000f6fb14 4010000000000000   .......?.......@
0x000000016f28e610:   3e7ad7f29abcaf48 0000000003030302   H.....z>........
0x000000016f28e620:   0000000000000000 0000000000000000   ................
0x000000016f28e630:   0000000000000000 0000000000000000   ................
0x000000016f28e640:   0000000000000000 0000000000000000   ................
0x000000016f28e650:   0000000000000000 0000000000000000   ................
0x000000016f28e660:   0000000000000000 d9dd30e4c543008d   ..........C..0..
0x000000016f28e670:   000000020a1122e0 000000016f28ee50   ."......P.(o....

Instructions: (pc=0x0000000100e956a8)
  0x0000000100e955a8:   60 20 64 1e 6a 00 00 54 6e 00 78 1e e1 ff ff 17
  0x0000000100e955b8:   0e 00 bc 12 df ff ff 17 a8 83 55 f8 a9 37 00 f0
  0x0000000100e955c8:   29 e1 40 f9 29 01 40 f9 3f 01 08 eb 81 16 00 54
  0x0000000100e955d8:   ff 03 08 91 fd 7b 49 a9 f4 4f 48 a9 f6 57 47 a9
  0x0000000100e955e8:   f8 5f 46 a9 fa 67 45 a9 fc 6f 44 a9 e9 23 43 6d
  0x0000000100e955f8:   eb 2b 42 6d ed 33 41 6d ef 3b ca 6c c0 03 5f d6
  0x0000000100e95608:   13 00 80 d2 e0 1b 40 fd 00 18 6a 1e 0a 00 78 1e
  0x0000000100e95618:   4d 01 00 32 e0 17 40 fd 00 18 6a 1e 08 c0 64 1e
  0x0000000100e95628:   e0 73 40 fd 09 08 6a 1e 0e 0d 80 52 f4 af 00 b9
  0x0000000100e95638:   ed cb 00 b9 0d 00 00 14 e8 0b 41 b9 e9 0f 41 b9
  0x0000000100e95648:   f8 4f 40 f9 f7 5b 40 f9 f4 af 40 b9 ed cb 40 b9
  0x0000000100e95658:   0e 0d 80 52 f3 6b 40 f9 0a 01 09 4b 7f c2 2a eb
  0x0000000100e95668:   73 06 00 91 4a ea ff 54 2b 01 13 0b eb 83 01 b9
  0x0000000100e95678:   ec 3d 00 b0 8c a1 17 91 8a 0d 40 b9 8c 01 40 f9
  0x0000000100e95688:   5f 01 00 71 ea 03 8c 9a 7f 02 00 f1 ba 05 9f 1a
  0x0000000100e95698:   00 1d a8 4e 7f 01 08 6b a0 00 00 54 6b 2a 0e 9b
=>0x0000000100e956a8:   60 05 40 fd 00 18 6a 1e 00 c0 64 1e 1b 00 78 1e
  0x0000000100e956b8:   5f 03 1b 6b 2a fd ff 54 f3 6b 00 f9 7c 2a 0e 9b
  0x0000000100e956c8:   88 43 00 91 e8 73 00 f9 f7 5b 40 b9 04 00 00 14
  0x0000000100e956d8:   5a 07 00 11 7f 03 1a 6b 00 fb ff 54 ff 06 00 71
  0x0000000100e956e8:   8b 00 00 54 48 0f d7 1a 08 e9 17 1b 28 ff ff 34
  0x0000000100e956f8:   40 03 62 1e 40 09 60 1e 81 03 40 fd 0c 08 61 1e
  0x0000000100e95708:   20 09 61 1e 80 29 60 1e e8 67 40 b9 5f 03 08 6a
  0x0000000100e95718:   00 1c 6c 1e e1 03 06 91 e0 5b 40 f9 64 4f f4 97
  0x0000000100e95728:   0e 1c a0 4e e0 63 40 fd c0 21 60 1e 24 fd ff 54
  0x0000000100e95738:   e0 6f 40 fd c0 21 60 1e 0a f8 ff 54 f3 83 41 b9
  0x0000000100e95748:   e8 bf 40 b9 68 05 00 37 e8 87 40 b9 1f 19 00 71
  0x0000000100e95758:   e1 00 00 54 00 10 6c 1e 80 29 60 1e 00 40 65 1e
  0x0000000100e95768:   80 d5 e0 7e 00 20 6d 1e 45 04 00 54 e8 73 40 f9
  0x0000000100e95778:   16 01 40 f9 f5 47 40 f9 a8 0e 40 b9 69 55 95 52
  0x0000000100e95788:   49 55 b5 72 08 7d 09 9b 18 fd 65 d3 14 06 80 52
  0x0000000100e95798:   e8 07 1c 32 19 23 14 1b e0 03 15 aa e1 03 19 aa


Stack slot to memory mapping:

stack at sp + 0 slots: 0x0 is null
stack at sp + 1 slots: 0x0 is null
stack at sp + 2 slots: 0x418312d000000000 is an unknown value
stack at sp + 3 slots: 0x00000000765630c0 is an unknown value
stack at sp + 4 slots: 0x0 is null
stack at sp + 5 slots: 0x3ec0c00000000000 is an unknown value
stack at sp + 6 slots: 0x3da5fd7fe1796495 is an unknown value
stack at sp + 7 slots: 0x000000019c1f5a5c: -[__NSCFString isEqual:]+0x114 in /System/Library/Frameworks/CoreFoundation.framework/Versions/A/CoreFoundation at 0x000000019c1ee000

Lock stack of current Java thread (top to bottom):


---------------  P R O C E S S  ---------------

Threads class SMR info:
_java_thread_list=0x00000004c6fe99c0, length=16, elements={
0x00000001297d5600, 0x000000014d0b5000, 0x000000014d0b7a00, 0x000000014d0b8200,
0x000000014d0b8a00, 0x000000014d0b9200, 0x000000014d0b9a00, 0x000000014d0c2400,
0x000000014d0b5800, 0x000000014d069400, 0x0000000168b0c200, 0x000000017f8fcc00,
0x000000017f8ff600, 0x000000014d13f600, 0x000000017f900a00, 0x000000013d7cc400
}

Java Threads: ( => current thread )
=>0x00000001297d5600 JavaThread "main"                              [_thread_in_native, id=259, stack(0x000000016ea94000,0x000000016f290000) (8176K)]
  0x000000014d0b5000 JavaThread "Reference Handler"          daemon [_thread_blocked, id=186627, stack(0x0000000170b90000,0x0000000170d93000) (2060K)]
  0x000000014d0b7a00 JavaThread "Finalizer"                  daemon [_thread_blocked, id=187139, stack(0x0000000170d9c000,0x0000000170f9f000) (2060K)]
  0x000000014d0b8200 JavaThread "Signal Dispatcher"          daemon [_thread_blocked, id=245507, stack(0x0000000175004000,0x0000000175207000) (2060K)]
  0x000000014d0b8a00 JavaThread "Service Thread"             daemon [_thread_blocked, id=245251, stack(0x0000000175210000,0x0000000175413000) (2060K)]
  0x000000014d0b9200 JavaThread "Monitor Deflation Thread"   daemon [_thread_blocked, id=187907, stack(0x000000017541c000,0x000000017561f000) (2060K)]
  0x000000014d0b9a00 JavaThread "C2 CompilerThread0"         daemon [_thread_blocked, id=188419, stack(0x0000000175628000,0x000000017582b000) (2060K)]
  0x000000014d0c2400 JavaThread "C1 CompilerThread0"         daemon [_thread_blocked, id=188675, stack(0x0000000175834000,0x0000000175a37000) (2060K)]
  0x000000014d0b5800 JavaThread "Notification Thread"        daemon [_thread_blocked, id=244739, stack(0x0000000175a40000,0x0000000175c43000) (2060K)]
  0x000000014d069400 JavaThread "Common-Cleaner"             daemon [_thread_blocked, id=189443, stack(0x0000000175c4c000,0x0000000175e4f000) (2060K)]
  0x0000000168b0c200 JavaThread "TimerQueue"                 daemon [_thread_blocked, id=59151, stack(0x000000030ab5c000,0x000000030ad5f000) (2060K)]
  0x000000017f8fcc00 JavaThread "AWT-Shutdown"                      [_thread_blocked, id=243207, stack(0x0000000175e58000,0x000000017605b000) (2060K)]
  0x000000017f8ff600 JavaThread "AWT-EventQueue-0"                  [_thread_blocked, id=243719, stack(0x0000000176064000,0x0000000176267000) (2060K)]
  0x000000014d13f600 JavaThread "Java2D Queue Flusher"       daemon [_thread_blocked, id=190523, stack(0x000000030a744000,0x000000030a947000) (2060K)]
  0x000000017f900a00 JavaThread "Java2D Disposer"            daemon [_thread_blocked, id=201751, stack(0x000000030a950000,0x000000030ab53000) (2060K)]
  0x000000013d7cc400 JavaThread "pool-2-thread-1"                   [_thread_blocked, id=261899, stack(0x000000034f990000,0x000000034fb93000) (2060K)]
Total: 16

Other Threads:
  0x00000001297c0400 VMThread "VM Thread"                           [id=248579, stack(0x0000000170984000,0x0000000170b87000) (2060K)]
  0x0000000128abdbe0 WatcherThread "VM Periodic Task Thread"        [id=250371, stack(0x0000000170778000,0x000000017097b000) (2060K)]
  0x0000000129794a00 WorkerThread "GC Thread#0"                     [id=252675, stack(0x000000016fd3c000,0x000000016ff3f000) (2060K)]
  0x000000052f33fc00 WorkerThread "GC Thread#1"                     [id=276579, stack(0x00000005219d0000,0x0000000521bd3000) (2060K)]
  0x00000004fae8b800 WorkerThread "GC Thread#2"                     [id=210219, stack(0x0000000521bdc000,0x0000000521ddf000) (2060K)]
  0x00000004fae29600 WorkerThread "GC Thread#3"                     [id=390223, stack(0x0000000521de8000,0x0000000521feb000) (2060K)]
  0x00000004fae29c00 WorkerThread "GC Thread#4"                     [id=262483, stack(0x000000052eab8000,0x000000052ecbb000) (2060K)]
  0x00000004fae2a200 WorkerThread "GC Thread#5"                     [id=276187, stack(0x000000052ecc4000,0x000000052eec7000) (2060K)]
  0x00000004fae2a800 WorkerThread "GC Thread#6"                     [id=229415, stack(0x000000052f804000,0x000000052fa07000) (2060K)]
  0x00000004fae2ae00 WorkerThread "GC Thread#7"                     [id=228779, stack(0x000000052fa10000,0x000000052fc13000) (2060K)]
  0x00000001297a7a00 ConcurrentGCThread "G1 Main Marker"            [id=252163, stack(0x000000016ff48000,0x000000017014b000) (2060K)]
  0x00000001297d0000 WorkerThread "G1 Conc#0"                       [id=251395, stack(0x0000000170154000,0x0000000170357000) (2060K)]
  0x00000001297cd000 ConcurrentGCThread "G1 Refine#0"               [id=183555, stack(0x0000000170360000,0x0000000170563000) (2060K)]
  0x00000001297a1000 ConcurrentGCThread "G1 Service"                [id=250883, stack(0x000000017056c000,0x000000017076f000) (2060K)]
Total: 14

Threads with active compile tasks:
Total: 0

VM state: not at safepoint (normal execution)

VM Mutex/Monitor currently owned by a thread: None

Heap address: 0x0000000700000000, size: 4096 MB, Compressed Oops mode: Zero based, Oop shift amount: 3

CDS archive(s) not mapped
Compressed class space mapped at: 0x0000020000000000-0x0000020040000000, reserved size: 1073741824
UseCompressedClassPointers 1, UseCompactObjectHeaders 0
Narrow klass pointer bits 32, Max shift 3
Narrow klass base: 0x0000020000000000, Narrow klass shift: 0
Encoding Range: [0x0000020000000000 - 0x0000020100000000), (4294967296 bytes)
Klass Range:    [0x0000020000000000 - 0x0000020040000000), (1073741824 bytes)
Klass ID Range:  [8 - 1073741817) (1073741809)
Protection zone: [0x0000020000000000 - 0x0000020000010000), (65536 bytes)

GC Precious Log:
 CardTable entry size: 512
 Card Set container configuration: InlinePtr #cards 4 size 8 Array Of Cards #cards 16 size 48 Howl #buckets 8 coarsen threshold 3686 Howl Bitmap #cards 512 size 80 coarsen threshold 460 Card regions per heap region 1 cards per card region 4096
 CPUs: 8 total, 8 available
 Memory: 16384M
 Large Page Support: Disabled
 NUMA Support: Disabled
 Compressed Oops: Enabled (Zero based)
 Heap Region Size: 2M
 Heap Min Capacity: 8M
 Heap Initial Capacity: 256M
 Heap Max Capacity: 4G
 Pre-touch: Disabled
 Parallel Workers: 8
 Concurrent Workers: 2
 Concurrent Refinement Workers: 8
 Periodic GC: Disabled

Heap:
 garbage-first heap   total reserved 4194304K, committed 262144K, used 30529K [0x0000000700000000, 0x0000000800000000)
  region size 2048K, 16 young (32768K), 3 survivors (6144K)

Heap Regions: E=young(eden), S=young(survivor), O=old, HS=humongous(starts), HC=humongous(continues), CS=collection set, F=free, TAMS=top-at-mark-start, PB=parsable bottom
|   0|0x0000000700000000, 0x00000007001d0508, 0x0000000700200000| 90%| O|  |TAMS 0x0000000700000000| PB 0x0000000700000000| Untracked |  0
|   1|0x0000000700200000, 0x0000000700200000, 0x0000000700400000|  0%| F|  |TAMS 0x0000000700200000| PB 0x0000000700200000| Untracked |  0
|   2|0x0000000700400000, 0x0000000700400000, 0x0000000700600000|  0%| F|  |TAMS 0x0000000700400000| PB 0x0000000700400000| Untracked |  0
|   3|0x0000000700600000, 0x0000000700600000, 0x0000000700800000|  0%| F|  |TAMS 0x0000000700600000| PB 0x0000000700600000| Untracked |  0
|   4|0x0000000700800000, 0x0000000700800000, 0x0000000700a00000|  0%| F|  |TAMS 0x0000000700800000| PB 0x0000000700800000| Untracked |  0
|   5|0x0000000700a00000, 0x0000000700a00000, 0x0000000700c00000|  0%| F|  |TAMS 0x0000000700a00000| PB 0x0000000700a00000| Untracked |  0
|   6|0x0000000700c00000, 0x0000000700c00000, 0x0000000700e00000|  0%| F|  |TAMS 0x0000000700c00000| PB 0x0000000700c00000| Untracked |  0
|   7|0x0000000700e00000, 0x0000000700e00000, 0x0000000701000000|  0%| F|  |TAMS 0x0000000700e00000| PB 0x0000000700e00000| Untracked |  0
|   8|0x0000000701000000, 0x0000000701000000, 0x0000000701200000|  0%| F|  |TAMS 0x0000000701000000| PB 0x0000000701000000| Untracked |  0
|   9|0x0000000701200000, 0x0000000701200000, 0x0000000701400000|  0%| F|  |TAMS 0x0000000701200000| PB 0x0000000701200000| Untracked |  0
|  10|0x0000000701400000, 0x0000000701400000, 0x0000000701600000|  0%| F|  |TAMS 0x0000000701400000| PB 0x0000000701400000| Untracked |  0
|  11|0x0000000701600000, 0x0000000701600000, 0x0000000701800000|  0%| F|  |TAMS 0x0000000701600000| PB 0x0000000701600000| Untracked |  0
|  12|0x0000000701800000, 0x0000000701800000, 0x0000000701a00000|  0%| F|  |TAMS 0x0000000701800000| PB 0x0000000701800000| Untracked |  0
|  13|0x0000000701a00000, 0x0000000701a00000, 0x0000000701c00000|  0%| F|  |TAMS 0x0000000701a00000| PB 0x0000000701a00000| Untracked |  0
|  14|0x0000000701c00000, 0x0000000701c00000, 0x0000000701e00000|  0%| F|  |TAMS 0x0000000701c00000| PB 0x0000000701c00000| Untracked |  0
|  15|0x0000000701e00000, 0x0000000701e00000, 0x0000000702000000|  0%| F|  |TAMS 0x0000000701e00000| PB 0x0000000701e00000| Untracked |  0
|  16|0x0000000702000000, 0x0000000702000000, 0x0000000702200000|  0%| F|  |TAMS 0x0000000702000000| PB 0x0000000702000000| Untracked |  0
|  17|0x0000000702200000, 0x0000000702200000, 0x0000000702400000|  0%| F|  |TAMS 0x0000000702200000| PB 0x0000000702200000| Untracked |  0
|  18|0x0000000702400000, 0x0000000702400000, 0x0000000702600000|  0%| F|  |TAMS 0x0000000702400000| PB 0x0000000702400000| Untracked |  0
|  19|0x0000000702600000, 0x0000000702600000, 0x0000000702800000|  0%| F|  |TAMS 0x0000000702600000| PB 0x0000000702600000| Untracked |  0
|  20|0x0000000702800000, 0x0000000702800000, 0x0000000702a00000|  0%| F|  |TAMS 0x0000000702800000| PB 0x0000000702800000| Untracked |  0
|  21|0x0000000702a00000, 0x0000000702a00000, 0x0000000702c00000|  0%| F|  |TAMS 0x0000000702a00000| PB 0x0000000702a00000| Untracked |  0
|  22|0x0000000702c00000, 0x0000000702c00000, 0x0000000702e00000|  0%| F|  |TAMS 0x0000000702c00000| PB 0x0000000702c00000| Untracked |  0
|  23|0x0000000702e00000, 0x0000000702e00000, 0x0000000703000000|  0%| F|  |TAMS 0x0000000702e00000| PB 0x0000000702e00000| Untracked |  0
|  24|0x0000000703000000, 0x0000000703000000, 0x0000000703200000|  0%| F|  |TAMS 0x0000000703000000| PB 0x0000000703000000| Untracked |  0
|  25|0x0000000703200000, 0x0000000703200000, 0x0000000703400000|  0%| F|  |TAMS 0x0000000703200000| PB 0x0000000703200000| Untracked |  0
|  26|0x0000000703400000, 0x0000000703400000, 0x0000000703600000|  0%| F|  |TAMS 0x0000000703400000| PB 0x0000000703400000| Untracked |  0
|  27|0x0000000703600000, 0x0000000703600000, 0x0000000703800000|  0%| F|  |TAMS 0x0000000703600000| PB 0x0000000703600000| Untracked |  0
|  28|0x0000000703800000, 0x0000000703800000, 0x0000000703a00000|  0%| F|  |TAMS 0x0000000703800000| PB 0x0000000703800000| Untracked |  0
|  29|0x0000000703a00000, 0x0000000703a00000, 0x0000000703c00000|  0%| F|  |TAMS 0x0000000703a00000| PB 0x0000000703a00000| Untracked |  0
|  30|0x0000000703c00000, 0x0000000703c00000, 0x0000000703e00000|  0%| F|  |TAMS 0x0000000703c00000| PB 0x0000000703c00000| Untracked |  0
|  31|0x0000000703e00000, 0x0000000703e00000, 0x0000000704000000|  0%| F|  |TAMS 0x0000000703e00000| PB 0x0000000703e00000| Untracked |  0
|  32|0x0000000704000000, 0x0000000704000000, 0x0000000704200000|  0%| F|  |TAMS 0x0000000704000000| PB 0x0000000704000000| Untracked |  0
|  33|0x0000000704200000, 0x0000000704200000, 0x0000000704400000|  0%| F|  |TAMS 0x0000000704200000| PB 0x0000000704200000| Untracked |  0
|  34|0x0000000704400000, 0x0000000704400000, 0x0000000704600000|  0%| F|  |TAMS 0x0000000704400000| PB 0x0000000704400000| Untracked |  0
|  35|0x0000000704600000, 0x0000000704600000, 0x0000000704800000|  0%| F|  |TAMS 0x0000000704600000| PB 0x0000000704600000| Untracked |  0
|  36|0x0000000704800000, 0x0000000704800000, 0x0000000704a00000|  0%| F|  |TAMS 0x0000000704800000| PB 0x0000000704800000| Untracked |  0
|  37|0x0000000704a00000, 0x0000000704a00000, 0x0000000704c00000|  0%| F|  |TAMS 0x0000000704a00000| PB 0x0000000704a00000| Untracked |  0
|  38|0x0000000704c00000, 0x0000000704c00000, 0x0000000704e00000|  0%| F|  |TAMS 0x0000000704c00000| PB 0x0000000704c00000| Untracked |  0
|  39|0x0000000704e00000, 0x0000000704e00000, 0x0000000705000000|  0%| F|  |TAMS 0x0000000704e00000| PB 0x0000000704e00000| Untracked |  0
|  40|0x0000000705000000, 0x0000000705000000, 0x0000000705200000|  0%| F|  |TAMS 0x0000000705000000| PB 0x0000000705000000| Untracked |  0
|  41|0x0000000705200000, 0x0000000705200000, 0x0000000705400000|  0%| F|  |TAMS 0x0000000705200000| PB 0x0000000705200000| Untracked |  0
|  42|0x0000000705400000, 0x0000000705400000, 0x0000000705600000|  0%| F|  |TAMS 0x0000000705400000| PB 0x0000000705400000| Untracked |  0
|  43|0x0000000705600000, 0x0000000705600000, 0x0000000705800000|  0%| F|  |TAMS 0x0000000705600000| PB 0x0000000705600000| Untracked |  0
|  44|0x0000000705800000, 0x0000000705800000, 0x0000000705a00000|  0%| F|  |TAMS 0x0000000705800000| PB 0x0000000705800000| Untracked |  0
|  45|0x0000000705a00000, 0x0000000705a00000, 0x0000000705c00000|  0%| F|  |TAMS 0x0000000705a00000| PB 0x0000000705a00000| Untracked |  0
|  46|0x0000000705c00000, 0x0000000705c00000, 0x0000000705e00000|  0%| F|  |TAMS 0x0000000705c00000| PB 0x0000000705c00000| Untracked |  0
|  47|0x0000000705e00000, 0x0000000705e00000, 0x0000000706000000|  0%| F|  |TAMS 0x0000000705e00000| PB 0x0000000705e00000| Untracked |  0
|  48|0x0000000706000000, 0x0000000706000000, 0x0000000706200000|  0%| F|  |TAMS 0x0000000706000000| PB 0x0000000706000000| Untracked |  0
|  49|0x0000000706200000, 0x0000000706200000, 0x0000000706400000|  0%| F|  |TAMS 0x0000000706200000| PB 0x0000000706200000| Untracked |  0
|  50|0x0000000706400000, 0x0000000706400000, 0x0000000706600000|  0%| F|  |TAMS 0x0000000706400000| PB 0x0000000706400000| Untracked |  0
|  51|0x0000000706600000, 0x0000000706600000, 0x0000000706800000|  0%| F|  |TAMS 0x0000000706600000| PB 0x0000000706600000| Untracked |  0
|  52|0x0000000706800000, 0x0000000706800000, 0x0000000706a00000|  0%| F|  |TAMS 0x0000000706800000| PB 0x0000000706800000| Untracked |  0
|  53|0x0000000706a00000, 0x0000000706a00000, 0x0000000706c00000|  0%| F|  |TAMS 0x0000000706a00000| PB 0x0000000706a00000| Untracked |  0
|  54|0x0000000706c00000, 0x0000000706c00000, 0x0000000706e00000|  0%| F|  |TAMS 0x0000000706c00000| PB 0x0000000706c00000| Untracked |  0
|  55|0x0000000706e00000, 0x0000000706e00000, 0x0000000707000000|  0%| F|  |TAMS 0x0000000706e00000| PB 0x0000000706e00000| Untracked |  0
|  56|0x0000000707000000, 0x0000000707000000, 0x0000000707200000|  0%| F|  |TAMS 0x0000000707000000| PB 0x0000000707000000| Untracked |  0
|  57|0x0000000707200000, 0x0000000707200000, 0x0000000707400000|  0%| F|  |TAMS 0x0000000707200000| PB 0x0000000707200000| Untracked |  0
|  58|0x0000000707400000, 0x0000000707400000, 0x0000000707600000|  0%| F|  |TAMS 0x0000000707400000| PB 0x0000000707400000| Untracked |  0
|  59|0x0000000707600000, 0x0000000707600000, 0x0000000707800000|  0%| F|  |TAMS 0x0000000707600000| PB 0x0000000707600000| Untracked |  0
|  60|0x0000000707800000, 0x0000000707800000, 0x0000000707a00000|  0%| F|  |TAMS 0x0000000707800000| PB 0x0000000707800000| Untracked |  0
|  61|0x0000000707a00000, 0x0000000707a00000, 0x0000000707c00000|  0%| F|  |TAMS 0x0000000707a00000| PB 0x0000000707a00000| Untracked |  0
|  62|0x0000000707c00000, 0x0000000707c00000, 0x0000000707e00000|  0%| F|  |TAMS 0x0000000707c00000| PB 0x0000000707c00000| Untracked |  0
|  63|0x0000000707e00000, 0x0000000707e00000, 0x0000000708000000|  0%| F|  |TAMS 0x0000000707e00000| PB 0x0000000707e00000| Untracked |  0
|  64|0x0000000708000000, 0x0000000708000000, 0x0000000708200000|  0%| F|  |TAMS 0x0000000708000000| PB 0x0000000708000000| Untracked |  0
|  65|0x0000000708200000, 0x0000000708200000, 0x0000000708400000|  0%| F|  |TAMS 0x0000000708200000| PB 0x0000000708200000| Untracked |  0
|  66|0x0000000708400000, 0x0000000708400000, 0x0000000708600000|  0%| F|  |TAMS 0x0000000708400000| PB 0x0000000708400000| Untracked |  0
|  67|0x0000000708600000, 0x0000000708600000, 0x0000000708800000|  0%| F|  |TAMS 0x0000000708600000| PB 0x0000000708600000| Untracked |  0
|  68|0x0000000708800000, 0x0000000708800000, 0x0000000708a00000|  0%| F|  |TAMS 0x0000000708800000| PB 0x0000000708800000| Untracked |  0
|  69|0x0000000708a00000, 0x0000000708a00000, 0x0000000708c00000|  0%| F|  |TAMS 0x0000000708a00000| PB 0x0000000708a00000| Untracked |  0
|  70|0x0000000708c00000, 0x0000000708c00000, 0x0000000708e00000|  0%| F|  |TAMS 0x0000000708c00000| PB 0x0000000708c00000| Untracked |  0
|  71|0x0000000708e00000, 0x0000000708e00000, 0x0000000709000000|  0%| F|  |TAMS 0x0000000708e00000| PB 0x0000000708e00000| Untracked |  0
|  72|0x0000000709000000, 0x0000000709000000, 0x0000000709200000|  0%| F|  |TAMS 0x0000000709000000| PB 0x0000000709000000| Untracked |  0
|  73|0x0000000709200000, 0x0000000709200000, 0x0000000709400000|  0%| F|  |TAMS 0x0000000709200000| PB 0x0000000709200000| Untracked |  0
|  74|0x0000000709400000, 0x0000000709400000, 0x0000000709600000|  0%| F|  |TAMS 0x0000000709400000| PB 0x0000000709400000| Untracked |  0
|  75|0x0000000709600000, 0x0000000709600000, 0x0000000709800000|  0%| F|  |TAMS 0x0000000709600000| PB 0x0000000709600000| Untracked |  0
|  76|0x0000000709800000, 0x0000000709800000, 0x0000000709a00000|  0%| F|  |TAMS 0x0000000709800000| PB 0x0000000709800000| Untracked |  0
|  77|0x0000000709a00000, 0x0000000709a00000, 0x0000000709c00000|  0%| F|  |TAMS 0x0000000709a00000| PB 0x0000000709a00000| Untracked |  0
|  78|0x0000000709c00000, 0x0000000709c00000, 0x0000000709e00000|  0%| F|  |TAMS 0x0000000709c00000| PB 0x0000000709c00000| Untracked |  0
|  79|0x0000000709e00000, 0x0000000709e00000, 0x000000070a000000|  0%| F|  |TAMS 0x0000000709e00000| PB 0x0000000709e00000| Untracked |  0
|  80|0x000000070a000000, 0x000000070a000000, 0x000000070a200000|  0%| F|  |TAMS 0x000000070a000000| PB 0x000000070a000000| Untracked |  0
|  81|0x000000070a200000, 0x000000070a200000, 0x000000070a400000|  0%| F|  |TAMS 0x000000070a200000| PB 0x000000070a200000| Untracked |  0
|  82|0x000000070a400000, 0x000000070a400000, 0x000000070a600000|  0%| F|  |TAMS 0x000000070a400000| PB 0x000000070a400000| Untracked |  0
|  83|0x000000070a600000, 0x000000070a600000, 0x000000070a800000|  0%| F|  |TAMS 0x000000070a600000| PB 0x000000070a600000| Untracked |  0
|  84|0x000000070a800000, 0x000000070a800000, 0x000000070aa00000|  0%| F|  |TAMS 0x000000070a800000| PB 0x000000070a800000| Untracked |  0
|  85|0x000000070aa00000, 0x000000070aa00000, 0x000000070ac00000|  0%| F|  |TAMS 0x000000070aa00000| PB 0x000000070aa00000| Untracked |  0
|  86|0x000000070ac00000, 0x000000070ac00000, 0x000000070ae00000|  0%| F|  |TAMS 0x000000070ac00000| PB 0x000000070ac00000| Untracked |  0
|  87|0x000000070ae00000, 0x000000070ae00000, 0x000000070b000000|  0%| F|  |TAMS 0x000000070ae00000| PB 0x000000070ae00000| Untracked |  0
|  88|0x000000070b000000, 0x000000070b000000, 0x000000070b200000|  0%| F|  |TAMS 0x000000070b000000| PB 0x000000070b000000| Untracked |  0
|  89|0x000000070b200000, 0x000000070b200000, 0x000000070b400000|  0%| F|  |TAMS 0x000000070b200000| PB 0x000000070b200000| Untracked |  0
|  90|0x000000070b400000, 0x000000070b400000, 0x000000070b600000|  0%| F|  |TAMS 0x000000070b400000| PB 0x000000070b400000| Untracked |  0
|  91|0x000000070b600000, 0x000000070b600000, 0x000000070b800000|  0%| F|  |TAMS 0x000000070b600000| PB 0x000000070b600000| Untracked |  0
|  92|0x000000070b800000, 0x000000070b800000, 0x000000070ba00000|  0%| F|  |TAMS 0x000000070b800000| PB 0x000000070b800000| Untracked |  0
|  93|0x000000070ba00000, 0x000000070ba00000, 0x000000070bc00000|  0%| F|  |TAMS 0x000000070ba00000| PB 0x000000070ba00000| Untracked |  0
|  94|0x000000070bc00000, 0x000000070bc00000, 0x000000070be00000|  0%| F|  |TAMS 0x000000070bc00000| PB 0x000000070bc00000| Untracked |  0
|  95|0x000000070be00000, 0x000000070be00000, 0x000000070c000000|  0%| F|  |TAMS 0x000000070be00000| PB 0x000000070be00000| Untracked |  0
|  96|0x000000070c000000, 0x000000070c000000, 0x000000070c200000|  0%| F|  |TAMS 0x000000070c000000| PB 0x000000070c000000| Untracked |  0
|  97|0x000000070c200000, 0x000000070c200000, 0x000000070c400000|  0%| F|  |TAMS 0x000000070c200000| PB 0x000000070c200000| Untracked |  0
|  98|0x000000070c400000, 0x000000070c400000, 0x000000070c600000|  0%| F|  |TAMS 0x000000070c400000| PB 0x000000070c400000| Untracked |  0
|  99|0x000000070c600000, 0x000000070c600000, 0x000000070c800000|  0%| F|  |TAMS 0x000000070c600000| PB 0x000000070c600000| Untracked |  0
| 100|0x000000070c800000, 0x000000070c800000, 0x000000070ca00000|  0%| F|  |TAMS 0x000000070c800000| PB 0x000000070c800000| Untracked |  0
| 101|0x000000070ca00000, 0x000000070cc00000, 0x000000070cc00000|100%| S|CS|TAMS 0x000000070ca00000| PB 0x000000070ca00000| Complete |  0
| 102|0x000000070cc00000, 0x000000070ce00000, 0x000000070ce00000|100%| S|CS|TAMS 0x000000070cc00000| PB 0x000000070cc00000| Complete |  0
| 103|0x000000070ce00000, 0x000000070d000000, 0x000000070d000000|100%| S|CS|TAMS 0x000000070ce00000| PB 0x000000070ce00000| Complete |  0
| 104|0x000000070d000000, 0x000000070d000000, 0x000000070d200000|  0%| F|  |TAMS 0x000000070d000000| PB 0x000000070d000000| Untracked |  0
| 105|0x000000070d200000, 0x000000070d200000, 0x000000070d400000|  0%| F|  |TAMS 0x000000070d200000| PB 0x000000070d200000| Untracked |  0
| 106|0x000000070d400000, 0x000000070d400000, 0x000000070d600000|  0%| F|  |TAMS 0x000000070d400000| PB 0x000000070d400000| Untracked |  0
| 107|0x000000070d600000, 0x000000070d600000, 0x000000070d800000|  0%| F|  |TAMS 0x000000070d600000| PB 0x000000070d600000| Untracked |  0
| 108|0x000000070d800000, 0x000000070d800000, 0x000000070da00000|  0%| F|  |TAMS 0x000000070d800000| PB 0x000000070d800000| Untracked |  0
| 109|0x000000070da00000, 0x000000070da00000, 0x000000070dc00000|  0%| F|  |TAMS 0x000000070da00000| PB 0x000000070da00000| Untracked |  0
| 110|0x000000070dc00000, 0x000000070dc00000, 0x000000070de00000|  0%| F|  |TAMS 0x000000070dc00000| PB 0x000000070dc00000| Untracked |  0
| 111|0x000000070de00000, 0x000000070de00000, 0x000000070e000000|  0%| F|  |TAMS 0x000000070de00000| PB 0x000000070de00000| Untracked |  0
| 112|0x000000070e000000, 0x000000070e000000, 0x000000070e200000|  0%| F|  |TAMS 0x000000070e000000| PB 0x000000070e000000| Untracked |  0
| 113|0x000000070e200000, 0x000000070e200000, 0x000000070e400000|  0%| F|  |TAMS 0x000000070e200000| PB 0x000000070e200000| Untracked |  0
| 114|0x000000070e400000, 0x000000070e400000, 0x000000070e600000|  0%| F|  |TAMS 0x000000070e400000| PB 0x000000070e400000| Untracked |  0
| 115|0x000000070e600000, 0x000000070e6faab8, 0x000000070e800000| 48%| E|  |TAMS 0x000000070e600000| PB 0x000000070e600000| Complete |  0
| 116|0x000000070e800000, 0x000000070ea00000, 0x000000070ea00000|100%| E|CS|TAMS 0x000000070e800000| PB 0x000000070e800000| Complete |  0
| 117|0x000000070ea00000, 0x000000070ec00000, 0x000000070ec00000|100%| E|CS|TAMS 0x000000070ea00000| PB 0x000000070ea00000| Complete |  0
| 118|0x000000070ec00000, 0x000000070ee00000, 0x000000070ee00000|100%| E|CS|TAMS 0x000000070ec00000| PB 0x000000070ec00000| Complete |  0
| 119|0x000000070ee00000, 0x000000070f000000, 0x000000070f000000|100%| E|CS|TAMS 0x000000070ee00000| PB 0x000000070ee00000| Complete |  0
| 120|0x000000070f000000, 0x000000070f200000, 0x000000070f200000|100%| E|CS|TAMS 0x000000070f000000| PB 0x000000070f000000| Complete |  0
| 121|0x000000070f200000, 0x000000070f400000, 0x000000070f400000|100%| E|CS|TAMS 0x000000070f200000| PB 0x000000070f200000| Complete |  0
| 122|0x000000070f400000, 0x000000070f600000, 0x000000070f600000|100%| E|CS|TAMS 0x000000070f400000| PB 0x000000070f400000| Complete |  0
| 123|0x000000070f600000, 0x000000070f800000, 0x000000070f800000|100%| E|  |TAMS 0x000000070f600000| PB 0x000000070f600000| Complete |  0
| 124|0x000000070f800000, 0x000000070fa00000, 0x000000070fa00000|100%| E|CS|TAMS 0x000000070f800000| PB 0x000000070f800000| Complete |  0
| 125|0x000000070fa00000, 0x000000070fc00000, 0x000000070fc00000|100%| E|CS|TAMS 0x000000070fa00000| PB 0x000000070fa00000| Complete |  0
| 126|0x000000070fc00000, 0x000000070fe00000, 0x000000070fe00000|100%| E|CS|TAMS 0x000000070fc00000| PB 0x000000070fc00000| Complete |  0
| 127|0x000000070fe00000, 0x0000000710000000, 0x0000000710000000|100%| E|CS|TAMS 0x000000070fe00000| PB 0x000000070fe00000| Complete |  0

Card table byte_map: [0x00000001619d4000,0x00000001621d4000] _byte_map_base: 0x000000015e1d4000

Marking Bits: (CMBitMap*) 0x000000013e0b0410
 Bits: [0x00000001621d4000, 0x00000001661d4000)

Polling page: 0x00000001201a0000

Metaspace:
Metaspace        used 20404K, committed 20672K, reserved 1114112K
 class space     used 2389K, committed 2496K, reserved 1048576K

Usage:
  Non-class:     17.59 MB used.
      Class:      2.33 MB used.
       Both:     19.93 MB used.

Virtual space:
  Non-class space:       64.00 MB reserved,      17.75 MB ( 28%) committed,  1 nodes.
      Class space:        1.00 GB reserved,       2.44 MB ( <1%) committed,  1 nodes.
             Both:        1.06 GB reserved,      20.19 MB (  2%) committed. 

Chunk freelists:
   Non-Class:  14.16 MB
       Class:  13.56 MB
        Both:  27.72 MB

MaxMetaspaceSize: unlimited
CompressedClassSpaceSize: 1.00 GB
Initial GC threshold: 21.00 MB
Current GC threshold: 21.00 MB
CDS: off
 - commit_granule_bytes: 65536.
 - commit_granule_words: 8192.
 - virtual_space_node_default_size: 8388608.
 - enlarge_chunks_in_place: 1.
UseCompressedClassPointers 1, UseCompactObjectHeaders 0
Narrow klass pointer bits 32, Max shift 3
Narrow klass base: 0x0000020000000000, Narrow klass shift: 0
Encoding Range: [0x0000020000000000 - 0x0000020100000000), (4294967296 bytes)
Klass Range:    [0x0000020000000000 - 0x0000020040000000), (1073741824 bytes)
Klass ID Range:  [8 - 1073741817) (1073741809)
Protection zone: [0x0000020000000000 - 0x0000020000010000), (65536 bytes)


Internal statistics:

num_allocs_failed_limit: 0.
num_arena_births: 176.
num_arena_deaths: 0.
num_vsnodes_births: 2.
num_vsnodes_deaths: 0.
num_space_committed: 323.
num_space_uncommitted: 0.
num_chunks_returned_to_freelist: 0.
num_chunks_taken_from_freelist: 313.
num_chunk_merges: 0.
num_chunk_splits: 176.
num_chunks_enlarged: 108.
num_inconsistent_stats: 0.

CodeHeap 'non-profiled nmethods': size=120032Kb used=676Kb max_used=676Kb free=119355Kb
 bounds [0x000000015a49c000, 0x000000015a70c000, 0x00000001619d4000]
CodeHeap 'profiled nmethods': size=120032Kb used=2923Kb max_used=2923Kb free=117108Kb
 bounds [0x00000001529d0000, 0x0000000152cb0000, 0x0000000159f08000]
CodeHeap 'non-nmethods': size=5712Kb used=1501Kb max_used=1557Kb free=4210Kb
 bounds [0x0000000159f08000, 0x000000015a178000, 0x000000015a49c000]
CodeCache: size=245776Kb, used=5100Kb, max_used=5156Kb, free=240673Kb
 total_blobs=2918, nmethods=2174, adapters=652, full_count=0
Compilation: enabled, stopped_count=0, restarted_count=0

Compilation events (20 events):
Event: 386.292 Thread 0x000000014d0c2400 2170       3       java.util.concurrent.ThreadPoolExecutor::beforeExecute (1 bytes)
Event: 386.292 Thread 0x000000014d0c2400 nmethod 2170 0x0000000152ca4748 code [0x0000000152ca4840, 0x0000000152ca4960]
Event: 386.292 Thread 0x000000014d0c2400 2171       3       java.util.concurrent.ScheduledThreadPoolExecutor$ScheduledFutureTask::run (57 bytes)
Event: 386.292 Thread 0x000000014d0c2400 nmethod 2171 0x0000000152ca4988 code [0x0000000152ca4a80, 0x0000000152ca4ff8]
Event: 386.292 Thread 0x000000014d0c2400 2172   !   3       java.util.concurrent.FutureTask::runAndReset (125 bytes)
Event: 386.293 Thread 0x000000014d0c2400 nmethod 2172 0x0000000152ca5008 code [0x0000000152ca5100, 0x0000000152ca7140]
Event: 386.293 Thread 0x000000014d0c2400 2173       3       java.lang.invoke.VarHandleGuards::guard_LLL_Z (86 bytes)
Event: 386.293 Thread 0x000000014d0c2400 nmethod 2173 0x0000000152ca7188 code [0x0000000152ca7280, 0x0000000152ca87e0]
Event: 462.729 Thread 0x000000014d0b9a00 2175   !   4       de.mossgrabers.reaper.MainApp::lambda$updateModel$0 (120 bytes)
Event: 462.744 Thread 0x000000014d0b9a00 nmethod 2175 0x000000015a5444c8 code [0x000000015a5445c0, 0x000000015a544ef8]
Event: 464.039 Thread 0x000000014d0c2400 2176   !   3       de.mossgrabers.reaper.ui.utils.SafeRunLater::lambda$execute$0 (22 bytes)
Event: 464.039 Thread 0x000000014d0c2400 nmethod 2176 0x0000000152ca8808 code [0x0000000152ca8900, 0x0000000152ca8bc8]
Event: 466.605 Thread 0x000000014d0c2400 2177       3       de.mossgrabers.reaper.Controller::updateModel (14 bytes)
Event: 466.606 Thread 0x000000014d0c2400 nmethod 2177 0x0000000152ca8c08 code [0x0000000152ca8d00, 0x0000000152ca9b40]
Event: 466.606 Thread 0x000000014d0c2400 2178       3       de.mossgrabers.reaper.MainApp::updateModel (27 bytes)
Event: 466.606 Thread 0x000000014d0c2400 nmethod 2178 0x0000000152ca9b88 code [0x0000000152ca9c80, 0x0000000152caaa68]
Event: 475.162 Thread 0x000000014d0b9a00 2179       4       java.lang.invoke.Invokers$Holder::linkToTargetMethod (8 bytes)
Event: 475.163 Thread 0x000000014d0c2400 2180       3       java.util.HexFormat::withUpperCase (32 bytes)
Event: 475.163 Thread 0x000000014d0c2400 nmethod 2180 0x0000000152caaac8 code [0x0000000152caabc0, 0x0000000152caae10]
Event: 475.163 Thread 0x000000014d0b9a00 nmethod 2179 0x000000015a544f48 code [0x000000015a545040, 0x000000015a545148]

GC Heap Usage History (2 events):
Event: 206.209 {heap Before GC invocations=0 (full 0):
 garbage-first heap   total reserved 4194304K, committed 262144K, used 49152K [0x0000000700000000, 0x0000000800000000)
  region size 2048K, 24 young (49152K), 0 survivors (0K)
}
Event: 206.219 {heap After GC invocations=1 (full 0):
 garbage-first heap   total reserved 4194304K, committed 262144K, used 8001K [0x0000000700000000, 0x0000000800000000)
  region size 2048K, 3 young (6144K), 3 survivors (6144K)
}

Metaspace Usage History (2 events):
Event: 206.209 {metaspace Before GC invocations=0 (full 0):
 Metaspace       used 20370K, committed 20608K, reserved 1114112K
  class space    used 2389K, committed 2496K, reserved 1048576K
}
Event: 206.219 {metaspace After GC invocations=1 (full 0):
 Metaspace       used 20370K, committed 20608K, reserved 1114112K
  class space    used 2389K, committed 2496K, reserved 1048576K
}

Dll operation events (11 events):
Event: 0.006 Loaded shared library /Users/jonathankawchuk/Library/Application Support/REAPER/UserPlugins/java-runtime/lib/libjava.dylib
Event: 0.064 Loaded shared library /Users/jonathankawchuk/Library/Application Support/REAPER/UserPlugins/java-runtime/lib/libnio.dylib
Event: 0.074 Loaded shared library /Users/jonathankawchuk/Library/Application Support/REAPER/UserPlugins/java-runtime/lib/libzip.dylib
Event: 0.118 Loaded shared library /Users/jonathankawchuk/Library/Application Support/REAPER/UserPlugins/java-runtime/lib/libverify.dylib
Event: 0.159 Loaded shared library /Users/jonathankawchuk/Library/Application Support/REAPER/UserPlugins/java-runtime/lib/libjimage.dylib
Event: 0.163 Loaded shared library /Users/jonathankawchuk/Library/Application Support/REAPER/UserPlugins/java-runtime/lib/libawt.dylib
Event: 0.173 Loaded shared library /Users/jonathankawchuk/Library/Application Support/REAPER/UserPlugins/java-runtime/lib/libawt_lwawt.dylib
Event: 0.181 Loaded shared library /Users/jonathankawchuk/Library/Application Support/REAPER/UserPlugins/java-runtime/lib/libfontmanager.dylib
Event: 0.955 Loaded shared library /Users/jonathankawchuk/Library/Application Support/REAPER/UserPlugins/java-runtime/lib/libnet.dylib
Event: 1.187 Loaded shared library /private/var/folders/6g/_dyszwd54rd36jmvjmmd4htw0000gn/T/usb4java10871510317901525091.tmp/libusb4java.dylib
Event: 1.209 Loaded shared library /Users/jonathankawchuk/Library/Application Support/REAPER/UserPlugins/java-runtime/lib/libosxui.dylib

Deoptimization events (20 events):
Event: 177.885 Thread 0x000000017f8ff600 DEOPT PACKING pc=0x0000000152c93234 sp=0x0000000176266080
Event: 177.885 Thread 0x000000017f8ff600 DEOPT UNPACKING pc=0x0000000159f450bc sp=0x0000000176265d00 mode 0
Event: 185.198 Thread 0x0000000168b0c200 Uncommon trap: trap_request=0xffffff45 fr.pc=0x000000015a526394 relative=0x0000000000001254
Event: 185.198 Thread 0x0000000168b0c200 Uncommon trap: reason=unstable_if action=reinterpret pc=0x000000015a526394 method=java.awt.EventQueue.postEvent(Ljava/awt/AWTEvent;I)V @ 51 c2
Event: 185.198 Thread 0x000000017f8ff600 Uncommon trap: trap_request=0xffffff45 fr.pc=0x000000015a5188d8 relative=0x00000000000001d8
Event: 185.198 Thread 0x000000017f8ff600 Uncommon trap: reason=unstable_if action=reinterpret pc=0x000000015a5188d8 method=java.util.concurrent.locks.ReentrantLock$NonfairSync.tryAcquire(I)Z @ 4 c2
Event: 185.198 Thread 0x0000000168b0c200 DEOPT PACKING pc=0x000000015a526394 sp=0x000000030ad5e7c0
Event: 185.198 Thread 0x000000017f8ff600 DEOPT PACKING pc=0x000000015a5188d8 sp=0x00000001762665f0
Event: 185.198 Thread 0x0000000168b0c200 DEOPT UNPACKING pc=0x000000015a0189dc sp=0x000000030ad5e700 mode 2
Event: 185.198 Thread 0x000000017f8ff600 DEOPT UNPACKING pc=0x000000015a0189dc sp=0x00000001762664c0 mode 2
Event: 185.198 Thread 0x000000017f8ff600 Uncommon trap: trap_request=0xffffff45 fr.pc=0x000000015a517648 relative=0x00000000000001c8
Event: 185.198 Thread 0x000000017f8ff600 Uncommon trap: reason=unstable_if action=reinterpret pc=0x000000015a517648 method=java.awt.EventQueue.getNextEventPrivate()Ljava/awt/AWTEvent; @ 45 c2
Event: 185.198 Thread 0x000000017f8ff600 DEOPT PACKING pc=0x000000015a517648 sp=0x0000000176266710
Event: 185.198 Thread 0x000000017f8ff600 DEOPT UNPACKING pc=0x000000015a0189dc sp=0x0000000176266690 mode 2
Event: 220.708 Thread 0x00000001297d5600 Uncommon trap: trap_request=0xffffff45 fr.pc=0x000000015a5026c8 relative=0x00000000000000c8
Event: 220.708 Thread 0x00000001297d5600 Uncommon trap: reason=unstable_if action=reinterpret pc=0x000000015a5026c8 method=java.lang.ref.SoftReference.get()Ljava/lang/Object; @ 17 c2
Event: 220.708 Thread 0x00000001297d5600 DEOPT PACKING pc=0x000000015a5026c8 sp=0x000000016f28ab10
Event: 220.708 Thread 0x00000001297d5600 DEOPT UNPACKING pc=0x000000015a0189dc sp=0x000000016f28aa90 mode 2
Event: 462.729 Thread 0x000000017f8ff600 DEOPT PACKING pc=0x0000000152c8ee64 sp=0x0000000176266520
Event: 462.729 Thread 0x000000017f8ff600 DEOPT UNPACKING pc=0x0000000159f450bc sp=0x00000001762662c0 mode 0

Classes loaded (20 events):
Event: 14.361 Loading class java/lang/invoke/InnerClassLambdaMetafactory$SerializationSupport
Event: 14.361 Loading class java/lang/invoke/InnerClassLambdaMetafactory$SerializationSupport done
Event: 14.361 Loading class java/lang/invoke/InnerClassLambdaMetafactory$4
Event: 14.361 Loading class java/lang/invoke/InnerClassLambdaMetafactory$4 done
Event: 14.361 Loading class jdk/internal/classfile/impl/AbstractPoolEntry$StringEntryImpl
Event: 14.361 Loading class java/lang/classfile/constantpool/StringEntry
Event: 14.361 Loading class java/lang/classfile/constantpool/ConstantValueEntry
Event: 14.361 Loading class java/lang/classfile/constantpool/ConstantValueEntry done
Event: 14.361 Loading class java/lang/classfile/constantpool/StringEntry done
Event: 14.361 Loading class jdk/internal/classfile/impl/AbstractPoolEntry$StringEntryImpl done
Event: 14.361 Loading class sun/invoke/util/BytecodeDescriptor
Event: 14.361 Loading class sun/invoke/util/BytecodeDescriptor done
Event: 14.362 Loading class jdk/internal/classfile/impl/AbstractPoolEntry$IntegerEntryImpl
Event: 14.362 Loading class java/lang/classfile/constantpool/IntegerEntry
Event: 14.362 Loading class java/lang/classfile/constantpool/IntegerEntry done
Event: 14.362 Loading class jdk/internal/classfile/impl/AbstractPoolEntry$IntegerEntryImpl done
Event: 25.084 Loading class java/util/Base64$Decoder
Event: 25.084 Loading class java/util/Base64$Decoder done
Event: 25.085 Loading class java/io/Reader$2
Event: 25.085 Loading class java/io/Reader$2 done

Classes unloaded (0 events):
No events

Classes redefined (0 events):
No events

Internal exceptions (20 events):
Event: 1.271 Thread 0x00000001297d5600 Exception <a 'java/lang/NoSuchMethodError'{0x000000070eaf64d0}: 'int java.lang.invoke.Invokers$Holder.invokeExact_MT(java.lang.Object, java.lang.Object)'> (0x000000070eaf64d0) 
thrown [src/hotspot/share/interpreter/linkResolver.cpp, line 804]
Event: 1.272 Thread 0x00000001297d5600 Implicit null exception at 0x000000015a4d8860 to 0x000000015a4d8cbc
Event: 1.272 Thread 0x00000001297d5600 Implicit null exception at 0x000000015a4b6da0 to 0x000000015a4b71cc
Event: 1.305 Thread 0x00000001297d5600 Exception <a 'java/lang/NoSuchMethodError'{0x000000070eba8268}: 'java.lang.Object java.lang.invoke.DirectMethodHandle$Holder.newInvokeSpecial(java.lang.Object, int, java.lang.Object)'> (0x000000070eba8268) 
thrown [src/hotspot/share/interpreter/linkResolver.cpp, line 804]
Event: 2.185 Thread 0x00000001297d5600 Exception <a 'java/lang/NoSuchMethodError'{0x000000070e8d3970}: 'void java.lang.invoke.DirectMethodHandle$Holder.invokeSpecial(java.lang.Object, java.lang.Object, int, java.lang.Object)'> (0x000000070e8d3970) 
thrown [src/hotspot/share/interpreter/linkResolver.cpp, line 804]
Event: 2.185 Thread 0x00000001297d5600 Exception <a 'java/lang/NoSuchMethodError'{0x000000070e8e2cd8}: 'java.lang.Object java.lang.invoke.DirectMethodHandle$Holder.newInvokeSpecial(java.lang.Object, java.lang.Object, int)'> (0x000000070e8e2cd8) 
thrown [src/hotspot/share/interpreter/linkResolver.cpp, line 804]
Event: 2.198 Thread 0x00000001297d5600 Exception <a 'java/lang/NoSuchMethodError'{0x000000070e93b240}: 'void java.lang.invoke.Invokers$Holder.invokeExact_MT(java.lang.Object, java.lang.Object, java.lang.Object, java.lang.Object)'> (0x000000070e93b240) 
thrown [src/hotspot/share/interpreter/linkResolver.cpp, line 804]
Event: 2.200 Thread 0x00000001297d5600 Exception <a 'java/lang/NoSuchMethodError'{0x000000070e954908}: 'java.lang.Object java.lang.invoke.DirectMethodHandle$Holder.newInvokeSpecial(java.lang.Object, java.lang.Object, java.lang.Object, int, java.lang.Object)'> (0x000000070e954908) 
thrown [src/hotspot/share/interpreter/linkResolver.cpp, line 804]
Event: 2.200 Thread 0x00000001297d5600 Exception <a 'java/lang/NoSuchMethodError'{0x000000070e965170}: 'java.lang.Object java.lang.invoke.Invokers$Holder.linkToTargetMethod(java.lang.Object, java.lang.Object, int, java.lang.Object, java.lang.Object)'> (0x000000070e965170) 
thrown [src/hotspot/share/interpreter/linkResolver.cpp, line 804]
Event: 2.206 Thread 0x00000001297d5600 Exception <a 'java/lang/NoSuchMethodError'{0x000000070e96daf8}: 'void java.lang.invoke.DirectMethodHandle$Holder.invokeStatic(java.lang.Object, int, long)'> (0x000000070e96daf8) 
thrown [src/hotspot/share/interpreter/linkResolver.cpp, line 804]
Event: 2.212 Thread 0x00000001297d5600 Exception <a 'java/lang/NoSuchMethodError'{0x000000070e9ba568}: 'java.lang.Object java.lang.invoke.Invokers$Holder.linkToTargetMethod(int, int, int, int, java.lang.Object)'> (0x000000070e9ba568) 
thrown [src/hotspot/share/interpreter/linkResolver.cpp, line 804]
Event: 2.213 Thread 0x00000001297d5600 Exception <a 'java/lang/NoSuchMethodError'{0x000000070e9c2838}: 'void java.lang.invoke.DirectMethodHandle$Holder.invokeStatic(java.lang.Object, java.lang.Object, long)'> (0x000000070e9c2838) 
thrown [src/hotspot/share/interpreter/linkResolver.cpp, line 804]
Event: 2.258 Thread 0x00000001297d5600 Exception <a 'java/lang/NoSuchMethodError'{0x000000070e437d48}: 'java.lang.Object java.lang.invoke.DirectMethodHandle$Holder.newInvokeSpecial(java.lang.Object, java.lang.Object, int, int)'> (0x000000070e437d48) 
thrown [src/hotspot/share/interpreter/linkResolver.cpp, line 804]
Event: 2.271 Thread 0x00000001297d5600 Exception <a 'java/lang/NoSuchMethodError'{0x000000070e4da440}: 'void java.lang.invoke.DirectMethodHandle$Holder.invokeStatic(java.lang.Object, java.lang.Object, java.lang.Object, java.lang.Object)'> (0x000000070e4da440) 
thrown [src/hotspot/share/interpreter/linkResolver.cpp, line 804]
Event: 2.288 Thread 0x00000001297d5600 Exception <a 'java/lang/NoSuchMethodError'{0x000000070e5abb08}: 'void java.lang.invoke.DirectMethodHandle$Holder.invokeStatic(java.lang.Object, long, long)'> (0x000000070e5abb08) 
thrown [src/hotspot/share/interpreter/linkResolver.cpp, line 804]
Event: 2.288 Thread 0x00000001297d5600 Exception <a 'java/lang/NoSuchMethodError'{0x000000070e5ba9c0}: 'java.lang.Object java.lang.invoke.DirectMethodHandle$Holder.newInvokeSpecial(java.lang.Object, long)'> (0x000000070e5ba9c0) 
thrown [src/hotspot/share/interpreter/linkResolver.cpp, line 804]
Event: 2.293 Thread 0x00000001297d5600 Exception <a 'java/lang/NoSuchMethodError'{0x000000070e5e9640}: 'void java.lang.invoke.DirectMethodHandle$Holder.invokeVirtual(java.lang.Object, java.lang.Object)'> (0x000000070e5e9640) 
thrown [src/hotspot/share/interpreter/linkResolver.cpp, line 804]
Event: 2.294 Thread 0x000000017f8ff600 Exception <a 'java/lang/NoSuchMethodError'{0x000000070eff6198}: 'void java.lang.invoke.DirectMethodHandle$Holder.invokeStatic(java.lang.Object, long)'> (0x000000070eff6198) 
thrown [src/hotspot/share/interpreter/linkResolver.cpp, line 804]
Event: 2.297 Thread 0x000000017f8ff600 Exception <a 'java/lang/NoSuchMethodError'{0x000000070e318740}: 'void java.lang.invoke.DirectMethodHandle$Holder.invokeSpecial(java.lang.Object, java.lang.Object, java.lang.Object, java.lang.Object, java.lang.Object)'> (0x000000070e318740) 
thrown [src/hotspot/share/interpreter/linkResolver.cpp, line 804]
Event: 2.333 Thread 0x00000001297d5600 Exception <a 'java/lang/NoSuchMethodError'{0x000000070e2564b8}: 'void java.lang.invoke.DirectMethodHandle$Holder.invokeSpecial(java.lang.Object, java.lang.Object, long)'> (0x000000070e2564b8) 
thrown [src/hotspot/share/interpreter/linkResolver.cpp, line 804]

VM Operations (20 events):
Event: 1.193 Executing non-safepoint VM operation: HandshakeAllThreads (Deoptimize)
Event: 1.193 Executing non-safepoint VM operation: HandshakeAllThreads (Deoptimize) done
Event: 1.231 Executing non-safepoint VM operation: HandshakeAllThreads (Deoptimize)
Event: 1.231 Executing non-safepoint VM operation: HandshakeAllThreads (Deoptimize) done
Event: 2.254 Executing non-safepoint VM operation: HandshakeAllThreads (Deoptimize)
Event: 2.254 Executing non-safepoint VM operation: HandshakeAllThreads (Deoptimize) done
Event: 2.262 Executing non-safepoint VM operation: HandshakeAllThreads (Deoptimize)
Event: 2.262 Executing non-safepoint VM operation: HandshakeAllThreads (Deoptimize) done
Event: 2.287 Executing non-safepoint VM operation: HandshakeAllThreads (Deoptimize)
Event: 2.287 Executing non-safepoint VM operation: HandshakeAllThreads (Deoptimize) done
Event: 2.291 Executing non-safepoint VM operation: HandshakeAllThreads (Deoptimize)
Event: 2.291 Executing non-safepoint VM operation: HandshakeAllThreads (Deoptimize) done
Event: 14.361 Executing non-safepoint VM operation: HandshakeAllThreads (Deoptimize)
Event: 14.361 Executing non-safepoint VM operation: HandshakeAllThreads (Deoptimize) done
Event: 60.043 Executing non-safepoint VM operation: HandshakeAllThreads (HandshakeForDeflation)
Event: 60.043 Executing non-safepoint VM operation: HandshakeAllThreads (HandshakeForDeflation) done
Event: 60.043 Executing non-safepoint VM operation: RendezvousGCThreads
Event: 60.043 Executing non-safepoint VM operation: RendezvousGCThreads done
Event: 206.207 Executing safepoint VM operation: G1CollectForAllocation (G1 Evacuation Pause)
Event: 206.219 Executing safepoint VM operation: G1CollectForAllocation (G1 Evacuation Pause) done

Memory protections (20 events):
Event: 1.188 Protecting memory [0x000000030ab5c000,0x000000030ab68000] with protection modes 0
Event: 1.189 Protecting memory [0x000000030a950000,0x000000030a95c000] with protection modes 3
Event: 1.189 Protecting memory [0x000000030a744000,0x000000030a750000] with protection modes 3
Event: 1.218 Protecting memory [0x0000000175e58000,0x0000000175e64000] with protection modes 3
Event: 1.218 Protecting memory [0x0000000176064000,0x0000000176070000] with protection modes 3
Event: 1.223 Protecting memory [0x0000000175e58000,0x0000000175e64000] with protection modes 0
Event: 1.223 Protecting memory [0x0000000176064000,0x0000000176070000] with protection modes 0
Event: 1.224 Protecting memory [0x000000030a744000,0x000000030a750000] with protection modes 0
Event: 1.230 Protecting memory [0x000000030a950000,0x000000030a95c000] with protection modes 0
Event: 2.190 Protecting memory [0x000000034f360000,0x000000034f36c000] with protection modes 0
Event: 2.236 Protecting memory [0x000000034f56c000,0x000000034f578000] with protection modes 0
Event: 2.237 Protecting memory [0x000000034f778000,0x000000034f784000] with protection modes 0
Event: 2.291 Protecting memory [0x000000034f990000,0x000000034f99c000] with protection modes 0
Event: 2.533 Protecting memory [0x000000034f778000,0x000000034f784000] with protection modes 3
Event: 2.533 Protecting memory [0x000000034f56c000,0x000000034f578000] with protection modes 3
Event: 7.288 Protecting memory [0x000000034f360000,0x000000034f36c000] with protection modes 3
Event: 177.884 Protecting memory [0x00000004fc6a4000,0x00000004fc6b0000] with protection modes 0
Event: 177.886 Protecting memory [0x000000052eab8000,0x000000052eac4000] with protection modes 0
Event: 179.901 Protecting memory [0x000000052eab8000,0x000000052eac4000] with protection modes 3
Event: 179.901 Protecting memory [0x00000004fc6a4000,0x00000004fc6b0000] with protection modes 3

Nmethod flushes (0 events):
No events

Events (20 events):
Event: 1.188 Thread 0x00000001297d5600 Thread added: 0x0000000168b0c200
Event: 1.189 Thread 0x000000013a841200 Thread exited: 0x000000013a841200
Event: 1.189 Thread 0x000000013d227400 Thread exited: 0x000000013d227400
Event: 1.218 Thread 0x00000001386e2a00 Thread exited: 0x00000001386e2a00
Event: 1.218 Thread 0x000000014d13f600 Thread exited: 0x000000014d13f600
Event: 1.223 Thread 0x0000000168b0c200 Thread added: 0x000000017f8fcc00
Event: 1.223 Thread 0x0000000168b0c200 Thread added: 0x000000017f8ff600
Event: 1.224 Thread 0x00000001297d5600 Thread added: 0x000000014d13f600
Event: 1.230 Thread 0x00000001297d5600 Thread added: 0x000000017f900a00
Event: 2.190 Thread 0x00000001297d5600 Thread added: 0x0000000168de5600
Event: 2.236 Thread 0x000000014d0c2400 Thread added: 0x0000000168c02600
Event: 2.237 Thread 0x000000014d0c2400 Thread added: 0x0000000168bac000
Event: 2.291 Thread 0x00000001297d5600 Thread added: 0x000000013d7cc400
Event: 2.533 Thread 0x0000000168bac000 Thread exited: 0x0000000168bac000
Event: 2.533 Thread 0x0000000168c02600 Thread exited: 0x0000000168c02600
Event: 7.288 Thread 0x0000000168de5600 Thread exited: 0x0000000168de5600
Event: 177.884 Thread 0x000000014d0b9a00 Thread added: 0x000000038e383600
Event: 177.886 Thread 0x000000038e383600 Thread added: 0x000000052f0cce00
Event: 179.901 Thread 0x000000052f0cce00 Thread exited: 0x000000052f0cce00
Event: 179.901 Thread 0x000000038e383600 Thread exited: 0x000000038e383600


Dynamic libraries:
0x00000001b899c000 	/System/Library/Frameworks/Cocoa.framework/Versions/A/Cocoa
0x00000001a014e000 	/System/Library/Frameworks/AppKit.framework/Versions/C/AppKit
0x00000001a343e000 	/System/Library/Frameworks/CoreData.framework/Versions/A/CoreData
0x000000019d7df000 	/System/Library/Frameworks/Foundation.framework/Versions/C/Foundation
0x00000001aa3dc000 	/usr/lib/libSystem.B.dylib
0x00000001a15df000 	/System/Library/PrivateFrameworks/UIFoundation.framework/Versions/A/UIFoundation
0x000000024a18a000 	/System/Library/PrivateFrameworks/CollectionViewCore.framework/Versions/A/CollectionViewCore
0x00000001a7f60000 	/System/Library/PrivateFrameworks/XCTTargetBootstrap.framework/Versions/A/XCTTargetBootstrap
0x00000001acbd6000 	/System/Library/PrivateFrameworks/InternationalSupport.framework/Versions/A/InternationalSupport
0x00000001acf2d000 	/System/Library/PrivateFrameworks/UserActivity.framework/Versions/A/UserActivity
0x0000000278b12000 	/System/Library/PrivateFrameworks/UIIntelligenceSupport.framework/Versions/A/UIIntelligenceSupport
0x0000000202c9c000 	/System/Library/Frameworks/SwiftUICore.framework/Versions/A/SwiftUICore
0x000000027db98000 	/System/Library/PrivateFrameworks/WritingTools.framework/Versions/A/WritingTools
0x000000027cbdc000 	/System/Library/PrivateFrameworks/WindowManagement.framework/Versions/A/WindowManagement
0x000000019d442000 	/System/Library/Frameworks/SystemConfiguration.framework/Versions/A/SystemConfiguration
0x00000001ac00b000 	/usr/lib/libspindump.dylib
0x00000001a1791000 	/System/Library/Frameworks/UniformTypeIdentifiers.framework/Versions/A/UniformTypeIdentifiers
0x00000001a97c7000 	/usr/lib/libbsm.0.dylib
0x00000001a59e1000 	/usr/lib/libapp_launch_measurement.dylib
0x00000001a4d8a000 	/System/Library/PrivateFrameworks/CoreAnalytics.framework/Versions/A/CoreAnalytics
0x00000001a59e5000 	/System/Library/PrivateFrameworks/CoreAutoLayout.framework/Versions/A/CoreAutoLayout
0x00000001a757a000 	/System/Library/Frameworks/Metal.framework/Versions/A/Metal
0x00000001a87a3000 	/usr/lib/liblangid.dylib
0x00000001a7f66000 	/System/Library/PrivateFrameworks/CoreSVG.framework/Versions/A/CoreSVG
0x00000001a21b6000 	/System/Library/PrivateFrameworks/SkyLight.framework/Versions/A/SkyLight
0x00000001a26dd000 	/System/Library/Frameworks/CoreGraphics.framework/Versions/A/CoreGraphics
0x00000001b20ad000 	/System/Library/Frameworks/Accelerate.framework/Versions/A/Accelerate
0x00000001abe4e000 	/System/Library/PrivateFrameworks/IconServices.framework/Versions/A/IconServices
0x00000001a7557000 	/System/Library/Frameworks/IOSurface.framework/Versions/A/IOSurface
0x00000001a4dbb000 	/usr/lib/libDiagnosticMessagesClient.dylib
0x00000001aa326000 	/usr/lib/libz.1.dylib
0x00000001b5fc2000 	/System/Library/Frameworks/ApplicationServices.framework/Versions/A/ApplicationServices
0x00000001a7f4b000 	/System/Library/PrivateFrameworks/DFRFoundation.framework/Versions/A/DFRFoundation
0x000000019f9b3000 	/usr/lib/libicucore.A.dylib
0x00000001adfb6000 	/System/Library/Frameworks/AudioToolbox.framework/Versions/A/AudioToolbox
0x00000001acede000 	/System/Library/PrivateFrameworks/DataDetectorsCore.framework/Versions/A/DataDetectorsCore
0x00000001c8a49000 	/System/Library/PrivateFrameworks/TextInput.framework/Versions/A/TextInput
0x00000001a2101000 	/usr/lib/libMobileGestalt.dylib
0x00000001a7c44000 	/System/Library/Frameworks/Carbon.framework/Versions/A/Frameworks/HIToolbox.framework/Versions/A/HIToolbox
0x00000001a52c2000 	/System/Library/Frameworks/QuartzCore.framework/Versions/A/QuartzCore
0x000000019f5ae000 	/System/Library/Frameworks/Security.framework/Versions/A/Security
0x00000001b1a0a000 	/System/Library/Frameworks/Carbon.framework/Versions/A/Frameworks/SpeechRecognition.framework/Versions/A/SpeechRecognition
0x00000001a56e8000 	/System/Library/PrivateFrameworks/CoreUI.framework/Versions/A/CoreUI
0x000000019ee7c000 	/System/Library/Frameworks/CoreAudio.framework/Versions/A/CoreAudio
0x00000001a4ea9000 	/System/Library/Frameworks/DiskArbitration.framework/Versions/A/DiskArbitration
0x00000001ac474000 	/System/Library/PrivateFrameworks/MultitouchSupport.framework/Versions/A/MultitouchSupport
0x00000001a20ff000 	/usr/lib/libenergytrace.dylib
0x00000001bcfed000 	/System/Library/PrivateFrameworks/RenderBox.framework/Versions/A/RenderBox
0x000000019fffe000 	/System/Library/Frameworks/IOKit.framework/Versions/A/IOKit
0x00000001b1e01000 	/System/Library/Frameworks/CoreServices.framework/Versions/A/CoreServices
0x00000001a5972000 	/System/Library/PrivateFrameworks/PerformanceAnalysis.framework/Versions/A/PerformanceAnalysis
0x00000001fc65d000 	/System/Library/Frameworks/OpenGL.framework/Versions/A/OpenGL
0x00000001a5a2f000 	/usr/lib/libxml2.2.dylib
0x00000001a96ab000 	/System/Library/PrivateFrameworks/MobileKeyBag.framework/Versions/A/MobileKeyBag
0x000000019bd84000 	/usr/lib/libobjc.A.dylib
0x000000019c092000 	/usr/lib/libc++.1.dylib
0x00000001b1d82000 	/System/Library/Frameworks/Accessibility.framework/Versions/A/Accessibility
0x00000001a2e0e000 	/System/Library/Frameworks/ColorSync.framework/Versions/A/ColorSync
0x000000019c1ee000 	/System/Library/Frameworks/CoreFoundation.framework/Versions/A/CoreFoundation
0x00000001a8325000 	/System/Library/Frameworks/CoreImage.framework/Versions/A/CoreImage
0x000000019ec5d000 	/System/Library/Frameworks/CoreText.framework/Versions/A/CoreText
0x00000001fdba9000 	/System/Library/Frameworks/CoreTransferable.framework/Versions/A/CoreTransferable
0x00000001fe12e000 	/System/Library/Frameworks/DataDetection.framework/Versions/A/DataDetection
0x00000001fe131000 	/System/Library/Frameworks/DeveloperToolsSupport.framework/Versions/A/DeveloperToolsSupport
0x00000001a7fa1000 	/System/Library/Frameworks/ImageIO.framework/Versions/A/ImageIO
0x000000020385f000 	/System/Library/Frameworks/Symbols.framework/Versions/A/Symbols
0x00000001efe0a000 	/System/Library/PrivateFrameworks/FeatureFlags.framework/Versions/A/FeatureFlags
0x00000001aa3e1000 	/System/Library/PrivateFrameworks/SoftLinking.framework/Versions/A/SoftLinking
0x00000001db6c3000 	/usr/lib/swift/libswiftAccelerate.dylib
0x00000001ad94b000 	/usr/lib/swift/libswiftCore.dylib
0x00000001c50ec000 	/usr/lib/swift/libswiftCoreFoundation.dylib
0x00000001c5146000 	/usr/lib/swift/libswiftCoreImage.dylib
0x00000001c2455000 	/usr/lib/swift/libswiftDarwin.dylib
0x00000002847b5000 	/usr/lib/swift/libswiftDataDetection.dylib
0x00000001b38fa000 	/usr/lib/swift/libswiftDispatch.dylib
0x00000001c5147000 	/usr/lib/swift/libswiftIOKit.dylib
0x00000001d1cb7000 	/usr/lib/swift/libswiftMetal.dylib
0x00000001e0c5c000 	/usr/lib/swift/libswiftOSLog.dylib
0x00000001b657c000 	/usr/lib/swift/libswiftObjectiveC.dylib
0x00000002847e2000 	/usr/lib/swift/libswiftObservation.dylib
0x00000001d7059000 	/usr/lib/swift/libswiftQuartzCore.dylib
0x00000001db6b4000 	/usr/lib/swift/libswiftUniformTypeIdentifiers.dylib
0x00000001c50fe000 	/usr/lib/swift/libswiftXPC.dylib
0x00000002848c8000 	/usr/lib/swift/libswift_Builtin_float.dylib
0x00000002848cb000 	/usr/lib/swift/libswift_Concurrency.dylib
0x0000000284a2a000 	/usr/lib/swift/libswift_StringProcessing.dylib
0x0000000284abd000 	/usr/lib/swift/libswift_errno.dylib
0x0000000284abf000 	/usr/lib/swift/libswift_math.dylib
0x0000000284ac2000 	/usr/lib/swift/libswift_signal.dylib
0x0000000284ac3000 	/usr/lib/swift/libswift_stdio.dylib
0x0000000284ac4000 	/usr/lib/swift/libswift_time.dylib
0x00000001b6580000 	/usr/lib/swift/libswiftos.dylib
0x00000001c89a0000 	/usr/lib/swift/libswiftsimd.dylib
0x0000000284ac5000 	/usr/lib/swift/libswiftsys_time.dylib
0x0000000284ac6000 	/usr/lib/swift/libswiftunistd.dylib
0x00000001aa60a000 	/usr/lib/libcompression.dylib
0x00000001acb36000 	/System/Library/PrivateFrameworks/TextureIO.framework/Versions/A/TextureIO
0x00000001abaed000 	/usr/lib/libate.dylib
0x00000001aa3d6000 	/usr/lib/system/libcache.dylib
0x00000001aa391000 	/usr/lib/system/libcommonCrypto.dylib
0x00000001aa3bc000 	/usr/lib/system/libcompiler_rt.dylib
0x00000001aa3b1000 	/usr/lib/system/libcopyfile.dylib
0x000000019bedf000 	/usr/lib/system/libcorecrypto.dylib
0x000000019bfc6000 	/usr/lib/system/libdispatch.dylib
0x000000019c186000 	/usr/lib/system/libdyld.dylib
0x00000001aa3cc000 	/usr/lib/system/libkeymgr.dylib
0x00000001aa374000 	/usr/lib/system/libmacho.dylib
0x00000001a97a0000 	/usr/lib/system/libquarantine.dylib
0x00000001aa3c9000 	/usr/lib/system/libremovefile.dylib
0x00000001a217b000 	/usr/lib/system/libsystem_asl.dylib
0x000000019be74000 	/usr/lib/system/libsystem_blocks.dylib
0x000000019c010000 	/usr/lib/system/libsystem_c.dylib
0x00000001aa3c0000 	/usr/lib/system/libsystem_collections.dylib
0x00000001a8790000 	/usr/lib/system/libsystem_configuration.dylib
0x00000001a7526000 	/usr/lib/system/libsystem_containermanager.dylib
0x00000001a9eb6000 	/usr/lib/system/libsystem_coreservices.dylib
0x000000019fc7f000 	/usr/lib/system/libsystem_darwin.dylib
0x0000000284bfd000 	/usr/lib/system/libsystem_darwindirectory.dylib
0x00000001aa3cd000 	/usr/lib/system/libsystem_dnssd.dylib
0x0000000284c01000 	/usr/lib/system/libsystem_eligibility.dylib
0x000000019c00d000 	/usr/lib/system/libsystem_featureflags.dylib
0x000000019c1be000 	/usr/lib/system/libsystem_info.dylib
0x00000001aa335000 	/usr/lib/system/libsystem_m.dylib
0x000000019bf7e000 	/usr/lib/system/libsystem_malloc.dylib
0x00000001a20e4000 	/usr/lib/system/libsystem_networkextension.dylib
0x00000001a00e1000 	/usr/lib/system/libsystem_notify.dylib
0x00000001a8795000 	/usr/lib/system/libsystem_sandbox.dylib
0x0000000284c09000 	/usr/lib/system/libsystem_sanitizers.dylib
0x00000001aa3c5000 	/usr/lib/system/libsystem_secinit.dylib
0x000000019c13d000 	/usr/lib/system/libsystem_kernel.dylib
0x000000019c1b6000 	/usr/lib/system/libsystem_platform.dylib
0x000000019c179000 	/usr/lib/system/libsystem_pthread.dylib
0x00000001a3cd8000 	/usr/lib/system/libsystem_symptoms.dylib
0x000000019bec3000 	/usr/lib/system/libsystem_trace.dylib
0x00000001aa39f000 	/usr/lib/system/libunwind.dylib
0x000000019be78000 	/usr/lib/system/libxpc.dylib
0x000000019c11f000 	/usr/lib/libc++abi.dylib
0x00000002837d2000 	/usr/lib/libRosetta.dylib
0x000000019ff7d000 	/System/Library/PrivateFrameworks/CoreServicesInternal.framework/Versions/A/CoreServicesInternal
0x00000001aa3a9000 	/usr/lib/liboah.dylib
0x00000001aa3de000 	/usr/lib/libfakelink.dylib
0x00000001b5a75000 	/System/Library/PrivateFrameworks/DiskImages.framework/Versions/A/DiskImages
0x00000001c1f7e000 	/System/Library/Frameworks/NetFS.framework/Versions/A/NetFS
0x00000001a1d1a000 	/System/Library/Frameworks/CFNetwork.framework/Versions/A/CFNetwork
0x00000001a59a9000 	/System/Library/Frameworks/CoreServices.framework/Versions/A/Frameworks/FSEvents.framework/Versions/A/FSEvents
0x000000019fc8a000 	/System/Library/Frameworks/CoreServices.framework/Versions/A/Frameworks/CarbonCore.framework/Versions/A/CarbonCore
0x00000001a4e1e000 	/System/Library/Frameworks/CoreServices.framework/Versions/A/Frameworks/Metadata.framework/Versions/A/Metadata
0x00000001a9ebe000 	/System/Library/Frameworks/CoreServices.framework/Versions/A/Frameworks/OSServices.framework/Versions/A/OSServices
0x00000001aa52b000 	/System/Library/Frameworks/CoreServices.framework/Versions/A/Frameworks/SearchKit.framework/Versions/A/SearchKit
0x00000001a3c53000 	/System/Library/Frameworks/CoreServices.framework/Versions/A/Frameworks/AE.framework/Versions/A/AE
0x000000019c72d000 	/System/Library/Frameworks/CoreServices.framework/Versions/A/Frameworks/LaunchServices.framework/Versions/A/LaunchServices
0x00000001ab942000 	/System/Library/Frameworks/CoreServices.framework/Versions/A/Frameworks/DictionaryServices.framework/Versions/A/DictionaryServices
0x00000001a59b7000 	/System/Library/Frameworks/CoreServices.framework/Versions/A/Frameworks/SharedFileList.framework/Versions/A/SharedFileList
0x00000001aa5c1000 	/usr/lib/libapple_nghttp2.dylib
0x00000001a38b4000 	/usr/lib/libsqlite3.dylib
0x00000001ae5f9000 	/System/Library/Frameworks/GSS.framework/Versions/A/GSS
0x00000001a3bea000 	/System/Library/PrivateFrameworks/RunningBoardServices.framework/Versions/A/RunningBoardServices
0x00000001a3ce1000 	/System/Library/Frameworks/Network.framework/Versions/A/Network
0x00000001aa378000 	/usr/lib/system/libkxld.dylib
0x0000000246015000 	/System/Library/PrivateFrameworks/AppleKeyStore.framework/Versions/A/AppleKeyStore
0x000000028362a000 	/usr/lib/libCoreEntitlements.dylib
0x0000000261003000 	/System/Library/PrivateFrameworks/MessageSecurity.framework/Versions/A/MessageSecurity
0x00000001a3899000 	/System/Library/PrivateFrameworks/ProtocolBuffer.framework/Versions/A/ProtocolBuffer
0x00000001a9e9d000 	/System/Library/PrivateFrameworks/AppleFSCompression.framework/Versions/A/AppleFSCompression
0x00000001a97af000 	/usr/lib/libcoretls.dylib
0x00000001ab9b8000 	/usr/lib/libcoretls_cfhelpers.dylib
0x00000001aa604000 	/usr/lib/libpam.2.dylib
0x00000001aba2c000 	/usr/lib/libxar.1.dylib
0x00000001aa433000 	/usr/lib/libarchive.2.dylib
0x00000001afcfc000 	/System/Library/Frameworks/Combine.framework/Versions/A/Combine
0x000000024a1ae000 	/System/Library/PrivateFrameworks/CollectionsInternal.framework/Versions/A/CollectionsInternal
0x000000026a05e000 	/System/Library/PrivateFrameworks/ReflectionInternal.framework/Versions/A/ReflectionInternal
0x000000026ad35000 	/System/Library/PrivateFrameworks/RuntimeInternal.framework/Versions/A/RuntimeInternal
0x0000000284859000 	/usr/lib/swift/libswiftSystem.dylib
0x00000001a879e000 	/System/Library/PrivateFrameworks/AppleSystemInfo.framework/Versions/A/AppleSystemInfo
0x00000001c4fd7000 	/System/Library/PrivateFrameworks/LoggingSupport.framework/Versions/A/LoggingSupport
0x00000001b2dbb000 	/System/Library/PrivateFrameworks/PowerLog.framework/Versions/A/PowerLog
0x0000000202b61000 	/System/Library/Frameworks/SwiftData.framework/Versions/A/SwiftData
0x00000001a5bba000 	/System/Library/PrivateFrameworks/UserManagement.framework/Versions/A/UserManagement
0x00000001a1c48000 	/usr/lib/libboringssl.dylib
0x00000001a3cc7000 	/usr/lib/libdns_services.dylib
0x00000001c4186000 	/usr/lib/libquic.dylib
0x00000001ad8da000 	/usr/lib/libusrtcp.dylib
0x00000001e8ad1000 	/System/Library/PrivateFrameworks/InternalSwiftProtobuf.framework/Versions/A/InternalSwiftProtobuf
0x00000002847b6000 	/usr/lib/swift/libswiftDistributed.dylib
0x000000028484f000 	/usr/lib/swift/libswiftSynchronization.dylib
0x00000001a1d19000 	/usr/lib/libnetwork.dylib
0x00000001d5c8d000 	/System/Library/PrivateFrameworks/OSAnalytics.framework/Versions/A/OSAnalytics
0x00000001aa59c000 	/System/Library/PrivateFrameworks/AppleSauce.framework/Versions/A/AppleSauce
0x00000001b4090000 	/System/Library/PrivateFrameworks/CoreSymbolication.framework/Versions/A/CoreSymbolication
0x00000001e479a000 	/System/Library/PrivateFrameworks/Symbolication.framework/Versions/A/Symbolication
0x00000001b406c000 	/System/Library/PrivateFrameworks/DebugSymbols.framework/Versions/A/DebugSymbols
0x00000002834f5000 	/usr/lib/libAppleArchive.dylib
0x00000001a9ea9000 	/usr/lib/libbz2.1.0.dylib
0x00000001ab999000 	/usr/lib/liblzma.5.dylib
0x00000001a949b000 	/System/Library/PrivateFrameworks/IOMobileFramebuffer.framework/Versions/A/IOMobileFramebuffer
0x00000001c5060000 	/System/Library/PrivateFrameworks/MallocStackLogging.framework/Versions/A/MallocStackLogging
0x00000001abb87000 	/System/Library/PrivateFrameworks/CrashReporterSupport.framework/Versions/A/CrashReporterSupport
0x000000019d239000 	/System/Library/PrivateFrameworks/Lexicon.framework/Versions/A/Lexicon
0x0000000259342000 	/System/Library/PrivateFrameworks/IO80211.framework/Versions/A/IO80211
0x00000001b3b92000 	/System/Library/PrivateFrameworks/FrontBoardServices.framework/Versions/A/FrontBoardServices
0x00000001a96d7000 	/System/Library/Frameworks/SecurityFoundation.framework/Versions/A/SecurityFoundation
0x00000001a9839000 	/usr/lib/libgermantok.dylib
0x00000001a88c2000 	/System/Library/PrivateFrameworks/LinguisticData.framework/Versions/A/LinguisticData
0x00000001a3b05000 	/System/Library/PrivateFrameworks/BaseBoard.framework/Versions/A/BaseBoard
0x00000001b3c5f000 	/System/Library/PrivateFrameworks/BoardServices.framework/Versions/A/BoardServices
0x00000001a96c8000 	/System/Library/PrivateFrameworks/AssertionServices.framework/Versions/A/AssertionServices
0x00000001b58af000 	/System/Library/PrivateFrameworks/BackBoardServices.framework/Versions/A/BackBoardServices
0x00000001a7971000 	/System/Library/PrivateFrameworks/FontServices.framework/libFontParser.dylib
0x00000001a2193000 	/System/Library/PrivateFrameworks/TCC.framework/Versions/A/TCC
0x00000001b92a7000 	/System/Library/PrivateFrameworks/IOSurfaceAccelerator.framework/Versions/A/IOSurfaceAccelerator
0x00000001ac472000 	/System/Library/PrivateFrameworks/WatchdogClient.framework/Versions/A/WatchdogClient
0x000000019e784000 	/System/Library/Frameworks/CoreDisplay.framework/Versions/A/CoreDisplay
0x00000001a7815000 	/System/Library/Frameworks/CoreMedia.framework/Versions/A/CoreMedia
0x00000001a7570000 	/System/Library/PrivateFrameworks/IOAccelerator.framework/Versions/A/IOAccelerator
0x00000001a5b19000 	/System/Library/Frameworks/CoreVideo.framework/Versions/A/CoreVideo
0x00000001aa602000 	/System/Library/Frameworks/MetalPerformanceShaders.framework/Versions/A/MetalPerformanceShaders
0x000000026939c000 	/System/Library/PrivateFrameworks/ProDisplayLibrary.framework/Versions/A/ProDisplayLibrary
0x00000001ac4ba000 	/System/Library/Frameworks/VideoToolbox.framework/Versions/A/VideoToolbox
0x00000001a879c000 	/System/Library/PrivateFrameworks/AggregateDictionary.framework/Versions/A/AggregateDictionary
0x00000001ab9ba000 	/System/Library/PrivateFrameworks/APFS.framework/Versions/A/APFS
0x00000001aba3b000 	/usr/lib/libutil.dylib
0x00000002742c1000 	/System/Library/PrivateFrameworks/SwiftASN1Internal.framework/Versions/A/SwiftASN1Internal
0x00000001a4eb2000 	/System/Library/Frameworks/Accelerate.framework/Versions/A/Frameworks/vImage.framework/Versions/A/vImage
0x00000001b1ddc000 	/System/Library/Frameworks/Accelerate.framework/Versions/A/Frameworks/vecLib.framework/Versions/A/vecLib
0x00000001aba73000 	/System/Library/Frameworks/Accelerate.framework/Versions/A/Frameworks/vecLib.framework/Versions/A/libvMisc.dylib
0x000000019cba5000 	/System/Library/Frameworks/Accelerate.framework/Versions/A/Frameworks/vecLib.framework/Versions/A/libBLAS.dylib
0x00000001ae206000 	/System/Library/Frameworks/ApplicationServices.framework/Versions/A/Frameworks/ATS.framework/Versions/A/ATS
0x00000001a2fc4000 	/System/Library/Frameworks/ApplicationServices.framework/Versions/A/Frameworks/HIServices.framework/Versions/A/HIServices
0x00000001acabf000 	/System/Library/Frameworks/ApplicationServices.framework/Versions/A/Frameworks/PrintCore.framework/Versions/A/PrintCore
0x00000001ae5c3000 	/System/Library/Frameworks/ApplicationServices.framework/Versions/A/Frameworks/QD.framework/Versions/A/QD
0x00000001ae5ba000 	/System/Library/Frameworks/ApplicationServices.framework/Versions/A/Frameworks/ColorSyncLegacy.framework/Versions/A/ColorSyncLegacy
0x00000001ae1d8000 	/System/Library/Frameworks/ApplicationServices.framework/Versions/A/Frameworks/SpeechSynthesis.framework/Versions/A/SpeechSynthesis
0x00000001a9468000 	/System/Library/PrivateFrameworks/CoreEmoji.framework/Versions/A/CoreEmoji
0x0000000250407000 	/System/Library/PrivateFrameworks/FontServices.framework/Versions/A/FontServices
0x00000001abfc0000 	/System/Library/PrivateFrameworks/OTSVG.framework/Versions/A/OTSVG
0x00000001a5696000 	/System/Library/Frameworks/ApplicationServices.framework/Versions/A/Frameworks/ATS.framework/Versions/A/Resources/libFontRegistry.dylib
0x0000000283bb7000 	/usr/lib/libhvf.dylib
0x00000002652a0000 	/System/Library/PrivateFrameworks/ParsingInternal.framework/Versions/A/ParsingInternal
0x00000002847ff000 	/usr/lib/swift/libswiftRegexBuilder.dylib
0x0000000284987000 	/usr/lib/swift/libswift_RegexParser.dylib
0x00000001ac33b000 	/System/Library/PrivateFrameworks/AppleJPEG.framework/Versions/A/AppleJPEG
0x00000001abddc000 	/usr/lib/libexpat.1.dylib
0x00000001ac995000 	/System/Library/Frameworks/ImageIO.framework/Versions/A/Resources/libPng.dylib
0x00000001ac9c0000 	/System/Library/Frameworks/ImageIO.framework/Versions/A/Resources/libTIFF.dylib
0x00000001acaaa000 	/System/Library/Frameworks/ImageIO.framework/Versions/A/Resources/libGIF.dylib
0x00000001ac381000 	/System/Library/Frameworks/ImageIO.framework/Versions/A/Resources/libJP2.dylib
0x00000001aca51000 	/System/Library/Frameworks/ImageIO.framework/Versions/A/Resources/libJPEG.dylib
0x00000001aca48000 	/System/Library/Frameworks/ImageIO.framework/Versions/A/Resources/libRadiance.dylib
0x00000002550d6000 	/System/Library/PrivateFrameworks/GPUCompiler.framework/Versions/32023/Libraries/libllvm-flatbuffers.dylib
0x00000002504d2000 	/System/Library/PrivateFrameworks/FramePacing.framework/Versions/A/FramePacing
0x00000001fc64f000 	/System/Library/Frameworks/OpenGL.framework/Versions/A/Libraries/libCoreFSCache.dylib
0x0000000251047000 	/System/Library/PrivateFrameworks/GPUCompiler.framework/Versions/32023/Libraries/libGPUCompilerUtils.dylib
0x0000000250408000 	/System/Library/PrivateFrameworks/FontServices.framework/libXTFontStaticRegistryData.dylib
0x00000001b76bf000 	/System/Library/PrivateFrameworks/ASEProcessing.framework/Versions/A/ASEProcessing
0x0000000268509000 	/System/Library/PrivateFrameworks/PhotosensitivityProcessing.framework/Versions/A/PhotosensitivityProcessing
0x00000001abfb4000 	/System/Library/PrivateFrameworks/GraphVisualizer.framework/Versions/A/GraphVisualizer
0x00000001fc6ad000 	/System/Library/Frameworks/OpenGL.framework/Versions/A/Libraries/libGLU.dylib
0x00000001fc671000 	/System/Library/Frameworks/OpenGL.framework/Versions/A/Libraries/libGFXShared.dylib
0x00000001fc839000 	/System/Library/Frameworks/OpenGL.framework/Versions/A/Libraries/libGL.dylib
0x00000001fc67a000 	/System/Library/Frameworks/OpenGL.framework/Versions/A/Libraries/libGLImage.dylib
0x00000001fc66e000 	/System/Library/Frameworks/OpenGL.framework/Versions/A/Libraries/libCVMSPluginSupport.dylib
0x00000001fc657000 	/System/Library/Frameworks/OpenGL.framework/Versions/A/Libraries/libCoreVMClient.dylib
0x00000001a86e0000 	/System/Library/Frameworks/MetalPerformanceShaders.framework/Versions/A/Frameworks/MPSCore.framework/Versions/A/MPSCore
0x00000001a9e08000 	/System/Library/Frameworks/MetalPerformanceShaders.framework/Versions/A/Frameworks/MPSImage.framework/Versions/A/MPSImage
0x00000001a9851000 	/System/Library/Frameworks/MetalPerformanceShaders.framework/Versions/A/Frameworks/MPSNeuralNetwork.framework/Versions/A/MPSNeuralNetwork
0x00000001a9c88000 	/System/Library/Frameworks/MetalPerformanceShaders.framework/Versions/A/Frameworks/MPSMatrix.framework/Versions/A/MPSMatrix
0x00000001a9a9d000 	/System/Library/Frameworks/MetalPerformanceShaders.framework/Versions/A/Frameworks/MPSRayIntersector.framework/Versions/A/MPSRayIntersector
0x00000001a9cba000 	/System/Library/Frameworks/MetalPerformanceShaders.framework/Versions/A/Frameworks/MPSNDArray.framework/Versions/A/MPSNDArray
0x00000001fff4f000 	/System/Library/Frameworks/MetalPerformanceShaders.framework/Versions/A/Frameworks/MPSFunctions.framework/Versions/A/MPSFunctions
0x00000001fff31000 	/System/Library/Frameworks/MetalPerformanceShaders.framework/Versions/A/Frameworks/MPSBenchmarkLoop.framework/Versions/A/MPSBenchmarkLoop
0x000000019ca20000 	/System/Library/PrivateFrameworks/MetalTools.framework/Versions/A/MetalTools
0x00000001c9d49000 	/System/Library/PrivateFrameworks/IOAccelMemoryInfo.framework/Versions/A/IOAccelMemoryInfo
0x00000001d744e000 	/System/Library/PrivateFrameworks/kperf.framework/Versions/A/kperf
0x00000001c50c7000 	/System/Library/PrivateFrameworks/GPURawCounter.framework/Versions/A/GPURawCounter
0x00000001aca7c000 	/System/Library/Frameworks/ApplicationServices.framework/Versions/A/Frameworks/ATSUI.framework/Versions/A/ATSUI
0x00000001ae54e000 	/usr/lib/libcups.2.dylib
0x00000001ae5e8000 	/System/Library/Frameworks/Kerberos.framework/Versions/A/Kerberos
0x00000001ae24e000 	/usr/lib/libresolv.9.dylib
0x00000001aa418000 	/usr/lib/libiconv.2.dylib
0x00000001ac012000 	/System/Library/PrivateFrameworks/Heimdal.framework/Versions/A/Heimdal
0x00000001b64d3000 	/System/Library/Frameworks/Kerberos.framework/Versions/A/Libraries/libHeimdalProxy.dylib
0x00000001abdf7000 	/usr/lib/libheimdal-asn1.dylib
0x00000001a597c000 	/System/Library/Frameworks/OpenDirectory.framework/Versions/A/OpenDirectory
0x00000001ae64b000 	/System/Library/PrivateFrameworks/CommonAuth.framework/Versions/A/CommonAuth
0x00000001a598a000 	/System/Library/Frameworks/OpenDirectory.framework/Versions/A/Frameworks/CFOpenDirectory.framework/Versions/A/CFOpenDirectory
0x00000001aa373000 	/usr/lib/libcharset.1.dylib
0x00000001fcbd5000 	/System/Library/Frameworks/AVFAudio.framework/Versions/A/AVFAudio
0x00000001be9b3000 	/System/Library/PrivateFrameworks/AXCoreUtilities.framework/Versions/A/AXCoreUtilities
0x000000025cc7b000 	/System/Library/PrivateFrameworks/IsolatedCoreAudioClient.framework/Versions/A/IsolatedCoreAudioClient
0x00000001ae1bf000 	/usr/lib/libAudioStatistics.dylib
0x00000001a77ed000 	/System/Library/PrivateFrameworks/caulk.framework/Versions/A/caulk
0x000000019e8a5000 	/System/Library/PrivateFrameworks/AudioToolboxCore.framework/Versions/A/AudioToolboxCore
0x00000001b87c9000 	/System/Library/Frameworks/CoreMIDI.framework/Versions/A/CoreMIDI
0x00000001ae161000 	/System/Library/PrivateFrameworks/AudioSession.framework/Versions/A/AudioSession
0x00000001afa64000 	/System/Library/Frameworks/IOBluetooth.framework/Versions/A/IOBluetooth
0x00000001abee1000 	/System/Library/PrivateFrameworks/MediaExperience.framework/Versions/A/MediaExperience
0x0000000276d85000 	/System/Library/PrivateFrameworks/Tightbeam.framework/Versions/A/Tightbeam
0x000000024ac6c000 	/System/Library/PrivateFrameworks/CoreAudioOrchestration.framework/Versions/A/CoreAudioOrchestration
0x00000001dbd86000 	/System/Library/PrivateFrameworks/AFKUser.framework/Versions/A/AFKUser
0x00000001c50cb000 	/usr/lib/swift/libswiftCoreAudio.dylib
0x00000001ac001000 	/System/Library/PrivateFrameworks/AppServerSupport.framework/Versions/A/AppServerSupport
0x00000001ae5cc000 	/System/Library/PrivateFrameworks/perfdata.framework/Versions/A/perfdata
0x00000001c427f000 	/System/Library/PrivateFrameworks/SystemPolicy.framework/Versions/A/SystemPolicy
0x00000001ae46d000 	/usr/lib/libSMC.dylib
0x00000001ac95f000 	/usr/lib/libAudioToolboxUtility.dylib
0x00000001ae5da000 	/usr/lib/libperfcheck.dylib
0x0000000246b93000 	/System/Library/PrivateFrameworks/AudioAnalytics.framework/Versions/A/AudioAnalytics
0x00000001e8898000 	/System/Library/Frameworks/OSLog.framework/Versions/A/OSLog
0x00000001c5092000 	/usr/lib/libmis.dylib
0x00000001adf6f000 	/System/Library/PrivateFrameworks/AudioSession.framework/libSessionUtility.dylib
0x00000001acab0000 	/System/Library/PrivateFrameworks/CMCaptureCore.framework/Versions/A/CMCaptureCore
0x00000001fe27e000 	/System/Library/Frameworks/ExtensionFoundation.framework/Versions/A/ExtensionFoundation
0x00000001b419d000 	/System/Library/PrivateFrameworks/CoreTime.framework/Versions/A/CoreTime
0x00000001abcdb000 	/System/Library/PrivateFrameworks/PlugInKit.framework/Versions/A/PlugInKit
0x00000001b2cc4000 	/System/Library/Frameworks/CoreBluetooth.framework/Versions/A/CoreBluetooth
0x00000001b64d4000 	/System/Library/Frameworks/AudioUnit.framework/Versions/A/AudioUnit
0x00000001a952c000 	/System/Library/PrivateFrameworks/CoreUtils.framework/Versions/A/CoreUtils
0x000000024dc1f000 	/System/Library/PrivateFrameworks/CoreUtilsExtras.framework/Versions/A/CoreUtilsExtras
0x00000001b20fd000 	/System/Library/Frameworks/MediaAccessibility.framework/Versions/A/MediaAccessibility
0x00000001cd6e9000 	/System/Library/PrivateFrameworks/AttributeGraph.framework/Versions/A/AttributeGraph
0x0000000283473000 	/usr/lib/libAXSafeCategoryBundle.dylib
0x00000001bea6f000 	/usr/lib/libAccessibility.dylib
0x00000001a9376000 	/System/Library/Frameworks/Accelerate.framework/Versions/A/Frameworks/vecLib.framework/Versions/A/libvDSP.dylib
0x00000001aa6e0000 	/System/Library/Frameworks/Accelerate.framework/Versions/A/Frameworks/vecLib.framework/Versions/A/libLAPACK.dylib
0x00000001a983c000 	/System/Library/Frameworks/Accelerate.framework/Versions/A/Frameworks/vecLib.framework/Versions/A/libLinearAlgebra.dylib
0x00000001aa5db000 	/System/Library/Frameworks/Accelerate.framework/Versions/A/Frameworks/vecLib.framework/Versions/A/libSparseBLAS.dylib
0x00000001aa6db000 	/System/Library/Frameworks/Accelerate.framework/Versions/A/Frameworks/vecLib.framework/Versions/A/libQuadrature.dylib
0x00000001a88c9000 	/System/Library/Frameworks/Accelerate.framework/Versions/A/Frameworks/vecLib.framework/Versions/A/libBNNS.dylib
0x000000019d346000 	/System/Library/Frameworks/Accelerate.framework/Versions/A/Frameworks/vecLib.framework/Versions/A/libSparse.dylib
0x000000025e3f2000 	/System/Library/PrivateFrameworks/MIL.framework/Versions/A/MIL
0x00000001aca43000 	/System/Library/PrivateFrameworks/GPUWrangler.framework/Versions/A/GPUWrangler
0x00000001aca23000 	/System/Library/PrivateFrameworks/IOPresentment.framework/Versions/A/IOPresentment
0x00000001aca4b000 	/System/Library/PrivateFrameworks/DSExternalDisplay.framework/Versions/A/DSExternalDisplay
0x00000001e8c9f000 	/System/Library/PrivateFrameworks/HIDDisplay.framework/Versions/A/HIDDisplay
0x00000001bdc8d000 	/System/Library/PrivateFrameworks/HID.framework/Versions/A/HID
0x000000027a5c7000 	/System/Library/PrivateFrameworks/VideoToolboxParavirtualizationSupport.framework/Versions/A/VideoToolboxParavirtualizationSupport
0x00000001abd93000 	/System/Library/PrivateFrameworks/AppleVA.framework/Versions/A/AppleVA
0x00000001b3d0c000 	/System/Library/PrivateFrameworks/GraphicsServices.framework/Versions/A/GraphicsServices
0x00000001ae7be000 	/System/Library/PrivateFrameworks/CorePhoneNumbers.framework/Versions/A/CorePhoneNumbers
0x00000001b2eac000 	/System/Library/PrivateFrameworks/MediaKit.framework/Versions/A/MediaKit
0x00000001b2df7000 	/System/Library/Frameworks/DiscRecording.framework/Versions/A/DiscRecording
0x00000001ae5ad000 	/System/Library/PrivateFrameworks/NetAuth.framework/Versions/A/NetAuth
0x00000001a5b7a000 	/System/Library/PrivateFrameworks/login.framework/Versions/A/Frameworks/loginsupport.framework/Versions/A/loginsupport
0x00000001abe01000 	/System/Library/PrivateFrameworks/IconFoundation.framework/Versions/A/IconFoundation
0x00000001abb7e000 	/usr/lib/libIOReport.dylib
0x00000002467a3000 	/System/Library/PrivateFrameworks/AppleMobileFileIntegrity.framework/Versions/A/AppleMobileFileIntegrity
0x0000000283835000 	/usr/lib/libTLE.dylib
0x00000001f96ab000 	/System/Library/PrivateFrameworks/ConfigProfileHelper.framework/Versions/A/ConfigProfileHelper
0x00000001a97d9000 	/usr/lib/libmecab.dylib
0x000000019d4d6000 	/usr/lib/libCRFSuite.dylib
0x00000001a87a5000 	/System/Library/PrivateFrameworks/CoreNLP.framework/Versions/A/CoreNLP
0x00000001aa593000 	/usr/lib/libThaiTokenizer.dylib
0x00000001a97a3000 	/usr/lib/libCheckFix.dylib
0x00000001a4dbd000 	/System/Library/PrivateFrameworks/MetadataUtilities.framework/Versions/A/MetadataUtilities
0x0000000259c26000 	/System/Library/PrivateFrameworks/InstalledContentLibrary.framework/Versions/A/InstalledContentLibrary
0x000000019ffbd000 	/System/Library/PrivateFrameworks/CoreServicesStore.framework/Versions/A/CoreServicesStore
0x00000001d7558000 	/System/Library/PrivateFrameworks/MobileSystemServices.framework/Versions/A/MobileSystemServices
0x00000001aba3f000 	/usr/lib/libxslt.1.dylib
0x00000001a9766000 	/System/Library/PrivateFrameworks/BackgroundTaskManagement.framework/Versions/A/BackgroundTaskManagement
0x00000001b5c33000 	/usr/lib/libcurl.4.dylib
0x0000000283a69000 	/usr/lib/libcrypto.46.dylib
0x0000000284593000 	/usr/lib/libssl.48.dylib
0x00000001b590b000 	/System/Library/Frameworks/LDAP.framework/Versions/A/LDAP
0x00000001b5947000 	/System/Library/PrivateFrameworks/TrustEvaluationAgent.framework/Versions/A/TrustEvaluationAgent
0x00000001ae26b000 	/usr/lib/libsasl2.2.dylib
0x00000001c2454000 	/usr/lib/swift/libswiftCoreGraphics.dylib
0x00000001b272c000 	/usr/lib/swift/libswiftFoundation.dylib
0x00000001f9135000 	/usr/lib/swift/libswiftSwiftOnoneSupport.dylib
0x00000001e4f4b000 	/System/Library/PrivateFrameworks/CoreMaterial.framework/Versions/A/CoreMaterial
0x000000026ae2c000 	/System/Library/PrivateFrameworks/SFSymbols.framework/Versions/A/SFSymbols
0x00000001b19f7000 	/System/Library/PrivateFrameworks/SpeechRecognitionCore.framework/Versions/A/SpeechRecognitionCore
0x00000001c3ca2000 	/System/Library/Frameworks/Carbon.framework/Versions/A/Carbon
0x00000001bacd8000 	/System/Library/Frameworks/Carbon.framework/Versions/A/Frameworks/CommonPanels.framework/Versions/A/CommonPanels
0x00000001b5c1e000 	/System/Library/Frameworks/Carbon.framework/Versions/A/Frameworks/Help.framework/Versions/A/Help
0x00000001bacdc000 	/System/Library/Frameworks/Carbon.framework/Versions/A/Frameworks/ImageCapture.framework/Versions/A/ImageCapture
0x00000001bacb8000 	/System/Library/Frameworks/Carbon.framework/Versions/A/Frameworks/OpenScripting.framework/Versions/A/OpenScripting
0x00000001bacd7000 	/System/Library/Frameworks/Carbon.framework/Versions/A/Frameworks/Ink.framework/Versions/A/Ink
0x00000001bacd4000 	/System/Library/Frameworks/Carbon.framework/Versions/A/Frameworks/SecurityHI.framework/Versions/A/SecurityHI
0x00000001a5841000 	/System/Library/PrivateFrameworks/ViewBridge.framework/Versions/A/ViewBridge
0x0000000101dbc000 	/usr/lib/libobjc-trampolines.dylib
0x0000000283477000 	/usr/lib/libAccessibilityBaseImplementations.dylib
0x000000027db9d000 	/System/Library/PrivateFrameworks/WritingToolsUI.framework/Versions/A/WritingToolsUI
0x0000000256231000 	/System/Library/PrivateFrameworks/GenerativeAssistantSettings.framework/Versions/A/GenerativeAssistantSettings
0x0000000274fc7000 	/System/Library/PrivateFrameworks/TextComposer.framework/Versions/A/TextComposer
0x00000001c50f3000 	/usr/lib/swift/libswiftIntents.dylib
0x0000000284811000 	/usr/lib/swift/libswiftSpatial.dylib
0x00000001fcd2e000 	/System/Library/Frameworks/AppIntents.framework/Versions/A/AppIntents
0x00000001cbfc1000 	/System/Library/Frameworks/SwiftUI.framework/Versions/A/SwiftUI
0x00000001c2530000 	/System/Library/Frameworks/WebKit.framework/Versions/A/WebKit
0x0000000241cba000 	/System/Library/Frameworks/_AuthenticationServices_SwiftUI.framework/Versions/A/_AuthenticationServices_SwiftUI
0x000000024489a000 	/System/Library/PrivateFrameworks/Anvil.framework/Versions/A/Anvil
0x00000001cb636000 	/System/Library/PrivateFrameworks/AppStoreDaemon.framework/Versions/A/AppStoreDaemon
0x00000001b89e4000 	/System/Library/PrivateFrameworks/AppleMediaServices.framework/Versions/A/AppleMediaServices
0x00000001c80b5000 	/System/Library/PrivateFrameworks/AppleMediaServicesUI.framework/Versions/A/AppleMediaServicesUI
0x000000025620b000 	/System/Library/PrivateFrameworks/GenerativeAssistantCommon.framework/Versions/A/GenerativeAssistantCommon
0x00000001f874d000 	/System/Library/PrivateFrameworks/JetEngine.framework/Versions/A/JetEngine
0x000000025dd53000 	/System/Library/PrivateFrameworks/LinkMetadata.framework/Versions/A/LinkMetadata
0x00000001c5975000 	/System/Library/PrivateFrameworks/OnBoardingKit.framework/Versions/A/OnBoardingKit
0x000000026bca7000 	/System/Library/PrivateFrameworks/Settings.framework/Versions/A/Settings
0x00000001aa1e3000 	/System/Library/Frameworks/CoreSpotlight.framework/Versions/A/CoreSpotlight
0x000000025df94000 	/System/Library/PrivateFrameworks/LinkServices.framework/Versions/A/LinkServices
0x000000024e8b0000 	/System/Library/PrivateFrameworks/DoNotDisturb.framework/Versions/A/DoNotDisturb
0x00000001c9e59000 	/System/Library/PrivateFrameworks/IntentsCore.framework/Versions/A/IntentsCore
0x0000000246f80000 	/System/Library/PrivateFrameworks/AvailabilityKit.framework/Versions/A/AvailabilityKit
0x0000000244aea000 	/System/Library/PrivateFrameworks/AppIntentSchemas.framework/Versions/A/AppIntentSchemas
0x0000000273add000 	/System/Library/PrivateFrameworks/StatusKit.framework/Versions/A/StatusKit
0x0000000269fd9000 	/System/Library/PrivateFrameworks/RecapPerformanceTesting.framework/Versions/A/RecapPerformanceTesting
0x00000001c5965000 	/System/Library/PrivateFrameworks/SignpostCollection.framework/Versions/A/SignpostCollection
0x0000000283834000 	/usr/lib/libSpatial.dylib
0x00000001b83da000 	/System/Library/Frameworks/WebKit.framework/Versions/A/Frameworks/WebKitLegacy.framework/Versions/A/WebKitLegacy
0x00000001b6320000 	/System/Library/PrivateFrameworks/CorePrediction.framework/Versions/A/CorePrediction
0x00000001a6834000 	/System/Library/Frameworks/WebKit.framework/Versions/A/Frameworks/WebCore.framework/Versions/A/Frameworks/libwebrtc.dylib
0x00000001c24bc000 	/System/Library/PrivateFrameworks/SafariSafeBrowsing.framework/Versions/A/SafariSafeBrowsing
0x00000001ae2f4000 	/System/Library/Frameworks/SecurityInterface.framework/Versions/A/SecurityInterface
0x00000001c5974000 	/System/Library/PrivateFrameworks/WebInspectorUI.framework/Versions/A/WebInspectorUI
0x00000001bacdf000 	/System/Library/Frameworks/JavaScriptCore.framework/Versions/A/JavaScriptCore
0x00000001beaa0000 	/System/Library/Frameworks/WebKit.framework/Versions/A/Frameworks/WebCore.framework/Versions/A/WebCore
0x00000001fd70c000 	/System/Library/Frameworks/BrowserEngineCore.framework/Versions/A/BrowserEngineCore
0x0000000241818000 	/System/Library/Frameworks/WebKit.framework/Versions/A/Frameworks/WebCore.framework/Versions/A/Frameworks/libANGLE-shared.dylib
0x000000027c794000 	/System/Library/PrivateFrameworks/WebGPU.framework/Versions/A/WebGPU
0x00000001c7747000 	/System/Library/Frameworks/SceneKit.framework/Versions/A/SceneKit
0x00000001d7d7f000 	/System/Library/Frameworks/ModelIO.framework/Versions/A/ModelIO
0x00000001afc2f000 	/System/Library/Frameworks/MetalKit.framework/Versions/A/MetalKit
0x00000001b1d0e000 	/System/Library/Frameworks/GLKit.framework/Versions/A/GLKit
0x0000000284d4a000 	/usr/lib/usd/libusd_ms.dylib
0x0000000278ddc000 	/System/Library/PrivateFrameworks/USDLib_FormatLoaderProxy.framework/Versions/A/USDLib_FormatLoaderProxy
0x00000001c4b7b000 	/System/Library/PrivateFrameworks/CoreOptimization.framework/Versions/A/CoreOptimization
0x0000000246e53000 	/System/Library/PrivateFrameworks/AuthenticationServicesCore.framework/Versions/A/AuthenticationServicesCore
0x00000001ce8de000 	/System/Library/Frameworks/AuthenticationServices.framework/Versions/A/AuthenticationServices
0x00000001abcb7000 	/System/Library/PrivateFrameworks/SharedWebCredentials.framework/Versions/A/SharedWebCredentials
0x00000001c67b1000 	/System/Library/PrivateFrameworks/SafariCore.framework/Versions/A/SafariCore
0x00000001ce430000 	/System/Library/PrivateFrameworks/SafariFoundation.framework/Versions/A/SafariFoundation
0x0000000247edd000 	/System/Library/PrivateFrameworks/CBORLibrary.framework/Versions/A/CBORLibrary
0x0000000248c85000 	/System/Library/PrivateFrameworks/Chirp.framework/Versions/A/Chirp
0x00000001f99e0000 	/System/Library/PrivateFrameworks/RemoteManagement.framework/Versions/A/RemoteManagement
0x000000026a32f000 	/System/Library/PrivateFrameworks/RemoteManagementModel.framework/Versions/A/RemoteManagementModel
0x000000026a3bc000 	/System/Library/PrivateFrameworks/RemoteManagementStore.framework/Versions/A/RemoteManagementStore
0x00000001afc4d000 	/usr/lib/libxcselect.dylib
0x00000001ce39f000 	/System/Library/PrivateFrameworks/DifferentialPrivacy.framework/Versions/A/DifferentialPrivacy
0x00000001b29dd000 	/System/Library/Frameworks/Contacts.framework/Versions/A/Contacts
0x0000000279600000 	/System/Library/PrivateFrameworks/VDAF.framework/Versions/A/VDAF
0x00000001b27fa000 	/System/Library/PrivateFrameworks/ContactsPersistence.framework/Versions/A/ContactsPersistence
0x00000001b1a11000 	/System/Library/PrivateFrameworks/AppleLDAP.framework/Versions/A/AppleLDAP
0x00000001b5fc7000 	/System/Library/Frameworks/ClassKit.framework/Versions/A/ClassKit
0x00000001b8106000 	/System/Library/PrivateFrameworks/CoreSuggestions.framework/Versions/A/CoreSuggestions
0x00000001b272d000 	/System/Library/PrivateFrameworks/ContactsFoundation.framework/Versions/A/ContactsFoundation
0x00000001b3cce000 	/System/Library/PrivateFrameworks/vCard.framework/Versions/A/vCard
0x000000024a4a8000 	/System/Library/PrivateFrameworks/ContactsMetrics.framework/Versions/A/ContactsMetrics
0x00000001ac0d3000 	/System/Library/PrivateFrameworks/login.framework/Versions/A/login
0x00000002600dc000 	/System/Library/PrivateFrameworks/ManagedOrganizationContacts.framework/Versions/A/ManagedOrganizationContacts
0x00000001a5fa0000 	/System/Library/PrivateFrameworks/CloudDocs.framework/Versions/A/CloudDocs
0x00000001b76f5000 	/System/Library/PrivateFrameworks/ConfigurationProfiles.framework/Versions/A/ConfigurationProfiles
0x000000024de2f000 	/System/Library/PrivateFrameworks/DMCUtilities.framework/Versions/A/DMCUtilities
0x000000025e36f000 	/System/Library/PrivateFrameworks/MDMClientLibrary.framework/Versions/A/MDMClientLibrary
0x000000026a3b0000 	/System/Library/PrivateFrameworks/RemoteManagementProtocol.framework/Versions/A/RemoteManagementProtocol
0x0000000283640000 	/usr/lib/libEndpointSecuritySystem.dylib
0x00000001b2137000 	/System/Library/PrivateFrameworks/SystemAdministration.framework/Versions/A/SystemAdministration
0x00000001bc5e5000 	/System/Library/PrivateFrameworks/PowerlogControl.framework/Versions/A/PowerlogControl
0x00000001a9795000 	/System/Library/Frameworks/ServiceManagement.framework/Versions/A/ServiceManagement
0x00000001bc5e7000 	/usr/lib/libUniversalAccess.dylib
0x00000001b92b2000 	/System/Library/PrivateFrameworks/FamilyControls.framework/Versions/A/FamilyControls
0x00000001b19c2000 	/System/Library/Frameworks/DirectoryService.framework/Versions/A/DirectoryService
0x00000001b5cb5000 	/System/Library/PrivateFrameworks/LoginUIKit.framework/Versions/A/Frameworks/LoginUICore.framework/Versions/A/LoginUICore
0x00000001ac2c3000 	/usr/lib/libodfde.dylib
0x00000001b92ac000 	/System/Library/PrivateFrameworks/UniversalAccess.framework/Versions/A/Libraries/libUAPreferences.dylib
0x00000001b92d6000 	/System/Library/PrivateFrameworks/CommerceKit.framework/Versions/A/Frameworks/CommerceCore.framework/Versions/A/CommerceCore
0x000000024dddd000 	/System/Library/PrivateFrameworks/DEPClientLibrary.framework/Versions/A/DEPClientLibrary
0x000000024ddfd000 	/System/Library/PrivateFrameworks/DMCEnrollmentLibrary.framework/Versions/A/DMCEnrollmentLibrary
0x00000001bc6cb000 	/System/Library/PrivateFrameworks/SetupAssistantFramework.framework/Versions/A/SetupAssistantFramework
0x00000001b637a000 	/System/Library/PrivateFrameworks/AuthKitUI.framework/Versions/A/AuthKitUI
0x00000001b5cff000 	/System/Library/PrivateFrameworks/AppSSO.framework/Versions/A/AppSSO
0x00000001cb39c000 	/System/Library/PrivateFrameworks/LocalAuthenticationUI.framework/Versions/A/LocalAuthenticationUI
0x000000026856e000 	/System/Library/PrivateFrameworks/PlatformSSO.framework/Versions/A/PlatformSSO
0x00000001cbd89000 	/System/Library/PrivateFrameworks/AOSUI.framework/Versions/A/AOSUI
0x00000001be15c000 	/System/Library/Frameworks/ContactsUI.framework/Versions/A/ContactsUI
0x00000001b2c14000 	/System/Library/PrivateFrameworks/FamilyCircle.framework/Versions/A/FamilyCircle
0x00000001d942e000 	/System/Library/Frameworks/LinkPresentation.framework/Versions/A/LinkPresentation
0x000000026863a000 	/System/Library/PrivateFrameworks/PlatformSSOCore.framework/Versions/A/PlatformSSOCore
0x00000001bde6e000 	/System/Library/PrivateFrameworks/IASUtilities.framework/Versions/A/IASUtilities
0x0000000259272000 	/System/Library/PrivateFrameworks/IASUtilitiesCore.framework/Versions/A/IASUtilitiesCore
0x000000025e257000 	/System/Library/PrivateFrameworks/LocalAuthenticationCoreUI.framework/Versions/A/LocalAuthenticationCoreUI
0x00000001c4e10000 	/System/Library/Frameworks/LocalAuthentication.framework/Support/DaemonUtils.framework/Versions/A/DaemonUtils
0x00000001c807c000 	/System/Library/PrivateFrameworks/BridgeXPC.framework/Versions/A/BridgeXPC
0x00000001ac0f7000 	/System/Library/PrivateFrameworks/CoreBrightness.framework/Versions/A/CoreBrightness
0x00000001c5a4e000 	/System/Library/PrivateFrameworks/CoreKDL.framework/Versions/A/CoreKDL
0x00000001c4278000 	/System/Library/PrivateFrameworks/EmbeddedOSSupportHost.framework/Versions/A/EmbeddedOSSupportHost
0x00000002747f0000 	/System/Library/PrivateFrameworks/SystemStatus.framework/Versions/A/SystemStatus
0x00000001d3505000 	/System/Library/PrivateFrameworks/StorageKit.framework/Versions/A/StorageKit
0x00000001fb05a000 	/System/Library/Frameworks/DeviceCheck.framework/Versions/A/DeviceCheck
0x00000001fe385000 	/System/Library/Frameworks/FSKit.framework/Versions/A/FSKit
0x000000024e5cd000 	/System/Library/PrivateFrameworks/DiskImages2.framework/Versions/A/DiskImages2
0x000000025e0e4000 	/System/Library/PrivateFrameworks/LiveFS.framework/Versions/A/LiveFS
0x0000000280edf000 	/System/Library/PrivateFrameworks/icloudMCCKit.framework/Versions/A/icloudMCCKit
0x00000002457e8000 	/System/Library/PrivateFrameworks/AppleAccountUI.framework/Versions/A/AppleAccountUI
0x00000002497ab000 	/System/Library/PrivateFrameworks/CloudSubscriptionFeatures.framework/Versions/A/CloudSubscriptionFeatures
0x00000001e4f17000 	/System/Library/PrivateFrameworks/PreferencePanesSupport.framework/Versions/A/PreferencePanesSupport
0x00000001cbf39000 	/System/Library/PrivateFrameworks/FindMyDeviceUI.framework/Versions/A/FindMyDeviceUI
0x000000027eb17000 	/System/Library/PrivateFrameworks/iCloudQuotaUI.framework/Versions/A/iCloudQuotaUI
0x00000001e50ca000 	/System/Library/PrivateFrameworks/CoreCDPUI.framework/Versions/A/CoreCDPUI
0x00000001c6518000 	/System/Library/PrivateFrameworks/CoreFollowUpUI.framework/Versions/A/CoreFollowUpUI
0x00000001ae32d000 	/System/Library/PrivateFrameworks/CoreFollowUp.framework/Versions/A/CoreFollowUp
0x00000001d2280000 	/System/Library/PrivateFrameworks/IMCore.framework/Versions/A/IMCore
0x00000001bc64d000 	/System/Library/PrivateFrameworks/CoreCDP.framework/Versions/A/CoreCDP
0x00000001b89d6000 	/System/Library/PrivateFrameworks/AskPermission.framework/Versions/A/AskPermission
0x00000001c9dd4000 	/System/Library/Frameworks/Quartz.framework/Versions/A/Quartz
0x00000001d5daa000 	/System/Library/PrivateFrameworks/CloudPhotoServicesConfiguration.framework/Versions/A/CloudPhotoServicesConfiguration
0x00000001c87ea000 	/System/Library/PrivateFrameworks/CommerceKit.framework/Versions/A/CommerceKit
0x00000001d76ea000 	/System/Library/PrivateFrameworks/FindMyMac.framework/Versions/A/FindMyMac
0x00000001d75c1000 	/System/Library/Frameworks/PreferencePanes.framework/Versions/A/PreferencePanes
0x00000001cb494000 	/System/Library/Frameworks/AddressBook.framework/Versions/A/AddressBook
0x00000001b79be000 	/System/Library/PrivateFrameworks/AOSAccounts.framework/Versions/A/AOSAccounts
0x00000001b2131000 	/System/Library/PrivateFrameworks/AppleSRP.framework/Versions/A/AppleSRP
0x00000001c4d2a000 	/System/Library/Frameworks/SafariServices.framework/Versions/A/SafariServices
0x00000001b64dc000 	/System/Library/PrivateFrameworks/NetFSServer.framework/Versions/A/NetFSServer
0x00000001c7620000 	/System/Library/Frameworks/PDFKit.framework/Versions/A/PDFKit
0x00000001d85e2000 	/System/Library/PrivateFrameworks/EmailFoundation.framework/Versions/A/EmailFoundation
0x00000001d761e000 	/System/Library/PrivateFrameworks/EmailCore.framework/Versions/A/EmailCore
0x00000001db40e000 	/System/Library/PrivateFrameworks/EmailAddressing.framework/Versions/A/EmailAddressing
0x00000001db41a000 	/System/Library/PrivateFrameworks/Email.framework/Versions/A/Email
0x0000000203876000 	/System/Library/Frameworks/TabularData.framework/Versions/A/TabularData
0x00000002847f1000 	/usr/lib/swift/libswiftPassKit.dylib
0x00000002470c2000 	/System/Library/PrivateFrameworks/BackgroundSystemTasks.framework/Versions/A/BackgroundSystemTasks
0x000000025e2e6000 	/System/Library/PrivateFrameworks/LockdownMode.framework/Versions/A/LockdownMode
0x00000001b2c0e000 	/System/Library/PrivateFrameworks/CommunicationsFilter.framework/Versions/A/CommunicationsFilter
0x00000001e8bdb000 	/System/Library/Frameworks/PassKit.framework/Versions/A/PassKit
0x00000001b9dd6000 	/System/Library/PrivateFrameworks/PassKitCore.framework/Versions/A/PassKitCore
0x0000000265b25000 	/System/Library/PrivateFrameworks/PassKitMacHelperTemp.framework/Versions/A/PassKitMacHelperTemp
0x0000000244b27000 	/System/Library/PrivateFrameworks/AppIntentsServices.framework/Versions/A/AppIntentsServices
0x00000001b75d4000 	/System/Library/PrivateFrameworks/CoreRecents.framework/Versions/A/CoreRecents
0x00000001c4e5d000 	/System/Library/PrivateFrameworks/BiometricKit.framework/Versions/A/BiometricKit
0x000000026ad6d000 	/System/Library/PrivateFrameworks/SEService.framework/Versions/A/SEService
0x00000001b81d2000 	/System/Library/Frameworks/EventKit.framework/Versions/A/EventKit
0x00000001c9e79000 	/System/Library/PrivateFrameworks/NearField.framework/Versions/A/NearField
0x00000001cbbb1000 	/System/Library/PrivateFrameworks/FTClientServices.framework/Versions/A/FTClientServices
0x00000001e4938000 	/System/Library/PrivateFrameworks/DiagnosticRequest.framework/Versions/A/DiagnosticRequest
0x00000002837ee000 	/usr/lib/libSESShared.dylib
0x000000026af0e000 	/System/Library/PrivateFrameworks/STSXPCHelperClient.framework/Versions/A/STSXPCHelperClient
0x00000002745c3000 	/System/Library/PrivateFrameworks/Symptoms.framework/Versions/A/Frameworks/SymptomPresentationFeed.framework/Versions/A/SymptomPresentationFeed
0x000000024609b000 	/System/Library/PrivateFrameworks/AppleMediaServicesKitInternal.framework/Versions/A/AppleMediaServicesKitInternal
0x000000027433e000 	/System/Library/PrivateFrameworks/SymptomShared.framework/Versions/A/SymptomShared
0x0000000248815000 	/System/Library/PrivateFrameworks/CalendarDatabase.framework/Versions/A/CalendarDatabase
0x0000000248769000 	/System/Library/PrivateFrameworks/CalendarDaemon.framework/Versions/A/CalendarDaemon
0x00000001b7629000 	/System/Library/PrivateFrameworks/CalendarFoundation.framework/Versions/A/CalendarFoundation
0x00000001b75e5000 	/System/Library/PrivateFrameworks/iCalendar.framework/Versions/A/iCalendar
0x000000024e064000 	/System/Library/PrivateFrameworks/DataAccessExpress.framework/Versions/A/DataAccessExpress
0x00000001bdd00000 	/System/Library/PrivateFrameworks/CoreDAV.framework/Versions/A/CoreDAV
0x00000001b80a7000 	/System/Library/PrivateFrameworks/CalDAV.framework/Versions/A/CalDAV
0x00000001c2219000 	/System/Library/PrivateFrameworks/TelephonyUtilities.framework/Versions/A/TelephonyUtilities
0x00000001c65e3000 	/System/Library/Frameworks/CallKit.framework/Versions/A/CallKit
0x00000001ee229000 	/System/Library/PrivateFrameworks/IMTransferServices.framework/Versions/A/IMTransferServices
0x00000001c4b95000 	/System/Library/PrivateFrameworks/IncomingCallFilter.framework/Versions/A/IncomingCallFilter
0x0000000263430000 	/System/Library/PrivateFrameworks/NeighborhoodActivityConduit.framework/Versions/A/NeighborhoodActivityConduit
0x0000000283616000 	/usr/lib/libBASupport.dylib
0x00000001d202a000 	/System/Library/PrivateFrameworks/SpotlightReceiver.framework/Versions/A/SpotlightReceiver
0x00000001cb852000 	/usr/lib/libnfshared.dylib
0x00000001eb409000 	/System/Library/PrivateFrameworks/PassKitUIFoundation.framework/Versions/A/PassKitUIFoundation
0x00000001b1a23000 	/System/Library/Frameworks/MapKit.framework/Versions/A/MapKit
0x00000001fe349000 	/System/Library/Frameworks/ExtensionKit.framework/Versions/A/ExtensionKit
0x0000000256694000 	/System/Library/PrivateFrameworks/GeoAnalytics.framework/Versions/A/GeoAnalytics
0x00000001c5ba3000 	/System/Library/PrivateFrameworks/SearchFoundation.framework/Versions/A/SearchFoundation
0x00000001cb888000 	/System/Library/PrivateFrameworks/Navigation.framework/Versions/A/Navigation
0x00000001d48ca000 	/System/Library/PrivateFrameworks/VectorKit.framework/Versions/A/VectorKit
0x00000001bdf36000 	/System/Library/PrivateFrameworks/VirtualGarage.framework/Versions/A/VirtualGarage
0x00000001cba01000 	/System/Library/Frameworks/ExternalAccessory.framework/ExternalAccessory
0x00000001cba1b000 	/System/Library/PrivateFrameworks/IAP.framework/Versions/A/IAP
0x00000001b1cd6000 	/System/Library/PrivateFrameworks/IOPlatformPluginFamily.framework/Versions/A/IOPlatformPluginFamily
0x0000000246f83000 	/System/Library/PrivateFrameworks/AvatarKit.framework/Versions/A/AvatarKit
0x000000024703b000 	/System/Library/PrivateFrameworks/AvatarPersistence.framework/Versions/A/AvatarPersistence
0x000000026a425000 	/System/Library/PrivateFrameworks/RemoteUI.framework/Versions/A/RemoteUI
0x00000001b1dda000 	/usr/lib/libCTGreenTeaLogger.dylib
0x0000000203aa0000 	/System/Library/Frameworks/TipKit.framework/Versions/A/TipKit
0x00000001e6b92000 	/System/Library/PrivateFrameworks/AppleCVA.framework/Versions/A/AppleCVA
0x000000024703a000 	/System/Library/PrivateFrameworks/AvatarKitContent.framework/Versions/A/AvatarKitContent
0x00000001b1e02000 	/System/Library/PrivateFrameworks/CoreAppleCVA.framework/Versions/A/CoreAppleCVA
0x000000025d122000 	/System/Library/PrivateFrameworks/LiftUI.framework/Versions/A/LiftUI
0x000000024971a000 	/System/Library/PrivateFrameworks/CloudSettings.framework/Versions/A/CloudSettings
0x00000001c47bf000 	/System/Library/PrivateFrameworks/CoreRoutine.framework/Versions/A/CoreRoutine
0x00000001d305a000 	/System/Library/PrivateFrameworks/Categories.framework/Versions/A/Categories
0x0000000249c1a000 	/System/Library/PrivateFrameworks/Coherence.framework/Versions/A/Coherence
0x00000001c2114000 	/System/Library/PrivateFrameworks/CoreParsec.framework/Versions/A/CoreParsec
0x00000002661b4000 	/System/Library/PrivateFrameworks/PegasusAPI.framework/Versions/A/PegasusAPI
0x0000000266e82000 	/System/Library/PrivateFrameworks/PegasusConfiguration.framework/Versions/A/PegasusConfiguration
0x000000025e2bd000 	/System/Library/PrivateFrameworks/LocalStatusKit.framework/Versions/A/LocalStatusKit
0x00000001c6797000 	/System/Library/PrivateFrameworks/ContextKit.framework/Versions/A/ContextKit
0x000000024a5d6000 	/System/Library/PrivateFrameworks/ContextKitCore.framework/Versions/A/ContextKitCore
0x00000001cbbb5000 	/System/Library/PrivateFrameworks/CharacterPicker.framework/Versions/A/CharacterPicker
0x00000001c4c9c000 	/System/Library/PrivateFrameworks/ContactsDonation.framework/Versions/A/ContactsDonation
0x00000001be058000 	/System/Library/PrivateFrameworks/ContactsUICore.framework/Versions/A/ContactsUICore
0x00000001c45a2000 	/System/Library/PrivateFrameworks/DataDetectors.framework/Versions/A/DataDetectors
0x00000001b8093000 	/System/Library/Frameworks/MediaLibrary.framework/Versions/A/MediaLibrary
0x00000001b2bfd000 	/System/Library/PrivateFrameworks/PersonaKit.framework/Versions/A/PersonaKit
0x00000001be046000 	/System/Library/PrivateFrameworks/PersonaUI.framework/Versions/A/PersonaUI
0x0000000259b33000 	/System/Library/PrivateFrameworks/InputToolKitUI.framework/Versions/A/InputToolKitUI
0x0000000259b1e000 	/System/Library/PrivateFrameworks/InputToolKit.framework/Versions/A/InputToolKit
0x0000000273c16000 	/System/Library/PrivateFrameworks/Stickers.framework/Versions/A/Stickers
0x0000000259a8c000 	/System/Library/PrivateFrameworks/InputAnalytics.framework/Versions/A/InputAnalytics
0x00000001cd72c000 	/System/Library/PrivateFrameworks/EmojiFoundation.framework/Versions/A/EmojiFoundation
0x000000024fa06000 	/System/Library/PrivateFrameworks/FeedbackService.framework/Versions/A/FeedbackService
0x00000001b2879000 	/System/Library/PrivateFrameworks/AddressBookCore.framework/Versions/A/AddressBookCore
0x00000001c6498000 	/System/Library/PrivateFrameworks/IntlPreferences.framework/Versions/A/IntlPreferences
0x00000001cb617000 	/System/Library/PrivateFrameworks/ToneKit.framework/Versions/A/ToneKit
0x00000001c64de000 	/System/Library/PrivateFrameworks/ToneLibrary.framework/Versions/A/ToneLibrary
0x000000024a46e000 	/System/Library/PrivateFrameworks/ContactsAccounts.framework/Versions/A/ContactsAccounts
0x00000001d6fdf000 	/System/Library/PrivateFrameworks/Transparency.framework/Versions/A/Transparency
0x00000001c9cf1000 	/System/Library/PrivateFrameworks/Lookup.framework/Versions/A/Lookup
0x0000000201c74000 	/System/Library/Frameworks/QuickLookUI.framework/Versions/A/QuickLookUI
0x0000000202654000 	/System/Library/Frameworks/ScreenCaptureKit.framework/Versions/A/ScreenCaptureKit
0x00000001c7134000 	/System/Library/Frameworks/Quartz.framework/Versions/A/Frameworks/QuartzComposer.framework/Versions/A/QuartzComposer
0x00000001c646f000 	/System/Library/Frameworks/Quartz.framework/Versions/A/Frameworks/QuartzFilters.framework/Versions/A/QuartzFilters
0x00000001c5555000 	/System/Library/Frameworks/Quartz.framework/Versions/A/Frameworks/ImageKit.framework/Versions/A/ImageKit
0x00000001fc9c9000 	/System/Library/Frameworks/OpenCL.framework/Versions/A/OpenCL
0x00000001c3ca1000 	/System/Library/PrivateFrameworks/CorePDF.framework/Versions/A/CorePDF
0x00000001afbc6000 	/System/Library/Frameworks/QuickLook.framework/Versions/A/QuickLook
0x00000001b9cdb000 	/System/Library/PrivateFrameworks/DisplayServices.framework/Versions/A/DisplayServices
0x00000001c63df000 	/System/Library/Frameworks/ImageCaptureCore.framework/Versions/A/ImageCaptureCore
0x000000027b0b5000 	/System/Library/PrivateFrameworks/VisionKitCore.framework/Versions/A/VisionKitCore
0x00000001c20e4000 	/System/Library/PrivateFrameworks/QuickLookSupport.framework/Versions/A/QuickLookSupport
0x0000000260946000 	/System/Library/PrivateFrameworks/MediaAnalysisServices.framework/Versions/A/MediaAnalysisServices
0x00000001c8ce0000 	/System/Library/PrivateFrameworks/PhotoLibraryServices.framework/Versions/A/PhotoLibraryServices
0x00000001c6028000 	/System/Library/Frameworks/Photos.framework/Versions/A/Photos
0x00000001d980f000 	/System/Library/PrivateFrameworks/PhotosFormats.framework/Versions/A/PhotosFormats
0x00000001d5ddc000 	/System/Library/PrivateFrameworks/CloudPhotoLibrary.framework/Versions/A/CloudPhotoLibrary
0x00000001dee00000 	/System/Library/PrivateFrameworks/CloudPhotoServices.framework/Versions/A/CloudPhotoServices
0x00000001db597000 	/System/Library/PrivateFrameworks/CoreMediaStream.framework/Versions/A/CoreMediaStream
0x00000001b3229000 	/System/Library/PrivateFrameworks/CPAnalytics.framework/Versions/A/CPAnalytics
0x00000001d7c84000 	/System/Library/PrivateFrameworks/MediaConversionService.framework/Versions/A/MediaConversionService
0x00000001b9948000 	/System/Library/PrivateFrameworks/PhotoFoundation.framework/Versions/A/PhotoFoundation
0x000000026741a000 	/System/Library/PrivateFrameworks/PhotoLibraryServicesCore.framework/Versions/A/PhotoLibraryServicesCore
0x00000001d19db000 	/System/Library/PrivateFrameworks/MMCS.framework/Versions/A/MMCS
0x00000001b7efc000 	/System/Library/PrivateFrameworks/ChunkingLibrary.framework/Versions/A/ChunkingLibrary
0x00000001b20dc000 	/System/Library/PrivateFrameworks/AssetCacheServices.framework/Versions/A/AssetCacheServices
0x00000001b3e04000 	/System/Library/PrivateFrameworks/AVFoundationCF.framework/Versions/A/AVFoundationCF
0x00000001ee126000 	/usr/lib/swift/libswiftDemangle.dylib
0x00000001c481f000 	/System/Library/PrivateFrameworks/MediaStream.framework/Versions/A/MediaStream
0x00000001d819e000 	/System/Library/PrivateFrameworks/NeutrinoCore.framework/Versions/A/NeutrinoCore
0x00000001a3344000 	/System/Library/PrivateFrameworks/NLP.framework/Versions/A/NLP
0x00000001ddbac000 	/System/Library/PrivateFrameworks/PhotoImaging.framework/Versions/A/PhotoImaging
0x00000001dedc1000 	/System/Library/PrivateFrameworks/PhotosImagingFoundation.framework/Versions/A/PhotosImagingFoundation
0x0000000267ef5000 	/System/Library/PrivateFrameworks/PhotosIntelligenceCore.framework/Versions/A/PhotosIntelligenceCore
0x00000001b429b000 	/System/Library/PrivateFrameworks/EmbeddedAcousticRecognition.framework/Versions/A/EmbeddedAcousticRecognition
0x00000001d6043000 	/System/Library/PrivateFrameworks/SDAPI.framework/Versions/A/SDAPI
0x00000001dee0e000 	/System/Library/PrivateFrameworks/AutoLoop.framework/Versions/A/AutoLoop
0x000000026895e000 	/System/Library/PrivateFrameworks/Portrait.framework/Versions/A/Portrait
0x0000000245891000 	/System/Library/PrivateFrameworks/AppleDepth.framework/Versions/A/AppleDepth
0x000000025059c000 	/System/Library/PrivateFrameworks/FusionTracker.framework/Versions/A/FusionTracker
0x000000024597f000 	/System/Library/PrivateFrameworks/AppleDepthCore.framework/Versions/A/AppleDepthCore
0x00000001c6bf4000 	/System/Library/PrivateFrameworks/iTunesCloud.framework/Versions/A/iTunesCloud
0x00000001cf4a0000 	/System/Library/PrivateFrameworks/DAAPKit.framework/Versions/A/DAAPKit
0x0000000284875000 	/usr/lib/swift/libswiftVideoToolbox.dylib
0x00000001c23f5000 	/System/Library/PrivateFrameworks/DeviceManagement.framework/Versions/A/DeviceManagement
0x00000001e4897000 	/System/Library/PrivateFrameworks/ScreenTimeUI.framework/Versions/A/ScreenTimeUI
0x00000001c459c000 	/System/Library/PrivateFrameworks/QuickLookNonBaseSystem.framework/Versions/A/QuickLookNonBaseSystem
0x00000001c4d6b000 	/System/Library/PrivateFrameworks/Catalyst.framework/Versions/A/Catalyst
0x00000002600e2000 	/System/Library/PrivateFrameworks/ManagedSettingsObjC.framework/Versions/A/ManagedSettingsObjC
0x00000001c6685000 	/System/Library/PrivateFrameworks/ScreenTimeCore.framework/Versions/A/ScreenTimeCore
0x00000001d8d72000 	/System/Library/PrivateFrameworks/ScreenTimeServiceUI.framework/Versions/A/ScreenTimeServiceUI
0x00000001d1b66000 	/System/Library/PrivateFrameworks/ConfigurationEngineModel.framework/Versions/A/ConfigurationEngineModel
0x00000001d4886000 	/System/Library/PrivateFrameworks/UsageTracking.framework/Versions/A/UsageTracking
0x00000001fe14a000 	/System/Library/Frameworks/DeviceActivity.framework/Versions/A/DeviceActivity
0x00000001d4856000 	/System/Library/PrivateFrameworks/KnowledgeMonitor.framework/Versions/A/KnowledgeMonitor
0x00000001eb3ae000 	/System/Library/PrivateFrameworks/BluetoothManager.framework/Versions/A/BluetoothManager
0x00000001ff2a5000 	/System/Library/Frameworks/ManagedSettings.framework/Versions/A/ManagedSettings
0x000000026011b000 	/System/Library/PrivateFrameworks/ManagedSettingsSupport.framework/Versions/A/ManagedSettingsSupport
0x00000001e8cab000 	/System/Library/Frameworks/ReplayKit.framework/Versions/A/ReplayKit
0x00000001bac74000 	/System/Library/PrivateFrameworks/MarkupUI.framework/Versions/A/MarkupUI
0x00000001c4574000 	/System/Library/PrivateFrameworks/SidecarCore.framework/Versions/A/SidecarCore
0x00000001c6ff5000 	/System/Library/PrivateFrameworks/AnnotationKit.framework/Versions/A/AnnotationKit
0x0000000203c00000 	/System/Library/Frameworks/Translation.framework/Versions/A/Translation
0x00000001e07d6000 	/System/Library/PrivateFrameworks/RevealCore.framework/Versions/A/RevealCore
0x00000001e07ca000 	/System/Library/PrivateFrameworks/Reveal.framework/Versions/A/Reveal
0x0000000277ebd000 	/System/Library/PrivateFrameworks/TranslationUIServices.framework/Versions/A/TranslationUIServices
0x00000001c579b000 	/System/Library/Frameworks/PencilKit.framework/Versions/A/PencilKit
0x00000001c5950000 	/System/Library/PrivateFrameworks/SidecarUI.framework/Versions/A/SidecarUI
0x00000001c5148000 	/System/Library/PrivateFrameworks/CoreHandwriting.framework/Versions/A/CoreHandwriting
0x000000019d50b000 	/usr/lib/libmecabra.dylib
0x00000001be4cf000 	/System/Library/PrivateFrameworks/Calculate.framework/Versions/A/Calculate
0x00000001aba6b000 	/usr/lib/libChineseTokenizer.dylib
0x00000001f9909000 	/System/Library/PrivateFrameworks/ScreenReaderCore.framework/Versions/A/ScreenReaderCore
0x0000000273fed000 	/System/Library/PrivateFrameworks/StocksKit.framework/Versions/A/StocksKit
0x00000001bd648000 	/System/Library/PrivateFrameworks/OAuth.framework/Versions/A/OAuth
0x0000000273c9a000 	/System/Library/PrivateFrameworks/StocksCore.framework/Versions/A/StocksCore
0x0000000274cfe000 	/System/Library/PrivateFrameworks/TeaFoundation.framework/Versions/A/TeaFoundation
0x0000000274ee7000 	/System/Library/PrivateFrameworks/TeaSettings.framework/Versions/A/TeaSettings
0x00000001ef4f0000 	/System/Library/PrivateFrameworks/NewsCore.framework/Versions/A/NewsCore
0x0000000274c9b000 	/System/Library/PrivateFrameworks/TeaDB.framework/Versions/A/TeaDB
0x00000001ec197000 	/System/Library/PrivateFrameworks/RemoteConfiguration.framework/Versions/A/RemoteConfiguration
0x00000001ef12a000 	/System/Library/PrivateFrameworks/NewsTransport.framework/Versions/A/NewsTransport
0x00000001ef4e0000 	/System/Library/PrivateFrameworks/NewsFoundation.framework/Versions/A/NewsFoundation
0x0000000263978000 	/System/Library/PrivateFrameworks/NewsURLBucket.framework/Versions/A/NewsURLBucket
0x00000001c8a14000 	/System/Library/PrivateFrameworks/MobileInstallation.framework/Versions/A/MobileInstallation
0x0000000276f04000 	/System/Library/PrivateFrameworks/TipKitCore.framework/Versions/A/TipKitCore
0x00000001cd7af000 	/System/Library/PrivateFrameworks/CoreCDPInternal.framework/Versions/A/CoreCDPInternal
0x00000001bd59a000 	/System/Library/PrivateFrameworks/AccountsDaemon.framework/Versions/A/AccountsDaemon
0x000000026a067000 	/System/Library/PrivateFrameworks/RegulatoryDomain.framework/Versions/A/RegulatoryDomain
0x00000001e50c7000 	/System/Library/PrivateFrameworks/MachineSettings.framework/Versions/A/MachineSettings
0x00000001d7544000 	/System/Library/PrivateFrameworks/BezelServices.framework/Versions/A/BezelServices
0x00000001cf529000 	/System/Library/PrivateFrameworks/SPOwner.framework/Versions/A/SPOwner
0x00000001c884f000 	/System/Library/PrivateFrameworks/FMCore.framework/Versions/A/FMCore
0x000000027ea74000 	/System/Library/PrivateFrameworks/iCloudQuota.framework/Versions/A/iCloudQuota
0x00000001bdfcb000 	/System/Library/PrivateFrameworks/CoreRecognition.framework/Versions/A/CoreRecognition
0x00000001d75f9000 	/System/Library/PrivateFrameworks/InAppMessages.framework/Versions/A/InAppMessages
0x00000001f8654000 	/System/Library/PrivateFrameworks/JetUI.framework/Versions/A/JetUI
0x000000025ce7e000 	/System/Library/PrivateFrameworks/JetPack.framework/Versions/A/JetPack
0x00000001d75f0000 	/System/Library/PrivateFrameworks/InAppMessagesCore.framework/Versions/A/InAppMessagesCore
0x000000027e16c000 	/System/Library/PrivateFrameworks/_JetEngine_SwiftUI.framework/Versions/A/_JetEngine_SwiftUI
0x00000002745eb000 	/System/Library/PrivateFrameworks/Synapse.framework/Versions/A/Synapse
0x0000000248605000 	/System/Library/PrivateFrameworks/CSExattrCrypto.framework/Versions/A/CSExattrCrypto
0x00000001b9959000 	/System/Library/PrivateFrameworks/IMSharedUtilities.framework/Versions/A/IMSharedUtilities
0x00000001d2914000 	/System/Library/Frameworks/InstantMessage.framework/Versions/A/InstantMessage
0x00000001cb395000 	/System/Library/PrivateFrameworks/IDSKVStore.framework/Versions/A/IDSKVStore
0x00000001cb1d5000 	/System/Library/PrivateFrameworks/IMDPersistence.framework/Versions/A/IMDPersistence
0x0000000284791000 	/usr/lib/swift/libswiftAppleArchive.dylib
0x00000002795f2000 	/System/Library/PrivateFrameworks/UserSafety.framework/Versions/A/UserSafety
0x00000001ea600000 	/System/Library/PrivateFrameworks/BlastDoor.framework/Versions/A/BlastDoor
0x00000002026d8000 	/System/Library/Frameworks/SensitiveContentAnalysis.framework/Versions/A/SensitiveContentAnalysis
0x000000025df64000 	/System/Library/PrivateFrameworks/LinkPresentationStyleSheetParsing.framework/Versions/A/LinkPresentationStyleSheetParsing
0x00000001c4bf4000 	/System/Library/PrivateFrameworks/CoreSDB.framework/Versions/A/CoreSDB
0x00000002469d9000 	/System/Library/PrivateFrameworks/AskToCore.framework/Versions/A/AskToCore
0x00000001c99de000 	/System/Library/PrivateFrameworks/StoreFoundation.framework/Versions/A/StoreFoundation
0x00000001c8849000 	/System/Library/PrivateFrameworks/ServerInformation.framework/Versions/A/ServerInformation
0x00000001c82ba000 	/System/Library/PrivateFrameworks/Install.framework/Frameworks/DistributionKit.framework/Versions/A/DistributionKit
0x00000001c1eb1000 	/System/Library/PrivateFrameworks/PackageKit.framework/Versions/A/PackageKit
0x00000001c82dd000 	/System/Library/PrivateFrameworks/OSPersonalization.framework/Versions/A/OSPersonalization
0x00000001c9f4a000 	/System/Library/PrivateFrameworks/BridgeOSSoftwareUpdate.framework/Versions/A/BridgeOSSoftwareUpdate
0x00000001c5070000 	/System/Library/PrivateFrameworks/StorageManagement.framework/Versions/A/StorageManagement
0x00000001d88fb000 	/usr/lib/libauthinstall.dylib
0x00000001c9f53000 	/System/Library/PrivateFrameworks/InstallerDiagnostics.framework/Versions/A/InstallerDiagnostics
0x00000001d8f2e000 	/usr/lib/libcrypto.42.dylib
0x00000001c9f38000 	/System/Library/PrivateFrameworks/GPUInfo.framework/Versions/A/GPUInfo
0x00000001d76f0000 	/System/Library/PrivateFrameworks/MobileActivationMacOS.framework/Versions/A/MobileActivationMacOS
0x00000001b31d0000 	/System/Library/PrivateFrameworks/GenerationalStorage.framework/Versions/A/GenerationalStorage
0x00000001ae730000 	/System/Library/PrivateFrameworks/CacheDelete.framework/Versions/A/CacheDelete
0x00000001b660e000 	/System/Library/Frameworks/QuickLookThumbnailing.framework/Versions/A/QuickLookThumbnailing
0x00000001b3002000 	/System/Library/Frameworks/FileProvider.framework/Versions/A/FileProvider
0x00000001a17a7000 	/System/Library/PrivateFrameworks/DesktopServicesPriv.framework/Versions/A/DesktopServicesPriv
0x00000001a3a69000 	/System/Library/Frameworks/Accounts.framework/Versions/A/Accounts
0x00000001c9f97000 	/System/Library/PrivateFrameworks/AOSKit.framework/Versions/A/AOSKit
0x00000001abb9b000 	/System/Library/PrivateFrameworks/AppSSOCore.framework/Versions/A/AppSSOCore
0x00000001b5cbb000 	/System/Library/PrivateFrameworks/AppSupport.framework/Versions/A/AppSupport
0x00000001c407a000 	/System/Library/Frameworks/AVFoundation.framework/Versions/A/AVFoundation
0x00000001b6531000 	/System/Library/PrivateFrameworks/DuetActivityScheduler.framework/Versions/A/DuetActivityScheduler
0x00000001c4b9b000 	/System/Library/PrivateFrameworks/FTServices.framework/Versions/A/FTServices
0x00000001d5d15000 	/System/Library/PrivateFrameworks/NetworkServiceProxy.framework/Versions/A/NetworkServiceProxy
0x00000001b64f7000 	/System/Library/PrivateFrameworks/StreamingZip.framework/Versions/A/StreamingZip
0x00000001b55e7000 	/System/Library/PrivateFrameworks/CoreWiFi.framework/Versions/A/CoreWiFi
0x00000001ae65c000 	/System/Library/PrivateFrameworks/MobileAsset.framework/Versions/A/MobileAsset
0x00000001b41a8000 	/System/Library/PrivateFrameworks/Rapport.framework/Versions/A/Rapport
0x000000027434e000 	/System/Library/PrivateFrameworks/Symptoms.framework/Versions/A/Frameworks/SymptomAnalytics.framework/Versions/A/SymptomAnalytics
0x00000001b1d48000 	/usr/lib/libnetworkextension.dylib
0x0000000284077000 	/usr/lib/libmrc.dylib
0x000000025939f000 	/System/Library/PrivateFrameworks/IPConfiguration.framework/Versions/A/IPConfiguration
0x00000001e4f0f000 	/System/Library/PrivateFrameworks/Netrb.framework/Versions/A/Netrb
0x00000001efe92000 	/System/Library/PrivateFrameworks/WiFiPeerToPeer.framework/Versions/A/WiFiPeerToPeer
0x00000001cbb35000 	/System/Library/PrivateFrameworks/SoftwareUpdateCoreSupport.framework/Versions/A/SoftwareUpdateCoreSupport
0x00000001d34d6000 	/System/Library/PrivateFrameworks/SoftwareUpdateCoreConnect.framework/Versions/A/SoftwareUpdateCoreConnect
0x00000001b5b73000 	/System/Library/PrivateFrameworks/RemoteServiceDiscovery.framework/Versions/A/RemoteServiceDiscovery
0x00000001cb7bb000 	/System/Library/PrivateFrameworks/MSUDataAccessor.framework/Versions/A/MSUDataAccessor
0x00000001c6fb0000 	/usr/lib/libbootpolicy.dylib
0x00000001b5b89000 	/System/Library/PrivateFrameworks/RemoteXPC.framework/Versions/A/RemoteXPC
0x00000001d2924000 	/usr/lib/libFDR.dylib
0x00000001d89ce000 	/usr/lib/libamsupport.dylib
0x00000002837ca000 	/usr/lib/libReverseProxyDevice.dylib
0x00000002459ff000 	/System/Library/PrivateFrameworks/AppleDeviceQuerySupport.framework/Versions/A/AppleDeviceQuerySupport
0x00000001db8bb000 	/usr/lib/libpartition2_dynamic.dylib
0x00000001aa195000 	/System/Library/Frameworks/UserNotifications.framework/Versions/A/UserNotifications
0x00000001eb1c4000 	/System/Library/Frameworks/CryptoKit.framework/Versions/A/CryptoKit
0x00000001b64cf000 	/System/Library/PrivateFrameworks/CryptoKitCBridging.framework/Versions/A/CryptoKitCBridging
0x00000001b3d1e000 	/System/Library/Frameworks/CryptoTokenKit.framework/Versions/A/CryptoTokenKit
0x00000001df418000 	/usr/lib/swift/libswiftCryptoTokenKit.dylib
0x00000001b3d82000 	/System/Library/Frameworks/LocalAuthentication.framework/Versions/A/LocalAuthentication
0x000000025e139000 	/System/Library/PrivateFrameworks/LocalAuthenticationCore.framework/Versions/A/LocalAuthenticationCore
0x00000001b3dd7000 	/System/Library/Frameworks/LocalAuthentication.framework/Support/SharedUtils.framework/Versions/A/SharedUtils
0x00000001ae7c8000 	/usr/lib/libTelephonyUtilDynamic.dylib
0x00000001b2dab000 	/System/Library/PrivateFrameworks/SymptomDiagnosticReporter.framework/Versions/A/SymptomDiagnosticReporter
0x000000024dd1b000 	/System/Library/PrivateFrameworks/CryptoKitPrivate.framework/Versions/A/CryptoKitPrivate
0x00000001a5b7d000 	/System/Library/PrivateFrameworks/ApplePushService.framework/Versions/A/ApplePushService
0x00000001c42a5000 	/System/Library/PrivateFrameworks/FindMyDevice.framework/Versions/A/FindMyDevice
0x00000001a3aee000 	/System/Library/PrivateFrameworks/CommonUtilities.framework/Versions/A/CommonUtilities
0x00000001da345000 	/System/Library/PrivateFrameworks/DeviceIdentity.framework/Versions/A/DeviceIdentity
0x00000001ac2c5000 	/System/Library/PrivateFrameworks/Bom.framework/Versions/A/Bom
0x00000001ae28c000 	/usr/lib/libParallelCompression.dylib
0x00000001ae27e000 	/System/Library/PrivateFrameworks/MultiverseSupport.framework/Versions/A/MultiverseSupport
0x00000001b9db6000 	/System/Library/PrivateFrameworks/FMCoreLite.framework/Versions/A/FMCoreLite
0x00000001a9ef1000 	/System/Library/PrivateFrameworks/AuthKit.framework/Versions/A/AuthKit
0x00000001b2ede000 	/System/Library/PrivateFrameworks/DiskManagement.framework/Versions/A/DiskManagement
0x00000001b2dea000 	/System/Library/PrivateFrameworks/AppleIDAuthSupport.framework/Versions/A/AppleIDAuthSupport
0x000000024265b000 	/System/Library/PrivateFrameworks/AAAFoundation.framework/Versions/A/AAAFoundation
0x00000001ae77c000 	/System/Library/PrivateFrameworks/KeychainCircle.framework/Versions/A/KeychainCircle
0x00000001be9a9000 	/System/Library/PrivateFrameworks/URLFormatting.framework/Versions/A/URLFormatting
0x00000001b5c27000 	/usr/lib/libcsfde.dylib
0x00000001abd25000 	/usr/lib/libCoreStorage.dylib
0x00000001afb3b000 	/System/Library/PrivateFrameworks/ProtectedCloudStorage.framework/Versions/A/ProtectedCloudStorage
0x00000001b5c22000 	/System/Library/PrivateFrameworks/EFILogin.framework/Versions/A/EFILogin
0x00000001bdc51000 	/System/Library/PrivateFrameworks/CloudServices.framework/Versions/A/CloudServices
0x00000001b31f7000 	/System/Library/PrivateFrameworks/OctagonTrust.framework/Versions/A/OctagonTrust
0x00000001b3911000 	/System/Library/PrivateFrameworks/AVFCore.framework/Versions/A/AVFCore
0x00000001bc6db000 	/System/Library/PrivateFrameworks/AVFCapture.framework/Versions/A/AVFCapture
0x00000001acf9b000 	/System/Library/Frameworks/MediaToolbox.framework/Versions/A/MediaToolbox
0x00000001b2fd3000 	/System/Library/PrivateFrameworks/CoreAVCHD.framework/Versions/A/CoreAVCHD
0x00000001b2fcf000 	/System/Library/PrivateFrameworks/Mangrove.framework/Versions/A/Mangrove
0x00000002484f5000 	/System/Library/PrivateFrameworks/CMPhoto.framework/Versions/A/CMPhoto
0x00000001b372e000 	/System/Library/Frameworks/CoreTelephony.framework/Versions/A/CoreTelephony
0x00000001b2fc2000 	/System/Library/PrivateFrameworks/CoreAUC.framework/Versions/A/CoreAUC
0x0000000245e41000 	/System/Library/PrivateFrameworks/AppleJPEGXL.framework/Versions/A/AppleJPEGXL
0x0000000248321000 	/System/Library/PrivateFrameworks/CMImaging.framework/Versions/A/CMImaging
0x00000001bc8f3000 	/System/Library/PrivateFrameworks/Quagga.framework/Versions/A/Quagga
0x00000001bca26000 	/System/Library/PrivateFrameworks/CMCapture.framework/Versions/A/CMCapture
0x00000001ae360000 	/System/Library/Frameworks/CoreMediaIO.framework/Versions/A/CoreMediaIO
0x00000001b665a000 	/System/Library/PrivateFrameworks/Espresso.framework/Versions/A/Espresso
0x00000001f9cc5000 	/System/Library/PrivateFrameworks/ANECompiler.framework/Versions/A/ANECompiler
0x00000001b8640000 	/System/Library/PrivateFrameworks/AppleNeuralEngine.framework/Versions/A/AppleNeuralEngine
0x00000001fff64000 	/System/Library/Frameworks/MetalPerformanceShadersGraph.framework/Versions/A/MetalPerformanceShadersGraph
0x000000025ec31000 	/System/Library/PrivateFrameworks/MLCompilerServices.framework/Versions/A/MLCompilerServices
0x00000001b7516000 	/System/Library/PrivateFrameworks/ANEServices.framework/Versions/A/ANEServices
0x00000001c9d0c000 	/usr/lib/libncurses.5.4.dylib
0x00000001a00f3000 	/usr/lib/libsandbox.1.dylib
0x00000001abd1d000 	/usr/lib/libMatch.1.dylib
0x000000025ebd5000 	/System/Library/PrivateFrameworks/MLCompilerRuntime.framework/Versions/A/MLCompilerRuntime
0x0000000248257000 	/System/Library/PrivateFrameworks/CMCaptureDevice.framework/Versions/A/CMCaptureDevice
0x0000000249047000 	/System/Library/PrivateFrameworks/CinematicFraming.framework/Versions/A/CinematicFraming
0x00000001c3ca3000 	/System/Library/Frameworks/CoreMotion.framework/Versions/A/CoreMotion
0x00000001d29cd000 	/System/Library/PrivateFrameworks/TimeSync.framework/Versions/A/TimeSync
0x000000024e7bb000 	/System/Library/PrivateFrameworks/DistributedSensing.framework/Versions/A/DistributedSensing
0x00000001ce89c000 	/System/Library/PrivateFrameworks/MobileBluetooth.framework/Versions/A/MobileBluetooth
0x00000001adf34000 	/System/Library/PrivateFrameworks/LocationSupport.framework/Versions/A/LocationSupport
0x00000001d448f000 	/System/Library/PrivateFrameworks/IOKitten.framework/Versions/A/IOKitten
0x00000001a1a12000 	/System/Library/PrivateFrameworks/CoreDuet.framework/Versions/A/CoreDuet
0x00000001b4f40000 	/System/Library/PrivateFrameworks/CoreDuetContext.framework/Versions/A/CoreDuetContext
0x00000001cf449000 	/System/Library/PrivateFrameworks/BiomeFoundation.framework/Versions/A/BiomeFoundation
0x0000000247186000 	/System/Library/PrivateFrameworks/BiomeLibrary.framework/Versions/A/BiomeLibrary
0x00000001d2a4b000 	/System/Library/PrivateFrameworks/BiomeStreams.framework/Versions/A/BiomeStreams
0x00000001d8d79000 	/System/Library/PrivateFrameworks/BiomePubSub.framework/Versions/A/BiomePubSub
0x00000001a5be5000 	/System/Library/Frameworks/CloudKit.framework/Versions/A/CloudKit
0x00000001b4f96000 	/System/Library/Frameworks/Intents.framework/Versions/A/Intents
0x00000001b76be000 	/System/Library/PrivateFrameworks/CoreDuetDaemonProtocol.framework/Versions/A/CoreDuetDaemonProtocol
0x00000001b7544000 	/System/Library/PrivateFrameworks/ProactiveSupport.framework/Versions/A/ProactiveSupport
0x00000002688c5000 	/System/Library/PrivateFrameworks/PoirotSchematizer.framework/Versions/A/PoirotSchematizer
0x0000000247820000 	/System/Library/PrivateFrameworks/BiomeSync.framework/Versions/A/BiomeSync
0x0000000247167000 	/System/Library/PrivateFrameworks/BiomeFlexibleStorage.framework/Versions/A/BiomeFlexibleStorage
0x000000024714b000 	/System/Library/PrivateFrameworks/BiomeDSL.framework/Versions/A/BiomeDSL
0x00000001d8dd6000 	/System/Library/PrivateFrameworks/BiomeStorage.framework/Versions/A/BiomeStorage
0x0000000268932000 	/System/Library/PrivateFrameworks/PoirotUDFs.framework/Versions/A/PoirotUDFs
0x0000000268894000 	/System/Library/PrivateFrameworks/PoirotSQLite.framework/Versions/A/PoirotSQLite
0x00000001b5fc3000 	/System/Library/PrivateFrameworks/InternationalTextSearch.framework/Versions/A/InternationalTextSearch
0x000000025c75d000 	/System/Library/PrivateFrameworks/IntelligencePlatformLibrary.framework/Versions/A/IntelligencePlatformLibrary
0x0000000248c0c000 	/System/Library/PrivateFrameworks/CascadeSets.framework/Versions/A/CascadeSets
0x00000001af21a000 	/System/Library/PrivateFrameworks/IDS.framework/Versions/A/IDS
0x00000001adeba000 	/System/Library/PrivateFrameworks/IMFoundation.framework/Versions/A/IMFoundation
0x00000001bdf80000 	/System/Library/PrivateFrameworks/Marco.framework/Versions/A/Marco
0x00000001af3e7000 	/System/Library/PrivateFrameworks/IDSFoundation.framework/Versions/A/IDSFoundation
0x00000001baca0000 	/System/Library/PrivateFrameworks/Engram.framework/Versions/A/Engram
0x00000001bac40000 	/usr/lib/libtidy.A.dylib
0x00000001d2534000 	/System/Library/PrivateFrameworks/FTAWD.framework/Versions/A/FTAWD
0x0000000202798000 	/System/Library/Frameworks/SharedWithYouCore.framework/Versions/A/SharedWithYouCore
0x00000001b608e000 	/System/Library/PrivateFrameworks/AppleAccount.framework/Versions/A/AppleAccount
0x00000001b65b4000 	/System/Library/PrivateFrameworks/C2.framework/Versions/A/C2
0x00000001a73d7000 	/System/Library/Frameworks/CoreLocation.framework/Versions/A/CoreLocation
0x00000002493f5000 	/System/Library/PrivateFrameworks/CloudAssets.framework/Versions/A/CloudAssets
0x00000001b65ab000 	/System/Library/Frameworks/PushKit.framework/Versions/A/PushKit
0x00000001e0eec000 	/usr/lib/swift/libswiftAVFoundation.dylib
0x00000001cb17c000 	/usr/lib/swift/libswiftCoreLocation.dylib
0x00000001cb192000 	/usr/lib/swift/libswiftCoreMIDI.dylib
0x00000001df41a000 	/usr/lib/swift/libswiftCoreMedia.dylib
0x00000001af67b000 	/System/Library/PrivateFrameworks/Sharing.framework/Versions/A/Sharing
0x00000001b55e6000 	/System/Library/PrivateFrameworks/Apple80211.framework/Versions/A/Apple80211
0x00000001a94ac000 	/System/Library/Frameworks/CoreWLAN.framework/Versions/A/CoreWLAN
0x00000001b96ab000 	/System/Library/PrivateFrameworks/AssistantServices.framework/Versions/A/AssistantServices
0x00000001b3fab000 	/System/Library/PrivateFrameworks/SAObjects.framework/Versions/A/SAObjects
0x00000001b92e3000 	/System/Library/PrivateFrameworks/MediaRemote.framework/Versions/A/MediaRemote
0x00000001ca3ee000 	/System/Library/PrivateFrameworks/SiriInstrumentation.framework/Versions/A/SiriInstrumentation
0x000000026c162000 	/System/Library/PrivateFrameworks/SiriAnalytics.framework/Versions/A/SiriAnalytics
0x0000000271d18000 	/System/Library/PrivateFrameworks/SiriTTSService.framework/Versions/A/SiriTTSService
0x000000026cb1e000 	/System/Library/PrivateFrameworks/SiriCrossDeviceArbitration.framework/Versions/A/SiriCrossDeviceArbitration
0x00000001c8087000 	/System/Library/PrivateFrameworks/FeedbackLogger.framework/Versions/A/FeedbackLogger
0x000000026cb72000 	/System/Library/PrivateFrameworks/SiriCrossDeviceArbitrationFeedback.framework/Versions/A/SiriCrossDeviceArbitrationFeedback
0x000000025655d000 	/System/Library/PrivateFrameworks/GenerativeModels.framework/Versions/A/GenerativeModels
0x00000001bddec000 	/System/Library/PrivateFrameworks/MediaServices.framework/Versions/A/MediaServices
0x00000001abf88000 	/System/Library/PrivateFrameworks/PersistentConnection.framework/Versions/A/PersistentConnection
0x00000001afe14000 	/System/Library/PrivateFrameworks/GeoServices.framework/Versions/A/GeoServices
0x0000000256785000 	/System/Library/PrivateFrameworks/GeoServicesCore.framework/Versions/A/GeoServicesCore
0x00000001be9a7000 	/System/Library/PrivateFrameworks/PhoneNumbers.framework/Versions/A/PhoneNumbers
0x000000024e223000 	/System/Library/PrivateFrameworks/Dendrite.framework/Versions/A/Dendrite
0x0000000246aff000 	/System/Library/PrivateFrameworks/AtomicsInternal.framework/Versions/A/AtomicsInternal
0x00000001cbf8c000 	/usr/lib/libtailspin.dylib
0x00000001def16000 	/System/Library/PrivateFrameworks/Osprey.framework/Versions/A/Osprey
0x0000000271397000 	/System/Library/PrivateFrameworks/SiriTTS.framework/Versions/A/SiriTTS
0x00000001c4cb8000 	/System/Library/Frameworks/NaturalLanguage.framework/Versions/A/NaturalLanguage
0x00000002700d1000 	/System/Library/PrivateFrameworks/SiriPowerInstrumentation.framework/Versions/A/SiriPowerInstrumentation
0x00000001c5add000 	/System/Library/PrivateFrameworks/Trial.framework/Versions/A/Trial
0x00000001c5a5f000 	/System/Library/PrivateFrameworks/TrialProto.framework/Versions/A/TrialProto
0x0000000278e68000 	/System/Library/PrivateFrameworks/UnifiedAssetFramework.framework/Versions/A/UnifiedAssetFramework
0x00000001efe16000 	/usr/lib/swift/libswiftNaturalLanguage.dylib
0x0000000274c99000 	/System/Library/PrivateFrameworks/TailspinSymbolication.framework/Versions/A/TailspinSymbolication
0x000000024df32000 	/System/Library/PrivateFrameworks/Darwinup.framework/Versions/A/Darwinup
0x00000001d7cf1000 	/System/Library/PrivateFrameworks/SignpostSupport.framework/Versions/A/SignpostSupport
0x00000001c4b81000 	/System/Library/PrivateFrameworks/FeatureFlagsSupport.framework/Versions/A/FeatureFlagsSupport
0x00000001d7454000 	/System/Library/PrivateFrameworks/ktrace.framework/Versions/A/ktrace
0x00000001d7f71000 	/System/Library/PrivateFrameworks/SampleAnalysis.framework/Versions/A/SampleAnalysis
0x00000001e07b2000 	/System/Library/PrivateFrameworks/kperfdata.framework/Versions/A/kperfdata
0x00000001afcf5000 	/usr/lib/libdscsym.dylib
0x00000001e0c4a000 	/System/Library/PrivateFrameworks/BulkSymbolication.framework/Versions/A/BulkSymbolication
0x00000001a6080000 	/System/Library/Frameworks/CoreML.framework/Versions/A/CoreML
0x00000001ee0f0000 	/usr/lib/libedit.3.dylib
0x00000001a9af2000 	/System/Library/Frameworks/MLCompute.framework/Versions/A/MLCompute
0x000000025ea84000 	/System/Library/PrivateFrameworks/MLAssetIO.framework/Versions/A/MLAssetIO
0x00000002847d3000 	/usr/lib/swift/libswiftMLCompute.dylib
0x000000019e5c9000 	/System/Library/PrivateFrameworks/LanguageModeling.framework/Versions/A/LanguageModeling
0x00000001a3130000 	/System/Library/PrivateFrameworks/Montreal.framework/Versions/A/Montreal
0x00000001aa420000 	/usr/lib/libcmph.dylib
0x000000025661f000 	/System/Library/PrivateFrameworks/GenerativeModelsFoundation.framework/Versions/A/GenerativeModelsFoundation
0x000000027722f000 	/System/Library/PrivateFrameworks/TokenGeneration.framework/Versions/A/TokenGeneration
0x00000002563f6000 	/System/Library/PrivateFrameworks/GenerativeFunctions.framework/Versions/A/GenerativeFunctions
0x0000000256447000 	/System/Library/PrivateFrameworks/GenerativeFunctionsFoundation.framework/Versions/A/GenerativeFunctionsFoundation
0x00000002619d8000 	/System/Library/PrivateFrameworks/ModelCatalog.framework/Versions/A/ModelCatalog
0x000000026ba5f000 	/System/Library/PrivateFrameworks/SensitiveContentAnalysisML.framework/Versions/A/SensitiveContentAnalysisML
0x00000002564f6000 	/System/Library/PrivateFrameworks/GenerativeFunctionsInstrumentation.framework/Versions/A/GenerativeFunctionsInstrumentation
0x0000000269957000 	/System/Library/PrivateFrameworks/PromptKit.framework/Versions/A/PromptKit
0x0000000269481000 	/System/Library/PrivateFrameworks/ProactiveDaemonSupport.framework/Versions/A/ProactiveDaemonSupport
0x00000002773e7000 	/System/Library/PrivateFrameworks/TokenGenerationCore.framework/Versions/A/TokenGenerationCore
0x000000027a4df000 	/System/Library/PrivateFrameworks/VectorSearch.framework/Versions/A/VectorSearch
0x0000000261c9d000 	/System/Library/PrivateFrameworks/ModelManagerServices.framework/Versions/A/ModelManagerServices
0x0000000245a61000 	/System/Library/PrivateFrameworks/AppleFlatBuffers.framework/Versions/A/AppleFlatBuffers
0x00000001be396000 	/System/Library/PrivateFrameworks/ProactiveEventTracker.framework/Versions/A/ProactiveEventTracker
0x0000000242677000 	/System/Library/PrivateFrameworks/AAAFoundationSwift.framework/Versions/A/AAAFoundationSwift
0x00000001b62e3000 	/System/Library/PrivateFrameworks/AppleIDSSOAuthentication.framework/Versions/A/AppleIDSSOAuthentication
0x00000001d1cbf000 	/usr/lib/swift/libswiftCompression.dylib
0x000000026bbea000 	/System/Library/PrivateFrameworks/SentencePieceInternal.framework/Versions/A/SentencePieceInternal
0x00000001b2176000 	/System/Library/Frameworks/Vision.framework/Versions/A/Vision
0x000000024d986000 	/System/Library/PrivateFrameworks/CoreSceneUnderstanding.framework/Versions/A/CoreSceneUnderstanding
0x000000027b06a000 	/System/Library/PrivateFrameworks/VisionCore.framework/Versions/A/VisionCore
0x00000001cd88d000 	/System/Library/Frameworks/Vision.framework/libfaceCore.dylib
0x00000001ce387000 	/System/Library/PrivateFrameworks/Futhark.framework/Versions/A/Futhark
0x00000001d1a87000 	/System/Library/PrivateFrameworks/InertiaCam.framework/Versions/A/InertiaCam
0x00000001ce13a000 	/System/Library/PrivateFrameworks/TextRecognition.framework/Versions/A/TextRecognition
0x00000001abbbb000 	/System/Library/PrivateFrameworks/CVNLP.framework/Versions/A/CVNLP
0x0000000255178000 	/System/Library/PrivateFrameworks/GRDBInternal.framework/Versions/A/GRDBInternal
0x00000001b83ae000 	/System/Library/PrivateFrameworks/RTCReporting.framework/Versions/A/RTCReporting
0x00000001b659a000 	/System/Library/PrivateFrameworks/IntentsFoundation.framework/Versions/A/IntentsFoundation
0x00000001aefa3000 	/System/Library/Frameworks/NetworkExtension.framework/Versions/A/NetworkExtension
0x00000001c988d000 	/System/Library/PrivateFrameworks/CaptiveNetwork.framework/Versions/A/CaptiveNetwork
0x00000001b5b33000 	/System/Library/PrivateFrameworks/EAP8021X.framework/Versions/A/EAP8021X
0x00000001d7f3d000 	/System/Library/PrivateFrameworks/UIKitServices.framework/Versions/A/UIKitServices
0x0000000115d2c000 	/System/Library/Extensions/AGXMetal13_3.bundle/Contents/MacOS/AGXMetal13_3
0x00000001bdc9e000 	/System/Library/PrivateFrameworks/IOGPU.framework/Versions/A/IOGPU
0x00000001cb161000 	/System/Library/Frameworks/Accelerate.framework/Versions/A/Frameworks/vImage.framework/Versions/A/Libraries/libCGInterfaces.dylib
0x0000000243c65000 	/System/Library/PrivateFrameworks/AccessibilityBundles.framework/Versions/A/AccessibilityBundles
0x00000001ce478000 	/System/Library/CoreServices/RawCamera.bundle/Contents/MacOS/RawCamera
0x00000001155e8000 	/Applications/REAPER.app/Contents/Plugins/elastique3.dylib
0x00000001151a0000 	/Applications/REAPER.app/Contents/Plugins/soundtouch.dylib
0x00000001155ac000 	/Applications/REAPER.app/Contents/Plugins/rubberband.dylib
0x0000000115730000 	/Applications/REAPER.app/Contents/Plugins/jsfx.dylib
0x000000011ed60000 	/Applications/REAPER.app/Contents/Plugins/reaper_wave.dylib
0x000000011ece8000 	/Applications/REAPER.app/Contents/Plugins/reaper_mp3dec.dylib
0x000000011ee58000 	/Applications/REAPER.app/Contents/Plugins/libmp3lame.dylib
0x000000011f1f4000 	/Applications/REAPER.app/Contents/Plugins/reaper_midi.dylib
0x000000011eee4000 	/Applications/REAPER.app/Contents/Plugins/reaper_wavpack.dylib
0x000000011ed9c000 	/Applications/REAPER.app/Contents/Plugins/reaper_opus.dylib
0x000000011efc8000 	/Applications/REAPER.app/Contents/Plugins/reaper_flac.dylib
0x000000011ef84000 	/Applications/REAPER.app/Contents/Plugins/reaper_rex.dylib
0x000000011ee2c000 	/Applications/REAPER.app/Contents/Plugins/reaper_ddp.dylib
0x000000011f0f8000 	/Applications/REAPER.app/Contents/Plugins/reaper_explorer.dylib
0x000000011f014000 	/Applications/REAPER.app/Contents/Plugins/reaper_cd.dylib
0x00000001fe200000 	/System/Library/Frameworks/DiscRecordingUI.framework/Versions/A/DiscRecordingUI
0x000000011f89c000 	/Applications/REAPER.app/Contents/Plugins/reaper_ogg.dylib
0x000000011f16c000 	/Applications/REAPER.app/Contents/Plugins/reaper_csurf.dylib
0x000000011f6b0000 	/Applications/REAPER.app/Contents/Plugins/reaper_video.dylib
0x000000011ef64000 	/Applications/REAPER.app/Contents/Plugins/reap_osx_modern.dylib
0x00000001c407b000 	/System/Library/Frameworks/AVKit.framework/Versions/A/AVKit
0x0000000243b16000 	/System/Library/PrivateFrameworks/AVKitCore.framework/Versions/A/AVKitCore
0x00000001d9939000 	/System/Library/PrivateFrameworks/PIP.framework/Versions/A/PIP
0x000000011f990000 	/opt/homebrew/Cellar/ffmpeg/8.1.2_1/lib/libavutil.60.26.102.dylib
0x000000011fc20000 	/opt/homebrew/Cellar/openssl@3/3.6.3/lib/libssl.3.dylib
0x00000001201ac000 	/opt/homebrew/Cellar/openssl@3/3.6.3/lib/libcrypto.3.dylib
0x000000011fb40000 	/opt/homebrew/Cellar/ffmpeg/8.1.2_1/lib/libswscale.9.5.102.dylib
0x000000011f034000 	/opt/homebrew/Cellar/ffmpeg/8.1.2_1/lib/libswresample.6.3.102.dylib
0x0000000120fb4000 	/opt/homebrew/Cellar/ffmpeg/8.1.2_1/lib/libavcodec.62.28.102.dylib
0x000000011feb0000 	/opt/homebrew/Cellar/libvpx/1.16.0/lib/libvpx.12.dylib
0x0000000120064000 	/opt/homebrew/Cellar/dav1d/1.5.4/lib/libdav1d.7.dylib
0x000000011f090000 	/opt/homebrew/Cellar/lame/4.0/lib/libmp3lame.0.dylib
0x000000011fd00000 	/opt/homebrew/Cellar/opus/1.6.1/lib/libopus.0.dylib
0x000000012094c000 	/opt/homebrew/Cellar/svt-av1/4.2.0/lib/libSvtAv1Enc.4.2.0.dylib
0x0000000120658000 	/opt/homebrew/Cellar/x264/r3222/lib/libx264.165.dylib
0x00000001226ec000 	/opt/homebrew/Cellar/x265/4.2/lib/libx265.216.dylib
0x000000011f83c000 	/opt/homebrew/Cellar/mpg123/1.33.6/lib/libmpg123.0.dylib
0x0000000121fb4000 	/opt/homebrew/Cellar/ffmpeg/8.1.2_1/lib/libavformat.62.12.102.dylib
0x0000000120c80000 	/Applications/VLC.app/Contents/MacOS/lib/libvlccore.9.dylib
0x0000000123bf4000 	/Applications/VLC.app/Contents/MacOS/plugins/libavcodec_plugin.dylib
0x000000011f054000 	/Applications/VLC.app/Contents/MacOS/lib/libvlc.5.dylib
0x000000011ef44000 	/Applications/VLC.app/Contents/MacOS/plugins/libi420_rgb_plugin.dylib
0x000000011ef2c000 	/Applications/VLC.app/Contents/MacOS/plugins/libi420_10_p010_plugin.dylib
0x000000011efb4000 	/Applications/VLC.app/Contents/MacOS/plugins/libscaletempo_pitch_plugin.dylib
0x000000011f0e4000 	/Applications/VLC.app/Contents/MacOS/plugins/libi420_yuy2_plugin.dylib
0x000000011f1d0000 	/Applications/VLC.app/Contents/MacOS/plugins/libi422_yuy2_plugin.dylib
0x000000011f7f8000 	/Applications/VLC.app/Contents/MacOS/plugins/libyuy2_i420_plugin.dylib
0x000000011f824000 	/Applications/VLC.app/Contents/MacOS/plugins/libi420_nv12_plugin.dylib
0x000000011f80c000 	/Applications/VLC.app/Contents/MacOS/plugins/libyuy2_i422_plugin.dylib
0x000000011fd5c000 	/Applications/VLC.app/Contents/MacOS/plugins/libkeychain_plugin.dylib
0x000000011f884000 	/Applications/VLC.app/Contents/MacOS/plugins/libi422_i420_plugin.dylib
0x000000011fd74000 	/Applications/VLC.app/Contents/MacOS/plugins/libgrey_yuv_plugin.dylib
0x000000011fd88000 	/Applications/VLC.app/Contents/MacOS/plugins/libchain_plugin.dylib
0x000000011fd9c000 	/Applications/VLC.app/Contents/MacOS/plugins/libscale_plugin.dylib
0x000000011fdb0000 	/Applications/VLC.app/Contents/MacOS/plugins/libyuvp_plugin.dylib
0x0000000120d64000 	/Applications/VLC.app/Contents/MacOS/plugins/libdav1d_plugin.dylib
0x000000011fdc4000 	/Applications/VLC.app/Contents/MacOS/plugins/libyuv_plugin.dylib
0x000000011fdd8000 	/Applications/VLC.app/Contents/MacOS/plugins/libscaletempo_plugin.dylib
0x0000000120e74000 	/Applications/VLC.app/Contents/MacOS/plugins/libswscale_plugin.dylib
0x00000001251a4000 	/Users/jonathankawchuk/Library/Application Support/REAPER/UserPlugins/reaper_command_palette.dylib
0x0000000122e38000 	/Users/jonathankawchuk/Library/Application Support/REAPER/UserPlugins/reaper_csurf_integrator.dylib
0x000000011fe2c000 	/Users/jonathankawchuk/Library/Application Support/REAPER/UserPlugins/reaper_ptx_import.dylib
0x000000011fdec000 	/Users/jonathankawchuk/Library/Application Support/REAPER/UserPlugins/reaper_pt_spot.dylib
0x000000012088c000 	/Users/jonathankawchuk/Library/Application Support/REAPER/UserPlugins/reaper_drivenbymoss.dylib
0x000000012308c000 	/Users/jonathankawchuk/Library/Application Support/REAPER/UserPlugins/reaper_imgui-arm64.dylib
0x0000000123428000 	/Users/jonathankawchuk/Library/Application Support/REAPER/UserPlugins/reaper_sws-arm64.dylib
0x000000011fe1c000 	/Users/jonathankawchuk/Library/Application Support/REAPER/UserPlugins/reaper_reatc-arm64.dylib
0x0000000122294000 	/Users/jonathankawchuk/Library/Application Support/REAPER/UserPlugins/reaper_helgobox-arm64.dylib
0x0000000149800000 	/Users/jonathankawchuk/Library/Application Support/REAPER/UserPlugins/FX/helgobox-arm64.vst.dylib
0x00000001270bc000 	/Users/jonathankawchuk/Library/Application Support/REAPER/Helgoboss/App/bin/Contents/Frameworks/FlutterMacOS.framework/FlutterMacOS
0x0000000122508000 	/Users/jonathankawchuk/Library/Application Support/REAPER/UserPlugins/reaper_js_ReaScriptAPI64ARM.dylib
0x000000011fe4c000 	/Users/jonathankawchuk/Library/Application Support/REAPER/Helgoboss/App/bin/Contents/Frameworks/cryptography_flutter.framework/cryptography_flutter
0x0000000123948000 	/Users/jonathankawchuk/Library/Application Support/REAPER/UserPlugins/reaper_reamo.dylib
0x000000011fe84000 	/Users/jonathankawchuk/Library/Application Support/REAPER/Helgoboss/App/bin/Contents/Frameworks/device_info_plus.framework/device_info_plus
0x000000012015c000 	/Users/jonathankawchuk/Library/Application Support/REAPER/Helgoboss/App/bin/Contents/Frameworks/desktop_drop.framework/desktop_drop
0x0000000127f78000 	/Users/jonathankawchuk/Library/Application Support/REAPER/UserPlugins/reaper_reapack-arm64.dylib
0x0000000120184000 	/Users/jonathankawchuk/Library/Application Support/REAPER/Helgoboss/App/bin/Contents/Frameworks/native_context_menu.framework/native_context_menu
0x0000000120928000 	/Users/jonathankawchuk/Library/Application Support/REAPER/Helgoboss/App/bin/Contents/Frameworks/path_provider_foundation.framework/path_provider_foundation
0x0000000120f3c000 	/Users/jonathankawchuk/Library/Application Support/REAPER/Helgoboss/App/bin/Contents/Frameworks/screen_retriever.framework/screen_retriever
0x0000000120f7c000 	/Users/jonathankawchuk/Library/Application Support/REAPER/Helgoboss/App/bin/Contents/Frameworks/url_launcher_macos.framework/url_launcher_macos
0x0000000122260000 	/Users/jonathankawchuk/Library/Application Support/REAPER/Helgoboss/App/bin/Contents/Frameworks/window_manager.framework/window_manager
0x0000000122238000 	/Users/jonathankawchuk/Library/Application Support/REAPER/Helgoboss/App/bin/Contents/Frameworks/pointer_lock.framework/pointer_lock
0x00000001221f8000 	/Users/jonathankawchuk/Library/Application Support/REAPER/Helgoboss/App/bin/Contents/MacOS/helgobox
0x00000001d7058000 	/usr/lib/swift/libswiftAppKit.dylib
0x00000001286f4000 	/Users/jonathankawchuk/Library/Application Support/REAPER/UserPlugins/reaper_ReacomaExtension.dylib
0x0000000275254000 	/System/Library/PrivateFrameworks/TextInputUI.framework/Versions/A/TextInputUI
0x0000000275278000 	/System/Library/PrivateFrameworks/TextInputUIMacHelper.framework/Versions/A/TextInputUIMacHelper
0x000000026b07e000 	/System/Library/PrivateFrameworks/Sage.framework/Versions/A/Sage
0x00000001223c0000 	/Users/jonathankawchuk/Library/Application Support/REAPER/UserPlugins/java-runtime/lib/libjli.dylib
0x000000014e060000 	/Users/jonathankawchuk/Library/Application Support/REAPER/UserPlugins/java-runtime/lib/server/libjvm.dylib
0x0000000122220000 	/Users/jonathankawchuk/Library/Application Support/REAPER/UserPlugins/java-runtime/lib/libjimage.dylib
0x0000000123b9c000 	/Users/jonathankawchuk/Library/Application Support/REAPER/UserPlugins/java-runtime/lib/libjava.dylib
0x0000000123b6c000 	/Users/jonathankawchuk/Library/Application Support/REAPER/UserPlugins/java-runtime/lib/libnio.dylib
0x0000000123bcc000 	/Users/jonathankawchuk/Library/Application Support/REAPER/UserPlugins/java-runtime/lib/libnet.dylib
0x0000000126694000 	/Users/jonathankawchuk/Library/Application Support/REAPER/UserPlugins/java-runtime/lib/libzip.dylib
0x00000001266bc000 	/Users/jonathankawchuk/Library/Application Support/REAPER/UserPlugins/java-runtime/lib/libverify.dylib
0x0000000128524000 	/Users/jonathankawchuk/Library/Application Support/REAPER/UserPlugins/java-runtime/lib/libawt.dylib
0x00000001ff1b8000 	/System/Library/Frameworks/JavaRuntimeSupport.framework/Versions/A/JavaRuntimeSupport
0x0000000129b30000 	/Users/jonathankawchuk/Library/Application Support/REAPER/UserPlugins/java-runtime/lib/libawt_lwawt.dylib
0x0000000127030000 	/Users/jonathankawchuk/Library/Application Support/REAPER/UserPlugins/java-runtime/lib/libosxapp.dylib
0x00000001c24b9000 	/System/Library/Frameworks/ExceptionHandling.framework/Versions/A/ExceptionHandling
0x000000012d45c000 	/Users/jonathankawchuk/Library/Application Support/REAPER/UserPlugins/java-runtime/lib/libfontmanager.dylib
0x0000000129a00000 	/Users/jonathankawchuk/Library/Application Support/REAPER/UserPlugins/java-runtime/lib/libfreetype.dylib
0x0000000127060000 	/Applications/REAPER.app/Contents/Plugins/FX/reasurround2.vst.dylib
0x0000000129c68000 	/Library/Audio/Plug-Ins/VST3/dpMeter5.vst3/Contents/MacOS/dpMeter5
0x0000000169800000 	/Library/Audio/Plug-Ins/VST3/SonoBus.vst3/Contents/MacOS/SonoBus
0x00000001fda99000 	/System/Library/Frameworks/CoreAudioKit.framework/Versions/A/CoreAudioKit
0x00000001fd266000 	/System/Library/Frameworks/AudioVideoBridging.framework/Versions/A/AudioVideoBridging
0x00000001e8a2a000 	/System/Library/Frameworks/ScriptingBridge.framework/Versions/A/ScriptingBridge
0x000000012d5bc000 	/System/Library/Components/CoreAudio.component/Contents/MacOS/CoreAudio
0x000000017a6a8000 	/Library/Audio/Plug-Ins/Components/MusePlugin.component/Contents/MacOS/MusePlugin
0x0000000115ccc000 	/private/var/folders/6g/_dyszwd54rd36jmvjmmd4htw0000gn/T/usb4java10871510317901525091.tmp/libusb4java.dylib
0x0000000115714000 	/Users/jonathankawchuk/Library/Application Support/REAPER/UserPlugins/java-runtime/lib/libosxui.dylib
0x00000001f93fe000 	/System/Library/PrivateFrameworks/VoiceShortcutClient.framework/Versions/A/VoiceShortcutClient
0x00000001cbc58000 	/System/Library/PrivateFrameworks/ChronoServices.framework/Versions/A/ChronoServices
0x000000026a6f3000 	/System/Library/PrivateFrameworks/ReplicatorEngine.framework/Versions/A/ReplicatorEngine
0x000000026a8a6000 	/System/Library/PrivateFrameworks/ReplicatorServices.framework/Versions/A/ReplicatorServices
0x0000000274867000 	/System/Library/PrivateFrameworks/SystemWake.framework/Versions/A/SystemWake
0x0000000308a50000 	/Library/Audio/Plug-Ins/VST/Cthulhu.vst/Contents/MacOS/Cthulhu
0x000000012d7ac000 	/Library/Audio/Plug-Ins/VST3/MeldaProduction/Reverb/MConvolutionEZ.vst3/Contents/MacOS/MConvolutionEZ.bin
0x00000003618c8000 	/Library/Application Support/MeldaProduction/LIB/libMeldaProductionAudioPluginKernelV11.dylib
0x00000001fcbd0000 	/System/Library/Frameworks/AGL.framework/Versions/A/AGL
0x000000034f3d8000 	/Applications/REAPER.app/Contents/Plugins/FX/reaverb.vst.dylib
0x000000034f38c000 	/Library/Audio/Plug-Ins/VST3/Kilohearts/kHs Compressor.vst3/Contents/MacOS/kHs Compressor
0x000000037c054000 	/Library/Application Support/Kilohearts/HeartCore.core/Contents/MacOS/HeartCore
0x0000000388000000 	/Library/Audio/Plug-Ins/Components/LittlePlate.component/Contents/MacOS/LittlePlate
0x00000003511e0000 	/Library/Frameworks/PACEEdenExperience.framework/Versions/A/WrapPersist.bundle/Contents/MacOS/WrapPersist
0x000000034f52c000 	/System/Library/Frameworks/Security.framework/Versions/A/PlugIns/csparser.bundle/Contents/MacOS/csparser
0x00000001d306c000 	/System/Library/PrivateFrameworks/TextToSpeech.framework/Versions/A/TextToSpeech
0x00000001d8439000 	/System/Library/PrivateFrameworks/AXAssetLoader.framework/Versions/A/AXAssetLoader
0x00000003b19ac000 	/Library/Audio/Plug-Ins/VST3/Kontakt 7.vst3/Contents/MacOS/Kontakt 7
0x000000017e5e0000 	/System/Library/TextEncodings/Unicode Encodings.bundle/Contents/MacOS/Unicode Encodings
0x0000000354e40000 	/Library/Application Support/Native Instruments/Kontakt 7/sqlite3.dylib
0x000000035151c000 	/Library/Application Support/Native Instruments/Kontakt 7/REX Shared Library.framework/Versions/A/REX Shared Library
0x00000001fc843000 	/System/Library/Frameworks/OpenGL.framework/Versions/A/Resources/GLEngine.bundle/GLEngine
0x00000001fc6e8000 	/System/Library/Frameworks/OpenGL.framework/Versions/A/Libraries/libGLProgrammability.dylib
0x000000038f738000 	/System/Library/Extensions/AppleMetalOpenGLRenderer.bundle/Contents/MacOS/AppleMetalOpenGLRenderer
0x00000001fc9a4000 	/System/Library/Frameworks/OpenGL.framework/Versions/A/Resources/GLRendererFloat.bundle/GLRendererFloat
0x0000000283465000 	/usr/lib/i18n/libiconv_std.dylib
0x000000028345b000 	/usr/lib/i18n/libUTF8.dylib
0x0000000283457000 	/usr/lib/i18n/libUTF1632.dylib
0x000000028346a000 	/usr/lib/i18n/libmapper_none.dylib
0x00000003d549c000 	/Library/Audio/Plug-Ins/VST3/Vienna Synchron Player.vst3/Contents/MacOS/ViennaSynchronPlayer
0x00000003d6b98000 	/Library/PrivilegedHelperTools/licenseDaemon.app/Contents/PlugIns/__Pace_Eden/libpacefusion_shared.dylib
0x0000000403630000 	/Library/Audio/Plug-Ins/VST3/UVIWorkstation.vst3/Contents/MacOS/UVIWorkstation
0x00000003e7118000 	/Library/Audio/Plug-Ins/VST3/UVIWorkstation.vst3/Contents/Frameworks/libsndfile.1.0.37.dylib
0x00000003e6e34000 	/Library/Audio/Plug-Ins/VST3/UVIWorkstation.vst3/Contents/Frameworks/REX Shared Library.framework/Versions/A/REX Shared Library
0x00000004298d0000 	/Library/Audio/Plug-Ins/VST3/Air.vst3/Contents/MacOS/Air
0x0000000403490000 	/Library/Audio/Plug-Ins/VST3/Neutron 3.vst3/Contents/MacOS/PluginHooksVST3
0x0000000438000000 	/Library/Audio/Plug-Ins/VST3/Neutron 3.vst3/Contents/Resources/iZNeutron3.bundle/Contents/MacOS/iZNeutron3
0x00000004291c8000 	/Library/Audio/Plug-Ins/VST3/Neutron 3.vst3/Contents/Resources/iZNeutron3.bundle/Contents/MacOS/libmp3lame.dylib
0x0000000429418000 	/Library/Audio/Plug-Ins/VST3/Neutron 3.vst3/Contents/Resources/iZNeutron3.bundle/Contents/MacOS/libtag.dylib
0x00000003e2124000 	/Library/Application Support/iZotope/Meter Tap 4/Meter Tap 4.bundle/Contents/MacOS/Meter Tap 4
0x000000045599c000 	/Library/Audio/Plug-Ins/VST3/DecentSampler.vst3/Contents/MacOS/DecentSampler
0x00000003e6e0c000 	/Applications/REAPER.app/Contents/Plugins/FX/reatune.vst.dylib
0x000000048b908000 	/Library/Audio/Plug-Ins/VST3/Serum2.vst3/Contents/MacOS/Serum2
0x00000004a6c2c000 	/Library/Audio/Plug-Ins/VST3/Dodo MIDI.vst3/Contents/MacOS/Dodo MIDI
0x00000004c3b98000 	/Library/Audio/Plug-Ins/VST3/Trackspacer25.vst3/Contents/MacOS/Trackspacer25
0x00000002841d3000 	/usr/lib/libnwswifttls.dylib
0x00000001c506d000 	/usr/lib/log/liblog_network.dylib

JVMTI agents: none


VM Arguments:
java_command: <unknown>
java_class_path (initial): /Users/jonathankawchuk/Library/Application Support/REAPER/UserPlugins/drivenbymoss-libs/DrivenByMoss4Reaper-26.6.4.jar:/Users/jonathankawchuk/Library/Application Support/REAPER/UserPlugins/drivenbymoss-libs/slf4j-ext-2.0.13.jar:/Users/jonathankawchuk/Library/Application Support/REAPER/UserPlugins/drivenbymoss-libs/jackson-databind-2.22.1.jar:/Users/jonathankawchuk/Library/Application Support/REAPER/UserPlugins/drivenbymoss-libs/jna-platform-5.19.1.jar:/Users/jonathankawchuk/Library/Application Support/REAPER/UserPlugins/drivenbymoss-libs/libusb4java-1.0.24-darwin.jar:/Users/jonathankawchuk/Library/Application Support/REAPER/UserPlugins/drivenbymoss-libs/usb4java-1.3.0.jar:/Users/jonathankawchuk/Library/Application Support/REAPER/UserPlugins/drivenbymoss-libs/purejavahidapi-0.0.21.jar:/Users/jonathankawchuk/Library/Application Support/REAPER/UserPlugins/drivenbymoss-libs/svg-salamander-1.1.2.2.jar:/Users/jonathankawchuk/Library/Application Support/REAPER/UserPlugins/drivenbymoss-libs/jackson-core-2.22.1.jar:/Users/jonathankawchuk/Library/Application Support/REAPER/UserPlugins/drivenbymoss-libs/inieditor-r6.jar:/Users/jonathankawchuk/Library/Application Support/REAPER/UserPlugins/drivenbymoss-libs/jackson-annotations-2.22.jar:/Users/jonathankawchuk/Library/Application Support/REAPER/UserPlugins/drivenbymoss-libs/slf4j-api-2.0.13.jar:/Users/jonathankawchuk/Library/Application Support/REAPER/UserPlugins/drivenbymoss-libs/nativefilechooser-1.3.1.jar:/Users/jonathankawchuk/Library/Application Support/REAPER/UserPlugins/drivenbymoss-libs/jamepad-2.30.0.0.jar:/Users/jonathankawchuk/Library/Application Support/REAPER/UserPlugins/drivenbymoss-libs/jna-5.19.1.jar:/Users/jonathankawchuk/Library/Application Support/REAPER/UserPlugins/drivenbymoss-libs/javaosc-core-0.9.jar:/Users/jonathankawchuk/Library/Application Support/REAPER/UserPlugins/drivenbymoss-libs/commons-lang3-3.8.1.jar:/Users/jonathankawchuk/Library/Application Support/REAPER/UserPlugins/drivenbymoss-libs/gdx-jnigen-loader-2.2.0.jar
Launcher Type: generic

[Global flags]
     intx CICompilerCount                          = 4                                         {product} {ergonomic}
     uint ConcGCThreads                            = 2                                         {product} {ergonomic}
     uint G1ConcRefinementThreads                  = 8                                         {product} {ergonomic}
   size_t G1HeapRegionSize                         = 2097152                                   {product} {ergonomic}
   size_t InitialHeapSize                          = 268435456                                 {product} {ergonomic}
   size_t MarkStackSize                            = 4194304                                   {product} {ergonomic}
   size_t MarkStackSizeMax                         = 536870912                                 {product} {ergonomic}
   size_t MaxHeapSize                              = 4294967296                                {product} {ergonomic}
   size_t MaxNewSize                               = 2575302656                                {product} {ergonomic}
   size_t MinHeapDeltaBytes                        = 2097152                                   {product} {ergonomic}
   size_t MinHeapSize                              = 8388608                                   {product} {ergonomic}
    uintx NonNMethodCodeHeapSize                   = 5849088                                {pd product} {ergonomic}
    uintx NonProfiledCodeHeapSize                  = 122912768                              {pd product} {ergonomic}
    uintx ProfiledCodeHeapSize                     = 122912768                              {pd product} {ergonomic}
    uintx ReservedCodeCacheSize                    = 251674624                              {pd product} {ergonomic}
     bool SegmentedCodeCache                       = true                                      {product} {ergonomic}
   size_t SoftMaxHeapSize                          = 4294967296                             {manageable} {ergonomic}
     bool UseCompressedOops                        = true                           {product lp64_product} {ergonomic}
     bool UseG1GC                                  = true                                      {product} {ergonomic}
     bool UseNUMA                                  = false                                     {product} {ergonomic}
     bool UseNUMAInterleaving                      = false                                     {product} {ergonomic}

Logging:
Log output configuration:
 #0: stdout all=warning uptime,level,tags foldmultilines=false
 #1: stderr all=off uptime,level,tags foldmultilines=false

Release file:
JAVA_VERSION="25.0.3" 
MODULES="java.base java.datatransfer java.xml java.prefs java.desktop java.instrument java.logging java.management java.security.sasl java.naming java.transaction.xa java.sql jdk.accessibility" 

Environment Variables:
PATH=/usr/bin:/bin:/usr/sbin:/sbin
SHELL=/bin/zsh
TMPDIR=/var/folders/6g/_dyszwd54rd36jmvjmmd4htw0000gn/T/

Active Locale:
LC_ALL=C/UTF-8/C/C/C/C
LC_COLLATE=C
LC_CTYPE=UTF-8
LC_MESSAGES=C
LC_MONETARY=C
LC_NUMERIC=C
LC_TIME=C

Signal Handlers:
   SIGSEGV: crash_handler in libjvm.dylib, mask=11100110000111110111111111111111, flags=SA_ONSTACK|SA_RESTART|SA_SIGINFO, unblocked
    SIGBUS: crash_handler in libjvm.dylib, mask=11100110000111110111111111111111, flags=SA_RESTART|SA_SIGINFO, unblocked
    SIGFPE: crash_handler in libjvm.dylib, mask=11100110000111110111111111111111, flags=SA_RESTART|SA_SIGINFO, unblocked
   SIGPIPE: javaSignalHandler in libjvm.dylib, mask=11100110000111110111111111111111, flags=SA_RESTART|SA_SIGINFO, blocked
  chained to: javaSignalHandler in libjvm.dylib, mask=11100110000111110111111111111111, flags=SA_RESTART|SA_SIGINFO
   SIGXFSZ: javaSignalHandler in libjvm.dylib, mask=11100110000111110111111111111111, flags=SA_RESTART|SA_SIGINFO, blocked
    SIGILL: crash_handler in libjvm.dylib, mask=11100110000111110111111111111111, flags=SA_RESTART|SA_SIGINFO, unblocked
   SIGUSR2: SR_handler in libjvm.dylib, mask=00000000000000000000000000000000, flags=SA_RESTART|SA_SIGINFO, blocked
    SIGHUP: UserHandler in libjvm.dylib, mask=11100110000111110111111111111111, flags=SA_RESTART|SA_SIGINFO, blocked
    SIGINT: UserHandler in libjvm.dylib, mask=11100110000111110111111111111111, flags=SA_RESTART|SA_SIGINFO, blocked
   SIGTERM: UserHandler in libjvm.dylib, mask=11100110000111110111111111111111, flags=SA_RESTART|SA_SIGINFO, blocked
   SIGQUIT: UserHandler in libjvm.dylib, mask=11100110000111110111111111111111, flags=SA_RESTART|SA_SIGINFO, blocked
   SIGTRAP: crash_handler in libjvm.dylib, mask=11100110000111110111111111111111, flags=SA_RESTART|SA_SIGINFO, unblocked


Compilation memory statistics disabled.

Periodic native trim disabled

---------------  S Y S T E M  ---------------

OS:
uname: Darwin 24.6.0 Darwin Kernel Version 24.6.0: Wed Oct 15 21:08:19 PDT 2025; root:xnu-11417.140.69.703.14~1/RELEASE_ARM64_T8103 arm64
OS uptime: 7 days 18:39 hours
rlimit (soft/hard): STACK 8176k/65520k , CORE 0k/infinity , NPROC 2666/4000 , NOFILE 10240/10240 , AS infinity/infinity , CPU infinity/infinity , DATA infinity/infinity , FSIZE infinity/infinity , MEMLOCK infinity/infinity , RSS infinity/infinity
load average: 10.22 5.83 4.80

CPU: total 8 (initial active 8) 0x61:0x0:0x1b588bb3:0, fp, asimd, aes, pmull, sha1, sha256, crc32, lse, sha3, sha512
machdep.cpu.brand_string:Apple M1
hw.cachelinesize:128
hw.l1icachesize:131072
hw.l1dcachesize:65536
hw.l2cachesize:4194304

Memory: 16k page, physical 16777216k(3390608k free), swap 12582912k(1078592k free)

vm_info: OpenJDK 64-Bit Server VM (25.0.3+9-LTS) for bsd-aarch64 JRE (25.0.3+9-LTS), built on 2026-04-21T00:00:00Z with clang Apple LLVM 15.0.0 (clang-1500.1.0.2.5)

END.
