#
# A fatal error has been detected by the Java Runtime Environment:
#
#  SIGBUS (0xa) at pc=0x343120726f6c6f63, pid=4177, tid=259
#
# JRE version: OpenJDK Runtime Environment Temurin-25.0.3+9 (25.0.3+9) (build 25.0.3+9-LTS)
# Java VM: OpenJDK 64-Bit Server VM Temurin-25.0.3+9 (25.0.3+9-LTS, mixed mode, tiered, compressed oops, compressed class ptrs, g1 gc, bsd-aarch64)
# Problematic frame:
# C  [REAPER+0x5d89a4]  vst3ContextState::run(FxDsp*)+0x5d0
#
# No core dump will be written. Core dumps have been disabled. To enable core dumping, try "ulimit -c unlimited" before starting Java again
#
# If you would like to submit a bug report, please visit:
#   https://github.com/adoptium/adoptium-support/issues
# The crash happened outside the Java Virtual Machine in native code.
# See problematic frame for where to report the bug.
#

---------------  S U M M A R Y ------------

Command Line: 

Host: "MacBookPro17,1" arm64, 8 cores, 16G, Darwin 24.6.0, macOS 15.7.2 (24G325)
Time: Tue Sep 29 14:52:11 2026 EDT elapsed time: 12396.724315 seconds (0d 3h 26m 36s)

---------------  T H R E A D  ---------------

Current thread (0x000000013c827e00):  JavaThread "main"             [_thread_in_native, id=259, stack(0x000000016e9dc000,0x000000016f1d8000) (8176K)]

Stack: [0x000000016e9dc000,0x000000016f1d8000],  sp=0x000000016f1d4380,  free space=8160k
Native frames: (J=compiled Java code, j=interpreted, Vv=VM code, C=native code)
C  [REAPER+0x5d89a4]  vst3ContextState::run(FxDsp*)+0x5d0
C  [REAPER+0x5d18b8]  VST_HostedPlugin::VST3_Dispatcher(AEffect*, int, int, long long, void*, float)+0x1b0c
C  [REAPER+0x3dea80]  VST_runIdle()+0x128
C  [REAPER+0x9194f4]  runMiscTimers()+0x974
C  [REAPER+0x724388]  MainProc(HWND__*, unsigned int, unsigned long, long)+0x13dc
C  [REAPER+0x578adc]  SwellDialogDefaultWindowProc(HWND__*, unsigned int, unsigned long, long)+0x1bc
C  [Foundation+0x93fcc]  __NSFireTimer+0x68
C  [CoreFoundation+0x95ba0]  __CFRUNLOOP_IS_CALLING_OUT_TO_A_TIMER_CALLBACK_FUNCTION__+0x20
C  [CoreFoundation+0x95860]  __CFRunLoopDoTimer+0x3d4
C  [CoreFoundation+0x9539c]  __CFRunLoopDoTimers+0x14c
C  [CoreFoundation+0x7b7a8]  __CFRunLoopRun+0x738
C  [CoreFoundation+0x7a9e8]  CFRunLoopRunSpecific+0x23c
C  [HIToolbox+0xc327c]  RunCurrentEventLoopInMode+0x144
C  [HIToolbox+0xc64e8]  ReceiveNextEventCommon+0x2a4
C  [HIToolbox+0x251484]  _BlockUntilNextEventMatchingListInModeWithFilter+0x4c
C  [AppKit+0x3aa34]  _DPSNextEvent+0x2ac
C  [AppKit+0x9d9940]  -[NSApplication(NSEventRouting) _nextEventMatchingEventMask:untilDate:inMode:dequeue:]+0x2b0
C  [AppKit+0x2dbe4]  -[NSApplication run]+0x1e0
C  [AppKit+0x42dc]  NSApplicationMain+0x370
C  [dyld+0x6b98]  start+0x17bc

siginfo: si_signo: 10 (SIGBUS), si_code: 1 (BUS_ADRALN), si_addr: 0x343120726f6c6f63

Registers:
 x0=0x000000016f1d43d8  x1=0x6e6f6d2f47b483f3  x2=0x0000000000000000  x3=0xfffffffffffffff9
 x4=0x0000000000000000  x5=0x0000000000000000  x6=0x000000000000007d  x7=0x0000000155347580
 x8=0x6e6f6d2f302f6b63  x9=0x343120726f6c6f63 x10=0x000000007fffffda x11=0x000000016f1d3ea8
x12=0x0000000000000002 x13=0x000000016f1d4056 x14=0x00000000000000c1 x15=0x00000000000000f3
x16=0x000000019afb83b0 x17=0x0000000209f67058 x18=0x0000000000000000 x19=0x00006000054f81c0
x20=0x0000000000000000 x21=0x0000000320158000 x22=0x0000000001785189 x23=0x0000000000000000
x24=0x00000003ffe32400 x25=0x0000000002f0a312 x26=0x0000000000000000 x27=0x00000003ffe32400
x28=0x00000001295a2600  fp=0x000000016f1d4850  lr=0x00000001012009a8  sp=0x000000016f1d4380
pc=0x343120726f6c6f63 cpsr=0x0000000020001000

Register to memory mapping:

x0 =0x000000016f1d43d8 is pointing into the stack for thread: 0x000000013c827e00
x1 =0x6e6f6d2f47b483f3 is an unknown value
x2 =0x0 is null
x3 =0xfffffffffffffff9 is an unknown value
x4 =0x0 is null
x5 =0x0 is null
x6 =0x000000000000007d is an unknown value
x7 =0x0000000155347580: anon.686da944a05f581e4d31879f3b661435.1495+0 in /Users/jonathankawchuk/Library/Application Support/REAPER/UserPlugins/FX/helgobox-arm64.vst.dylib at 0x00000001536e8000
x8 =0x6e6f6d2f302f6b63 is an unknown value
x9 =0x343120726f6c6f63 is an unknown value
x10=0x000000007fffffda is an unknown value
x11=0x000000016f1d3ea8 is pointing into the stack for thread: 0x000000013c827e00
x12=0x0000000000000002 is an unknown value
x13=0x000000016f1d4056 is pointing into the stack for thread: 0x000000013c827e00
x14=0x00000000000000c1 is an unknown value
x15=0x00000000000000f3 is an unknown value
x16=0x000000019afb83b0: _platform_strcmp$VARIANT$Base+0 in /usr/lib/system/libsystem_platform.dylib at 0x000000019afb2000
x17=0x0000000209f67058 points into unknown readable memory: 0x000000019ad7b674 | 74 b6 d7 9a 01 00 00 00
x18=0x0 is null
x19=0x00006000054f81c0 points into unknown readable memory: 0x0000000000000000 | 00 00 00 00 00 00 00 00
x20=0x0 is null
x21=0x0000000320158000 points into unknown readable memory: 0x00000003ffe32400 | 00 24 e3 ff 03 00 00 00
x22=0x0000000001785189 is an unknown value
x23=0x0 is null
x24=0x00000003ffe32400 points into unknown readable memory: 0x0000000000000000 | 00 00 00 00 00 00 00 00
x25=0x0000000002f0a312 is an unknown value
x26=0x0 is null
x27=0x00000003ffe32400 points into unknown readable memory: 0x0000000000000000 | 00 00 00 00 00 00 00 00
x28=0x00000001295a2600 points into unknown readable memory: 0x0000000000000000 | 00 00 00 00 00 00 00 00
 fp=0x000000016f1d4850 is pointing into the stack for thread: 0x000000013c827e00
 lr=0x00000001012009a8: _ZN16vst3ContextState3runEP5FxDsp+0x5d4 in /Applications/REAPER.app/Contents/MacOS/REAPER at 0x0000000100c28000
 sp=0x000000016f1d4380 is pointing into the stack for thread: 0x000000013c827e00

Top of Stack: (sp=0x000000016f1d4380)
0x000000016f1d4380:   0000000000000000 0000000000000000   ................
0x000000016f1d4390:   0000000000000000 0000000000000000   ................
0x000000016f1d43a0:   0000000000000001 0000000000000000   ................
0x000000016f1d43b0:   0000000000000000 0000000000000000   ................
0x000000016f1d43c0:   0000000000000000 00006000054f81c8   ..........O..`..
0x000000016f1d43d0:   0000000000000000 0000000320158000   ........... ....
0x000000016f1d43e0:   303435364343317b 422d414334302d44   {1CC6540D-04CA-B
0x000000016f1d43f0:   393434382d423438 463143324542382d   84B-8449-8BE2C1F
0x000000016f1d4400:   00007d3131303233 0000000000000000   32011}..........
0x000000016f1d4410:   0000000000000000 0000000000000000   ................
0x000000016f1d4420:   0000000000000000 0000000000000000   ................
0x000000016f1d4430:   0000000000000000 0000000000000000   ................
0x000000016f1d4440:   0000000000000000 0000000000000000   ................
0x000000016f1d4450:   0000000000000000 0000000000000000   ................
0x000000016f1d4460:   0000000000000000 0000000000000000   ................
0x000000016f1d4470:   0000000000000000 0000000000000000   ................
0x000000016f1d4480:   0000000000000000 0000000000000000   ................
0x000000016f1d4490:   0000000000000000 0000000000000000   ................
0x000000016f1d44a0:   0000000000000000 0000000000000000   ................
0x000000016f1d44b0:   0000000000000000 0000000000000000   ................
0x000000016f1d44c0:   0000000000000000 0000000000000000   ................
0x000000016f1d44d0:   0000000000000000 0000000000000000   ................
0x000000016f1d44e0:   0000000000000000 0000000000000000   ................
0x000000016f1d44f0:   0000000000000000 0000000000000000   ................
0x000000016f1d4500:   0000000000000000 0000000000000000   ................
0x000000016f1d4510:   0000000000000000 0000000000000000   ................
0x000000016f1d4520:   0000000000000000 0000000000000000   ................
0x000000016f1d4530:   0000000000000000 0000000000000000   ................
0x000000016f1d4540:   0000000000000000 0000000000000000   ................
0x000000016f1d4550:   0000000000000000 0000000000000000   ................
0x000000016f1d4560:   0000000000000000 0000000000000000   ................
0x000000016f1d4570:   0000000000000000 0000000000000000   ................

Instructions: (pc=0x00000001012009a4)
  0x00000001012008a4:   02 7f 40 93 08 00 40 f9 08 0d 40 f9 61 23 00 90
  0x00000001012008b4:   21 a4 24 91 00 01 3f d6 78 a2 00 b9 7b 07 00 11
  0x00000001012008c4:   fa e7 42 a9 f8 03 17 aa 68 ba c2 39 1f 01 1a 6b
  0x00000001012008d4:   f7 3b 40 b9 40 01 00 54 60 0e 40 f9 08 00 40 f9
  0x00000001012008e4:   08 0d 40 f9 61 23 00 90 21 f4 24 91 e2 03 1a aa
  0x00000001012008f4:   00 01 3f d6 7a ba 02 39 7b 07 00 11 fa 03 16 aa
  0x0000000101200904:   68 9a 40 b9 e9 3f 40 b9 3f 01 08 6b f6 03 1c aa
  0x0000000101200914:   61 00 00 54 fc 13 40 f9 38 00 00 14 e8 03 09 aa
  0x0000000101200924:   60 0e 40 f9 fc 13 40 f9 09 06 00 34 02 9d 08 12
  0x0000000101200934:   02 5d 10 33 02 1d 10 33 08 00 40 f9 08 0d 40 f9
  0x0000000101200944:   61 23 00 90 21 74 25 91 00 01 3f d6 2a 00 00 14
  0x0000000101200954:   f6 23 00 b9 fb 3f 00 b9 fb 03 1a aa b8 02 40 f9
  0x0000000101200964:   f5 2f 00 f9 08 7f 41 b9 19 7d 04 53 19 03 00 34
  0x0000000101200974:   1a 00 80 52 29 03 1a 0b 3f 01 00 71 29 a5 89 1a
  0x0000000101200984:   36 7d 01 13 68 00 00 34 08 bb 40 f9 02 00 00 14
  0x0000000101200994:   08 00 80 d2 09 c7 40 f9 01 d1 36 8b e0 63 01 91
=>0x00000001012009a4:   20 01 3f d6 1f 04 00 71 6b 00 00 54 da 06 00 11
  0x00000001012009b4:   03 00 00 14 f9 03 16 aa 40 5c f8 36 5f 03 19 6b
  0x00000001012009c4:   60 00 00 54 08 7f 41 b9 eb ff ff 17 18 00 80 12
  0x00000001012009d4:   fa 03 1b aa fb 3f 40 b9 f6 23 40 b9 f9 1b 40 f9
  0x00000001012009e4:   55 ef ff b5 7c ff ff 17 61 23 00 90 21 74 25 91
  0x00000001012009f4:   a4 6b fe 97 7b 07 00 11 68 96 40 b9 1f 03 08 6b
  0x0000000101200a04:   c0 0d 00 54 1f 0b 00 31 00 04 00 54 1f 0f 00 31
  0x0000000101200a14:   61 07 00 54 60 0e 40 f9 08 00 40 f9 08 0d 40 f9
  0x0000000101200a24:   61 23 00 90 21 ac 25 91 22 00 80 52 00 01 3f d6
  0x0000000101200a34:   60 0e 40 f9 61 23 00 90 21 e4 25 91 62 23 00 90
  0x0000000101200a44:   42 d4 1d 91 82 6c fe 97 68 0e 40 f9 02 7c 40 93
  0x0000000101200a54:   09 01 40 f9 29 0d 40 f9 61 23 00 90 21 44 26 91
  0x0000000101200a64:   e0 03 08 aa 20 01 3f d6 60 0e 40 f9 08 00 40 f9
  0x0000000101200a74:   08 0d 40 f9 61 23 00 90 21 c0 26 91 62 00 80 52
  0x0000000101200a84:   00 01 3f d6 4c 00 00 14 60 0e 40 f9 08 00 40 f9
  0x0000000101200a94:   08 0d 40 f9 61 23 00 90 21 ac 25 91 22 00 80 52


Stack slot to memory mapping:

stack at sp + 0 slots: 0x0 is null
stack at sp + 1 slots: 0x0 is null
stack at sp + 2 slots: 0x0 is null
stack at sp + 3 slots: 0x0 is null
stack at sp + 4 slots: 0x0000000000000001 is an unknown value
stack at sp + 5 slots: 0x0 is null
stack at sp + 6 slots: 0x0 is null
stack at sp + 7 slots: 0x0 is null

Lock stack of current Java thread (top to bottom):


---------------  P R O C E S S  ---------------

Threads class SMR info:
_java_thread_list=0x000060000e565ae0, length=16, elements={
0x000000013c827e00, 0x000000015120f600, 0x00000001511f6600, 0x00000001511f6e00,
0x0000000151212000, 0x0000000151212800, 0x000000013c8cfa00, 0x000000013c895000,
0x0000000151243000, 0x0000000151245800, 0x0000000151495a00, 0x000000015106a600,
0x0000000151733a00, 0x000000015170e200, 0x000000015171f000, 0x00000001527fc400
}

Java Threads: ( => current thread )
=>0x000000013c827e00 JavaThread "main"                              [_thread_in_native, id=259, stack(0x000000016e9dc000,0x000000016f1d8000) (8176K)]
  0x000000015120f600 JavaThread "Reference Handler"          daemon [_thread_blocked, id=192515, stack(0x000000017fadc000,0x000000017fcdf000) (2060K)]
  0x00000001511f6600 JavaThread "Finalizer"                  daemon [_thread_blocked, id=193027, stack(0x000000017fce8000,0x000000017feeb000) (2060K)]
  0x00000001511f6e00 JavaThread "Signal Dispatcher"          daemon [_thread_blocked, id=242435, stack(0x0000000300004000,0x0000000300207000) (2060K)]
  0x0000000151212000 JavaThread "Service Thread"             daemon [_thread_blocked, id=241923, stack(0x0000000300210000,0x0000000300413000) (2060K)]
  0x0000000151212800 JavaThread "Monitor Deflation Thread"   daemon [_thread_blocked, id=193539, stack(0x000000030041c000,0x000000030061f000) (2060K)]
  0x000000013c8cfa00 JavaThread "C2 CompilerThread0"         daemon [_thread_blocked, id=194051, stack(0x0000000300628000,0x000000030082b000) (2060K)]
  0x000000013c895000 JavaThread "C1 CompilerThread0"         daemon [_thread_blocked, id=241411, stack(0x0000000300834000,0x0000000300a37000) (2060K)]
  0x0000000151243000 JavaThread "Notification Thread"        daemon [_thread_blocked, id=240899, stack(0x0000000300a40000,0x0000000300c43000) (2060K)]
  0x0000000151245800 JavaThread "Common-Cleaner"             daemon [_thread_blocked, id=240643, stack(0x0000000300c4c000,0x0000000300e4f000) (2060K)]
  0x0000000151495a00 JavaThread "TimerQueue"                 daemon [_thread_blocked, id=260615, stack(0x0000000300ee4000,0x00000003010e7000) (2060K)]
  0x000000015106a600 JavaThread "AWT-Shutdown"                      [_thread_blocked, id=195847, stack(0x00000003010f0000,0x00000003012f3000) (2060K)]
  0x0000000151733a00 JavaThread "AWT-EventQueue-0"                  [_thread_blocked, id=254519, stack(0x0000000304dc0000,0x0000000304fc3000) (2060K)]
  0x000000015170e200 JavaThread "Java2D Queue Flusher"       daemon [_thread_blocked, id=256263, stack(0x0000000305acc000,0x0000000305ccf000) (2060K)]
  0x000000015171f000 JavaThread "Java2D Disposer"            daemon [_thread_blocked, id=59655, stack(0x0000000305cd8000,0x0000000305edb000) (2060K)]
  0x00000001527fc400 JavaThread "pool-2-thread-1"                   [_thread_blocked, id=196363, stack(0x000000036a510000,0x000000036a713000) (2060K)]
Total: 16

Other Threads:
  0x0000000151155e00 VMThread "VM Thread"                           [id=190723, stack(0x000000017f8d0000,0x000000017fad3000) (2060K)]
  0x000000013c469270 WatcherThread "VM Periodic Task Thread"        [id=189187, stack(0x000000017f6c4000,0x000000017f8c7000) (2060K)]
  0x000000015110ea00 WorkerThread "GC Thread#0"                     [id=187139, stack(0x000000017ec88000,0x000000017ee8b000) (2060K)]
  0x000000013def1e00 WorkerThread "GC Thread#1"                     [id=417803, stack(0x00000005c698c000,0x00000005c6b8f000) (2060K)]
  0x00000005da114400 WorkerThread "GC Thread#2"                     [id=218191, stack(0x00000005d89d8000,0x00000005d8bdb000) (2060K)]
  0x00000005bec61600 WorkerThread "GC Thread#3"                     [id=175983, stack(0x00000005d8be4000,0x00000005d8de7000) (2060K)]
  0x000000013b495e00 WorkerThread "GC Thread#4"                     [id=19623, stack(0x00000005ddcbc000,0x00000005ddebf000) (2060K)]
  0x00000005bd844e00 WorkerThread "GC Thread#5"                     [id=204199, stack(0x00000005dedbc000,0x00000005defbf000) (2060K)]
  0x00000005c0d27c00 WorkerThread "GC Thread#6"                     [id=449799, stack(0x00000005df228000,0x00000005df42b000) (2060K)]
  0x00000001293aba00 WorkerThread "GC Thread#7"                     [id=228783, stack(0x00000005df434000,0x00000005df637000) (2060K)]
  0x000000013d118000 ConcurrentGCThread "G1 Main Marker"            [id=247555, stack(0x000000017ee94000,0x000000017f097000) (2060K)]
  0x000000013d0fe000 WorkerThread "G1 Conc#0"                       [id=246787, stack(0x000000017f0a0000,0x000000017f2a3000) (2060K)]
  0x000000015116d600 ConcurrentGCThread "G1 Refine#0"               [id=188163, stack(0x000000017f2ac000,0x000000017f4af000) (2060K)]
  0x00000001511eae00 ConcurrentGCThread "G1 Service"                [id=246531, stack(0x000000017f4b8000,0x000000017f6bb000) (2060K)]
Total: 14

Threads with active compile tasks:
Total: 0

VM state: not at safepoint (normal execution)

VM Mutex/Monitor currently owned by a thread: None

Heap address: 0x0000000700000000, size: 4096 MB, Compressed Oops mode: Zero based, Oop shift amount: 3

CDS archive(s) not mapped
Compressed class space mapped at: 0x00000c0000000000-0x00000c0040000000, reserved size: 1073741824
UseCompressedClassPointers 1, UseCompactObjectHeaders 0
Narrow klass pointer bits 32, Max shift 3
Narrow klass base: 0x00000c0000000000, Narrow klass shift: 0
Encoding Range: [0x00000c0000000000 - 0x00000c0100000000), (4294967296 bytes)
Klass Range:    [0x00000c0000000000 - 0x00000c0040000000), (1073741824 bytes)
Klass ID Range:  [8 - 1073741817) (1073741809)
Protection zone: [0x00000c0000000000 - 0x00000c0000010000), (65536 bytes)

GC Precious Log:
 CardTable entry size: 512
 Card Set container configuration: InlinePtr #cards 4 size 8 Array Of Cards #cards 16 size 48 Howl #buckets 8 coarsen threshold 3686 Howl Bitmap #cards 512 size 80 coarsen threshold 460 Card regions per heap region 1 cards per card region 4096
 CPUs: 8 total, 8 available
 Memory: 16384M
 Large Page Support: Disabled
 NUMA Support: Disabled
 Compressed Oops: Enabled (Zero based)
 Heap Region Size: 2M
 Heap Min Capacity: 8M
 Heap Initial Capacity: 256M
 Heap Max Capacity: 4G
 Pre-touch: Disabled
 Parallel Workers: 8
 Concurrent Workers: 2
 Concurrent Refinement Workers: 8
 Periodic GC: Disabled

Heap:
 garbage-first heap   total reserved 4194304K, committed 262144K, used 140091K [0x0000000700000000, 0x0000000800000000)
  region size 2048K, 53 young (108544K), 9 survivors (18432K)

Heap Regions: E=young(eden), S=young(survivor), O=old, HS=humongous(starts), HC=humongous(continues), CS=collection set, F=free, TAMS=top-at-mark-start, PB=parsable bottom
|   0|0x0000000700000000, 0x0000000700200000, 0x0000000700200000|100%| O|  |TAMS 0x0000000700000000| PB 0x0000000700000000| Untracked |  0
|   1|0x0000000700200000, 0x0000000700400000, 0x0000000700400000|100%|HS|  |TAMS 0x0000000700200000| PB 0x0000000700200000| Complete |  0
|   2|0x0000000700400000, 0x0000000700600000, 0x0000000700600000|100%| O|  |TAMS 0x0000000700400000| PB 0x0000000700400000| Untracked |  0
|   3|0x0000000700600000, 0x0000000700800000, 0x0000000700800000|100%| O|  |TAMS 0x0000000700600000| PB 0x0000000700600000| Untracked |  0
|   4|0x0000000700800000, 0x0000000700a00000, 0x0000000700a00000|100%| O|  |TAMS 0x0000000700800000| PB 0x0000000700800000| Untracked |  0
|   5|0x0000000700a00000, 0x0000000700c00000, 0x0000000700c00000|100%|HS|  |TAMS 0x0000000700a00000| PB 0x0000000700a00000| Complete |  0
|   6|0x0000000700c00000, 0x0000000700e00000, 0x0000000700e00000|100%|HS|  |TAMS 0x0000000700c00000| PB 0x0000000700c00000| Complete |  0
|   7|0x0000000700e00000, 0x0000000701000000, 0x0000000701000000|100%|HS|  |TAMS 0x0000000700e00000| PB 0x0000000700e00000| Complete |  0
|   8|0x0000000701000000, 0x0000000701200000, 0x0000000701200000|100%|HS|  |TAMS 0x0000000701000000| PB 0x0000000701000000| Complete |  0
|   9|0x0000000701200000, 0x0000000701400000, 0x0000000701400000|100%| O|  |TAMS 0x0000000701200000| PB 0x0000000701200000| Untracked |  0
|  10|0x0000000701400000, 0x0000000701600000, 0x0000000701600000|100%| O|  |TAMS 0x0000000701400000| PB 0x0000000701400000| Untracked |  0
|  11|0x0000000701600000, 0x0000000701800000, 0x0000000701800000|100%| O|  |TAMS 0x0000000701600000| PB 0x0000000701600000| Untracked |  0
|  12|0x0000000701800000, 0x0000000701a00000, 0x0000000701a00000|100%| O|  |TAMS 0x0000000701800000| PB 0x0000000701800000| Untracked |  0
|  13|0x0000000701a00000, 0x0000000701c00000, 0x0000000701c00000|100%| O|  |TAMS 0x0000000701a00000| PB 0x0000000701a00000| Untracked |  0
|  14|0x0000000701c00000, 0x0000000701e00000, 0x0000000701e00000|100%| O|  |TAMS 0x0000000701c00000| PB 0x0000000701c00000| Untracked |  0
|  15|0x0000000701e00000, 0x0000000702000000, 0x0000000702000000|100%| O|  |TAMS 0x0000000701e00000| PB 0x0000000701e00000| Untracked |  0
|  16|0x0000000702000000, 0x0000000702109210, 0x0000000702200000| 51%| O|  |TAMS 0x0000000702000000| PB 0x0000000702000000| Untracked |  0
|  17|0x0000000702200000, 0x0000000702200000, 0x0000000702400000|  0%| F|  |TAMS 0x0000000702200000| PB 0x0000000702200000| Untracked |  0
|  18|0x0000000702400000, 0x0000000702400000, 0x0000000702600000|  0%| F|  |TAMS 0x0000000702400000| PB 0x0000000702400000| Untracked |  0
|  19|0x0000000702600000, 0x0000000702600000, 0x0000000702800000|  0%| F|  |TAMS 0x0000000702600000| PB 0x0000000702600000| Untracked |  0
|  20|0x0000000702800000, 0x0000000702800000, 0x0000000702a00000|  0%| F|  |TAMS 0x0000000702800000| PB 0x0000000702800000| Untracked |  0
|  21|0x0000000702a00000, 0x0000000702a00000, 0x0000000702c00000|  0%| F|  |TAMS 0x0000000702a00000| PB 0x0000000702a00000| Untracked |  0
|  22|0x0000000702c00000, 0x0000000702c00000, 0x0000000702e00000|  0%| F|  |TAMS 0x0000000702c00000| PB 0x0000000702c00000| Untracked |  0
|  23|0x0000000702e00000, 0x0000000702e00000, 0x0000000703000000|  0%| F|  |TAMS 0x0000000702e00000| PB 0x0000000702e00000| Untracked |  0
|  24|0x0000000703000000, 0x0000000703000000, 0x0000000703200000|  0%| F|  |TAMS 0x0000000703000000| PB 0x0000000703000000| Untracked |  0
|  25|0x0000000703200000, 0x0000000703200000, 0x0000000703400000|  0%| F|  |TAMS 0x0000000703200000| PB 0x0000000703200000| Untracked |  0
|  26|0x0000000703400000, 0x0000000703400000, 0x0000000703600000|  0%| F|  |TAMS 0x0000000703400000| PB 0x0000000703400000| Untracked |  0
|  27|0x0000000703600000, 0x0000000703600000, 0x0000000703800000|  0%| F|  |TAMS 0x0000000703600000| PB 0x0000000703600000| Untracked |  0
|  28|0x0000000703800000, 0x0000000703800000, 0x0000000703a00000|  0%| F|  |TAMS 0x0000000703800000| PB 0x0000000703800000| Untracked |  0
|  29|0x0000000703a00000, 0x0000000703a00000, 0x0000000703c00000|  0%| F|  |TAMS 0x0000000703a00000| PB 0x0000000703a00000| Untracked |  0
|  30|0x0000000703c00000, 0x0000000703c00000, 0x0000000703e00000|  0%| F|  |TAMS 0x0000000703c00000| PB 0x0000000703c00000| Untracked |  0
|  31|0x0000000703e00000, 0x0000000703e00000, 0x0000000704000000|  0%| F|  |TAMS 0x0000000703e00000| PB 0x0000000703e00000| Untracked |  0
|  32|0x0000000704000000, 0x0000000704000000, 0x0000000704200000|  0%| F|  |TAMS 0x0000000704000000| PB 0x0000000704000000| Untracked |  0
|  33|0x0000000704200000, 0x0000000704200000, 0x0000000704400000|  0%| F|  |TAMS 0x0000000704200000| PB 0x0000000704200000| Untracked |  0
|  34|0x0000000704400000, 0x0000000704400000, 0x0000000704600000|  0%| F|  |TAMS 0x0000000704400000| PB 0x0000000704400000| Untracked |  0
|  35|0x0000000704600000, 0x0000000704600000, 0x0000000704800000|  0%| F|  |TAMS 0x0000000704600000| PB 0x0000000704600000| Untracked |  0
|  36|0x0000000704800000, 0x0000000704800000, 0x0000000704a00000|  0%| F|  |TAMS 0x0000000704800000| PB 0x0000000704800000| Untracked |  0
|  37|0x0000000704a00000, 0x0000000704a00000, 0x0000000704c00000|  0%| F|  |TAMS 0x0000000704a00000| PB 0x0000000704a00000| Untracked |  0
|  38|0x0000000704c00000, 0x0000000704c00000, 0x0000000704e00000|  0%| F|  |TAMS 0x0000000704c00000| PB 0x0000000704c00000| Untracked |  0
|  39|0x0000000704e00000, 0x0000000704e00000, 0x0000000705000000|  0%| F|  |TAMS 0x0000000704e00000| PB 0x0000000704e00000| Untracked |  0
|  40|0x0000000705000000, 0x0000000705000000, 0x0000000705200000|  0%| F|  |TAMS 0x0000000705000000| PB 0x0000000705000000| Untracked |  0
|  41|0x0000000705200000, 0x0000000705200000, 0x0000000705400000|  0%| F|  |TAMS 0x0000000705200000| PB 0x0000000705200000| Untracked |  0
|  42|0x0000000705400000, 0x0000000705400000, 0x0000000705600000|  0%| F|  |TAMS 0x0000000705400000| PB 0x0000000705400000| Untracked |  0
|  43|0x0000000705600000, 0x0000000705600000, 0x0000000705800000|  0%| F|  |TAMS 0x0000000705600000| PB 0x0000000705600000| Untracked |  0
|  44|0x0000000705800000, 0x0000000705800000, 0x0000000705a00000|  0%| F|  |TAMS 0x0000000705800000| PB 0x0000000705800000| Untracked |  0
|  45|0x0000000705a00000, 0x0000000705a00000, 0x0000000705c00000|  0%| F|  |TAMS 0x0000000705a00000| PB 0x0000000705a00000| Untracked |  0
|  46|0x0000000705c00000, 0x0000000705c00000, 0x0000000705e00000|  0%| F|  |TAMS 0x0000000705c00000| PB 0x0000000705c00000| Untracked |  0
|  47|0x0000000705e00000, 0x0000000705e00000, 0x0000000706000000|  0%| F|  |TAMS 0x0000000705e00000| PB 0x0000000705e00000| Untracked |  0
|  48|0x0000000706000000, 0x0000000706000000, 0x0000000706200000|  0%| F|  |TAMS 0x0000000706000000| PB 0x0000000706000000| Untracked |  0
|  49|0x0000000706200000, 0x0000000706200000, 0x0000000706400000|  0%| F|  |TAMS 0x0000000706200000| PB 0x0000000706200000| Untracked |  0
|  50|0x0000000706400000, 0x0000000706400000, 0x0000000706600000|  0%| F|  |TAMS 0x0000000706400000| PB 0x0000000706400000| Untracked |  0
|  51|0x0000000706600000, 0x0000000706600000, 0x0000000706800000|  0%| F|  |TAMS 0x0000000706600000| PB 0x0000000706600000| Untracked |  0
|  52|0x0000000706800000, 0x00000007069c5c00, 0x0000000706a00000| 88%| S|CS|TAMS 0x0000000706800000| PB 0x0000000706800000| Complete |  0
|  53|0x0000000706a00000, 0x0000000706c00000, 0x0000000706c00000|100%| S|CS|TAMS 0x0000000706a00000| PB 0x0000000706a00000| Complete |  0
|  54|0x0000000706c00000, 0x0000000706e00000, 0x0000000706e00000|100%| S|CS|TAMS 0x0000000706c00000| PB 0x0000000706c00000| Complete |  0
|  55|0x0000000706e00000, 0x0000000707000000, 0x0000000707000000|100%| S|CS|TAMS 0x0000000706e00000| PB 0x0000000706e00000| Complete |  0
|  56|0x0000000707000000, 0x0000000707200000, 0x0000000707200000|100%| S|CS|TAMS 0x0000000707000000| PB 0x0000000707000000| Complete |  0
|  57|0x0000000707200000, 0x0000000707400000, 0x0000000707400000|100%| S|CS|TAMS 0x0000000707200000| PB 0x0000000707200000| Complete |  0
|  58|0x0000000707400000, 0x0000000707600000, 0x0000000707600000|100%| S|CS|TAMS 0x0000000707400000| PB 0x0000000707400000| Complete |  0
|  59|0x0000000707600000, 0x0000000707800000, 0x0000000707800000|100%| S|CS|TAMS 0x0000000707600000| PB 0x0000000707600000| Complete |  0
|  60|0x0000000707800000, 0x0000000707a00000, 0x0000000707a00000|100%| S|CS|TAMS 0x0000000707800000| PB 0x0000000707800000| Complete |  0
|  61|0x0000000707a00000, 0x0000000707a00000, 0x0000000707c00000|  0%| F|  |TAMS 0x0000000707a00000| PB 0x0000000707a00000| Untracked |  0
|  62|0x0000000707c00000, 0x0000000707c00000, 0x0000000707e00000|  0%| F|  |TAMS 0x0000000707c00000| PB 0x0000000707c00000| Untracked |  0
|  63|0x0000000707e00000, 0x0000000707e00000, 0x0000000708000000|  0%| F|  |TAMS 0x0000000707e00000| PB 0x0000000707e00000| Untracked |  0
|  64|0x0000000708000000, 0x0000000708000000, 0x0000000708200000|  0%| F|  |TAMS 0x0000000708000000| PB 0x0000000708000000| Untracked |  0
|  65|0x0000000708200000, 0x0000000708200000, 0x0000000708400000|  0%| F|  |TAMS 0x0000000708200000| PB 0x0000000708200000| Untracked |  0
|  66|0x0000000708400000, 0x0000000708400000, 0x0000000708600000|  0%| F|  |TAMS 0x0000000708400000| PB 0x0000000708400000| Untracked |  0
|  67|0x0000000708600000, 0x0000000708600000, 0x0000000708800000|  0%| F|  |TAMS 0x0000000708600000| PB 0x0000000708600000| Untracked |  0
|  68|0x0000000708800000, 0x0000000708800000, 0x0000000708a00000|  0%| F|  |TAMS 0x0000000708800000| PB 0x0000000708800000| Untracked |  0
|  69|0x0000000708a00000, 0x0000000708a00000, 0x0000000708c00000|  0%| F|  |TAMS 0x0000000708a00000| PB 0x0000000708a00000| Untracked |  0
|  70|0x0000000708c00000, 0x0000000708c00000, 0x0000000708e00000|  0%| F|  |TAMS 0x0000000708c00000| PB 0x0000000708c00000| Untracked |  0
|  71|0x0000000708e00000, 0x0000000708e00000, 0x0000000709000000|  0%| F|  |TAMS 0x0000000708e00000| PB 0x0000000708e00000| Untracked |  0
|  72|0x0000000709000000, 0x0000000709000000, 0x0000000709200000|  0%| F|  |TAMS 0x0000000709000000| PB 0x0000000709000000| Untracked |  0
|  73|0x0000000709200000, 0x0000000709200000, 0x0000000709400000|  0%| F|  |TAMS 0x0000000709200000| PB 0x0000000709200000| Untracked |  0
|  74|0x0000000709400000, 0x0000000709400000, 0x0000000709600000|  0%| F|  |TAMS 0x0000000709400000| PB 0x0000000709400000| Untracked |  0
|  75|0x0000000709600000, 0x0000000709600000, 0x0000000709800000|  0%| F|  |TAMS 0x0000000709600000| PB 0x0000000709600000| Untracked |  0
|  76|0x0000000709800000, 0x0000000709800000, 0x0000000709a00000|  0%| F|  |TAMS 0x0000000709800000| PB 0x0000000709800000| Untracked |  0
|  77|0x0000000709a00000, 0x0000000709a00000, 0x0000000709c00000|  0%| F|  |TAMS 0x0000000709a00000| PB 0x0000000709a00000| Untracked |  0
|  78|0x0000000709c00000, 0x0000000709c00000, 0x0000000709e00000|  0%| F|  |TAMS 0x0000000709c00000| PB 0x0000000709c00000| Untracked |  0
|  79|0x0000000709e00000, 0x0000000709e00000, 0x000000070a000000|  0%| F|  |TAMS 0x0000000709e00000| PB 0x0000000709e00000| Untracked |  0
|  80|0x000000070a000000, 0x000000070a000000, 0x000000070a200000|  0%| F|  |TAMS 0x000000070a000000| PB 0x000000070a000000| Untracked |  0
|  81|0x000000070a200000, 0x000000070a200000, 0x000000070a400000|  0%| F|  |TAMS 0x000000070a200000| PB 0x000000070a200000| Untracked |  0
|  82|0x000000070a400000, 0x000000070a400000, 0x000000070a600000|  0%| F|  |TAMS 0x000000070a400000| PB 0x000000070a400000| Untracked |  0
|  83|0x000000070a600000, 0x000000070a600000, 0x000000070a800000|  0%| F|  |TAMS 0x000000070a600000| PB 0x000000070a600000| Untracked |  0
|  84|0x000000070a800000, 0x000000070aa00000, 0x000000070aa00000|100%| E|  |TAMS 0x000000070a800000| PB 0x000000070a800000| Complete |  0
|  85|0x000000070aa00000, 0x000000070ac00000, 0x000000070ac00000|100%| E|CS|TAMS 0x000000070aa00000| PB 0x000000070aa00000| Complete |  0
|  86|0x000000070ac00000, 0x000000070ae00000, 0x000000070ae00000|100%| E|CS|TAMS 0x000000070ac00000| PB 0x000000070ac00000| Complete |  0
|  87|0x000000070ae00000, 0x000000070b000000, 0x000000070b000000|100%| E|CS|TAMS 0x000000070ae00000| PB 0x000000070ae00000| Complete |  0
|  88|0x000000070b000000, 0x000000070b200000, 0x000000070b200000|100%| E|CS|TAMS 0x000000070b000000| PB 0x000000070b000000| Complete |  0
|  89|0x000000070b200000, 0x000000070b400000, 0x000000070b400000|100%| E|CS|TAMS 0x000000070b200000| PB 0x000000070b200000| Complete |  0
|  90|0x000000070b400000, 0x000000070b600000, 0x000000070b600000|100%| E|CS|TAMS 0x000000070b400000| PB 0x000000070b400000| Complete |  0
|  91|0x000000070b600000, 0x000000070b800000, 0x000000070b800000|100%| E|CS|TAMS 0x000000070b600000| PB 0x000000070b600000| Complete |  0
|  92|0x000000070b800000, 0x000000070ba00000, 0x000000070ba00000|100%| E|CS|TAMS 0x000000070b800000| PB 0x000000070b800000| Complete |  0
|  93|0x000000070ba00000, 0x000000070bc00000, 0x000000070bc00000|100%| E|CS|TAMS 0x000000070ba00000| PB 0x000000070ba00000| Complete |  0
|  94|0x000000070bc00000, 0x000000070be00000, 0x000000070be00000|100%| E|CS|TAMS 0x000000070bc00000| PB 0x000000070bc00000| Complete |  0
|  95|0x000000070be00000, 0x000000070c000000, 0x000000070c000000|100%| E|CS|TAMS 0x000000070be00000| PB 0x000000070be00000| Complete |  0
|  96|0x000000070c000000, 0x000000070c200000, 0x000000070c200000|100%| E|CS|TAMS 0x000000070c000000| PB 0x000000070c000000| Complete |  0
|  97|0x000000070c200000, 0x000000070c400000, 0x000000070c400000|100%| E|CS|TAMS 0x000000070c200000| PB 0x000000070c200000| Complete |  0
|  98|0x000000070c400000, 0x000000070c600000, 0x000000070c600000|100%| E|CS|TAMS 0x000000070c400000| PB 0x000000070c400000| Complete |  0
|  99|0x000000070c600000, 0x000000070c800000, 0x000000070c800000|100%| E|CS|TAMS 0x000000070c600000| PB 0x000000070c600000| Complete |  0
| 100|0x000000070c800000, 0x000000070ca00000, 0x000000070ca00000|100%| E|CS|TAMS 0x000000070c800000| PB 0x000000070c800000| Complete |  0
| 101|0x000000070ca00000, 0x000000070cc00000, 0x000000070cc00000|100%| E|CS|TAMS 0x000000070ca00000| PB 0x000000070ca00000| Complete |  0
| 102|0x000000070cc00000, 0x000000070ce00000, 0x000000070ce00000|100%| E|CS|TAMS 0x000000070cc00000| PB 0x000000070cc00000| Complete |  0
| 103|0x000000070ce00000, 0x000000070d000000, 0x000000070d000000|100%| E|CS|TAMS 0x000000070ce00000| PB 0x000000070ce00000| Complete |  0
| 104|0x000000070d000000, 0x000000070d200000, 0x000000070d200000|100%| E|CS|TAMS 0x000000070d000000| PB 0x000000070d000000| Complete |  0
| 105|0x000000070d200000, 0x000000070d400000, 0x000000070d400000|100%| E|CS|TAMS 0x000000070d200000| PB 0x000000070d200000| Complete |  0
| 106|0x000000070d400000, 0x000000070d600000, 0x000000070d600000|100%| E|CS|TAMS 0x000000070d400000| PB 0x000000070d400000| Complete |  0
| 107|0x000000070d600000, 0x000000070d800000, 0x000000070d800000|100%| E|CS|TAMS 0x000000070d600000| PB 0x000000070d600000| Complete |  0
| 108|0x000000070d800000, 0x000000070da00000, 0x000000070da00000|100%| E|CS|TAMS 0x000000070d800000| PB 0x000000070d800000| Complete |  0
| 109|0x000000070da00000, 0x000000070dc00000, 0x000000070dc00000|100%| E|CS|TAMS 0x000000070da00000| PB 0x000000070da00000| Complete |  0
| 110|0x000000070dc00000, 0x000000070de00000, 0x000000070de00000|100%| E|CS|TAMS 0x000000070dc00000| PB 0x000000070dc00000| Complete |  0
| 111|0x000000070de00000, 0x000000070e000000, 0x000000070e000000|100%| E|CS|TAMS 0x000000070de00000| PB 0x000000070de00000| Complete |  0
| 112|0x000000070e000000, 0x000000070e200000, 0x000000070e200000|100%| E|CS|TAMS 0x000000070e000000| PB 0x000000070e000000| Complete |  0
| 113|0x000000070e200000, 0x000000070e400000, 0x000000070e400000|100%| E|CS|TAMS 0x000000070e200000| PB 0x000000070e200000| Complete |  0
| 114|0x000000070e400000, 0x000000070e600000, 0x000000070e600000|100%| E|CS|TAMS 0x000000070e400000| PB 0x000000070e400000| Complete |  0
| 115|0x000000070e600000, 0x000000070e800000, 0x000000070e800000|100%| E|CS|TAMS 0x000000070e600000| PB 0x000000070e600000| Complete |  0
| 116|0x000000070e800000, 0x000000070ea00000, 0x000000070ea00000|100%| E|CS|TAMS 0x000000070e800000| PB 0x000000070e800000| Complete |  0
| 117|0x000000070ea00000, 0x000000070ec00000, 0x000000070ec00000|100%| E|CS|TAMS 0x000000070ea00000| PB 0x000000070ea00000| Complete |  0
| 118|0x000000070ec00000, 0x000000070ee00000, 0x000000070ee00000|100%| E|CS|TAMS 0x000000070ec00000| PB 0x000000070ec00000| Complete |  0
| 119|0x000000070ee00000, 0x000000070f000000, 0x000000070f000000|100%| E|CS|TAMS 0x000000070ee00000| PB 0x000000070ee00000| Complete |  0
| 120|0x000000070f000000, 0x000000070f200000, 0x000000070f200000|100%| E|CS|TAMS 0x000000070f000000| PB 0x000000070f000000| Complete |  0
| 121|0x000000070f200000, 0x000000070f400000, 0x000000070f400000|100%| E|CS|TAMS 0x000000070f200000| PB 0x000000070f200000| Complete |  0
| 122|0x000000070f400000, 0x000000070f600000, 0x000000070f600000|100%| E|CS|TAMS 0x000000070f400000| PB 0x000000070f400000| Complete |  0
| 123|0x000000070f600000, 0x000000070f800000, 0x000000070f800000|100%| E|CS|TAMS 0x000000070f600000| PB 0x000000070f600000| Complete |  0
| 124|0x000000070f800000, 0x000000070fa00000, 0x000000070fa00000|100%| E|CS|TAMS 0x000000070f800000| PB 0x000000070f800000| Complete |  0
| 125|0x000000070fa00000, 0x000000070fc00000, 0x000000070fc00000|100%| E|CS|TAMS 0x000000070fa00000| PB 0x000000070fa00000| Complete |  0
| 126|0x000000070fc00000, 0x000000070fe00000, 0x000000070fe00000|100%| E|CS|TAMS 0x000000070fc00000| PB 0x000000070fc00000| Complete |  0
| 127|0x000000070fe00000, 0x0000000710000000, 0x0000000710000000|100%| E|CS|TAMS 0x000000070fe00000| PB 0x000000070fe00000| Complete |  0

Card table byte_map: [0x0000000156dd4000,0x00000001575d4000] _byte_map_base: 0x00000001535d4000

Marking Bits: (CMBitMap*) 0x000000015116ce10
 Bits: [0x000000015c9cc000, 0x00000001609cc000)

Polling page: 0x0000000119c98000

Metaspace:
Metaspace        used 20408K, committed 20672K, reserved 1114112K
 class space     used 2387K, committed 2496K, reserved 1048576K

Usage:
  Non-class:     17.60 MB used.
      Class:      2.33 MB used.
       Both:     19.93 MB used.

Virtual space:
  Non-class space:       64.00 MB reserved,      17.75 MB ( 28%) committed,  1 nodes.
      Class space:        1.00 GB reserved,       2.44 MB ( <1%) committed,  1 nodes.
             Both:        1.06 GB reserved,      20.19 MB (  2%) committed. 

Chunk freelists:
   Non-Class:  14.16 MB
       Class:  13.56 MB
        Both:  27.72 MB

MaxMetaspaceSize: unlimited
CompressedClassSpaceSize: 1.00 GB
Initial GC threshold: 21.00 MB
Current GC threshold: 21.00 MB
CDS: off
 - commit_granule_bytes: 65536.
 - commit_granule_words: 8192.
 - virtual_space_node_default_size: 8388608.
 - enlarge_chunks_in_place: 1.
UseCompressedClassPointers 1, UseCompactObjectHeaders 0
Narrow klass pointer bits 32, Max shift 3
Narrow klass base: 0x00000c0000000000, Narrow klass shift: 0
Encoding Range: [0x00000c0000000000 - 0x00000c0100000000), (4294967296 bytes)
Klass Range:    [0x00000c0000000000 - 0x00000c0040000000), (1073741824 bytes)
Klass ID Range:  [8 - 1073741817) (1073741809)
Protection zone: [0x00000c0000000000 - 0x00000c0000010000), (65536 bytes)


Internal statistics:

num_allocs_failed_limit: 0.
num_arena_births: 174.
num_arena_deaths: 0.
num_vsnodes_births: 2.
num_vsnodes_deaths: 0.
num_space_committed: 323.
num_space_uncommitted: 0.
num_chunks_returned_to_freelist: 0.
num_chunks_taken_from_freelist: 311.
num_chunk_merges: 0.
num_chunk_splits: 175.
num_chunks_enlarged: 107.
num_inconsistent_stats: 0.

CodeHeap 'non-profiled nmethods': size=120032Kb used=693Kb max_used=693Kb free=119338Kb
 bounds [0x000000017774c000, 0x00000001779bc000, 0x000000017ec84000]
CodeHeap 'profiled nmethods': size=120032Kb used=2970Kb max_used=2970Kb free=117061Kb
 bounds [0x000000016fc80000, 0x000000016ff70000, 0x00000001771b8000]
CodeHeap 'non-nmethods': size=5712Kb used=1501Kb max_used=1555Kb free=4210Kb
 bounds [0x00000001771b8000, 0x0000000177428000, 0x000000017774c000]
CodeCache: size=245776Kb, used=5164Kb, max_used=5218Kb, free=240609Kb
 total_blobs=3002, nmethods=2258, adapters=652, full_count=0
Compilation: enabled, stopped_count=0, restarted_count=0

Compilation events (20 events):
Event: 6529.341 Thread 0x000000013c8cfa00 2255       4       java.util.concurrent.ThreadPoolExecutor$Worker::unlock (7 bytes)
Event: 6529.345 Thread 0x000000013c8cfa00 nmethod 2255 0x00000001777f6048 code [0x00000001777f6140, 0x00000001777f6388]
Event: 6529.345 Thread 0x000000013c8cfa00 2258   !   4       java.util.concurrent.ScheduledThreadPoolExecutor$DelayedWorkQueue::take (203 bytes)
Event: 6529.350 Thread 0x000000013c8cfa00 nmethod 2258 0x00000001777f63c8 code [0x00000001777f64c0, 0x00000001777f6f58]
Event: 6529.350 Thread 0x000000013c8cfa00 2256   !   4       java.util.concurrent.ThreadPoolExecutor::getTask (177 bytes)
Event: 6529.355 Thread 0x000000013c8cfa00 nmethod 2256 0x00000001777f6f88 code [0x00000001777f7080, 0x00000001777f7c90]
Event: 6529.355 Thread 0x000000013c8cfa00 2257       4       java.util.concurrent.ScheduledThreadPoolExecutor$DelayedWorkQueue::take (5 bytes)
Event: 6529.359 Thread 0x000000013c8cfa00 nmethod 2257 0x00000001777f7cc8 code [0x00000001777f7dc0, 0x00000001777f8858]
Event: 9421.014 Thread 0x000000013c895000 2259  s    3       de.mossgrabers.reaper.ui.utils.PropertiesEx::put (38 bytes)
Event: 9421.045 Thread 0x000000013c895000 nmethod 2259 0x000000016ff650c8 code [0x000000016ff651c0, 0x000000016ff65e68]
Event: 10312.592 Thread 0x000000013c895000 2260       3       java.lang.StringBuilder::append (9 bytes)
Event: 10312.603 Thread 0x000000013c895000 nmethod 2260 0x000000016ff65e88 code [0x000000016ff65f80, 0x000000016ff66370]
Event: 10341.148 Thread 0x000000013c895000 2261       3       java.util.HexFormat::of (4 bytes)
Event: 10341.149 Thread 0x000000013c895000 nmethod 2261 0x000000016ff66388 code [0x000000016ff66480, 0x000000016ff66568]
Event: 10491.882 Thread 0x000000013c8cfa00 2262       4       java.lang.StringBuilder::toString (20 bytes)
Event: 10491.920 Thread 0x000000013c8cfa00 nmethod 2262 0x00000001777f8888 code [0x00000001777f8980, 0x00000001777f8e40]
Event: 10553.562 Thread 0x000000013c8cfa00 2263 %s!   4       sun.java2d.metal.MTLRenderQueue$QueueFlusher::run @ 2 (234 bytes)
Event: 10553.580 Thread 0x000000013c8cfa00 nmethod 2263% 0x00000001777f8e88 code [0x00000001777f8f80, 0x00000001777f9758]
Event: 12045.025 Thread 0x000000013c895000 2264       3       de.mossgrabers.reaper.controller.ControllerInstanceManager::getInstances (12 bytes)
Event: 12045.035 Thread 0x000000013c895000 nmethod 2264 0x000000016ff66588 code [0x000000016ff66680, 0x000000016ff66858]

GC Heap Usage History (10 events):
Event: 347.433 {heap Before GC invocations=0 (full 0):
 garbage-first heap   total reserved 4194304K, committed 262144K, used 49152K [0x0000000700000000, 0x0000000800000000)
  region size 2048K, 24 young (49152K), 0 survivors (0K)
}
Event: 347.465 {heap After GC invocations=1 (full 0):
 garbage-first heap   total reserved 4194304K, committed 262144K, used 7177K [0x0000000700000000, 0x0000000800000000)
  region size 2048K, 3 young (6144K), 3 survivors (6144K)
}
Event: 1347.040 {heap Before GC invocations=1 (full 0):
 garbage-first heap   total reserved 4194304K, committed 262144K, used 113673K [0x0000000700000000, 0x0000000800000000)
  region size 2048K, 54 young (110592K), 3 survivors (6144K)
}
Event: 1347.072 {heap After GC invocations=2 (full 0):
 garbage-first heap   total reserved 4194304K, committed 262144K, used 17417K [0x0000000700000000, 0x0000000800000000)
  region size 2048K, 7 young (14336K), 7 survivors (14336K)
}
Event: 2337.029 {heap Before GC invocations=2 (full 0):
 garbage-first heap   total reserved 4194304K, committed 262144K, used 138249K [0x0000000700000000, 0x0000000800000000)
  region size 2048K, 66 young (135168K), 7 survivors (14336K)
}
Event: 2337.067 {heap After GC invocations=3 (full 0):
 garbage-first heap   total reserved 4194304K, committed 262144K, used 26299K [0x0000000700000000, 0x0000000800000000)
  region size 2048K, 9 young (18432K), 9 survivors (18432K)
}
Event: 2862.610 {heap Before GC invocations=3 (full 0):
 garbage-first heap   total reserved 4194304K, committed 262144K, used 171707K [0x0000000700000000, 0x0000000800000000)
  region size 2048K, 76 young (155648K), 9 survivors (18432K)
}
Event: 2862.651 {heap After GC invocations=4 (full 0):
 garbage-first heap   total reserved 4194304K, committed 262144K, used 42470K [0x0000000700000000, 0x0000000800000000)
  region size 2048K, 9 young (18432K), 9 survivors (18432K)
}
Event: 5016.372 {heap Before GC invocations=4 (full 0):
 garbage-first heap   total reserved 4194304K, committed 262144K, used 179686K [0x0000000700000000, 0x0000000800000000)
  region size 2048K, 76 young (155648K), 9 survivors (18432K)
}
Event: 5016.397 {heap After GC invocations=5 (full 0):
 garbage-first heap   total reserved 4194304K, committed 262144K, used 52027K [0x0000000700000000, 0x0000000800000000)
  region size 2048K, 9 young (18432K), 9 survivors (18432K)
}

Metaspace Usage History (10 events):
Event: 347.434 {metaspace Before GC invocations=0 (full 0):
 Metaspace       used 20353K, committed 20608K, reserved 1114112K
  class space    used 2387K, committed 2496K, reserved 1048576K
}
Event: 347.465 {metaspace After GC invocations=1 (full 0):
 Metaspace       used 20353K, committed 20608K, reserved 1114112K
  class space    used 2387K, committed 2496K, reserved 1048576K
}
Event: 1347.041 {metaspace Before GC invocations=1 (full 0):
 Metaspace       used 20388K, committed 20608K, reserved 1114112K
  class space    used 2387K, committed 2496K, reserved 1048576K
}
Event: 1347.072 {metaspace After GC invocations=2 (full 0):
 Metaspace       used 20388K, committed 20608K, reserved 1114112K
  class space    used 2387K, committed 2496K, reserved 1048576K
}
Event: 2337.030 {metaspace Before GC invocations=2 (full 0):
 Metaspace       used 20394K, committed 20608K, reserved 1114112K
  class space    used 2387K, committed 2496K, reserved 1048576K
}
Event: 2337.067 {metaspace After GC invocations=3 (full 0):
 Metaspace       used 20394K, committed 20608K, reserved 1114112K
  class space    used 2387K, committed 2496K, reserved 1048576K
}
Event: 2862.610 {metaspace Before GC invocations=3 (full 0):
 Metaspace       used 20395K, committed 20608K, reserved 1114112K
  class space    used 2387K, committed 2496K, reserved 1048576K
}
Event: 2862.651 {metaspace After GC invocations=4 (full 0):
 Metaspace       used 20395K, committed 20608K, reserved 1114112K
  class space    used 2387K, committed 2496K, reserved 1048576K
}
Event: 5016.372 {metaspace Before GC invocations=4 (full 0):
 Metaspace       used 20401K, committed 20672K, reserved 1114112K
  class space    used 2387K, committed 2496K, reserved 1048576K
}
Event: 5016.397 {metaspace After GC invocations=5 (full 0):
 Metaspace       used 20401K, committed 20672K, reserved 1114112K
  class space    used 2387K, committed 2496K, reserved 1048576K
}

Dll operation events (11 events):
Event: 0.045 Loaded shared library /Users/jonathankawchuk/Library/Application Support/REAPER/UserPlugins/java-runtime/lib/libjava.dylib
Event: 0.152 Loaded shared library /Users/jonathankawchuk/Library/Application Support/REAPER/UserPlugins/java-runtime/lib/libnio.dylib
Event: 0.178 Loaded shared library /Users/jonathankawchuk/Library/Application Support/REAPER/UserPlugins/java-runtime/lib/libzip.dylib
Event: 0.242 Loaded shared library /Users/jonathankawchuk/Library/Application Support/REAPER/UserPlugins/java-runtime/lib/libverify.dylib
Event: 0.287 Loaded shared library /Users/jonathankawchuk/Library/Application Support/REAPER/UserPlugins/java-runtime/lib/libjimage.dylib
Event: 0.309 Loaded shared library /Users/jonathankawchuk/Library/Application Support/REAPER/UserPlugins/java-runtime/lib/libawt.dylib
Event: 0.344 Loaded shared library /Users/jonathankawchuk/Library/Application Support/REAPER/UserPlugins/java-runtime/lib/libawt_lwawt.dylib
Event: 0.376 Loaded shared library /Users/jonathankawchuk/Library/Application Support/REAPER/UserPlugins/java-runtime/lib/libfontmanager.dylib
Event: 1.432 Loaded shared library /Users/jonathankawchuk/Library/Application Support/REAPER/UserPlugins/java-runtime/lib/libnet.dylib
Event: 1.615 Loaded shared library /private/var/folders/6g/_dyszwd54rd36jmvjmmd4htw0000gn/T/usb4java8625807381444594890.tmp/libusb4java.dylib
Event: 1.648 Loaded shared library /Users/jonathankawchuk/Library/Application Support/REAPER/UserPlugins/java-runtime/lib/libosxui.dylib

Deoptimization events (20 events):
Event: 3701.101 Thread 0x0000000151495a00 DEOPT PACKING pc=0x000000016ff55cdc sp=0x00000003010e6830
Event: 3701.101 Thread 0x0000000151495a00 DEOPT UNPACKING pc=0x00000001771f50bc sp=0x00000003010e65c0 mode 0
Event: 5378.341 Thread 0x00000001527fc400 Uncommon trap: trap_request=0xffffffd6 fr.pc=0x00000001777f3e68 relative=0x00000000000003e8
Event: 5378.343 Thread 0x00000001527fc400 Uncommon trap: reason=array_check action=maybe_recompile pc=0x00000001777f3e68 method=java.util.concurrent.ScheduledThreadPoolExecutor$DelayedWorkQueue.offer(Ljava/lang/Runnable;)Z @ 65 c2
Event: 5378.343 Thread 0x00000001527fc400 DEOPT PACKING pc=0x00000001777f3e68 sp=0x000000036a712760
Event: 5378.343 Thread 0x00000001527fc400 DEOPT UNPACKING pc=0x00000001772c89dc sp=0x000000036a712600 mode 2
Event: 5379.339 Thread 0x00000001527fc400 Uncommon trap: trap_request=0xffffffd6 fr.pc=0x00000001777f3e68 relative=0x00000000000003e8
Event: 5379.339 Thread 0x00000001527fc400 Uncommon trap: reason=array_check action=maybe_recompile pc=0x00000001777f3e68 method=java.util.concurrent.ScheduledThreadPoolExecutor$DelayedWorkQueue.offer(Ljava/lang/Runnable;)Z @ 65 c2
Event: 5379.339 Thread 0x00000001527fc400 DEOPT PACKING pc=0x00000001777f3e68 sp=0x000000036a712760
Event: 5379.339 Thread 0x00000001527fc400 DEOPT UNPACKING pc=0x00000001772c89dc sp=0x000000036a712600 mode 2
Event: 5380.341 Thread 0x00000001527fc400 Uncommon trap: trap_request=0xffffffd6 fr.pc=0x00000001777f3e68 relative=0x00000000000003e8
Event: 5380.341 Thread 0x00000001527fc400 Uncommon trap: reason=array_check action=maybe_recompile pc=0x00000001777f3e68 method=java.util.concurrent.ScheduledThreadPoolExecutor$DelayedWorkQueue.offer(Ljava/lang/Runnable;)Z @ 65 c2
Event: 5380.341 Thread 0x00000001527fc400 DEOPT PACKING pc=0x00000001777f3e68 sp=0x000000036a712760
Event: 5380.341 Thread 0x00000001527fc400 DEOPT UNPACKING pc=0x00000001772c89dc sp=0x000000036a712600 mode 2
Event: 5381.337 Thread 0x00000001527fc400 Uncommon trap: trap_request=0xffffffd6 fr.pc=0x00000001777f3e68 relative=0x00000000000003e8
Event: 5381.337 Thread 0x00000001527fc400 Uncommon trap: reason=array_check action=maybe_recompile pc=0x00000001777f3e68 method=java.util.concurrent.ScheduledThreadPoolExecutor$DelayedWorkQueue.offer(Ljava/lang/Runnable;)Z @ 65 c2
Event: 5381.337 Thread 0x00000001527fc400 DEOPT PACKING pc=0x00000001777f3e68 sp=0x000000036a712760
Event: 5381.337 Thread 0x00000001527fc400 DEOPT UNPACKING pc=0x00000001772c89dc sp=0x000000036a712600 mode 2
Event: 11406.682 Thread 0x000000015170e200 DEOPT PACKING pc=0x000000016ff6212c sp=0x0000000305cce8d0
Event: 11406.683 Thread 0x000000015170e200 DEOPT UNPACKING pc=0x00000001771f50bc sp=0x0000000305cce5e0 mode 0

Classes loaded (20 events):
Event: 13.776 Loading class java/lang/invoke/InnerClassLambdaMetafactory$SerializationSupport
Event: 13.776 Loading class java/lang/invoke/InnerClassLambdaMetafactory$SerializationSupport done
Event: 13.776 Loading class java/lang/invoke/InnerClassLambdaMetafactory$4
Event: 13.776 Loading class java/lang/invoke/InnerClassLambdaMetafactory$4 done
Event: 13.776 Loading class jdk/internal/classfile/impl/AbstractPoolEntry$StringEntryImpl
Event: 13.776 Loading class java/lang/classfile/constantpool/StringEntry
Event: 13.776 Loading class java/lang/classfile/constantpool/ConstantValueEntry
Event: 13.776 Loading class java/lang/classfile/constantpool/ConstantValueEntry done
Event: 13.776 Loading class java/lang/classfile/constantpool/StringEntry done
Event: 13.776 Loading class jdk/internal/classfile/impl/AbstractPoolEntry$StringEntryImpl done
Event: 13.776 Loading class sun/invoke/util/BytecodeDescriptor
Event: 13.776 Loading class sun/invoke/util/BytecodeDescriptor done
Event: 13.776 Loading class jdk/internal/classfile/impl/AbstractPoolEntry$IntegerEntryImpl
Event: 13.776 Loading class java/lang/classfile/constantpool/IntegerEntry
Event: 13.776 Loading class java/lang/classfile/constantpool/IntegerEntry done
Event: 13.776 Loading class jdk/internal/classfile/impl/AbstractPoolEntry$IntegerEntryImpl done
Event: 64.043 Loading class java/util/Base64$Decoder
Event: 64.045 Loading class java/util/Base64$Decoder done
Event: 64.047 Loading class java/io/Reader$2
Event: 64.048 Loading class java/io/Reader$2 done

Classes unloaded (0 events):
No events

Classes redefined (0 events):
No events

Internal exceptions (20 events):
Event: 1.707 Thread 0x000000013c827e00 Implicit null exception at 0x0000000177778464 to 0x00000001777784ac
Event: 1.711 Thread 0x000000013c827e00 Exception <a 'java/lang/NoSuchMethodError'{0x000000070eb5ae20}: 'int java.lang.invoke.Invokers$Holder.invokeExact_MT(java.lang.Object, java.lang.Object)'> (0x000000070eb5ae20) 
thrown [src/hotspot/share/interpreter/linkResolver.cpp, line 804]
Event: 1.712 Thread 0x000000013c827e00 Implicit null exception at 0x0000000177766520 to 0x0000000177766854
Event: 1.745 Thread 0x000000013c827e00 Exception <a 'java/lang/NoSuchMethodError'{0x000000070e80ef60}: 'java.lang.Object java.lang.invoke.DirectMethodHandle$Holder.newInvokeSpecial(java.lang.Object, int, java.lang.Object)'> (0x000000070e80ef60) 
thrown [src/hotspot/share/interpreter/linkResolver.cpp, line 804]
Event: 2.213 Thread 0x000000013c827e00 Exception <a 'java/lang/NoSuchMethodError'{0x000000070e622f90}: 'void java.lang.invoke.DirectMethodHandle$Holder.invokeSpecial(java.lang.Object, java.lang.Object, int, java.lang.Object)'> (0x000000070e622f90) 
thrown [src/hotspot/share/interpreter/linkResolver.cpp, line 804]
Event: 2.214 Thread 0x000000013c827e00 Exception <a 'java/lang/NoSuchMethodError'{0x000000070e6322f8}: 'java.lang.Object java.lang.invoke.DirectMethodHandle$Holder.newInvokeSpecial(java.lang.Object, java.lang.Object, int)'> (0x000000070e6322f8) 
thrown [src/hotspot/share/interpreter/linkResolver.cpp, line 804]
Event: 2.233 Thread 0x000000013c827e00 Exception <a 'java/lang/NoSuchMethodError'{0x000000070e68a458}: 'void java.lang.invoke.Invokers$Holder.invokeExact_MT(java.lang.Object, java.lang.Object, java.lang.Object, java.lang.Object)'> (0x000000070e68a458) 
thrown [src/hotspot/share/interpreter/linkResolver.cpp, line 804]
Event: 2.238 Thread 0x000000013c827e00 Exception <a 'java/lang/NoSuchMethodError'{0x000000070e6a3b20}: 'java.lang.Object java.lang.invoke.DirectMethodHandle$Holder.newInvokeSpecial(java.lang.Object, java.lang.Object, java.lang.Object, int, java.lang.Object)'> (0x000000070e6a3b20) 
thrown [src/hotspot/share/interpreter/linkResolver.cpp, line 804]
Event: 2.238 Thread 0x000000013c827e00 Exception <a 'java/lang/NoSuchMethodError'{0x000000070e6b4388}: 'java.lang.Object java.lang.invoke.Invokers$Holder.linkToTargetMethod(java.lang.Object, java.lang.Object, int, java.lang.Object, java.lang.Object)'> (0x000000070e6b4388) 
thrown [src/hotspot/share/interpreter/linkResolver.cpp, line 804]
Event: 2.247 Thread 0x000000013c827e00 Exception <a 'java/lang/NoSuchMethodError'{0x000000070e6bcd10}: 'void java.lang.invoke.DirectMethodHandle$Holder.invokeStatic(java.lang.Object, int, long)'> (0x000000070e6bcd10) 
thrown [src/hotspot/share/interpreter/linkResolver.cpp, line 804]
Event: 2.255 Thread 0x000000013c827e00 Exception <a 'java/lang/NoSuchMethodError'{0x000000070e4021c8}: 'java.lang.Object java.lang.invoke.Invokers$Holder.linkToTargetMethod(int, int, int, int, java.lang.Object)'> (0x000000070e4021c8) 
thrown [src/hotspot/share/interpreter/linkResolver.cpp, line 804]
Event: 2.256 Thread 0x000000013c827e00 Exception <a 'java/lang/NoSuchMethodError'{0x000000070e40a498}: 'void java.lang.invoke.DirectMethodHandle$Holder.invokeStatic(java.lang.Object, java.lang.Object, long)'> (0x000000070e40a498) 
thrown [src/hotspot/share/interpreter/linkResolver.cpp, line 804]
Event: 2.301 Thread 0x000000013c827e00 Exception <a 'java/lang/NoSuchMethodError'{0x000000070e56dfe0}: 'java.lang.Object java.lang.invoke.DirectMethodHandle$Holder.newInvokeSpecial(java.lang.Object, java.lang.Object, int, int)'> (0x000000070e56dfe0) 
thrown [src/hotspot/share/interpreter/linkResolver.cpp, line 804]
Event: 2.313 Thread 0x000000013c827e00 Exception <a 'java/lang/NoSuchMethodError'{0x000000070e210d38}: 'void java.lang.invoke.DirectMethodHandle$Holder.invokeStatic(java.lang.Object, java.lang.Object, java.lang.Object, java.lang.Object)'> (0x000000070e210d38) 
thrown [src/hotspot/share/interpreter/linkResolver.cpp, line 804]
Event: 2.334 Thread 0x000000013c827e00 Exception <a 'java/lang/NoSuchMethodError'{0x000000070e2dfe08}: 'void java.lang.invoke.DirectMethodHandle$Holder.invokeStatic(java.lang.Object, long, long)'> (0x000000070e2dfe08) 
thrown [src/hotspot/share/interpreter/linkResolver.cpp, line 804]
Event: 2.334 Thread 0x000000013c827e00 Exception <a 'java/lang/NoSuchMethodError'{0x000000070e2eecc0}: 'java.lang.Object java.lang.invoke.DirectMethodHandle$Holder.newInvokeSpecial(java.lang.Object, long)'> (0x000000070e2eecc0) 
thrown [src/hotspot/share/interpreter/linkResolver.cpp, line 804]
Event: 2.339 Thread 0x000000013c827e00 Exception <a 'java/lang/NoSuchMethodError'{0x000000070e31de30}: 'void java.lang.invoke.DirectMethodHandle$Holder.invokeVirtual(java.lang.Object, java.lang.Object)'> (0x000000070e31de30) 
thrown [src/hotspot/share/interpreter/linkResolver.cpp, line 804]
Event: 2.340 Thread 0x0000000151733a00 Exception <a 'java/lang/NoSuchMethodError'{0x000000070ef01148}: 'void java.lang.invoke.DirectMethodHandle$Holder.invokeStatic(java.lang.Object, long)'> (0x000000070ef01148) 
thrown [src/hotspot/share/interpreter/linkResolver.cpp, line 804]
Event: 2.344 Thread 0x0000000151733a00 Exception <a 'java/lang/NoSuchMethodError'{0x000000070ef2c928}: 'void java.lang.invoke.DirectMethodHandle$Holder.invokeSpecial(java.lang.Object, java.lang.Object, java.lang.Object, java.lang.Object, java.lang.Object)'> (0x000000070ef2c928) 
thrown [src/hotspot/share/interpreter/linkResolver.cpp, line 804]
Event: 189.368 Thread 0x000000013c827e00 Implicit null exception at 0x00000001777d04b8 to 0x00000001777d13c4

VM Operations (20 events):
Event: 13.776 Executing non-safepoint VM operation: HandshakeAllThreads (Deoptimize)
Event: 13.776 Executing non-safepoint VM operation: HandshakeAllThreads (Deoptimize) done
Event: 60.139 Executing non-safepoint VM operation: HandshakeAllThreads (HandshakeForDeflation)
Event: 60.139 Executing non-safepoint VM operation: HandshakeAllThreads (HandshakeForDeflation) done
Event: 60.139 Executing non-safepoint VM operation: RendezvousGCThreads
Event: 60.139 Executing non-safepoint VM operation: RendezvousGCThreads done
Event: 347.430 Executing safepoint VM operation: G1CollectForAllocation (G1 Evacuation Pause)
Event: 347.465 Executing safepoint VM operation: G1CollectForAllocation (G1 Evacuation Pause) done
Event: 1142.672 Executing non-safepoint VM operation: HandshakeAllThreads (HandshakeForDeflation)
Event: 1142.672 Executing non-safepoint VM operation: HandshakeAllThreads (HandshakeForDeflation) done
Event: 1142.672 Executing non-safepoint VM operation: RendezvousGCThreads
Event: 1142.672 Executing non-safepoint VM operation: RendezvousGCThreads done
Event: 1347.039 Executing safepoint VM operation: G1CollectForAllocation (G1 Evacuation Pause)
Event: 1347.072 Executing safepoint VM operation: G1CollectForAllocation (G1 Evacuation Pause) done
Event: 2337.028 Executing safepoint VM operation: G1CollectForAllocation (G1 Evacuation Pause)
Event: 2337.067 Executing safepoint VM operation: G1CollectForAllocation (G1 Evacuation Pause) done
Event: 2862.610 Executing safepoint VM operation: G1CollectForAllocation (G1 Evacuation Pause)
Event: 2862.652 Executing safepoint VM operation: G1CollectForAllocation (G1 Evacuation Pause) done
Event: 5016.370 Executing safepoint VM operation: G1CollectForAllocation (G1 Evacuation Pause)
Event: 5016.398 Executing safepoint VM operation: G1CollectForAllocation (G1 Evacuation Pause) done

Memory protections (20 events):
Event: 0.398 Protecting memory [0x0000000301270000,0x000000030127c000] with protection modes 0
Event: 0.402 Protecting memory [0x000000030147c000,0x0000000301488000] with protection modes 0
Event: 0.935 Protecting memory [0x000000030147c000,0x0000000301488000] with protection modes 3
Event: 1.380 Protecting memory [0x0000000304dc0000,0x0000000304dcc000] with protection modes 0
Event: 1.416 Protecting memory [0x0000000300e58000,0x0000000300e64000] with protection modes 3
Event: 1.416 Protecting memory [0x0000000301064000,0x0000000301070000] with protection modes 3
Event: 1.621 Protecting memory [0x0000000300ee4000,0x0000000300ef0000] with protection modes 0
Event: 1.621 Protecting memory [0x0000000304dc0000,0x0000000304dcc000] with protection modes 3
Event: 1.621 Protecting memory [0x0000000301270000,0x000000030127c000] with protection modes 3
Event: 1.654 Protecting memory [0x00000003010f0000,0x00000003010fc000] with protection modes 0
Event: 1.654 Protecting memory [0x0000000304dc0000,0x0000000304dcc000] with protection modes 0
Event: 1.664 Protecting memory [0x0000000305acc000,0x0000000305ad8000] with protection modes 0
Event: 1.670 Protecting memory [0x0000000305cd8000,0x0000000305ce4000] with protection modes 0
Event: 2.201 Protecting memory [0x000000036a000000,0x000000036a00c000] with protection modes 0
Event: 2.219 Protecting memory [0x000000036a304000,0x000000036a310000] with protection modes 0
Event: 2.337 Protecting memory [0x000000036a510000,0x000000036a51c000] with protection modes 0
Event: 2.595 Protecting memory [0x000000036a000000,0x000000036a00c000] with protection modes 3
Event: 7.328 Protecting memory [0x000000036a304000,0x000000036a310000] with protection modes 3
Event: 981.022 Protecting memory [0x000000054cab4000,0x000000054cac0000] with protection modes 0
Event: 986.029 Protecting memory [0x000000054cab4000,0x000000054cac0000] with protection modes 3

Nmethod flushes (0 events):
No events

Events (20 events):
Event: 0.398 Thread 0x000000013c895000 Thread added: 0x000000012fbdce00
Event: 0.402 Thread 0x000000013c895000 Thread added: 0x000000013d32bc00
Event: 0.935 Thread 0x000000013d32bc00 Thread exited: 0x000000013d32bc00
Event: 1.380 Thread 0x000000013c895000 Thread added: 0x0000000169976000
Event: 1.416 Thread 0x0000000152130800 Thread exited: 0x0000000152130800
Event: 1.416 Thread 0x0000000152124800 Thread exited: 0x0000000152124800
Event: 1.621 Thread 0x000000013c827e00 Thread added: 0x0000000151495a00
Event: 1.621 Thread 0x0000000169976000 Thread exited: 0x0000000169976000
Event: 1.621 Thread 0x000000012fbdce00 Thread exited: 0x000000012fbdce00
Event: 1.654 Thread 0x0000000151495a00 Thread added: 0x000000015106a600
Event: 1.654 Thread 0x0000000151495a00 Thread added: 0x0000000151733a00
Event: 1.664 Thread 0x000000013c827e00 Thread added: 0x000000015170e200
Event: 1.670 Thread 0x000000013c827e00 Thread added: 0x000000015171f000
Event: 2.201 Thread 0x000000013c895000 Thread added: 0x000000016a3df000
Event: 2.219 Thread 0x000000013c827e00 Thread added: 0x000000013d303400
Event: 2.337 Thread 0x000000013c827e00 Thread added: 0x00000001527fc400
Event: 2.595 Thread 0x000000016a3df000 Thread exited: 0x000000016a3df000
Event: 7.328 Thread 0x000000013d303400 Thread exited: 0x000000013d303400
Event: 981.022 Thread 0x000000013c8cfa00 Thread added: 0x00000003ffef0000
Event: 986.029 Thread 0x00000003ffef0000 Thread exited: 0x00000003ffef0000


Dynamic libraries:
0x00000001b7798000 	/System/Library/Frameworks/Cocoa.framework/Versions/A/Cocoa
0x000000019ef4a000 	/System/Library/Frameworks/AppKit.framework/Versions/C/AppKit
0x00000001a223a000 	/System/Library/Frameworks/CoreData.framework/Versions/A/CoreData
0x000000019c5db000 	/System/Library/Frameworks/Foundation.framework/Versions/C/Foundation
0x00000001a91d8000 	/usr/lib/libSystem.B.dylib
0x00000001a03db000 	/System/Library/PrivateFrameworks/UIFoundation.framework/Versions/A/UIFoundation
0x0000000248f86000 	/System/Library/PrivateFrameworks/CollectionViewCore.framework/Versions/A/CollectionViewCore
0x00000001a6d5c000 	/System/Library/PrivateFrameworks/XCTTargetBootstrap.framework/Versions/A/XCTTargetBootstrap
0x00000001ab9d2000 	/System/Library/PrivateFrameworks/InternationalSupport.framework/Versions/A/InternationalSupport
0x00000001abd29000 	/System/Library/PrivateFrameworks/UserActivity.framework/Versions/A/UserActivity
0x000000027790e000 	/System/Library/PrivateFrameworks/UIIntelligenceSupport.framework/Versions/A/UIIntelligenceSupport
0x0000000201a98000 	/System/Library/Frameworks/SwiftUICore.framework/Versions/A/SwiftUICore
0x000000027c994000 	/System/Library/PrivateFrameworks/WritingTools.framework/Versions/A/WritingTools
0x000000027b9d8000 	/System/Library/PrivateFrameworks/WindowManagement.framework/Versions/A/WindowManagement
0x000000019c23e000 	/System/Library/Frameworks/SystemConfiguration.framework/Versions/A/SystemConfiguration
0x00000001aae07000 	/usr/lib/libspindump.dylib
0x00000001a058d000 	/System/Library/Frameworks/UniformTypeIdentifiers.framework/Versions/A/UniformTypeIdentifiers
0x00000001a85c3000 	/usr/lib/libbsm.0.dylib
0x00000001a47dd000 	/usr/lib/libapp_launch_measurement.dylib
0x00000001a3b86000 	/System/Library/PrivateFrameworks/CoreAnalytics.framework/Versions/A/CoreAnalytics
0x00000001a47e1000 	/System/Library/PrivateFrameworks/CoreAutoLayout.framework/Versions/A/CoreAutoLayout
0x00000001a6376000 	/System/Library/Frameworks/Metal.framework/Versions/A/Metal
0x00000001a759f000 	/usr/lib/liblangid.dylib
0x00000001a6d62000 	/System/Library/PrivateFrameworks/CoreSVG.framework/Versions/A/CoreSVG
0x00000001a0fb2000 	/System/Library/PrivateFrameworks/SkyLight.framework/Versions/A/SkyLight
0x00000001a14d9000 	/System/Library/Frameworks/CoreGraphics.framework/Versions/A/CoreGraphics
0x00000001b0ea9000 	/System/Library/Frameworks/Accelerate.framework/Versions/A/Accelerate
0x00000001aac4a000 	/System/Library/PrivateFrameworks/IconServices.framework/Versions/A/IconServices
0x00000001a6353000 	/System/Library/Frameworks/IOSurface.framework/Versions/A/IOSurface
0x00000001a3bb7000 	/usr/lib/libDiagnosticMessagesClient.dylib
0x00000001a9122000 	/usr/lib/libz.1.dylib
0x00000001b4dbe000 	/System/Library/Frameworks/ApplicationServices.framework/Versions/A/ApplicationServices
0x00000001a6d47000 	/System/Library/PrivateFrameworks/DFRFoundation.framework/Versions/A/DFRFoundation
0x000000019e7af000 	/usr/lib/libicucore.A.dylib
0x00000001acdb2000 	/System/Library/Frameworks/AudioToolbox.framework/Versions/A/AudioToolbox
0x00000001abcda000 	/System/Library/PrivateFrameworks/DataDetectorsCore.framework/Versions/A/DataDetectorsCore
0x00000001c7845000 	/System/Library/PrivateFrameworks/TextInput.framework/Versions/A/TextInput
0x00000001a0efd000 	/usr/lib/libMobileGestalt.dylib
0x00000001a6a40000 	/System/Library/Frameworks/Carbon.framework/Versions/A/Frameworks/HIToolbox.framework/Versions/A/HIToolbox
0x00000001a40be000 	/System/Library/Frameworks/QuartzCore.framework/Versions/A/QuartzCore
0x000000019e3aa000 	/System/Library/Frameworks/Security.framework/Versions/A/Security
0x00000001b0806000 	/System/Library/Frameworks/Carbon.framework/Versions/A/Frameworks/SpeechRecognition.framework/Versions/A/SpeechRecognition
0x00000001a44e4000 	/System/Library/PrivateFrameworks/CoreUI.framework/Versions/A/CoreUI
0x000000019dc78000 	/System/Library/Frameworks/CoreAudio.framework/Versions/A/CoreAudio
0x00000001a3ca5000 	/System/Library/Frameworks/DiskArbitration.framework/Versions/A/DiskArbitration
0x00000001ab270000 	/System/Library/PrivateFrameworks/MultitouchSupport.framework/Versions/A/MultitouchSupport
0x00000001a0efb000 	/usr/lib/libenergytrace.dylib
0x00000001bbde9000 	/System/Library/PrivateFrameworks/RenderBox.framework/Versions/A/RenderBox
0x000000019edfa000 	/System/Library/Frameworks/IOKit.framework/Versions/A/IOKit
0x00000001b0bfd000 	/System/Library/Frameworks/CoreServices.framework/Versions/A/CoreServices
0x00000001a476e000 	/System/Library/PrivateFrameworks/PerformanceAnalysis.framework/Versions/A/PerformanceAnalysis
0x00000001fb459000 	/System/Library/Frameworks/OpenGL.framework/Versions/A/OpenGL
0x00000001a482b000 	/usr/lib/libxml2.2.dylib
0x00000001a84a7000 	/System/Library/PrivateFrameworks/MobileKeyBag.framework/Versions/A/MobileKeyBag
0x000000019ab80000 	/usr/lib/libobjc.A.dylib
0x000000019ae8e000 	/usr/lib/libc++.1.dylib
0x00000001b0b7e000 	/System/Library/Frameworks/Accessibility.framework/Versions/A/Accessibility
0x00000001a1c0a000 	/System/Library/Frameworks/ColorSync.framework/Versions/A/ColorSync
0x000000019afea000 	/System/Library/Frameworks/CoreFoundation.framework/Versions/A/CoreFoundation
0x00000001a7121000 	/System/Library/Frameworks/CoreImage.framework/Versions/A/CoreImage
0x000000019da59000 	/System/Library/Frameworks/CoreText.framework/Versions/A/CoreText
0x00000001fc9a5000 	/System/Library/Frameworks/CoreTransferable.framework/Versions/A/CoreTransferable
0x00000001fcf2a000 	/System/Library/Frameworks/DataDetection.framework/Versions/A/DataDetection
0x00000001fcf2d000 	/System/Library/Frameworks/DeveloperToolsSupport.framework/Versions/A/DeveloperToolsSupport
0x00000001a6d9d000 	/System/Library/Frameworks/ImageIO.framework/Versions/A/ImageIO
0x000000020265b000 	/System/Library/Frameworks/Symbols.framework/Versions/A/Symbols
0x00000001eec06000 	/System/Library/PrivateFrameworks/FeatureFlags.framework/Versions/A/FeatureFlags
0x00000001a91dd000 	/System/Library/PrivateFrameworks/SoftLinking.framework/Versions/A/SoftLinking
0x00000001da4bf000 	/usr/lib/swift/libswiftAccelerate.dylib
0x00000001ac747000 	/usr/lib/swift/libswiftCore.dylib
0x00000001c3ee8000 	/usr/lib/swift/libswiftCoreFoundation.dylib
0x00000001c3f42000 	/usr/lib/swift/libswiftCoreImage.dylib
0x00000001c1251000 	/usr/lib/swift/libswiftDarwin.dylib
0x00000002835b1000 	/usr/lib/swift/libswiftDataDetection.dylib
0x00000001b26f6000 	/usr/lib/swift/libswiftDispatch.dylib
0x00000001c3f43000 	/usr/lib/swift/libswiftIOKit.dylib
0x00000001d0ab3000 	/usr/lib/swift/libswiftMetal.dylib
0x00000001dfa58000 	/usr/lib/swift/libswiftOSLog.dylib
0x00000001b5378000 	/usr/lib/swift/libswiftObjectiveC.dylib
0x00000002835de000 	/usr/lib/swift/libswiftObservation.dylib
0x00000001d5e55000 	/usr/lib/swift/libswiftQuartzCore.dylib
0x00000001da4b0000 	/usr/lib/swift/libswiftUniformTypeIdentifiers.dylib
0x00000001c3efa000 	/usr/lib/swift/libswiftXPC.dylib
0x00000002836c4000 	/usr/lib/swift/libswift_Builtin_float.dylib
0x00000002836c7000 	/usr/lib/swift/libswift_Concurrency.dylib
0x0000000283826000 	/usr/lib/swift/libswift_StringProcessing.dylib
0x00000002838b9000 	/usr/lib/swift/libswift_errno.dylib
0x00000002838bb000 	/usr/lib/swift/libswift_math.dylib
0x00000002838be000 	/usr/lib/swift/libswift_signal.dylib
0x00000002838bf000 	/usr/lib/swift/libswift_stdio.dylib
0x00000002838c0000 	/usr/lib/swift/libswift_time.dylib
0x00000001b537c000 	/usr/lib/swift/libswiftos.dylib
0x00000001c779c000 	/usr/lib/swift/libswiftsimd.dylib
0x00000002838c1000 	/usr/lib/swift/libswiftsys_time.dylib
0x00000002838c2000 	/usr/lib/swift/libswiftunistd.dylib
0x00000001a9406000 	/usr/lib/libcompression.dylib
0x00000001ab932000 	/System/Library/PrivateFrameworks/TextureIO.framework/Versions/A/TextureIO
0x00000001aa8e9000 	/usr/lib/libate.dylib
0x00000001a91d2000 	/usr/lib/system/libcache.dylib
0x00000001a918d000 	/usr/lib/system/libcommonCrypto.dylib
0x00000001a91b8000 	/usr/lib/system/libcompiler_rt.dylib
0x00000001a91ad000 	/usr/lib/system/libcopyfile.dylib
0x000000019acdb000 	/usr/lib/system/libcorecrypto.dylib
0x000000019adc2000 	/usr/lib/system/libdispatch.dylib
0x000000019af82000 	/usr/lib/system/libdyld.dylib
0x00000001a91c8000 	/usr/lib/system/libkeymgr.dylib
0x00000001a9170000 	/usr/lib/system/libmacho.dylib
0x00000001a859c000 	/usr/lib/system/libquarantine.dylib
0x00000001a91c5000 	/usr/lib/system/libremovefile.dylib
0x00000001a0f77000 	/usr/lib/system/libsystem_asl.dylib
0x000000019ac70000 	/usr/lib/system/libsystem_blocks.dylib
0x000000019ae0c000 	/usr/lib/system/libsystem_c.dylib
0x00000001a91bc000 	/usr/lib/system/libsystem_collections.dylib
0x00000001a758c000 	/usr/lib/system/libsystem_configuration.dylib
0x00000001a6322000 	/usr/lib/system/libsystem_containermanager.dylib
0x00000001a8cb2000 	/usr/lib/system/libsystem_coreservices.dylib
0x000000019ea7b000 	/usr/lib/system/libsystem_darwin.dylib
0x00000002839f9000 	/usr/lib/system/libsystem_darwindirectory.dylib
0x00000001a91c9000 	/usr/lib/system/libsystem_dnssd.dylib
0x00000002839fd000 	/usr/lib/system/libsystem_eligibility.dylib
0x000000019ae09000 	/usr/lib/system/libsystem_featureflags.dylib
0x000000019afba000 	/usr/lib/system/libsystem_info.dylib
0x00000001a9131000 	/usr/lib/system/libsystem_m.dylib
0x000000019ad7a000 	/usr/lib/system/libsystem_malloc.dylib
0x00000001a0ee0000 	/usr/lib/system/libsystem_networkextension.dylib
0x000000019eedd000 	/usr/lib/system/libsystem_notify.dylib
0x00000001a7591000 	/usr/lib/system/libsystem_sandbox.dylib
0x0000000283a05000 	/usr/lib/system/libsystem_sanitizers.dylib
0x00000001a91c1000 	/usr/lib/system/libsystem_secinit.dylib
0x000000019af39000 	/usr/lib/system/libsystem_kernel.dylib
0x000000019afb2000 	/usr/lib/system/libsystem_platform.dylib
0x000000019af75000 	/usr/lib/system/libsystem_pthread.dylib
0x00000001a2ad4000 	/usr/lib/system/libsystem_symptoms.dylib
0x000000019acbf000 	/usr/lib/system/libsystem_trace.dylib
0x00000001a919b000 	/usr/lib/system/libunwind.dylib
0x000000019ac74000 	/usr/lib/system/libxpc.dylib
0x000000019af1b000 	/usr/lib/libc++abi.dylib
0x00000002825ce000 	/usr/lib/libRosetta.dylib
0x000000019ed79000 	/System/Library/PrivateFrameworks/CoreServicesInternal.framework/Versions/A/CoreServicesInternal
0x00000001a91a5000 	/usr/lib/liboah.dylib
0x00000001a91da000 	/usr/lib/libfakelink.dylib
0x00000001b4871000 	/System/Library/PrivateFrameworks/DiskImages.framework/Versions/A/DiskImages
0x00000001c0d7a000 	/System/Library/Frameworks/NetFS.framework/Versions/A/NetFS
0x00000001a0b16000 	/System/Library/Frameworks/CFNetwork.framework/Versions/A/CFNetwork
0x00000001a47a5000 	/System/Library/Frameworks/CoreServices.framework/Versions/A/Frameworks/FSEvents.framework/Versions/A/FSEvents
0x000000019ea86000 	/System/Library/Frameworks/CoreServices.framework/Versions/A/Frameworks/CarbonCore.framework/Versions/A/CarbonCore
0x00000001a3c1a000 	/System/Library/Frameworks/CoreServices.framework/Versions/A/Frameworks/Metadata.framework/Versions/A/Metadata
0x00000001a8cba000 	/System/Library/Frameworks/CoreServices.framework/Versions/A/Frameworks/OSServices.framework/Versions/A/OSServices
0x00000001a9327000 	/System/Library/Frameworks/CoreServices.framework/Versions/A/Frameworks/SearchKit.framework/Versions/A/SearchKit
0x00000001a2a4f000 	/System/Library/Frameworks/CoreServices.framework/Versions/A/Frameworks/AE.framework/Versions/A/AE
0x000000019b529000 	/System/Library/Frameworks/CoreServices.framework/Versions/A/Frameworks/LaunchServices.framework/Versions/A/LaunchServices
0x00000001aa73e000 	/System/Library/Frameworks/CoreServices.framework/Versions/A/Frameworks/DictionaryServices.framework/Versions/A/DictionaryServices
0x00000001a47b3000 	/System/Library/Frameworks/CoreServices.framework/Versions/A/Frameworks/SharedFileList.framework/Versions/A/SharedFileList
0x00000001a93bd000 	/usr/lib/libapple_nghttp2.dylib
0x00000001a26b0000 	/usr/lib/libsqlite3.dylib
0x00000001ad3f5000 	/System/Library/Frameworks/GSS.framework/Versions/A/GSS
0x00000001a29e6000 	/System/Library/PrivateFrameworks/RunningBoardServices.framework/Versions/A/RunningBoardServices
0x00000001a2add000 	/System/Library/Frameworks/Network.framework/Versions/A/Network
0x00000001a9174000 	/usr/lib/system/libkxld.dylib
0x0000000244e11000 	/System/Library/PrivateFrameworks/AppleKeyStore.framework/Versions/A/AppleKeyStore
0x0000000282426000 	/usr/lib/libCoreEntitlements.dylib
0x000000025fdff000 	/System/Library/PrivateFrameworks/MessageSecurity.framework/Versions/A/MessageSecurity
0x00000001a2695000 	/System/Library/PrivateFrameworks/ProtocolBuffer.framework/Versions/A/ProtocolBuffer
0x00000001a8c99000 	/System/Library/PrivateFrameworks/AppleFSCompression.framework/Versions/A/AppleFSCompression
0x00000001a85ab000 	/usr/lib/libcoretls.dylib
0x00000001aa7b4000 	/usr/lib/libcoretls_cfhelpers.dylib
0x00000001a9400000 	/usr/lib/libpam.2.dylib
0x00000001aa828000 	/usr/lib/libxar.1.dylib
0x00000001a922f000 	/usr/lib/libarchive.2.dylib
0x00000001aeaf8000 	/System/Library/Frameworks/Combine.framework/Versions/A/Combine
0x0000000248faa000 	/System/Library/PrivateFrameworks/CollectionsInternal.framework/Versions/A/CollectionsInternal
0x0000000268e5a000 	/System/Library/PrivateFrameworks/ReflectionInternal.framework/Versions/A/ReflectionInternal
0x0000000269b31000 	/System/Library/PrivateFrameworks/RuntimeInternal.framework/Versions/A/RuntimeInternal
0x0000000283655000 	/usr/lib/swift/libswiftSystem.dylib
0x00000001a759a000 	/System/Library/PrivateFrameworks/AppleSystemInfo.framework/Versions/A/AppleSystemInfo
0x00000001c3dd3000 	/System/Library/PrivateFrameworks/LoggingSupport.framework/Versions/A/LoggingSupport
0x00000001b1bb7000 	/System/Library/PrivateFrameworks/PowerLog.framework/Versions/A/PowerLog
0x000000020195d000 	/System/Library/Frameworks/SwiftData.framework/Versions/A/SwiftData
0x00000001a49b6000 	/System/Library/PrivateFrameworks/UserManagement.framework/Versions/A/UserManagement
0x00000001a0a44000 	/usr/lib/libboringssl.dylib
0x00000001a2ac3000 	/usr/lib/libdns_services.dylib
0x00000001c2f82000 	/usr/lib/libquic.dylib
0x00000001ac6d6000 	/usr/lib/libusrtcp.dylib
0x00000001e78cd000 	/System/Library/PrivateFrameworks/InternalSwiftProtobuf.framework/Versions/A/InternalSwiftProtobuf
0x00000002835b2000 	/usr/lib/swift/libswiftDistributed.dylib
0x000000028364b000 	/usr/lib/swift/libswiftSynchronization.dylib
0x00000001a0b15000 	/usr/lib/libnetwork.dylib
0x00000001d4a89000 	/System/Library/PrivateFrameworks/OSAnalytics.framework/Versions/A/OSAnalytics
0x00000001a9398000 	/System/Library/PrivateFrameworks/AppleSauce.framework/Versions/A/AppleSauce
0x00000001b2e8c000 	/System/Library/PrivateFrameworks/CoreSymbolication.framework/Versions/A/CoreSymbolication
0x00000001e3596000 	/System/Library/PrivateFrameworks/Symbolication.framework/Versions/A/Symbolication
0x00000001b2e68000 	/System/Library/PrivateFrameworks/DebugSymbols.framework/Versions/A/DebugSymbols
0x00000002822f1000 	/usr/lib/libAppleArchive.dylib
0x00000001a8ca5000 	/usr/lib/libbz2.1.0.dylib
0x00000001aa795000 	/usr/lib/liblzma.5.dylib
0x00000001a8297000 	/System/Library/PrivateFrameworks/IOMobileFramebuffer.framework/Versions/A/IOMobileFramebuffer
0x00000001c3e5c000 	/System/Library/PrivateFrameworks/MallocStackLogging.framework/Versions/A/MallocStackLogging
0x00000001aa983000 	/System/Library/PrivateFrameworks/CrashReporterSupport.framework/Versions/A/CrashReporterSupport
0x000000019c035000 	/System/Library/PrivateFrameworks/Lexicon.framework/Versions/A/Lexicon
0x000000025813e000 	/System/Library/PrivateFrameworks/IO80211.framework/Versions/A/IO80211
0x00000001b298e000 	/System/Library/PrivateFrameworks/FrontBoardServices.framework/Versions/A/FrontBoardServices
0x00000001a84d3000 	/System/Library/Frameworks/SecurityFoundation.framework/Versions/A/SecurityFoundation
0x00000001a8635000 	/usr/lib/libgermantok.dylib
0x00000001a76be000 	/System/Library/PrivateFrameworks/LinguisticData.framework/Versions/A/LinguisticData
0x00000001a2901000 	/System/Library/PrivateFrameworks/BaseBoard.framework/Versions/A/BaseBoard
0x00000001b2a5b000 	/System/Library/PrivateFrameworks/BoardServices.framework/Versions/A/BoardServices
0x00000001a84c4000 	/System/Library/PrivateFrameworks/AssertionServices.framework/Versions/A/AssertionServices
0x00000001b46ab000 	/System/Library/PrivateFrameworks/BackBoardServices.framework/Versions/A/BackBoardServices
0x00000001a676d000 	/System/Library/PrivateFrameworks/FontServices.framework/libFontParser.dylib
0x00000001a0f8f000 	/System/Library/PrivateFrameworks/TCC.framework/Versions/A/TCC
0x00000001b80a3000 	/System/Library/PrivateFrameworks/IOSurfaceAccelerator.framework/Versions/A/IOSurfaceAccelerator
0x00000001ab26e000 	/System/Library/PrivateFrameworks/WatchdogClient.framework/Versions/A/WatchdogClient
0x000000019d580000 	/System/Library/Frameworks/CoreDisplay.framework/Versions/A/CoreDisplay
0x00000001a6611000 	/System/Library/Frameworks/CoreMedia.framework/Versions/A/CoreMedia
0x00000001a636c000 	/System/Library/PrivateFrameworks/IOAccelerator.framework/Versions/A/IOAccelerator
0x00000001a4915000 	/System/Library/Frameworks/CoreVideo.framework/Versions/A/CoreVideo
0x00000001a93fe000 	/System/Library/Frameworks/MetalPerformanceShaders.framework/Versions/A/MetalPerformanceShaders
0x0000000268198000 	/System/Library/PrivateFrameworks/ProDisplayLibrary.framework/Versions/A/ProDisplayLibrary
0x00000001ab2b6000 	/System/Library/Frameworks/VideoToolbox.framework/Versions/A/VideoToolbox
0x00000001a7598000 	/System/Library/PrivateFrameworks/AggregateDictionary.framework/Versions/A/AggregateDictionary
0x00000001aa7b6000 	/System/Library/PrivateFrameworks/APFS.framework/Versions/A/APFS
0x00000001aa837000 	/usr/lib/libutil.dylib
0x00000002730bd000 	/System/Library/PrivateFrameworks/SwiftASN1Internal.framework/Versions/A/SwiftASN1Internal
0x00000001a3cae000 	/System/Library/Frameworks/Accelerate.framework/Versions/A/Frameworks/vImage.framework/Versions/A/vImage
0x00000001b0bd8000 	/System/Library/Frameworks/Accelerate.framework/Versions/A/Frameworks/vecLib.framework/Versions/A/vecLib
0x00000001aa86f000 	/System/Library/Frameworks/Accelerate.framework/Versions/A/Frameworks/vecLib.framework/Versions/A/libvMisc.dylib
0x000000019b9a1000 	/System/Library/Frameworks/Accelerate.framework/Versions/A/Frameworks/vecLib.framework/Versions/A/libBLAS.dylib
0x00000001ad002000 	/System/Library/Frameworks/ApplicationServices.framework/Versions/A/Frameworks/ATS.framework/Versions/A/ATS
0x00000001a1dc0000 	/System/Library/Frameworks/ApplicationServices.framework/Versions/A/Frameworks/HIServices.framework/Versions/A/HIServices
0x00000001ab8bb000 	/System/Library/Frameworks/ApplicationServices.framework/Versions/A/Frameworks/PrintCore.framework/Versions/A/PrintCore
0x00000001ad3bf000 	/System/Library/Frameworks/ApplicationServices.framework/Versions/A/Frameworks/QD.framework/Versions/A/QD
0x00000001ad3b6000 	/System/Library/Frameworks/ApplicationServices.framework/Versions/A/Frameworks/ColorSyncLegacy.framework/Versions/A/ColorSyncLegacy
0x00000001acfd4000 	/System/Library/Frameworks/ApplicationServices.framework/Versions/A/Frameworks/SpeechSynthesis.framework/Versions/A/SpeechSynthesis
0x00000001a8264000 	/System/Library/PrivateFrameworks/CoreEmoji.framework/Versions/A/CoreEmoji
0x000000024f203000 	/System/Library/PrivateFrameworks/FontServices.framework/Versions/A/FontServices
0x00000001aadbc000 	/System/Library/PrivateFrameworks/OTSVG.framework/Versions/A/OTSVG
0x00000001a4492000 	/System/Library/Frameworks/ApplicationServices.framework/Versions/A/Frameworks/ATS.framework/Versions/A/Resources/libFontRegistry.dylib
0x00000002829b3000 	/usr/lib/libhvf.dylib
0x000000026409c000 	/System/Library/PrivateFrameworks/ParsingInternal.framework/Versions/A/ParsingInternal
0x00000002835fb000 	/usr/lib/swift/libswiftRegexBuilder.dylib
0x0000000283783000 	/usr/lib/swift/libswift_RegexParser.dylib
0x00000001ab137000 	/System/Library/PrivateFrameworks/AppleJPEG.framework/Versions/A/AppleJPEG
0x00000001aabd8000 	/usr/lib/libexpat.1.dylib
0x00000001ab791000 	/System/Library/Frameworks/ImageIO.framework/Versions/A/Resources/libPng.dylib
0x00000001ab7bc000 	/System/Library/Frameworks/ImageIO.framework/Versions/A/Resources/libTIFF.dylib
0x00000001ab8a6000 	/System/Library/Frameworks/ImageIO.framework/Versions/A/Resources/libGIF.dylib
0x00000001ab17d000 	/System/Library/Frameworks/ImageIO.framework/Versions/A/Resources/libJP2.dylib
0x00000001ab84d000 	/System/Library/Frameworks/ImageIO.framework/Versions/A/Resources/libJPEG.dylib
0x00000001ab844000 	/System/Library/Frameworks/ImageIO.framework/Versions/A/Resources/libRadiance.dylib
0x0000000253ed2000 	/System/Library/PrivateFrameworks/GPUCompiler.framework/Versions/32023/Libraries/libllvm-flatbuffers.dylib
0x000000024f2ce000 	/System/Library/PrivateFrameworks/FramePacing.framework/Versions/A/FramePacing
0x00000001fb44b000 	/System/Library/Frameworks/OpenGL.framework/Versions/A/Libraries/libCoreFSCache.dylib
0x000000024fe43000 	/System/Library/PrivateFrameworks/GPUCompiler.framework/Versions/32023/Libraries/libGPUCompilerUtils.dylib
0x000000024f204000 	/System/Library/PrivateFrameworks/FontServices.framework/libXTFontStaticRegistryData.dylib
0x00000001b64bb000 	/System/Library/PrivateFrameworks/ASEProcessing.framework/Versions/A/ASEProcessing
0x0000000267305000 	/System/Library/PrivateFrameworks/PhotosensitivityProcessing.framework/Versions/A/PhotosensitivityProcessing
0x00000001aadb0000 	/System/Library/PrivateFrameworks/GraphVisualizer.framework/Versions/A/GraphVisualizer
0x00000001fb4a9000 	/System/Library/Frameworks/OpenGL.framework/Versions/A/Libraries/libGLU.dylib
0x00000001fb46d000 	/System/Library/Frameworks/OpenGL.framework/Versions/A/Libraries/libGFXShared.dylib
0x00000001fb635000 	/System/Library/Frameworks/OpenGL.framework/Versions/A/Libraries/libGL.dylib
0x00000001fb476000 	/System/Library/Frameworks/OpenGL.framework/Versions/A/Libraries/libGLImage.dylib
0x00000001fb46a000 	/System/Library/Frameworks/OpenGL.framework/Versions/A/Libraries/libCVMSPluginSupport.dylib
0x00000001fb453000 	/System/Library/Frameworks/OpenGL.framework/Versions/A/Libraries/libCoreVMClient.dylib
0x00000001a74dc000 	/System/Library/Frameworks/MetalPerformanceShaders.framework/Versions/A/Frameworks/MPSCore.framework/Versions/A/MPSCore
0x00000001a8c04000 	/System/Library/Frameworks/MetalPerformanceShaders.framework/Versions/A/Frameworks/MPSImage.framework/Versions/A/MPSImage
0x00000001a864d000 	/System/Library/Frameworks/MetalPerformanceShaders.framework/Versions/A/Frameworks/MPSNeuralNetwork.framework/Versions/A/MPSNeuralNetwork
0x00000001a8a84000 	/System/Library/Frameworks/MetalPerformanceShaders.framework/Versions/A/Frameworks/MPSMatrix.framework/Versions/A/MPSMatrix
0x00000001a8899000 	/System/Library/Frameworks/MetalPerformanceShaders.framework/Versions/A/Frameworks/MPSRayIntersector.framework/Versions/A/MPSRayIntersector
0x00000001a8ab6000 	/System/Library/Frameworks/MetalPerformanceShaders.framework/Versions/A/Frameworks/MPSNDArray.framework/Versions/A/MPSNDArray
0x00000001fed4b000 	/System/Library/Frameworks/MetalPerformanceShaders.framework/Versions/A/Frameworks/MPSFunctions.framework/Versions/A/MPSFunctions
0x00000001fed2d000 	/System/Library/Frameworks/MetalPerformanceShaders.framework/Versions/A/Frameworks/MPSBenchmarkLoop.framework/Versions/A/MPSBenchmarkLoop
0x000000019b81c000 	/System/Library/PrivateFrameworks/MetalTools.framework/Versions/A/MetalTools
0x00000001c8b45000 	/System/Library/PrivateFrameworks/IOAccelMemoryInfo.framework/Versions/A/IOAccelMemoryInfo
0x00000001d624a000 	/System/Library/PrivateFrameworks/kperf.framework/Versions/A/kperf
0x00000001c3ec3000 	/System/Library/PrivateFrameworks/GPURawCounter.framework/Versions/A/GPURawCounter
0x00000001ab878000 	/System/Library/Frameworks/ApplicationServices.framework/Versions/A/Frameworks/ATSUI.framework/Versions/A/ATSUI
0x00000001ad34a000 	/usr/lib/libcups.2.dylib
0x00000001ad3e4000 	/System/Library/Frameworks/Kerberos.framework/Versions/A/Kerberos
0x00000001ad04a000 	/usr/lib/libresolv.9.dylib
0x00000001a9214000 	/usr/lib/libiconv.2.dylib
0x00000001aae0e000 	/System/Library/PrivateFrameworks/Heimdal.framework/Versions/A/Heimdal
0x00000001b52cf000 	/System/Library/Frameworks/Kerberos.framework/Versions/A/Libraries/libHeimdalProxy.dylib
0x00000001aabf3000 	/usr/lib/libheimdal-asn1.dylib
0x00000001a4778000 	/System/Library/Frameworks/OpenDirectory.framework/Versions/A/OpenDirectory
0x00000001ad447000 	/System/Library/PrivateFrameworks/CommonAuth.framework/Versions/A/CommonAuth
0x00000001a4786000 	/System/Library/Frameworks/OpenDirectory.framework/Versions/A/Frameworks/CFOpenDirectory.framework/Versions/A/CFOpenDirectory
0x00000001a916f000 	/usr/lib/libcharset.1.dylib
0x00000001fb9d1000 	/System/Library/Frameworks/AVFAudio.framework/Versions/A/AVFAudio
0x00000001bd7af000 	/System/Library/PrivateFrameworks/AXCoreUtilities.framework/Versions/A/AXCoreUtilities
0x000000025ba77000 	/System/Library/PrivateFrameworks/IsolatedCoreAudioClient.framework/Versions/A/IsolatedCoreAudioClient
0x00000001acfbb000 	/usr/lib/libAudioStatistics.dylib
0x00000001a65e9000 	/System/Library/PrivateFrameworks/caulk.framework/Versions/A/caulk
0x000000019d6a1000 	/System/Library/PrivateFrameworks/AudioToolboxCore.framework/Versions/A/AudioToolboxCore
0x00000001b75c5000 	/System/Library/Frameworks/CoreMIDI.framework/Versions/A/CoreMIDI
0x00000001acf5d000 	/System/Library/PrivateFrameworks/AudioSession.framework/Versions/A/AudioSession
0x00000001ae860000 	/System/Library/Frameworks/IOBluetooth.framework/Versions/A/IOBluetooth
0x00000001aacdd000 	/System/Library/PrivateFrameworks/MediaExperience.framework/Versions/A/MediaExperience
0x0000000275b81000 	/System/Library/PrivateFrameworks/Tightbeam.framework/Versions/A/Tightbeam
0x0000000249a68000 	/System/Library/PrivateFrameworks/CoreAudioOrchestration.framework/Versions/A/CoreAudioOrchestration
0x00000001dab82000 	/System/Library/PrivateFrameworks/AFKUser.framework/Versions/A/AFKUser
0x00000001c3ec7000 	/usr/lib/swift/libswiftCoreAudio.dylib
0x00000001aadfd000 	/System/Library/PrivateFrameworks/AppServerSupport.framework/Versions/A/AppServerSupport
0x00000001ad3c8000 	/System/Library/PrivateFrameworks/perfdata.framework/Versions/A/perfdata
0x00000001c307b000 	/System/Library/PrivateFrameworks/SystemPolicy.framework/Versions/A/SystemPolicy
0x00000001ad269000 	/usr/lib/libSMC.dylib
0x00000001ab75b000 	/usr/lib/libAudioToolboxUtility.dylib
0x00000001ad3d6000 	/usr/lib/libperfcheck.dylib
0x000000024598f000 	/System/Library/PrivateFrameworks/AudioAnalytics.framework/Versions/A/AudioAnalytics
0x00000001e7694000 	/System/Library/Frameworks/OSLog.framework/Versions/A/OSLog
0x00000001c3e8e000 	/usr/lib/libmis.dylib
0x00000001acd6b000 	/System/Library/PrivateFrameworks/AudioSession.framework/libSessionUtility.dylib
0x00000001ab8ac000 	/System/Library/PrivateFrameworks/CMCaptureCore.framework/Versions/A/CMCaptureCore
0x00000001fd07a000 	/System/Library/Frameworks/ExtensionFoundation.framework/Versions/A/ExtensionFoundation
0x00000001b2f99000 	/System/Library/PrivateFrameworks/CoreTime.framework/Versions/A/CoreTime
0x00000001aaad7000 	/System/Library/PrivateFrameworks/PlugInKit.framework/Versions/A/PlugInKit
0x00000001b1ac0000 	/System/Library/Frameworks/CoreBluetooth.framework/Versions/A/CoreBluetooth
0x00000001b52d0000 	/System/Library/Frameworks/AudioUnit.framework/Versions/A/AudioUnit
0x00000001a8328000 	/System/Library/PrivateFrameworks/CoreUtils.framework/Versions/A/CoreUtils
0x000000024ca1b000 	/System/Library/PrivateFrameworks/CoreUtilsExtras.framework/Versions/A/CoreUtilsExtras
0x00000001b0ef9000 	/System/Library/Frameworks/MediaAccessibility.framework/Versions/A/MediaAccessibility
0x00000001cc4e5000 	/System/Library/PrivateFrameworks/AttributeGraph.framework/Versions/A/AttributeGraph
0x000000028226f000 	/usr/lib/libAXSafeCategoryBundle.dylib
0x00000001bd86b000 	/usr/lib/libAccessibility.dylib
0x00000001a8172000 	/System/Library/Frameworks/Accelerate.framework/Versions/A/Frameworks/vecLib.framework/Versions/A/libvDSP.dylib
0x00000001a94dc000 	/System/Library/Frameworks/Accelerate.framework/Versions/A/Frameworks/vecLib.framework/Versions/A/libLAPACK.dylib
0x00000001a8638000 	/System/Library/Frameworks/Accelerate.framework/Versions/A/Frameworks/vecLib.framework/Versions/A/libLinearAlgebra.dylib
0x00000001a93d7000 	/System/Library/Frameworks/Accelerate.framework/Versions/A/Frameworks/vecLib.framework/Versions/A/libSparseBLAS.dylib
0x00000001a94d7000 	/System/Library/Frameworks/Accelerate.framework/Versions/A/Frameworks/vecLib.framework/Versions/A/libQuadrature.dylib
0x00000001a76c5000 	/System/Library/Frameworks/Accelerate.framework/Versions/A/Frameworks/vecLib.framework/Versions/A/libBNNS.dylib
0x000000019c142000 	/System/Library/Frameworks/Accelerate.framework/Versions/A/Frameworks/vecLib.framework/Versions/A/libSparse.dylib
0x000000025d1ee000 	/System/Library/PrivateFrameworks/MIL.framework/Versions/A/MIL
0x00000001ab83f000 	/System/Library/PrivateFrameworks/GPUWrangler.framework/Versions/A/GPUWrangler
0x00000001ab81f000 	/System/Library/PrivateFrameworks/IOPresentment.framework/Versions/A/IOPresentment
0x00000001ab847000 	/System/Library/PrivateFrameworks/DSExternalDisplay.framework/Versions/A/DSExternalDisplay
0x00000001e7a9b000 	/System/Library/PrivateFrameworks/HIDDisplay.framework/Versions/A/HIDDisplay
0x00000001bca89000 	/System/Library/PrivateFrameworks/HID.framework/Versions/A/HID
0x00000002793c3000 	/System/Library/PrivateFrameworks/VideoToolboxParavirtualizationSupport.framework/Versions/A/VideoToolboxParavirtualizationSupport
0x00000001aab8f000 	/System/Library/PrivateFrameworks/AppleVA.framework/Versions/A/AppleVA
0x00000001b2b08000 	/System/Library/PrivateFrameworks/GraphicsServices.framework/Versions/A/GraphicsServices
0x00000001ad5ba000 	/System/Library/PrivateFrameworks/CorePhoneNumbers.framework/Versions/A/CorePhoneNumbers
0x00000001b1ca8000 	/System/Library/PrivateFrameworks/MediaKit.framework/Versions/A/MediaKit
0x00000001b1bf3000 	/System/Library/Frameworks/DiscRecording.framework/Versions/A/DiscRecording
0x00000001ad3a9000 	/System/Library/PrivateFrameworks/NetAuth.framework/Versions/A/NetAuth
0x00000001a4976000 	/System/Library/PrivateFrameworks/login.framework/Versions/A/Frameworks/loginsupport.framework/Versions/A/loginsupport
0x00000001aabfd000 	/System/Library/PrivateFrameworks/IconFoundation.framework/Versions/A/IconFoundation
0x00000001aa97a000 	/usr/lib/libIOReport.dylib
0x000000024559f000 	/System/Library/PrivateFrameworks/AppleMobileFileIntegrity.framework/Versions/A/AppleMobileFileIntegrity
0x0000000282631000 	/usr/lib/libTLE.dylib
0x00000001f84a7000 	/System/Library/PrivateFrameworks/ConfigProfileHelper.framework/Versions/A/ConfigProfileHelper
0x00000001a85d5000 	/usr/lib/libmecab.dylib
0x000000019c2d2000 	/usr/lib/libCRFSuite.dylib
0x00000001a75a1000 	/System/Library/PrivateFrameworks/CoreNLP.framework/Versions/A/CoreNLP
0x00000001a938f000 	/usr/lib/libThaiTokenizer.dylib
0x00000001a859f000 	/usr/lib/libCheckFix.dylib
0x00000001a3bb9000 	/System/Library/PrivateFrameworks/MetadataUtilities.framework/Versions/A/MetadataUtilities
0x0000000258a22000 	/System/Library/PrivateFrameworks/InstalledContentLibrary.framework/Versions/A/InstalledContentLibrary
0x000000019edb9000 	/System/Library/PrivateFrameworks/CoreServicesStore.framework/Versions/A/CoreServicesStore
0x00000001d6354000 	/System/Library/PrivateFrameworks/MobileSystemServices.framework/Versions/A/MobileSystemServices
0x00000001aa83b000 	/usr/lib/libxslt.1.dylib
0x00000001a8562000 	/System/Library/PrivateFrameworks/BackgroundTaskManagement.framework/Versions/A/BackgroundTaskManagement
0x00000001b4a2f000 	/usr/lib/libcurl.4.dylib
0x0000000282865000 	/usr/lib/libcrypto.46.dylib
0x000000028338f000 	/usr/lib/libssl.48.dylib
0x00000001b4707000 	/System/Library/Frameworks/LDAP.framework/Versions/A/LDAP
0x00000001b4743000 	/System/Library/PrivateFrameworks/TrustEvaluationAgent.framework/Versions/A/TrustEvaluationAgent
0x00000001ad067000 	/usr/lib/libsasl2.2.dylib
0x00000001c1250000 	/usr/lib/swift/libswiftCoreGraphics.dylib
0x00000001b1528000 	/usr/lib/swift/libswiftFoundation.dylib
0x00000001f7f31000 	/usr/lib/swift/libswiftSwiftOnoneSupport.dylib
0x00000001e3d47000 	/System/Library/PrivateFrameworks/CoreMaterial.framework/Versions/A/CoreMaterial
0x0000000269c28000 	/System/Library/PrivateFrameworks/SFSymbols.framework/Versions/A/SFSymbols
0x00000001b07f3000 	/System/Library/PrivateFrameworks/SpeechRecognitionCore.framework/Versions/A/SpeechRecognitionCore
0x00000001c2a9e000 	/System/Library/Frameworks/Carbon.framework/Versions/A/Carbon
0x00000001b9ad4000 	/System/Library/Frameworks/Carbon.framework/Versions/A/Frameworks/CommonPanels.framework/Versions/A/CommonPanels
0x00000001b4a1a000 	/System/Library/Frameworks/Carbon.framework/Versions/A/Frameworks/Help.framework/Versions/A/Help
0x00000001b9ad8000 	/System/Library/Frameworks/Carbon.framework/Versions/A/Frameworks/ImageCapture.framework/Versions/A/ImageCapture
0x00000001b9ab4000 	/System/Library/Frameworks/Carbon.framework/Versions/A/Frameworks/OpenScripting.framework/Versions/A/OpenScripting
0x00000001b9ad3000 	/System/Library/Frameworks/Carbon.framework/Versions/A/Frameworks/Ink.framework/Versions/A/Ink
0x00000001b9ad0000 	/System/Library/Frameworks/Carbon.framework/Versions/A/Frameworks/SecurityHI.framework/Versions/A/SecurityHI
0x00000001a463d000 	/System/Library/PrivateFrameworks/ViewBridge.framework/Versions/A/ViewBridge
0x000000010fc88000 	/usr/lib/libobjc-trampolines.dylib
0x0000000282273000 	/usr/lib/libAccessibilityBaseImplementations.dylib
0x000000027c999000 	/System/Library/PrivateFrameworks/WritingToolsUI.framework/Versions/A/WritingToolsUI
0x000000025502d000 	/System/Library/PrivateFrameworks/GenerativeAssistantSettings.framework/Versions/A/GenerativeAssistantSettings
0x0000000273dc3000 	/System/Library/PrivateFrameworks/TextComposer.framework/Versions/A/TextComposer
0x00000001c3eef000 	/usr/lib/swift/libswiftIntents.dylib
0x000000028360d000 	/usr/lib/swift/libswiftSpatial.dylib
0x00000001fbb2a000 	/System/Library/Frameworks/AppIntents.framework/Versions/A/AppIntents
0x00000001cadbd000 	/System/Library/Frameworks/SwiftUI.framework/Versions/A/SwiftUI
0x00000001c132c000 	/System/Library/Frameworks/WebKit.framework/Versions/A/WebKit
0x0000000240ab6000 	/System/Library/Frameworks/_AuthenticationServices_SwiftUI.framework/Versions/A/_AuthenticationServices_SwiftUI
0x0000000243696000 	/System/Library/PrivateFrameworks/Anvil.framework/Versions/A/Anvil
0x00000001ca432000 	/System/Library/PrivateFrameworks/AppStoreDaemon.framework/Versions/A/AppStoreDaemon
0x00000001b77e0000 	/System/Library/PrivateFrameworks/AppleMediaServices.framework/Versions/A/AppleMediaServices
0x00000001c6eb1000 	/System/Library/PrivateFrameworks/AppleMediaServicesUI.framework/Versions/A/AppleMediaServicesUI
0x0000000255007000 	/System/Library/PrivateFrameworks/GenerativeAssistantCommon.framework/Versions/A/GenerativeAssistantCommon
0x00000001f7549000 	/System/Library/PrivateFrameworks/JetEngine.framework/Versions/A/JetEngine
0x000000025cb4f000 	/System/Library/PrivateFrameworks/LinkMetadata.framework/Versions/A/LinkMetadata
0x00000001c4771000 	/System/Library/PrivateFrameworks/OnBoardingKit.framework/Versions/A/OnBoardingKit
0x000000026aaa3000 	/System/Library/PrivateFrameworks/Settings.framework/Versions/A/Settings
0x00000001a8fdf000 	/System/Library/Frameworks/CoreSpotlight.framework/Versions/A/CoreSpotlight
0x000000025cd90000 	/System/Library/PrivateFrameworks/LinkServices.framework/Versions/A/LinkServices
0x000000024d6ac000 	/System/Library/PrivateFrameworks/DoNotDisturb.framework/Versions/A/DoNotDisturb
0x00000001c8c55000 	/System/Library/PrivateFrameworks/IntentsCore.framework/Versions/A/IntentsCore
0x0000000245d7c000 	/System/Library/PrivateFrameworks/AvailabilityKit.framework/Versions/A/AvailabilityKit
0x00000002438e6000 	/System/Library/PrivateFrameworks/AppIntentSchemas.framework/Versions/A/AppIntentSchemas
0x00000002728d9000 	/System/Library/PrivateFrameworks/StatusKit.framework/Versions/A/StatusKit
0x0000000268dd5000 	/System/Library/PrivateFrameworks/RecapPerformanceTesting.framework/Versions/A/RecapPerformanceTesting
0x00000001c4761000 	/System/Library/PrivateFrameworks/SignpostCollection.framework/Versions/A/SignpostCollection
0x0000000282630000 	/usr/lib/libSpatial.dylib
0x00000001b71d6000 	/System/Library/Frameworks/WebKit.framework/Versions/A/Frameworks/WebKitLegacy.framework/Versions/A/WebKitLegacy
0x00000001b511c000 	/System/Library/PrivateFrameworks/CorePrediction.framework/Versions/A/CorePrediction
0x00000001a5630000 	/System/Library/Frameworks/WebKit.framework/Versions/A/Frameworks/WebCore.framework/Versions/A/Frameworks/libwebrtc.dylib
0x00000001c12b8000 	/System/Library/PrivateFrameworks/SafariSafeBrowsing.framework/Versions/A/SafariSafeBrowsing
0x00000001ad0f0000 	/System/Library/Frameworks/SecurityInterface.framework/Versions/A/SecurityInterface
0x00000001c4770000 	/System/Library/PrivateFrameworks/WebInspectorUI.framework/Versions/A/WebInspectorUI
0x00000001b9adb000 	/System/Library/Frameworks/JavaScriptCore.framework/Versions/A/JavaScriptCore
0x00000001bd89c000 	/System/Library/Frameworks/WebKit.framework/Versions/A/Frameworks/WebCore.framework/Versions/A/WebCore
0x00000001fc508000 	/System/Library/Frameworks/BrowserEngineCore.framework/Versions/A/BrowserEngineCore
0x0000000240614000 	/System/Library/Frameworks/WebKit.framework/Versions/A/Frameworks/WebCore.framework/Versions/A/Frameworks/libANGLE-shared.dylib
0x000000027b590000 	/System/Library/PrivateFrameworks/WebGPU.framework/Versions/A/WebGPU
0x00000001c6543000 	/System/Library/Frameworks/SceneKit.framework/Versions/A/SceneKit
0x00000001d6b7b000 	/System/Library/Frameworks/ModelIO.framework/Versions/A/ModelIO
0x00000001aea2b000 	/System/Library/Frameworks/MetalKit.framework/Versions/A/MetalKit
0x00000001b0b0a000 	/System/Library/Frameworks/GLKit.framework/Versions/A/GLKit
0x0000000283b46000 	/usr/lib/usd/libusd_ms.dylib
0x0000000277bd8000 	/System/Library/PrivateFrameworks/USDLib_FormatLoaderProxy.framework/Versions/A/USDLib_FormatLoaderProxy
0x00000001c3977000 	/System/Library/PrivateFrameworks/CoreOptimization.framework/Versions/A/CoreOptimization
0x0000000245c4f000 	/System/Library/PrivateFrameworks/AuthenticationServicesCore.framework/Versions/A/AuthenticationServicesCore
0x00000001cd6da000 	/System/Library/Frameworks/AuthenticationServices.framework/Versions/A/AuthenticationServices
0x00000001aaab3000 	/System/Library/PrivateFrameworks/SharedWebCredentials.framework/Versions/A/SharedWebCredentials
0x00000001c55ad000 	/System/Library/PrivateFrameworks/SafariCore.framework/Versions/A/SafariCore
0x00000001cd22c000 	/System/Library/PrivateFrameworks/SafariFoundation.framework/Versions/A/SafariFoundation
0x0000000246cd9000 	/System/Library/PrivateFrameworks/CBORLibrary.framework/Versions/A/CBORLibrary
0x0000000247a81000 	/System/Library/PrivateFrameworks/Chirp.framework/Versions/A/Chirp
0x00000001f87dc000 	/System/Library/PrivateFrameworks/RemoteManagement.framework/Versions/A/RemoteManagement
0x000000026912b000 	/System/Library/PrivateFrameworks/RemoteManagementModel.framework/Versions/A/RemoteManagementModel
0x00000002691b8000 	/System/Library/PrivateFrameworks/RemoteManagementStore.framework/Versions/A/RemoteManagementStore
0x00000001aea49000 	/usr/lib/libxcselect.dylib
0x00000001cd19b000 	/System/Library/PrivateFrameworks/DifferentialPrivacy.framework/Versions/A/DifferentialPrivacy
0x00000001b17d9000 	/System/Library/Frameworks/Contacts.framework/Versions/A/Contacts
0x00000002783fc000 	/System/Library/PrivateFrameworks/VDAF.framework/Versions/A/VDAF
0x00000001b15f6000 	/System/Library/PrivateFrameworks/ContactsPersistence.framework/Versions/A/ContactsPersistence
0x00000001b080d000 	/System/Library/PrivateFrameworks/AppleLDAP.framework/Versions/A/AppleLDAP
0x00000001b4dc3000 	/System/Library/Frameworks/ClassKit.framework/Versions/A/ClassKit
0x00000001b6f02000 	/System/Library/PrivateFrameworks/CoreSuggestions.framework/Versions/A/CoreSuggestions
0x00000001b1529000 	/System/Library/PrivateFrameworks/ContactsFoundation.framework/Versions/A/ContactsFoundation
0x00000001b2aca000 	/System/Library/PrivateFrameworks/vCard.framework/Versions/A/vCard
0x00000002492a4000 	/System/Library/PrivateFrameworks/ContactsMetrics.framework/Versions/A/ContactsMetrics
0x00000001aaecf000 	/System/Library/PrivateFrameworks/login.framework/Versions/A/login
0x000000025eed8000 	/System/Library/PrivateFrameworks/ManagedOrganizationContacts.framework/Versions/A/ManagedOrganizationContacts
0x00000001a4d9c000 	/System/Library/PrivateFrameworks/CloudDocs.framework/Versions/A/CloudDocs
0x00000001b64f1000 	/System/Library/PrivateFrameworks/ConfigurationProfiles.framework/Versions/A/ConfigurationProfiles
0x000000024cc2b000 	/System/Library/PrivateFrameworks/DMCUtilities.framework/Versions/A/DMCUtilities
0x000000025d16b000 	/System/Library/PrivateFrameworks/MDMClientLibrary.framework/Versions/A/MDMClientLibrary
0x00000002691ac000 	/System/Library/PrivateFrameworks/RemoteManagementProtocol.framework/Versions/A/RemoteManagementProtocol
0x000000028243c000 	/usr/lib/libEndpointSecuritySystem.dylib
0x00000001b0f33000 	/System/Library/PrivateFrameworks/SystemAdministration.framework/Versions/A/SystemAdministration
0x00000001bb3e1000 	/System/Library/PrivateFrameworks/PowerlogControl.framework/Versions/A/PowerlogControl
0x00000001a8591000 	/System/Library/Frameworks/ServiceManagement.framework/Versions/A/ServiceManagement
0x00000001bb3e3000 	/usr/lib/libUniversalAccess.dylib
0x00000001b80ae000 	/System/Library/PrivateFrameworks/FamilyControls.framework/Versions/A/FamilyControls
0x00000001b07be000 	/System/Library/Frameworks/DirectoryService.framework/Versions/A/DirectoryService
0x00000001b4ab1000 	/System/Library/PrivateFrameworks/LoginUIKit.framework/Versions/A/Frameworks/LoginUICore.framework/Versions/A/LoginUICore
0x00000001ab0bf000 	/usr/lib/libodfde.dylib
0x00000001b80a8000 	/System/Library/PrivateFrameworks/UniversalAccess.framework/Versions/A/Libraries/libUAPreferences.dylib
0x00000001b80d2000 	/System/Library/PrivateFrameworks/CommerceKit.framework/Versions/A/Frameworks/CommerceCore.framework/Versions/A/CommerceCore
0x000000024cbd9000 	/System/Library/PrivateFrameworks/DEPClientLibrary.framework/Versions/A/DEPClientLibrary
0x000000024cbf9000 	/System/Library/PrivateFrameworks/DMCEnrollmentLibrary.framework/Versions/A/DMCEnrollmentLibrary
0x00000001bb4c7000 	/System/Library/PrivateFrameworks/SetupAssistantFramework.framework/Versions/A/SetupAssistantFramework
0x00000001b5176000 	/System/Library/PrivateFrameworks/AuthKitUI.framework/Versions/A/AuthKitUI
0x00000001b4afb000 	/System/Library/PrivateFrameworks/AppSSO.framework/Versions/A/AppSSO
0x00000001ca198000 	/System/Library/PrivateFrameworks/LocalAuthenticationUI.framework/Versions/A/LocalAuthenticationUI
0x000000026736a000 	/System/Library/PrivateFrameworks/PlatformSSO.framework/Versions/A/PlatformSSO
0x00000001cab85000 	/System/Library/PrivateFrameworks/AOSUI.framework/Versions/A/AOSUI
0x00000001bcf58000 	/System/Library/Frameworks/ContactsUI.framework/Versions/A/ContactsUI
0x00000001b1a10000 	/System/Library/PrivateFrameworks/FamilyCircle.framework/Versions/A/FamilyCircle
0x00000001d822a000 	/System/Library/Frameworks/LinkPresentation.framework/Versions/A/LinkPresentation
0x0000000267436000 	/System/Library/PrivateFrameworks/PlatformSSOCore.framework/Versions/A/PlatformSSOCore
0x00000001bcc6a000 	/System/Library/PrivateFrameworks/IASUtilities.framework/Versions/A/IASUtilities
0x000000025806e000 	/System/Library/PrivateFrameworks/IASUtilitiesCore.framework/Versions/A/IASUtilitiesCore
0x000000025d053000 	/System/Library/PrivateFrameworks/LocalAuthenticationCoreUI.framework/Versions/A/LocalAuthenticationCoreUI
0x00000001c3c0c000 	/System/Library/Frameworks/LocalAuthentication.framework/Support/DaemonUtils.framework/Versions/A/DaemonUtils
0x00000001c6e78000 	/System/Library/PrivateFrameworks/BridgeXPC.framework/Versions/A/BridgeXPC
0x00000001aaef3000 	/System/Library/PrivateFrameworks/CoreBrightness.framework/Versions/A/CoreBrightness
0x00000001c484a000 	/System/Library/PrivateFrameworks/CoreKDL.framework/Versions/A/CoreKDL
0x00000001c3074000 	/System/Library/PrivateFrameworks/EmbeddedOSSupportHost.framework/Versions/A/EmbeddedOSSupportHost
0x00000002735ec000 	/System/Library/PrivateFrameworks/SystemStatus.framework/Versions/A/SystemStatus
0x00000001d2301000 	/System/Library/PrivateFrameworks/StorageKit.framework/Versions/A/StorageKit
0x00000001f9e56000 	/System/Library/Frameworks/DeviceCheck.framework/Versions/A/DeviceCheck
0x00000001fd181000 	/System/Library/Frameworks/FSKit.framework/Versions/A/FSKit
0x000000024d3c9000 	/System/Library/PrivateFrameworks/DiskImages2.framework/Versions/A/DiskImages2
0x000000025cee0000 	/System/Library/PrivateFrameworks/LiveFS.framework/Versions/A/LiveFS
0x000000027fcdb000 	/System/Library/PrivateFrameworks/icloudMCCKit.framework/Versions/A/icloudMCCKit
0x00000002445e4000 	/System/Library/PrivateFrameworks/AppleAccountUI.framework/Versions/A/AppleAccountUI
0x00000002485a7000 	/System/Library/PrivateFrameworks/CloudSubscriptionFeatures.framework/Versions/A/CloudSubscriptionFeatures
0x00000001e3d13000 	/System/Library/PrivateFrameworks/PreferencePanesSupport.framework/Versions/A/PreferencePanesSupport
0x00000001cad35000 	/System/Library/PrivateFrameworks/FindMyDeviceUI.framework/Versions/A/FindMyDeviceUI
0x000000027d913000 	/System/Library/PrivateFrameworks/iCloudQuotaUI.framework/Versions/A/iCloudQuotaUI
0x00000001e3ec6000 	/System/Library/PrivateFrameworks/CoreCDPUI.framework/Versions/A/CoreCDPUI
0x00000001c5314000 	/System/Library/PrivateFrameworks/CoreFollowUpUI.framework/Versions/A/CoreFollowUpUI
0x00000001ad129000 	/System/Library/PrivateFrameworks/CoreFollowUp.framework/Versions/A/CoreFollowUp
0x00000001d107c000 	/System/Library/PrivateFrameworks/IMCore.framework/Versions/A/IMCore
0x00000001bb449000 	/System/Library/PrivateFrameworks/CoreCDP.framework/Versions/A/CoreCDP
0x00000001b77d2000 	/System/Library/PrivateFrameworks/AskPermission.framework/Versions/A/AskPermission
0x00000001c8bd0000 	/System/Library/Frameworks/Quartz.framework/Versions/A/Quartz
0x00000001d4ba6000 	/System/Library/PrivateFrameworks/CloudPhotoServicesConfiguration.framework/Versions/A/CloudPhotoServicesConfiguration
0x00000001c75e6000 	/System/Library/PrivateFrameworks/CommerceKit.framework/Versions/A/CommerceKit
0x00000001d64e6000 	/System/Library/PrivateFrameworks/FindMyMac.framework/Versions/A/FindMyMac
0x00000001d63bd000 	/System/Library/Frameworks/PreferencePanes.framework/Versions/A/PreferencePanes
0x00000001ca290000 	/System/Library/Frameworks/AddressBook.framework/Versions/A/AddressBook
0x00000001b67ba000 	/System/Library/PrivateFrameworks/AOSAccounts.framework/Versions/A/AOSAccounts
0x00000001b0f2d000 	/System/Library/PrivateFrameworks/AppleSRP.framework/Versions/A/AppleSRP
0x00000001c3b26000 	/System/Library/Frameworks/SafariServices.framework/Versions/A/SafariServices
0x00000001b52d8000 	/System/Library/PrivateFrameworks/NetFSServer.framework/Versions/A/NetFSServer
0x00000001c641c000 	/System/Library/Frameworks/PDFKit.framework/Versions/A/PDFKit
0x00000001d73de000 	/System/Library/PrivateFrameworks/EmailFoundation.framework/Versions/A/EmailFoundation
0x00000001d641a000 	/System/Library/PrivateFrameworks/EmailCore.framework/Versions/A/EmailCore
0x00000001da20a000 	/System/Library/PrivateFrameworks/EmailAddressing.framework/Versions/A/EmailAddressing
0x00000001da216000 	/System/Library/PrivateFrameworks/Email.framework/Versions/A/Email
0x0000000202672000 	/System/Library/Frameworks/TabularData.framework/Versions/A/TabularData
0x00000002835ed000 	/usr/lib/swift/libswiftPassKit.dylib
0x0000000245ebe000 	/System/Library/PrivateFrameworks/BackgroundSystemTasks.framework/Versions/A/BackgroundSystemTasks
0x000000025d0e2000 	/System/Library/PrivateFrameworks/LockdownMode.framework/Versions/A/LockdownMode
0x00000001b1a0a000 	/System/Library/PrivateFrameworks/CommunicationsFilter.framework/Versions/A/CommunicationsFilter
0x00000001e79d7000 	/System/Library/Frameworks/PassKit.framework/Versions/A/PassKit
0x00000001b8bd2000 	/System/Library/PrivateFrameworks/PassKitCore.framework/Versions/A/PassKitCore
0x0000000264921000 	/System/Library/PrivateFrameworks/PassKitMacHelperTemp.framework/Versions/A/PassKitMacHelperTemp
0x0000000243923000 	/System/Library/PrivateFrameworks/AppIntentsServices.framework/Versions/A/AppIntentsServices
0x00000001b63d0000 	/System/Library/PrivateFrameworks/CoreRecents.framework/Versions/A/CoreRecents
0x00000001c3c59000 	/System/Library/PrivateFrameworks/BiometricKit.framework/Versions/A/BiometricKit
0x0000000269b69000 	/System/Library/PrivateFrameworks/SEService.framework/Versions/A/SEService
0x00000001b6fce000 	/System/Library/Frameworks/EventKit.framework/Versions/A/EventKit
0x00000001c8c75000 	/System/Library/PrivateFrameworks/NearField.framework/Versions/A/NearField
0x00000001ca9ad000 	/System/Library/PrivateFrameworks/FTClientServices.framework/Versions/A/FTClientServices
0x00000001e3734000 	/System/Library/PrivateFrameworks/DiagnosticRequest.framework/Versions/A/DiagnosticRequest
0x00000002825ea000 	/usr/lib/libSESShared.dylib
0x0000000269d0a000 	/System/Library/PrivateFrameworks/STSXPCHelperClient.framework/Versions/A/STSXPCHelperClient
0x00000002733bf000 	/System/Library/PrivateFrameworks/Symptoms.framework/Versions/A/Frameworks/SymptomPresentationFeed.framework/Versions/A/SymptomPresentationFeed
0x0000000244e97000 	/System/Library/PrivateFrameworks/AppleMediaServicesKitInternal.framework/Versions/A/AppleMediaServicesKitInternal
0x000000027313a000 	/System/Library/PrivateFrameworks/SymptomShared.framework/Versions/A/SymptomShared
0x0000000247611000 	/System/Library/PrivateFrameworks/CalendarDatabase.framework/Versions/A/CalendarDatabase
0x0000000247565000 	/System/Library/PrivateFrameworks/CalendarDaemon.framework/Versions/A/CalendarDaemon
0x00000001b6425000 	/System/Library/PrivateFrameworks/CalendarFoundation.framework/Versions/A/CalendarFoundation
0x00000001b63e1000 	/System/Library/PrivateFrameworks/iCalendar.framework/Versions/A/iCalendar
0x000000024ce60000 	/System/Library/PrivateFrameworks/DataAccessExpress.framework/Versions/A/DataAccessExpress
0x00000001bcafc000 	/System/Library/PrivateFrameworks/CoreDAV.framework/Versions/A/CoreDAV
0x00000001b6ea3000 	/System/Library/PrivateFrameworks/CalDAV.framework/Versions/A/CalDAV
0x00000001c1015000 	/System/Library/PrivateFrameworks/TelephonyUtilities.framework/Versions/A/TelephonyUtilities
0x00000001c53df000 	/System/Library/Frameworks/CallKit.framework/Versions/A/CallKit
0x00000001ed025000 	/System/Library/PrivateFrameworks/IMTransferServices.framework/Versions/A/IMTransferServices
0x00000001c3991000 	/System/Library/PrivateFrameworks/IncomingCallFilter.framework/Versions/A/IncomingCallFilter
0x000000026222c000 	/System/Library/PrivateFrameworks/NeighborhoodActivityConduit.framework/Versions/A/NeighborhoodActivityConduit
0x0000000282412000 	/usr/lib/libBASupport.dylib
0x00000001d0e26000 	/System/Library/PrivateFrameworks/SpotlightReceiver.framework/Versions/A/SpotlightReceiver
0x00000001ca64e000 	/usr/lib/libnfshared.dylib
0x00000001ea205000 	/System/Library/PrivateFrameworks/PassKitUIFoundation.framework/Versions/A/PassKitUIFoundation
0x00000001b081f000 	/System/Library/Frameworks/MapKit.framework/Versions/A/MapKit
0x00000001fd145000 	/System/Library/Frameworks/ExtensionKit.framework/Versions/A/ExtensionKit
0x0000000255490000 	/System/Library/PrivateFrameworks/GeoAnalytics.framework/Versions/A/GeoAnalytics
0x00000001c499f000 	/System/Library/PrivateFrameworks/SearchFoundation.framework/Versions/A/SearchFoundation
0x00000001ca684000 	/System/Library/PrivateFrameworks/Navigation.framework/Versions/A/Navigation
0x00000001d36c6000 	/System/Library/PrivateFrameworks/VectorKit.framework/Versions/A/VectorKit
0x00000001bcd32000 	/System/Library/PrivateFrameworks/VirtualGarage.framework/Versions/A/VirtualGarage
0x00000001ca7fd000 	/System/Library/Frameworks/ExternalAccessory.framework/ExternalAccessory
0x00000001ca817000 	/System/Library/PrivateFrameworks/IAP.framework/Versions/A/IAP
0x00000001b0ad2000 	/System/Library/PrivateFrameworks/IOPlatformPluginFamily.framework/Versions/A/IOPlatformPluginFamily
0x0000000245d7f000 	/System/Library/PrivateFrameworks/AvatarKit.framework/Versions/A/AvatarKit
0x0000000245e37000 	/System/Library/PrivateFrameworks/AvatarPersistence.framework/Versions/A/AvatarPersistence
0x0000000269221000 	/System/Library/PrivateFrameworks/RemoteUI.framework/Versions/A/RemoteUI
0x00000001b0bd6000 	/usr/lib/libCTGreenTeaLogger.dylib
0x000000020289c000 	/System/Library/Frameworks/TipKit.framework/Versions/A/TipKit
0x00000001e598e000 	/System/Library/PrivateFrameworks/AppleCVA.framework/Versions/A/AppleCVA
0x0000000245e36000 	/System/Library/PrivateFrameworks/AvatarKitContent.framework/Versions/A/AvatarKitContent
0x00000001b0bfe000 	/System/Library/PrivateFrameworks/CoreAppleCVA.framework/Versions/A/CoreAppleCVA
0x000000025bf1e000 	/System/Library/PrivateFrameworks/LiftUI.framework/Versions/A/LiftUI
0x0000000248516000 	/System/Library/PrivateFrameworks/CloudSettings.framework/Versions/A/CloudSettings
0x00000001c35bb000 	/System/Library/PrivateFrameworks/CoreRoutine.framework/Versions/A/CoreRoutine
0x00000001d1e56000 	/System/Library/PrivateFrameworks/Categories.framework/Versions/A/Categories
0x0000000248a16000 	/System/Library/PrivateFrameworks/Coherence.framework/Versions/A/Coherence
0x00000001c0f10000 	/System/Library/PrivateFrameworks/CoreParsec.framework/Versions/A/CoreParsec
0x0000000264fb0000 	/System/Library/PrivateFrameworks/PegasusAPI.framework/Versions/A/PegasusAPI
0x0000000265c7e000 	/System/Library/PrivateFrameworks/PegasusConfiguration.framework/Versions/A/PegasusConfiguration
0x000000025d0b9000 	/System/Library/PrivateFrameworks/LocalStatusKit.framework/Versions/A/LocalStatusKit
0x00000001c5593000 	/System/Library/PrivateFrameworks/ContextKit.framework/Versions/A/ContextKit
0x00000002493d2000 	/System/Library/PrivateFrameworks/ContextKitCore.framework/Versions/A/ContextKitCore
0x00000001ca9b1000 	/System/Library/PrivateFrameworks/CharacterPicker.framework/Versions/A/CharacterPicker
0x00000001c3a98000 	/System/Library/PrivateFrameworks/ContactsDonation.framework/Versions/A/ContactsDonation
0x00000001bce54000 	/System/Library/PrivateFrameworks/ContactsUICore.framework/Versions/A/ContactsUICore
0x00000001c339e000 	/System/Library/PrivateFrameworks/DataDetectors.framework/Versions/A/DataDetectors
0x00000001b6e8f000 	/System/Library/Frameworks/MediaLibrary.framework/Versions/A/MediaLibrary
0x00000001b19f9000 	/System/Library/PrivateFrameworks/PersonaKit.framework/Versions/A/PersonaKit
0x00000001bce42000 	/System/Library/PrivateFrameworks/PersonaUI.framework/Versions/A/PersonaUI
0x000000025892f000 	/System/Library/PrivateFrameworks/InputToolKitUI.framework/Versions/A/InputToolKitUI
0x000000025891a000 	/System/Library/PrivateFrameworks/InputToolKit.framework/Versions/A/InputToolKit
0x0000000272a12000 	/System/Library/PrivateFrameworks/Stickers.framework/Versions/A/Stickers
0x0000000258888000 	/System/Library/PrivateFrameworks/InputAnalytics.framework/Versions/A/InputAnalytics
0x00000001cc528000 	/System/Library/PrivateFrameworks/EmojiFoundation.framework/Versions/A/EmojiFoundation
0x000000024e802000 	/System/Library/PrivateFrameworks/FeedbackService.framework/Versions/A/FeedbackService
0x00000001b1675000 	/System/Library/PrivateFrameworks/AddressBookCore.framework/Versions/A/AddressBookCore
0x00000001c5294000 	/System/Library/PrivateFrameworks/IntlPreferences.framework/Versions/A/IntlPreferences
0x00000001ca413000 	/System/Library/PrivateFrameworks/ToneKit.framework/Versions/A/ToneKit
0x00000001c52da000 	/System/Library/PrivateFrameworks/ToneLibrary.framework/Versions/A/ToneLibrary
0x000000024926a000 	/System/Library/PrivateFrameworks/ContactsAccounts.framework/Versions/A/ContactsAccounts
0x00000001d5ddb000 	/System/Library/PrivateFrameworks/Transparency.framework/Versions/A/Transparency
0x00000001c8aed000 	/System/Library/PrivateFrameworks/Lookup.framework/Versions/A/Lookup
0x0000000200a70000 	/System/Library/Frameworks/QuickLookUI.framework/Versions/A/QuickLookUI
0x0000000201450000 	/System/Library/Frameworks/ScreenCaptureKit.framework/Versions/A/ScreenCaptureKit
0x00000001c5f30000 	/System/Library/Frameworks/Quartz.framework/Versions/A/Frameworks/QuartzComposer.framework/Versions/A/QuartzComposer
0x00000001c526b000 	/System/Library/Frameworks/Quartz.framework/Versions/A/Frameworks/QuartzFilters.framework/Versions/A/QuartzFilters
0x00000001c4351000 	/System/Library/Frameworks/Quartz.framework/Versions/A/Frameworks/ImageKit.framework/Versions/A/ImageKit
0x00000001fb7c5000 	/System/Library/Frameworks/OpenCL.framework/Versions/A/OpenCL
0x00000001c2a9d000 	/System/Library/PrivateFrameworks/CorePDF.framework/Versions/A/CorePDF
0x00000001ae9c2000 	/System/Library/Frameworks/QuickLook.framework/Versions/A/QuickLook
0x00000001b8ad7000 	/System/Library/PrivateFrameworks/DisplayServices.framework/Versions/A/DisplayServices
0x00000001c51db000 	/System/Library/Frameworks/ImageCaptureCore.framework/Versions/A/ImageCaptureCore
0x0000000279eb1000 	/System/Library/PrivateFrameworks/VisionKitCore.framework/Versions/A/VisionKitCore
0x00000001c0ee0000 	/System/Library/PrivateFrameworks/QuickLookSupport.framework/Versions/A/QuickLookSupport
0x000000025f742000 	/System/Library/PrivateFrameworks/MediaAnalysisServices.framework/Versions/A/MediaAnalysisServices
0x00000001c7adc000 	/System/Library/PrivateFrameworks/PhotoLibraryServices.framework/Versions/A/PhotoLibraryServices
0x00000001c4e24000 	/System/Library/Frameworks/Photos.framework/Versions/A/Photos
0x00000001d860b000 	/System/Library/PrivateFrameworks/PhotosFormats.framework/Versions/A/PhotosFormats
0x00000001d4bd8000 	/System/Library/PrivateFrameworks/CloudPhotoLibrary.framework/Versions/A/CloudPhotoLibrary
0x00000001ddbfc000 	/System/Library/PrivateFrameworks/CloudPhotoServices.framework/Versions/A/CloudPhotoServices
0x00000001da393000 	/System/Library/PrivateFrameworks/CoreMediaStream.framework/Versions/A/CoreMediaStream
0x00000001b2025000 	/System/Library/PrivateFrameworks/CPAnalytics.framework/Versions/A/CPAnalytics
0x00000001d6a80000 	/System/Library/PrivateFrameworks/MediaConversionService.framework/Versions/A/MediaConversionService
0x00000001b8744000 	/System/Library/PrivateFrameworks/PhotoFoundation.framework/Versions/A/PhotoFoundation
0x0000000266216000 	/System/Library/PrivateFrameworks/PhotoLibraryServicesCore.framework/Versions/A/PhotoLibraryServicesCore
0x00000001d07d7000 	/System/Library/PrivateFrameworks/MMCS.framework/Versions/A/MMCS
0x00000001b6cf8000 	/System/Library/PrivateFrameworks/ChunkingLibrary.framework/Versions/A/ChunkingLibrary
0x00000001b0ed8000 	/System/Library/PrivateFrameworks/AssetCacheServices.framework/Versions/A/AssetCacheServices
0x00000001b2c00000 	/System/Library/PrivateFrameworks/AVFoundationCF.framework/Versions/A/AVFoundationCF
0x00000001ecf22000 	/usr/lib/swift/libswiftDemangle.dylib
0x00000001c361b000 	/System/Library/PrivateFrameworks/MediaStream.framework/Versions/A/MediaStream
0x00000001d6f9a000 	/System/Library/PrivateFrameworks/NeutrinoCore.framework/Versions/A/NeutrinoCore
0x00000001a2140000 	/System/Library/PrivateFrameworks/NLP.framework/Versions/A/NLP
0x00000001dc9a8000 	/System/Library/PrivateFrameworks/PhotoImaging.framework/Versions/A/PhotoImaging
0x00000001ddbbd000 	/System/Library/PrivateFrameworks/PhotosImagingFoundation.framework/Versions/A/PhotosImagingFoundation
0x0000000266cf1000 	/System/Library/PrivateFrameworks/PhotosIntelligenceCore.framework/Versions/A/PhotosIntelligenceCore
0x00000001b3097000 	/System/Library/PrivateFrameworks/EmbeddedAcousticRecognition.framework/Versions/A/EmbeddedAcousticRecognition
0x00000001d4e3f000 	/System/Library/PrivateFrameworks/SDAPI.framework/Versions/A/SDAPI
0x00000001ddc0a000 	/System/Library/PrivateFrameworks/AutoLoop.framework/Versions/A/AutoLoop
0x000000026775a000 	/System/Library/PrivateFrameworks/Portrait.framework/Versions/A/Portrait
0x000000024468d000 	/System/Library/PrivateFrameworks/AppleDepth.framework/Versions/A/AppleDepth
0x000000024f398000 	/System/Library/PrivateFrameworks/FusionTracker.framework/Versions/A/FusionTracker
0x000000024477b000 	/System/Library/PrivateFrameworks/AppleDepthCore.framework/Versions/A/AppleDepthCore
0x00000001c59f0000 	/System/Library/PrivateFrameworks/iTunesCloud.framework/Versions/A/iTunesCloud
0x00000001ce29c000 	/System/Library/PrivateFrameworks/DAAPKit.framework/Versions/A/DAAPKit
0x0000000283671000 	/usr/lib/swift/libswiftVideoToolbox.dylib
0x00000001c11f1000 	/System/Library/PrivateFrameworks/DeviceManagement.framework/Versions/A/DeviceManagement
0x00000001e3693000 	/System/Library/PrivateFrameworks/ScreenTimeUI.framework/Versions/A/ScreenTimeUI
0x00000001c3398000 	/System/Library/PrivateFrameworks/QuickLookNonBaseSystem.framework/Versions/A/QuickLookNonBaseSystem
0x00000001c3b67000 	/System/Library/PrivateFrameworks/Catalyst.framework/Versions/A/Catalyst
0x000000025eede000 	/System/Library/PrivateFrameworks/ManagedSettingsObjC.framework/Versions/A/ManagedSettingsObjC
0x00000001c5481000 	/System/Library/PrivateFrameworks/ScreenTimeCore.framework/Versions/A/ScreenTimeCore
0x00000001d7b6e000 	/System/Library/PrivateFrameworks/ScreenTimeServiceUI.framework/Versions/A/ScreenTimeServiceUI
0x00000001d0962000 	/System/Library/PrivateFrameworks/ConfigurationEngineModel.framework/Versions/A/ConfigurationEngineModel
0x00000001d3682000 	/System/Library/PrivateFrameworks/UsageTracking.framework/Versions/A/UsageTracking
0x00000001fcf46000 	/System/Library/Frameworks/DeviceActivity.framework/Versions/A/DeviceActivity
0x00000001d3652000 	/System/Library/PrivateFrameworks/KnowledgeMonitor.framework/Versions/A/KnowledgeMonitor
0x00000001ea1aa000 	/System/Library/PrivateFrameworks/BluetoothManager.framework/Versions/A/BluetoothManager
0x00000001fe0a1000 	/System/Library/Frameworks/ManagedSettings.framework/Versions/A/ManagedSettings
0x000000025ef17000 	/System/Library/PrivateFrameworks/ManagedSettingsSupport.framework/Versions/A/ManagedSettingsSupport
0x00000001e7aa7000 	/System/Library/Frameworks/ReplayKit.framework/Versions/A/ReplayKit
0x00000001b9a70000 	/System/Library/PrivateFrameworks/MarkupUI.framework/Versions/A/MarkupUI
0x00000001c3370000 	/System/Library/PrivateFrameworks/SidecarCore.framework/Versions/A/SidecarCore
0x00000001c5df1000 	/System/Library/PrivateFrameworks/AnnotationKit.framework/Versions/A/AnnotationKit
0x00000002029fc000 	/System/Library/Frameworks/Translation.framework/Versions/A/Translation
0x00000001df5d2000 	/System/Library/PrivateFrameworks/RevealCore.framework/Versions/A/RevealCore
0x00000001df5c6000 	/System/Library/PrivateFrameworks/Reveal.framework/Versions/A/Reveal
0x0000000276cb9000 	/System/Library/PrivateFrameworks/TranslationUIServices.framework/Versions/A/TranslationUIServices
0x00000001c4597000 	/System/Library/Frameworks/PencilKit.framework/Versions/A/PencilKit
0x00000001c474c000 	/System/Library/PrivateFrameworks/SidecarUI.framework/Versions/A/SidecarUI
0x00000001c3f44000 	/System/Library/PrivateFrameworks/CoreHandwriting.framework/Versions/A/CoreHandwriting
0x000000019c307000 	/usr/lib/libmecabra.dylib
0x00000001bd2cb000 	/System/Library/PrivateFrameworks/Calculate.framework/Versions/A/Calculate
0x00000001aa867000 	/usr/lib/libChineseTokenizer.dylib
0x00000001f8705000 	/System/Library/PrivateFrameworks/ScreenReaderCore.framework/Versions/A/ScreenReaderCore
0x0000000272de9000 	/System/Library/PrivateFrameworks/StocksKit.framework/Versions/A/StocksKit
0x00000001bc444000 	/System/Library/PrivateFrameworks/OAuth.framework/Versions/A/OAuth
0x0000000272a96000 	/System/Library/PrivateFrameworks/StocksCore.framework/Versions/A/StocksCore
0x0000000273afa000 	/System/Library/PrivateFrameworks/TeaFoundation.framework/Versions/A/TeaFoundation
0x0000000273ce3000 	/System/Library/PrivateFrameworks/TeaSettings.framework/Versions/A/TeaSettings
0x00000001ee2ec000 	/System/Library/PrivateFrameworks/NewsCore.framework/Versions/A/NewsCore
0x0000000273a97000 	/System/Library/PrivateFrameworks/TeaDB.framework/Versions/A/TeaDB
0x00000001eaf93000 	/System/Library/PrivateFrameworks/RemoteConfiguration.framework/Versions/A/RemoteConfiguration
0x00000001edf26000 	/System/Library/PrivateFrameworks/NewsTransport.framework/Versions/A/NewsTransport
0x00000001ee2dc000 	/System/Library/PrivateFrameworks/NewsFoundation.framework/Versions/A/NewsFoundation
0x0000000262774000 	/System/Library/PrivateFrameworks/NewsURLBucket.framework/Versions/A/NewsURLBucket
0x00000001c7810000 	/System/Library/PrivateFrameworks/MobileInstallation.framework/Versions/A/MobileInstallation
0x0000000275d00000 	/System/Library/PrivateFrameworks/TipKitCore.framework/Versions/A/TipKitCore
0x00000001cc5ab000 	/System/Library/PrivateFrameworks/CoreCDPInternal.framework/Versions/A/CoreCDPInternal
0x00000001bc396000 	/System/Library/PrivateFrameworks/AccountsDaemon.framework/Versions/A/AccountsDaemon
0x0000000268e63000 	/System/Library/PrivateFrameworks/RegulatoryDomain.framework/Versions/A/RegulatoryDomain
0x00000001e3ec3000 	/System/Library/PrivateFrameworks/MachineSettings.framework/Versions/A/MachineSettings
0x00000001d6340000 	/System/Library/PrivateFrameworks/BezelServices.framework/Versions/A/BezelServices
0x00000001ce325000 	/System/Library/PrivateFrameworks/SPOwner.framework/Versions/A/SPOwner
0x00000001c764b000 	/System/Library/PrivateFrameworks/FMCore.framework/Versions/A/FMCore
0x000000027d870000 	/System/Library/PrivateFrameworks/iCloudQuota.framework/Versions/A/iCloudQuota
0x00000001bcdc7000 	/System/Library/PrivateFrameworks/CoreRecognition.framework/Versions/A/CoreRecognition
0x00000001d63f5000 	/System/Library/PrivateFrameworks/InAppMessages.framework/Versions/A/InAppMessages
0x00000001f7450000 	/System/Library/PrivateFrameworks/JetUI.framework/Versions/A/JetUI
0x000000025bc7a000 	/System/Library/PrivateFrameworks/JetPack.framework/Versions/A/JetPack
0x00000001d63ec000 	/System/Library/PrivateFrameworks/InAppMessagesCore.framework/Versions/A/InAppMessagesCore
0x000000027cf68000 	/System/Library/PrivateFrameworks/_JetEngine_SwiftUI.framework/Versions/A/_JetEngine_SwiftUI
0x00000002733e7000 	/System/Library/PrivateFrameworks/Synapse.framework/Versions/A/Synapse
0x0000000247401000 	/System/Library/PrivateFrameworks/CSExattrCrypto.framework/Versions/A/CSExattrCrypto
0x00000001b8755000 	/System/Library/PrivateFrameworks/IMSharedUtilities.framework/Versions/A/IMSharedUtilities
0x00000001d1710000 	/System/Library/Frameworks/InstantMessage.framework/Versions/A/InstantMessage
0x00000001ca191000 	/System/Library/PrivateFrameworks/IDSKVStore.framework/Versions/A/IDSKVStore
0x00000001c9fd1000 	/System/Library/PrivateFrameworks/IMDPersistence.framework/Versions/A/IMDPersistence
0x000000028358d000 	/usr/lib/swift/libswiftAppleArchive.dylib
0x00000002783ee000 	/System/Library/PrivateFrameworks/UserSafety.framework/Versions/A/UserSafety
0x00000001e93fc000 	/System/Library/PrivateFrameworks/BlastDoor.framework/Versions/A/BlastDoor
0x00000002014d4000 	/System/Library/Frameworks/SensitiveContentAnalysis.framework/Versions/A/SensitiveContentAnalysis
0x000000025cd60000 	/System/Library/PrivateFrameworks/LinkPresentationStyleSheetParsing.framework/Versions/A/LinkPresentationStyleSheetParsing
0x00000001c39f0000 	/System/Library/PrivateFrameworks/CoreSDB.framework/Versions/A/CoreSDB
0x00000002457d5000 	/System/Library/PrivateFrameworks/AskToCore.framework/Versions/A/AskToCore
0x00000001c87da000 	/System/Library/PrivateFrameworks/StoreFoundation.framework/Versions/A/StoreFoundation
0x00000001c7645000 	/System/Library/PrivateFrameworks/ServerInformation.framework/Versions/A/ServerInformation
0x00000001c70b6000 	/System/Library/PrivateFrameworks/Install.framework/Frameworks/DistributionKit.framework/Versions/A/DistributionKit
0x00000001c0cad000 	/System/Library/PrivateFrameworks/PackageKit.framework/Versions/A/PackageKit
0x00000001c70d9000 	/System/Library/PrivateFrameworks/OSPersonalization.framework/Versions/A/OSPersonalization
0x00000001c8d46000 	/System/Library/PrivateFrameworks/BridgeOSSoftwareUpdate.framework/Versions/A/BridgeOSSoftwareUpdate
0x00000001c3e6c000 	/System/Library/PrivateFrameworks/StorageManagement.framework/Versions/A/StorageManagement
0x00000001d76f7000 	/usr/lib/libauthinstall.dylib
0x00000001c8d4f000 	/System/Library/PrivateFrameworks/InstallerDiagnostics.framework/Versions/A/InstallerDiagnostics
0x00000001d7d2a000 	/usr/lib/libcrypto.42.dylib
0x00000001c8d34000 	/System/Library/PrivateFrameworks/GPUInfo.framework/Versions/A/GPUInfo
0x00000001d64ec000 	/System/Library/PrivateFrameworks/MobileActivationMacOS.framework/Versions/A/MobileActivationMacOS
0x00000001b1fcc000 	/System/Library/PrivateFrameworks/GenerationalStorage.framework/Versions/A/GenerationalStorage
0x00000001ad52c000 	/System/Library/PrivateFrameworks/CacheDelete.framework/Versions/A/CacheDelete
0x00000001b540a000 	/System/Library/Frameworks/QuickLookThumbnailing.framework/Versions/A/QuickLookThumbnailing
0x00000001b1dfe000 	/System/Library/Frameworks/FileProvider.framework/Versions/A/FileProvider
0x00000001a05a3000 	/System/Library/PrivateFrameworks/DesktopServicesPriv.framework/Versions/A/DesktopServicesPriv
0x00000001a2865000 	/System/Library/Frameworks/Accounts.framework/Versions/A/Accounts
0x00000001c8d93000 	/System/Library/PrivateFrameworks/AOSKit.framework/Versions/A/AOSKit
0x00000001aa997000 	/System/Library/PrivateFrameworks/AppSSOCore.framework/Versions/A/AppSSOCore
0x00000001b4ab7000 	/System/Library/PrivateFrameworks/AppSupport.framework/Versions/A/AppSupport
0x00000001c2e76000 	/System/Library/Frameworks/AVFoundation.framework/Versions/A/AVFoundation
0x00000001b532d000 	/System/Library/PrivateFrameworks/DuetActivityScheduler.framework/Versions/A/DuetActivityScheduler
0x00000001c3997000 	/System/Library/PrivateFrameworks/FTServices.framework/Versions/A/FTServices
0x00000001d4b11000 	/System/Library/PrivateFrameworks/NetworkServiceProxy.framework/Versions/A/NetworkServiceProxy
0x00000001b52f3000 	/System/Library/PrivateFrameworks/StreamingZip.framework/Versions/A/StreamingZip
0x00000001b43e3000 	/System/Library/PrivateFrameworks/CoreWiFi.framework/Versions/A/CoreWiFi
0x00000001ad458000 	/System/Library/PrivateFrameworks/MobileAsset.framework/Versions/A/MobileAsset
0x00000001b2fa4000 	/System/Library/PrivateFrameworks/Rapport.framework/Versions/A/Rapport
0x000000027314a000 	/System/Library/PrivateFrameworks/Symptoms.framework/Versions/A/Frameworks/SymptomAnalytics.framework/Versions/A/SymptomAnalytics
0x00000001b0b44000 	/usr/lib/libnetworkextension.dylib
0x0000000282e73000 	/usr/lib/libmrc.dylib
0x000000025819b000 	/System/Library/PrivateFrameworks/IPConfiguration.framework/Versions/A/IPConfiguration
0x00000001e3d0b000 	/System/Library/PrivateFrameworks/Netrb.framework/Versions/A/Netrb
0x00000001eec8e000 	/System/Library/PrivateFrameworks/WiFiPeerToPeer.framework/Versions/A/WiFiPeerToPeer
0x00000001ca931000 	/System/Library/PrivateFrameworks/SoftwareUpdateCoreSupport.framework/Versions/A/SoftwareUpdateCoreSupport
0x00000001d22d2000 	/System/Library/PrivateFrameworks/SoftwareUpdateCoreConnect.framework/Versions/A/SoftwareUpdateCoreConnect
0x00000001b496f000 	/System/Library/PrivateFrameworks/RemoteServiceDiscovery.framework/Versions/A/RemoteServiceDiscovery
0x00000001ca5b7000 	/System/Library/PrivateFrameworks/MSUDataAccessor.framework/Versions/A/MSUDataAccessor
0x00000001c5dac000 	/usr/lib/libbootpolicy.dylib
0x00000001b4985000 	/System/Library/PrivateFrameworks/RemoteXPC.framework/Versions/A/RemoteXPC
0x00000001d1720000 	/usr/lib/libFDR.dylib
0x00000001d77ca000 	/usr/lib/libamsupport.dylib
0x00000002825c6000 	/usr/lib/libReverseProxyDevice.dylib
0x00000002447fb000 	/System/Library/PrivateFrameworks/AppleDeviceQuerySupport.framework/Versions/A/AppleDeviceQuerySupport
0x00000001da6b7000 	/usr/lib/libpartition2_dynamic.dylib
0x00000001a8f91000 	/System/Library/Frameworks/UserNotifications.framework/Versions/A/UserNotifications
0x00000001e9fc0000 	/System/Library/Frameworks/CryptoKit.framework/Versions/A/CryptoKit
0x00000001b52cb000 	/System/Library/PrivateFrameworks/CryptoKitCBridging.framework/Versions/A/CryptoKitCBridging
0x00000001b2b1a000 	/System/Library/Frameworks/CryptoTokenKit.framework/Versions/A/CryptoTokenKit
0x00000001de214000 	/usr/lib/swift/libswiftCryptoTokenKit.dylib
0x00000001b2b7e000 	/System/Library/Frameworks/LocalAuthentication.framework/Versions/A/LocalAuthentication
0x000000025cf35000 	/System/Library/PrivateFrameworks/LocalAuthenticationCore.framework/Versions/A/LocalAuthenticationCore
0x00000001b2bd3000 	/System/Library/Frameworks/LocalAuthentication.framework/Support/SharedUtils.framework/Versions/A/SharedUtils
0x00000001ad5c4000 	/usr/lib/libTelephonyUtilDynamic.dylib
0x00000001b1ba7000 	/System/Library/PrivateFrameworks/SymptomDiagnosticReporter.framework/Versions/A/SymptomDiagnosticReporter
0x000000024cb17000 	/System/Library/PrivateFrameworks/CryptoKitPrivate.framework/Versions/A/CryptoKitPrivate
0x00000001a4979000 	/System/Library/PrivateFrameworks/ApplePushService.framework/Versions/A/ApplePushService
0x00000001c30a1000 	/System/Library/PrivateFrameworks/FindMyDevice.framework/Versions/A/FindMyDevice
0x00000001a28ea000 	/System/Library/PrivateFrameworks/CommonUtilities.framework/Versions/A/CommonUtilities
0x00000001d9141000 	/System/Library/PrivateFrameworks/DeviceIdentity.framework/Versions/A/DeviceIdentity
0x00000001ab0c1000 	/System/Library/PrivateFrameworks/Bom.framework/Versions/A/Bom
0x00000001ad088000 	/usr/lib/libParallelCompression.dylib
0x00000001ad07a000 	/System/Library/PrivateFrameworks/MultiverseSupport.framework/Versions/A/MultiverseSupport
0x00000001b8bb2000 	/System/Library/PrivateFrameworks/FMCoreLite.framework/Versions/A/FMCoreLite
0x00000001a8ced000 	/System/Library/PrivateFrameworks/AuthKit.framework/Versions/A/AuthKit
0x00000001b1cda000 	/System/Library/PrivateFrameworks/DiskManagement.framework/Versions/A/DiskManagement
0x00000001b1be6000 	/System/Library/PrivateFrameworks/AppleIDAuthSupport.framework/Versions/A/AppleIDAuthSupport
0x0000000241457000 	/System/Library/PrivateFrameworks/AAAFoundation.framework/Versions/A/AAAFoundation
0x00000001ad578000 	/System/Library/PrivateFrameworks/KeychainCircle.framework/Versions/A/KeychainCircle
0x00000001bd7a5000 	/System/Library/PrivateFrameworks/URLFormatting.framework/Versions/A/URLFormatting
0x00000001b4a23000 	/usr/lib/libcsfde.dylib
0x00000001aab21000 	/usr/lib/libCoreStorage.dylib
0x00000001ae937000 	/System/Library/PrivateFrameworks/ProtectedCloudStorage.framework/Versions/A/ProtectedCloudStorage
0x00000001b4a1e000 	/System/Library/PrivateFrameworks/EFILogin.framework/Versions/A/EFILogin
0x00000001bca4d000 	/System/Library/PrivateFrameworks/CloudServices.framework/Versions/A/CloudServices
0x00000001b1ff3000 	/System/Library/PrivateFrameworks/OctagonTrust.framework/Versions/A/OctagonTrust
0x00000001b270d000 	/System/Library/PrivateFrameworks/AVFCore.framework/Versions/A/AVFCore
0x00000001bb4d7000 	/System/Library/PrivateFrameworks/AVFCapture.framework/Versions/A/AVFCapture
0x00000001abd97000 	/System/Library/Frameworks/MediaToolbox.framework/Versions/A/MediaToolbox
0x00000001b1dcf000 	/System/Library/PrivateFrameworks/CoreAVCHD.framework/Versions/A/CoreAVCHD
0x00000001b1dcb000 	/System/Library/PrivateFrameworks/Mangrove.framework/Versions/A/Mangrove
0x00000002472f1000 	/System/Library/PrivateFrameworks/CMPhoto.framework/Versions/A/CMPhoto
0x00000001b252a000 	/System/Library/Frameworks/CoreTelephony.framework/Versions/A/CoreTelephony
0x00000001b1dbe000 	/System/Library/PrivateFrameworks/CoreAUC.framework/Versions/A/CoreAUC
0x0000000244c3d000 	/System/Library/PrivateFrameworks/AppleJPEGXL.framework/Versions/A/AppleJPEGXL
0x000000024711d000 	/System/Library/PrivateFrameworks/CMImaging.framework/Versions/A/CMImaging
0x00000001bb6ef000 	/System/Library/PrivateFrameworks/Quagga.framework/Versions/A/Quagga
0x00000001bb822000 	/System/Library/PrivateFrameworks/CMCapture.framework/Versions/A/CMCapture
0x00000001ad15c000 	/System/Library/Frameworks/CoreMediaIO.framework/Versions/A/CoreMediaIO
0x00000001b5456000 	/System/Library/PrivateFrameworks/Espresso.framework/Versions/A/Espresso
0x00000001f8ac1000 	/System/Library/PrivateFrameworks/ANECompiler.framework/Versions/A/ANECompiler
0x00000001b743c000 	/System/Library/PrivateFrameworks/AppleNeuralEngine.framework/Versions/A/AppleNeuralEngine
0x00000001fed60000 	/System/Library/Frameworks/MetalPerformanceShadersGraph.framework/Versions/A/MetalPerformanceShadersGraph
0x000000025da2d000 	/System/Library/PrivateFrameworks/MLCompilerServices.framework/Versions/A/MLCompilerServices
0x00000001b6312000 	/System/Library/PrivateFrameworks/ANEServices.framework/Versions/A/ANEServices
0x00000001c8b08000 	/usr/lib/libncurses.5.4.dylib
0x000000019eeef000 	/usr/lib/libsandbox.1.dylib
0x00000001aab19000 	/usr/lib/libMatch.1.dylib
0x000000025d9d1000 	/System/Library/PrivateFrameworks/MLCompilerRuntime.framework/Versions/A/MLCompilerRuntime
0x0000000247053000 	/System/Library/PrivateFrameworks/CMCaptureDevice.framework/Versions/A/CMCaptureDevice
0x0000000247e43000 	/System/Library/PrivateFrameworks/CinematicFraming.framework/Versions/A/CinematicFraming
0x00000001c2a9f000 	/System/Library/Frameworks/CoreMotion.framework/Versions/A/CoreMotion
0x00000001d17c9000 	/System/Library/PrivateFrameworks/TimeSync.framework/Versions/A/TimeSync
0x000000024d5b7000 	/System/Library/PrivateFrameworks/DistributedSensing.framework/Versions/A/DistributedSensing
0x00000001cd698000 	/System/Library/PrivateFrameworks/MobileBluetooth.framework/Versions/A/MobileBluetooth
0x00000001acd30000 	/System/Library/PrivateFrameworks/LocationSupport.framework/Versions/A/LocationSupport
0x00000001d328b000 	/System/Library/PrivateFrameworks/IOKitten.framework/Versions/A/IOKitten
0x00000001a080e000 	/System/Library/PrivateFrameworks/CoreDuet.framework/Versions/A/CoreDuet
0x00000001b3d3c000 	/System/Library/PrivateFrameworks/CoreDuetContext.framework/Versions/A/CoreDuetContext
0x00000001ce245000 	/System/Library/PrivateFrameworks/BiomeFoundation.framework/Versions/A/BiomeFoundation
0x0000000245f82000 	/System/Library/PrivateFrameworks/BiomeLibrary.framework/Versions/A/BiomeLibrary
0x00000001d1847000 	/System/Library/PrivateFrameworks/BiomeStreams.framework/Versions/A/BiomeStreams
0x00000001d7b75000 	/System/Library/PrivateFrameworks/BiomePubSub.framework/Versions/A/BiomePubSub
0x00000001a49e1000 	/System/Library/Frameworks/CloudKit.framework/Versions/A/CloudKit
0x00000001b3d92000 	/System/Library/Frameworks/Intents.framework/Versions/A/Intents
0x00000001b64ba000 	/System/Library/PrivateFrameworks/CoreDuetDaemonProtocol.framework/Versions/A/CoreDuetDaemonProtocol
0x00000001b6340000 	/System/Library/PrivateFrameworks/ProactiveSupport.framework/Versions/A/ProactiveSupport
0x00000002676c1000 	/System/Library/PrivateFrameworks/PoirotSchematizer.framework/Versions/A/PoirotSchematizer
0x000000024661c000 	/System/Library/PrivateFrameworks/BiomeSync.framework/Versions/A/BiomeSync
0x0000000245f63000 	/System/Library/PrivateFrameworks/BiomeFlexibleStorage.framework/Versions/A/BiomeFlexibleStorage
0x0000000245f47000 	/System/Library/PrivateFrameworks/BiomeDSL.framework/Versions/A/BiomeDSL
0x00000001d7bd2000 	/System/Library/PrivateFrameworks/BiomeStorage.framework/Versions/A/BiomeStorage
0x000000026772e000 	/System/Library/PrivateFrameworks/PoirotUDFs.framework/Versions/A/PoirotUDFs
0x0000000267690000 	/System/Library/PrivateFrameworks/PoirotSQLite.framework/Versions/A/PoirotSQLite
0x00000001b4dbf000 	/System/Library/PrivateFrameworks/InternationalTextSearch.framework/Versions/A/InternationalTextSearch
0x000000025b559000 	/System/Library/PrivateFrameworks/IntelligencePlatformLibrary.framework/Versions/A/IntelligencePlatformLibrary
0x0000000247a08000 	/System/Library/PrivateFrameworks/CascadeSets.framework/Versions/A/CascadeSets
0x00000001ae016000 	/System/Library/PrivateFrameworks/IDS.framework/Versions/A/IDS
0x00000001accb6000 	/System/Library/PrivateFrameworks/IMFoundation.framework/Versions/A/IMFoundation
0x00000001bcd7c000 	/System/Library/PrivateFrameworks/Marco.framework/Versions/A/Marco
0x00000001ae1e3000 	/System/Library/PrivateFrameworks/IDSFoundation.framework/Versions/A/IDSFoundation
0x00000001b9a9c000 	/System/Library/PrivateFrameworks/Engram.framework/Versions/A/Engram
0x00000001b9a3c000 	/usr/lib/libtidy.A.dylib
0x00000001d1330000 	/System/Library/PrivateFrameworks/FTAWD.framework/Versions/A/FTAWD
0x0000000201594000 	/System/Library/Frameworks/SharedWithYouCore.framework/Versions/A/SharedWithYouCore
0x00000001b4e8a000 	/System/Library/PrivateFrameworks/AppleAccount.framework/Versions/A/AppleAccount
0x00000001b53b0000 	/System/Library/PrivateFrameworks/C2.framework/Versions/A/C2
0x00000001a61d3000 	/System/Library/Frameworks/CoreLocation.framework/Versions/A/CoreLocation
0x00000002481f1000 	/System/Library/PrivateFrameworks/CloudAssets.framework/Versions/A/CloudAssets
0x00000001b53a7000 	/System/Library/Frameworks/PushKit.framework/Versions/A/PushKit
0x00000001dfce8000 	/usr/lib/swift/libswiftAVFoundation.dylib
0x00000001c9f78000 	/usr/lib/swift/libswiftCoreLocation.dylib
0x00000001c9f8e000 	/usr/lib/swift/libswiftCoreMIDI.dylib
0x00000001de216000 	/usr/lib/swift/libswiftCoreMedia.dylib
0x00000001ae477000 	/System/Library/PrivateFrameworks/Sharing.framework/Versions/A/Sharing
0x00000001b43e2000 	/System/Library/PrivateFrameworks/Apple80211.framework/Versions/A/Apple80211
0x00000001a82a8000 	/System/Library/Frameworks/CoreWLAN.framework/Versions/A/CoreWLAN
0x00000001b84a7000 	/System/Library/PrivateFrameworks/AssistantServices.framework/Versions/A/AssistantServices
0x00000001b2da7000 	/System/Library/PrivateFrameworks/SAObjects.framework/Versions/A/SAObjects
0x00000001b80df000 	/System/Library/PrivateFrameworks/MediaRemote.framework/Versions/A/MediaRemote
0x00000001c91ea000 	/System/Library/PrivateFrameworks/SiriInstrumentation.framework/Versions/A/SiriInstrumentation
0x000000026af5e000 	/System/Library/PrivateFrameworks/SiriAnalytics.framework/Versions/A/SiriAnalytics
0x0000000270b14000 	/System/Library/PrivateFrameworks/SiriTTSService.framework/Versions/A/SiriTTSService
0x000000026b91a000 	/System/Library/PrivateFrameworks/SiriCrossDeviceArbitration.framework/Versions/A/SiriCrossDeviceArbitration
0x00000001c6e83000 	/System/Library/PrivateFrameworks/FeedbackLogger.framework/Versions/A/FeedbackLogger
0x000000026b96e000 	/System/Library/PrivateFrameworks/SiriCrossDeviceArbitrationFeedback.framework/Versions/A/SiriCrossDeviceArbitrationFeedback
0x0000000255359000 	/System/Library/PrivateFrameworks/GenerativeModels.framework/Versions/A/GenerativeModels
0x00000001bcbe8000 	/System/Library/PrivateFrameworks/MediaServices.framework/Versions/A/MediaServices
0x00000001aad84000 	/System/Library/PrivateFrameworks/PersistentConnection.framework/Versions/A/PersistentConnection
0x00000001aec10000 	/System/Library/PrivateFrameworks/GeoServices.framework/Versions/A/GeoServices
0x0000000255581000 	/System/Library/PrivateFrameworks/GeoServicesCore.framework/Versions/A/GeoServicesCore
0x00000001bd7a3000 	/System/Library/PrivateFrameworks/PhoneNumbers.framework/Versions/A/PhoneNumbers
0x000000024d01f000 	/System/Library/PrivateFrameworks/Dendrite.framework/Versions/A/Dendrite
0x00000002458fb000 	/System/Library/PrivateFrameworks/AtomicsInternal.framework/Versions/A/AtomicsInternal
0x00000001cad88000 	/usr/lib/libtailspin.dylib
0x00000001ddd12000 	/System/Library/PrivateFrameworks/Osprey.framework/Versions/A/Osprey
0x0000000270193000 	/System/Library/PrivateFrameworks/SiriTTS.framework/Versions/A/SiriTTS
0x00000001c3ab4000 	/System/Library/Frameworks/NaturalLanguage.framework/Versions/A/NaturalLanguage
0x000000026eecd000 	/System/Library/PrivateFrameworks/SiriPowerInstrumentation.framework/Versions/A/SiriPowerInstrumentation
0x00000001c48d9000 	/System/Library/PrivateFrameworks/Trial.framework/Versions/A/Trial
0x00000001c485b000 	/System/Library/PrivateFrameworks/TrialProto.framework/Versions/A/TrialProto
0x0000000277c64000 	/System/Library/PrivateFrameworks/UnifiedAssetFramework.framework/Versions/A/UnifiedAssetFramework
0x00000001eec12000 	/usr/lib/swift/libswiftNaturalLanguage.dylib
0x0000000273a95000 	/System/Library/PrivateFrameworks/TailspinSymbolication.framework/Versions/A/TailspinSymbolication
0x000000024cd2e000 	/System/Library/PrivateFrameworks/Darwinup.framework/Versions/A/Darwinup
0x00000001d6aed000 	/System/Library/PrivateFrameworks/SignpostSupport.framework/Versions/A/SignpostSupport
0x00000001c397d000 	/System/Library/PrivateFrameworks/FeatureFlagsSupport.framework/Versions/A/FeatureFlagsSupport
0x00000001d6250000 	/System/Library/PrivateFrameworks/ktrace.framework/Versions/A/ktrace
0x00000001d6d6d000 	/System/Library/PrivateFrameworks/SampleAnalysis.framework/Versions/A/SampleAnalysis
0x00000001df5ae000 	/System/Library/PrivateFrameworks/kperfdata.framework/Versions/A/kperfdata
0x00000001aeaf1000 	/usr/lib/libdscsym.dylib
0x00000001dfa46000 	/System/Library/PrivateFrameworks/BulkSymbolication.framework/Versions/A/BulkSymbolication
0x00000001a4e7c000 	/System/Library/Frameworks/CoreML.framework/Versions/A/CoreML
0x00000001eceec000 	/usr/lib/libedit.3.dylib
0x00000001a88ee000 	/System/Library/Frameworks/MLCompute.framework/Versions/A/MLCompute
0x000000025d880000 	/System/Library/PrivateFrameworks/MLAssetIO.framework/Versions/A/MLAssetIO
0x00000002835cf000 	/usr/lib/swift/libswiftMLCompute.dylib
0x000000019d3c5000 	/System/Library/PrivateFrameworks/LanguageModeling.framework/Versions/A/LanguageModeling
0x00000001a1f2c000 	/System/Library/PrivateFrameworks/Montreal.framework/Versions/A/Montreal
0x00000001a921c000 	/usr/lib/libcmph.dylib
0x000000025541b000 	/System/Library/PrivateFrameworks/GenerativeModelsFoundation.framework/Versions/A/GenerativeModelsFoundation
0x000000027602b000 	/System/Library/PrivateFrameworks/TokenGeneration.framework/Versions/A/TokenGeneration
0x00000002551f2000 	/System/Library/PrivateFrameworks/GenerativeFunctions.framework/Versions/A/GenerativeFunctions
0x0000000255243000 	/System/Library/PrivateFrameworks/GenerativeFunctionsFoundation.framework/Versions/A/GenerativeFunctionsFoundation
0x00000002607d4000 	/System/Library/PrivateFrameworks/ModelCatalog.framework/Versions/A/ModelCatalog
0x000000026a85b000 	/System/Library/PrivateFrameworks/SensitiveContentAnalysisML.framework/Versions/A/SensitiveContentAnalysisML
0x00000002552f2000 	/System/Library/PrivateFrameworks/GenerativeFunctionsInstrumentation.framework/Versions/A/GenerativeFunctionsInstrumentation
0x0000000268753000 	/System/Library/PrivateFrameworks/PromptKit.framework/Versions/A/PromptKit
0x000000026827d000 	/System/Library/PrivateFrameworks/ProactiveDaemonSupport.framework/Versions/A/ProactiveDaemonSupport
0x00000002761e3000 	/System/Library/PrivateFrameworks/TokenGenerationCore.framework/Versions/A/TokenGenerationCore
0x00000002792db000 	/System/Library/PrivateFrameworks/VectorSearch.framework/Versions/A/VectorSearch
0x0000000260a99000 	/System/Library/PrivateFrameworks/ModelManagerServices.framework/Versions/A/ModelManagerServices
0x000000024485d000 	/System/Library/PrivateFrameworks/AppleFlatBuffers.framework/Versions/A/AppleFlatBuffers
0x00000001bd192000 	/System/Library/PrivateFrameworks/ProactiveEventTracker.framework/Versions/A/ProactiveEventTracker
0x0000000241473000 	/System/Library/PrivateFrameworks/AAAFoundationSwift.framework/Versions/A/AAAFoundationSwift
0x00000001b50df000 	/System/Library/PrivateFrameworks/AppleIDSSOAuthentication.framework/Versions/A/AppleIDSSOAuthentication
0x00000001d0abb000 	/usr/lib/swift/libswiftCompression.dylib
0x000000026a9e6000 	/System/Library/PrivateFrameworks/SentencePieceInternal.framework/Versions/A/SentencePieceInternal
0x00000001b0f72000 	/System/Library/Frameworks/Vision.framework/Versions/A/Vision
0x000000024c782000 	/System/Library/PrivateFrameworks/CoreSceneUnderstanding.framework/Versions/A/CoreSceneUnderstanding
0x0000000279e66000 	/System/Library/PrivateFrameworks/VisionCore.framework/Versions/A/VisionCore
0x00000001cc689000 	/System/Library/Frameworks/Vision.framework/libfaceCore.dylib
0x00000001cd183000 	/System/Library/PrivateFrameworks/Futhark.framework/Versions/A/Futhark
0x00000001d0883000 	/System/Library/PrivateFrameworks/InertiaCam.framework/Versions/A/InertiaCam
0x00000001ccf36000 	/System/Library/PrivateFrameworks/TextRecognition.framework/Versions/A/TextRecognition
0x00000001aa9b7000 	/System/Library/PrivateFrameworks/CVNLP.framework/Versions/A/CVNLP
0x0000000253f74000 	/System/Library/PrivateFrameworks/GRDBInternal.framework/Versions/A/GRDBInternal
0x00000001b71aa000 	/System/Library/PrivateFrameworks/RTCReporting.framework/Versions/A/RTCReporting
0x00000001b5396000 	/System/Library/PrivateFrameworks/IntentsFoundation.framework/Versions/A/IntentsFoundation
0x00000001add9f000 	/System/Library/Frameworks/NetworkExtension.framework/Versions/A/NetworkExtension
0x00000001c8689000 	/System/Library/PrivateFrameworks/CaptiveNetwork.framework/Versions/A/CaptiveNetwork
0x00000001b492f000 	/System/Library/PrivateFrameworks/EAP8021X.framework/Versions/A/EAP8021X
0x00000001d6d39000 	/System/Library/PrivateFrameworks/UIKitServices.framework/Versions/A/UIKitServices
0x0000000111030000 	/System/Library/Extensions/AGXMetal13_3.bundle/Contents/MacOS/AGXMetal13_3
0x00000001bca9a000 	/System/Library/PrivateFrameworks/IOGPU.framework/Versions/A/IOGPU
0x00000001c9f5d000 	/System/Library/Frameworks/Accelerate.framework/Versions/A/Frameworks/vImage.framework/Versions/A/Libraries/libCGInterfaces.dylib
0x0000000242a61000 	/System/Library/PrivateFrameworks/AccessibilityBundles.framework/Versions/A/AccessibilityBundles
0x00000001cd274000 	/System/Library/CoreServices/RawCamera.bundle/Contents/MacOS/RawCamera
0x00000001182a0000 	/Applications/REAPER.app/Contents/Plugins/elastique3.dylib
0x0000000118230000 	/Applications/REAPER.app/Contents/Plugins/soundtouch.dylib
0x00000001181fc000 	/Applications/REAPER.app/Contents/Plugins/rubberband.dylib
0x00000001183e8000 	/Applications/REAPER.app/Contents/Plugins/jsfx.dylib
0x0000000111d54000 	/Applications/REAPER.app/Contents/Plugins/reaper_wave.dylib
0x0000000111e40000 	/Applications/REAPER.app/Contents/Plugins/reaper_mp3dec.dylib
0x0000000111f5c000 	/Applications/REAPER.app/Contents/Plugins/libmp3lame.dylib
0x0000000111fe8000 	/Applications/REAPER.app/Contents/Plugins/reaper_midi.dylib
0x0000000111db8000 	/Applications/REAPER.app/Contents/Plugins/reaper_wavpack.dylib
0x0000000111ea0000 	/Applications/REAPER.app/Contents/Plugins/reaper_opus.dylib
0x0000000112200000 	/Applications/REAPER.app/Contents/Plugins/reaper_flac.dylib
0x0000000111e00000 	/Applications/REAPER.app/Contents/Plugins/reaper_rex.dylib
0x0000000111f30000 	/Applications/REAPER.app/Contents/Plugins/reaper_ddp.dylib
0x0000000112164000 	/Applications/REAPER.app/Contents/Plugins/reaper_explorer.dylib
0x00000001121d8000 	/Applications/REAPER.app/Contents/Plugins/reaper_cd.dylib
0x00000001fcffc000 	/System/Library/Frameworks/DiscRecordingUI.framework/Versions/A/DiscRecordingUI
0x00000001182ec000 	/Applications/REAPER.app/Contents/Plugins/reaper_ogg.dylib
0x000000011224c000 	/Applications/REAPER.app/Contents/Plugins/reaper_csurf.dylib
0x0000000119a78000 	/Applications/REAPER.app/Contents/Plugins/reaper_video.dylib
0x0000000117e0c000 	/Applications/REAPER.app/Contents/Plugins/reap_osx_modern.dylib
0x00000001c2e77000 	/System/Library/Frameworks/AVKit.framework/Versions/A/AVKit
0x0000000242912000 	/System/Library/PrivateFrameworks/AVKitCore.framework/Versions/A/AVKitCore
0x00000001d8735000 	/System/Library/PrivateFrameworks/PIP.framework/Versions/A/PIP
0x0000000119874000 	/opt/homebrew/Cellar/ffmpeg/9.0.1_1/lib/libavutil.61.1.101.dylib
0x0000000119ca4000 	/opt/homebrew/Cellar/openssl@3/3.6.4/lib/libssl.3.dylib
0x000000011a228000 	/opt/homebrew/Cellar/openssl@3/3.6.4/lib/libcrypto.3.dylib
0x0000000119d80000 	/opt/homebrew/Cellar/ffmpeg/9.0.1_1/lib/libswscale.10.1.101.dylib
0x00000001122cc000 	/opt/homebrew/Cellar/ffmpeg/9.0.1_1/lib/libswresample.7.1.101.dylib
0x000000012d964000 	/opt/homebrew/Cellar/ffmpeg/9.0.1_1/lib/libavcodec.63.1.101.dylib
0x000000011a024000 	/opt/homebrew/Cellar/libvpx/1.17.0/lib/libvpx.12.dylib
0x00000001197d4000 	/opt/homebrew/Cellar/xz/5.8.4/lib/liblzma.5.dylib
0x0000000119e74000 	/opt/homebrew/Cellar/dav1d/1.5.4/lib/libdav1d.7.dylib
0x0000000119800000 	/opt/homebrew/Cellar/lame/4.0/lib/libmp3lame.0.dylib
0x0000000119c24000 	/opt/homebrew/Cellar/opus/1.6.1/lib/libopus.0.dylib
0x000000011a9c4000 	/opt/homebrew/Cellar/svt-av1/4.2.0/lib/libSvtAv1Enc.4.2.0.dylib
0x0000000128820000 	/opt/homebrew/Cellar/x264/r3222/lib/libx264.165.dylib
0x000000012e968000 	/opt/homebrew/Cellar/x265/4.3/lib/libx265.217.dylib
0x0000000119a20000 	/opt/homebrew/Cellar/mpg123/1.33.7/lib/libmpg123.0.dylib
0x0000000128a54000 	/opt/homebrew/Cellar/ffmpeg/9.0.1_1/lib/libavformat.63.1.101.dylib
0x000000011a7b4000 	/Applications/VLC.app/Contents/MacOS/lib/libvlccore.9.dylib
0x0000000138000000 	/Applications/VLC.app/Contents/MacOS/plugins/libavcodec_plugin.dylib
0x0000000119bc8000 	/Applications/VLC.app/Contents/MacOS/lib/libvlc.5.dylib
0x0000000118254000 	/Applications/VLC.app/Contents/MacOS/plugins/libi420_rgb_plugin.dylib
0x0000000111d90000 	/Applications/VLC.app/Contents/MacOS/plugins/libi420_10_p010_plugin.dylib
0x00000001122b0000 	/Applications/VLC.app/Contents/MacOS/plugins/libscaletempo_pitch_plugin.dylib
0x000000011826c000 	/Applications/VLC.app/Contents/MacOS/plugins/libi420_yuy2_plugin.dylib
0x0000000118280000 	/Applications/VLC.app/Contents/MacOS/plugins/libi422_yuy2_plugin.dylib
0x0000000119854000 	/Applications/VLC.app/Contents/MacOS/plugins/libyuy2_i420_plugin.dylib
0x0000000119c80000 	/Applications/VLC.app/Contents/MacOS/plugins/libi420_nv12_plugin.dylib
0x0000000119a64000 	/Applications/VLC.app/Contents/MacOS/plugins/libyuy2_i422_plugin.dylib
0x0000000119f6c000 	/Applications/VLC.app/Contents/MacOS/plugins/libkeychain_plugin.dylib
0x0000000119bf8000 	/Applications/VLC.app/Contents/MacOS/plugins/libi422_i420_plugin.dylib
0x0000000119c0c000 	/Applications/VLC.app/Contents/MacOS/plugins/libgrey_yuv_plugin.dylib
0x0000000119f84000 	/Applications/VLC.app/Contents/MacOS/plugins/libchain_plugin.dylib
0x0000000119f98000 	/Applications/VLC.app/Contents/MacOS/plugins/libscale_plugin.dylib
0x0000000119fac000 	/Applications/VLC.app/Contents/MacOS/plugins/libyuvp_plugin.dylib
0x000000011a898000 	/Applications/VLC.app/Contents/MacOS/plugins/libdav1d_plugin.dylib
0x0000000119fc0000 	/Applications/VLC.app/Contents/MacOS/plugins/libyuv_plugin.dylib
0x0000000119fd4000 	/Applications/VLC.app/Contents/MacOS/plugins/libscaletempo_plugin.dylib
0x000000011acf8000 	/Applications/VLC.app/Contents/MacOS/plugins/libswscale_plugin.dylib
0x000000012a840000 	/Users/jonathankawchuk/Library/Application Support/REAPER/UserPlugins/reaper_command_palette.dylib
0x0000000128c9c000 	/Users/jonathankawchuk/Library/Application Support/REAPER/UserPlugins/reaper_csurf_integrator.dylib
0x0000000119fe8000 	/Users/jonathankawchuk/Library/Application Support/REAPER/UserPlugins/reaper_ptx_import.dylib
0x000000011a1d8000 	/Users/jonathankawchuk/Library/Application Support/REAPER/UserPlugins/reaper_pt_spot.dylib
0x000000011a6d0000 	/Users/jonathankawchuk/Library/Application Support/REAPER/UserPlugins/reaper_drivenbymoss.dylib
0x000000012d37c000 	/Users/jonathankawchuk/Library/Application Support/REAPER/UserPlugins/reaper_imgui-arm64.dylib
0x00000001395b0000 	/Users/jonathankawchuk/Library/Application Support/REAPER/UserPlugins/reaper_sws-arm64.dylib
0x0000000274050000 	/System/Library/PrivateFrameworks/TextInputUI.framework/Versions/A/TextInputUI
0x0000000274074000 	/System/Library/PrivateFrameworks/TextInputUIMacHelper.framework/Versions/A/TextInputUIMacHelper
0x0000000269e7a000 	/System/Library/PrivateFrameworks/Sage.framework/Versions/A/Sage
0x000000011a208000 	/Users/jonathankawchuk/Library/Application Support/REAPER/UserPlugins/reaper_reatc-arm64.dylib
0x000000011fea0000 	/Users/jonathankawchuk/Library/Application Support/REAPER/UserPlugins/reaper_helgobox-arm64.dylib
0x00000001536e8000 	/Users/jonathankawchuk/Library/Application Support/REAPER/UserPlugins/FX/helgobox-arm64.vst.dylib
0x000000013f000000 	/Users/jonathankawchuk/Library/Application Support/REAPER/Helgoboss/App/bin/Contents/Frameworks/FlutterMacOS.framework/FlutterMacOS
0x000000012d718000 	/Users/jonathankawchuk/Library/Application Support/REAPER/UserPlugins/reaper_js_ReaScriptAPI64ARM.dylib
0x000000011a76c000 	/Users/jonathankawchuk/Library/Application Support/REAPER/Helgoboss/App/bin/Contents/Frameworks/cryptography_flutter.framework/cryptography_flutter
0x000000012d000000 	/Users/jonathankawchuk/Library/Application Support/REAPER/UserPlugins/reaper_reamo.dylib
0x000000011adc0000 	/Users/jonathankawchuk/Library/Application Support/REAPER/Helgoboss/App/bin/Contents/Frameworks/device_info_plus.framework/device_info_plus
0x000000012f2d8000 	/Users/jonathankawchuk/Library/Application Support/REAPER/UserPlugins/reaper_reapack-arm64.dylib
0x000000011fc98000 	/Users/jonathankawchuk/Library/Application Support/REAPER/Helgoboss/App/bin/Contents/Frameworks/desktop_drop.framework/desktop_drop
0x000000011a008000 	/Users/jonathankawchuk/Library/Application Support/REAPER/Helgoboss/App/bin/Contents/Frameworks/native_context_menu.framework/native_context_menu
0x000000011a9a8000 	/Users/jonathankawchuk/Library/Application Support/REAPER/Helgoboss/App/bin/Contents/Frameworks/path_provider_foundation.framework/path_provider_foundation
0x000000012f4e4000 	/Users/jonathankawchuk/Library/Application Support/REAPER/UserPlugins/reaper_ReacomaExtension.dylib
0x000000011ade0000 	/Users/jonathankawchuk/Library/Application Support/REAPER/Helgoboss/App/bin/Contents/Frameworks/screen_retriever.framework/screen_retriever
0x000000011fe48000 	/Users/jonathankawchuk/Library/Application Support/REAPER/Helgoboss/App/bin/Contents/Frameworks/url_launcher_macos.framework/url_launcher_macos
0x000000011fe00000 	/Users/jonathankawchuk/Library/Application Support/REAPER/Helgoboss/App/bin/Contents/Frameworks/window_manager.framework/window_manager
0x000000011ff80000 	/Users/jonathankawchuk/Library/Application Support/REAPER/Helgoboss/App/bin/Contents/Frameworks/pointer_lock.framework/pointer_lock
0x000000011ff40000 	/Users/jonathankawchuk/Library/Application Support/REAPER/Helgoboss/App/bin/Contents/MacOS/helgobox
0x00000001d5e54000 	/usr/lib/swift/libswiftAppKit.dylib
0x000000012ad60000 	/Users/jonathankawchuk/Library/Application Support/REAPER/UserPlugins/java-runtime/lib/libjli.dylib
0x000000015805c000 	/Users/jonathankawchuk/Library/Application Support/REAPER/UserPlugins/java-runtime/lib/server/libjvm.dylib
0x000000011fe34000 	/Users/jonathankawchuk/Library/Application Support/REAPER/UserPlugins/java-runtime/lib/libjimage.dylib
0x000000012ad88000 	/Users/jonathankawchuk/Library/Application Support/REAPER/UserPlugins/java-runtime/lib/libjava.dylib
0x000000012adb8000 	/Users/jonathankawchuk/Library/Application Support/REAPER/UserPlugins/java-runtime/lib/libnio.dylib
0x000000011ffe4000 	/Users/jonathankawchuk/Library/Application Support/REAPER/UserPlugins/java-runtime/lib/libnet.dylib
0x000000012af88000 	/Users/jonathankawchuk/Library/Application Support/REAPER/UserPlugins/java-runtime/lib/libzip.dylib
0x000000012add8000 	/Users/jonathankawchuk/Library/Application Support/REAPER/UserPlugins/java-runtime/lib/libverify.dylib
0x000000013a6e8000 	/Users/jonathankawchuk/Library/Application Support/REAPER/UserPlugins/java-runtime/lib/libawt.dylib
0x00000001fdfb4000 	/System/Library/Frameworks/JavaRuntimeSupport.framework/Versions/A/JavaRuntimeSupport
0x000000013a8c0000 	/Users/jonathankawchuk/Library/Application Support/REAPER/UserPlugins/java-runtime/lib/libawt_lwawt.dylib
0x000000012d348000 	/Users/jonathankawchuk/Library/Application Support/REAPER/UserPlugins/java-runtime/lib/libosxapp.dylib
0x00000001c12b5000 	/System/Library/Frameworks/ExceptionHandling.framework/Versions/A/ExceptionHandling
0x000000013ab58000 	/Users/jonathankawchuk/Library/Application Support/REAPER/UserPlugins/java-runtime/lib/libfontmanager.dylib
0x000000013a9f8000 	/Users/jonathankawchuk/Library/Application Support/REAPER/UserPlugins/java-runtime/lib/libfreetype.dylib
0x000000012d8f8000 	/Applications/REAPER.app/Contents/Plugins/FX/reasurround2.vst.dylib
0x0000000153000000 	/Library/Audio/Plug-Ins/VST3/dpMeter5.vst3/Contents/MacOS/dpMeter5
0x0000000301ac0000 	/Library/Audio/Plug-Ins/VST3/SonoBus.vst3/Contents/MacOS/SonoBus
0x00000001fc895000 	/System/Library/Frameworks/CoreAudioKit.framework/Versions/A/CoreAudioKit
0x00000001fc062000 	/System/Library/Frameworks/AudioVideoBridging.framework/Versions/A/AudioVideoBridging
0x00000001e7826000 	/System/Library/Frameworks/ScriptingBridge.framework/Versions/A/ScriptingBridge
0x0000000153174000 	/System/Library/Components/CoreAudio.component/Contents/MacOS/CoreAudio
0x0000000303574000 	/Library/Audio/Plug-Ins/Components/MusePlugin.component/Contents/MacOS/MusePlugin
0x0000000112910000 	/private/var/folders/6g/_dyszwd54rd36jmvjmmd4htw0000gn/T/usb4java8625807381444594890.tmp/libusb4java.dylib
0x0000000111c48000 	/System/Library/Extensions/IOUSBHostFamily.kext/Contents/PlugIns/IOUSBLib.bundle/Contents/MacOS/IOUSBLib
0x00000001128dc000 	/Users/jonathankawchuk/Library/Application Support/REAPER/UserPlugins/java-runtime/lib/libosxui.dylib
0x00000001f81fa000 	/System/Library/PrivateFrameworks/VoiceShortcutClient.framework/Versions/A/VoiceShortcutClient
0x00000001caa54000 	/System/Library/PrivateFrameworks/ChronoServices.framework/Versions/A/ChronoServices
0x00000002694ef000 	/System/Library/PrivateFrameworks/ReplicatorEngine.framework/Versions/A/ReplicatorEngine
0x00000002696a2000 	/System/Library/PrivateFrameworks/ReplicatorServices.framework/Versions/A/ReplicatorServices
0x0000000273663000 	/System/Library/PrivateFrameworks/SystemWake.framework/Versions/A/SystemWake
0x000000037c620000 	/Library/Audio/Plug-Ins/VST/Cthulhu.vst/Contents/MacOS/Cthulhu
0x00000003a515c000 	/Library/Audio/Plug-Ins/VST3/Kontakt 7.vst3/Contents/MacOS/Kontakt 7
0x00000001fb9cc000 	/System/Library/Frameworks/AGL.framework/Versions/A/AGL
0x000000036c330000 	/System/Library/Frameworks/Security.framework/Versions/A/PlugIns/csparser.bundle/Contents/MacOS/csparser
0x000000036b708000 	/System/Library/TextEncodings/Unicode Encodings.bundle/Contents/MacOS/Unicode Encodings
0x0000000383fb4000 	/Library/Application Support/Native Instruments/Kontakt 7/sqlite3.dylib
0x0000000383e3c000 	/Library/Application Support/Native Instruments/Kontakt 7/REX Shared Library.framework/Versions/A/REX Shared Library
0x00000001fb63f000 	/System/Library/Frameworks/OpenGL.framework/Versions/A/Resources/GLEngine.bundle/GLEngine
0x00000001fb4e4000 	/System/Library/Frameworks/OpenGL.framework/Versions/A/Libraries/libGLProgrammability.dylib
0x0000000386718000 	/System/Library/Extensions/AppleMetalOpenGLRenderer.bundle/Contents/MacOS/AppleMetalOpenGLRenderer
0x00000001fb7a0000 	/System/Library/Frameworks/OpenGL.framework/Versions/A/Resources/GLRendererFloat.bundle/GLRendererFloat
0x0000000282261000 	/usr/lib/i18n/libiconv_std.dylib
0x0000000282257000 	/usr/lib/i18n/libUTF8.dylib
0x0000000282253000 	/usr/lib/i18n/libUTF1632.dylib
0x0000000282266000 	/usr/lib/i18n/libmapper_none.dylib
0x00000003ce8dc000 	/Library/Audio/Plug-Ins/VST3/Vienna Synchron Player.vst3/Contents/MacOS/ViennaSynchronPlayer
0x00000003a4c64000 	/Library/PrivilegedHelperTools/licenseDaemon.app/Contents/PlugIns/__Pace_Eden/libpacefusion_shared.dylib
0x00000003eda00000 	/Library/Audio/Plug-Ins/VST3/UVIWorkstation.vst3/Contents/MacOS/UVIWorkstation
0x00000003ef57c000 	/Library/Audio/Plug-Ins/VST3/UVIWorkstation.vst3/Contents/Frameworks/libsndfile.1.0.37.dylib
0x00000003ef298000 	/Library/Audio/Plug-Ins/VST3/UVIWorkstation.vst3/Contents/Frameworks/REX Shared Library.framework/Versions/A/REX Shared Library
0x000000041b724000 	/Library/Audio/Plug-Ins/VST3/Serum2.vst3/Contents/MacOS/Serum2
0x000000041afd0000 	/Library/Audio/Plug-Ins/VST3/Air.vst3/Contents/MacOS/Air
0x000000043f000000 	/Library/Audio/Plug-Ins/VST3/DecentSampler.vst3/Contents/MacOS/DecentSampler
0x00000003fbc8c000 	/Library/Audio/Plug-Ins/VST3/Neutron 3.vst3/Contents/MacOS/PluginHooksVST3
0x000000045d240000 	/Library/Audio/Plug-Ins/VST3/Neutron 3.vst3/Contents/Resources/iZNeutron3.bundle/Contents/MacOS/iZNeutron3
0x000000044d2c8000 	/Library/Audio/Plug-Ins/VST3/Neutron 3.vst3/Contents/Resources/iZNeutron3.bundle/Contents/MacOS/libmp3lame.dylib
0x000000044d518000 	/Library/Audio/Plug-Ins/VST3/Neutron 3.vst3/Contents/Resources/iZNeutron3.bundle/Contents/MacOS/libtag.dylib
0x00000003efcd4000 	/Library/Application Support/iZotope/Meter Tap 4/Meter Tap 4.bundle/Contents/MacOS/Meter Tap 4
0x000000016adb4000 	/Applications/REAPER.app/Contents/Plugins/FX/reatune.vst.dylib
0x00000004d90f4000 	/Library/Audio/Plug-Ins/VST3/Tomofon.vst3/Contents/MacOS/Tomofon
0x000000054c73c000 	/Library/Audio/Plug-Ins/VST3/Dodo MIDI.vst3/Contents/MacOS/Dodo MIDI
0x000000054f000000 	/Library/Audio/Plug-Ins/VST3/Trackspacer25.vst3/Contents/MacOS/Trackspacer25
0x000000044efdc000 	/Library/Audio/Plug-Ins/VST3/MeldaProduction/Reverb/MConvolutionEZ.vst3/Contents/MacOS/MConvolutionEZ.bin
0x000000057d000000 	/Library/Application Support/MeldaProduction/LIB/libMeldaProductionAudioPluginKernelV11.dylib
0x0000000527d8c000 	/Applications/REAPER.app/Contents/Plugins/FX/reaverb.vst.dylib
0x000000030517c000 	/Library/Audio/Plug-Ins/VST3/Kilohearts/kHs Compressor.vst3/Contents/MacOS/kHs Compressor
0x00000005b3e5c000 	/Library/Application Support/Kilohearts/HeartCore.core/Contents/MacOS/HeartCore
0x00000005ba13c000 	/Library/Audio/Plug-Ins/Components/LittlePlate.component/Contents/MacOS/LittlePlate
0x00000005bbcb0000 	/Library/Frameworks/PACEEdenExperience.framework/Versions/A/WrapPersist.bundle/Contents/MacOS/WrapPersist
0x00000001d1e68000 	/System/Library/PrivateFrameworks/TextToSpeech.framework/Versions/A/TextToSpeech
0x00000001d7235000 	/System/Library/PrivateFrameworks/AXAssetLoader.framework/Versions/A/AXAssetLoader
0x0000000282fcf000 	/usr/lib/libnwswifttls.dylib
0x00000001c3e69000 	/usr/lib/log/liblog_network.dylib
0x0000000614a2c000 	/Library/Audio/Plug-Ins/Components/Trackspacer25.component/Contents/MacOS/Trackspacer25
0x00000003fedbc000 	/Library/Audio/Plug-Ins/VST3/Sumu.vst3/Contents/MacOS/sumu
0x00000005f570c000 	/Library/Audio/Plug-Ins/VST3/Transient Master.vst3/Contents/MacOS/Transient Master
0x0000000105438000 	/Library/Audio/Plug-Ins/VST3/Kilohearts/kHs Transient Shaper.vst3/Contents/MacOS/kHs Transient Shaper
0x0000000384248000 	/Library/Audio/Plug-Ins/Components/MTremolo.component/Contents/MacOS/MTremolo.bin
0x00000001cd5e9000 	/System/Library/PrivateFrameworks/ShareKit.framework/Versions/A/ShareKit
0x0000000240af4000 	/System/Library/Frameworks/_GroupActivities_AppKit.framework/Versions/A/_GroupActivities_AppKit
0x00000001fd82b000 	/System/Library/Frameworks/GroupActivities.framework/Versions/A/GroupActivities
0x00000002495da000 	/System/Library/PrivateFrameworks/CopresenceCore.framework/Versions/A/CopresenceCore
0x00000001e9eae000 	/System/Library/PrivateFrameworks/CloudKitCode.framework/Versions/A/CloudKitCode
0x000000024815f000 	/System/Library/PrivateFrameworks/CloudAsset.framework/Versions/A/CloudAsset
0x00000001d260b000 	/System/Library/PrivateFrameworks/AVConference.framework/Versions/A/AVConference
0x00000001c791f000 	/System/Library/PrivateFrameworks/VideoProcessing.framework/Versions/A/VideoProcessing
0x00000001da741000 	/System/Library/PrivateFrameworks/AudioServerDriver.framework/Versions/A/AudioServerDriver
0x00000001e5a28000 	/System/Library/PrivateFrameworks/AVConference.framework/Frameworks/ICE.framework/Versions/A/ICE
0x00000001e5a66000 	/System/Library/PrivateFrameworks/AVConference.framework/Frameworks/LegacyHandle.framework/Versions/A/LegacyHandle
0x00000001e5986000 	/System/Library/PrivateFrameworks/AVConference.framework/Frameworks/SimpleKeyExchange.framework/Versions/A/SimpleKeyExchange
0x00000001e598d000 	/System/Library/PrivateFrameworks/AVConference.framework/Frameworks/snatmap.framework/Versions/A/snatmap
0x00000001d2518000 	/System/Library/PrivateFrameworks/AVConference.framework/Frameworks/ViceroyTrace.framework/Versions/A/ViceroyTrace
0x000000025f242000 	/System/Library/PrivateFrameworks/MediaAnalysis.framework/Versions/A/MediaAnalysis
0x00000002422bc000 	/System/Library/PrivateFrameworks/ANSTKit.framework/Versions/A/ANSTKit
0x00000001f852a000 	/System/Library/PrivateFrameworks/AXMediaUtilities.framework/Versions/A/AXMediaUtilities
0x000000025f73e000 	/System/Library/PrivateFrameworks/MediaAnalysisPhotosServices.framework/Versions/A/MediaAnalysisPhotosServices
0x00000002666b0000 	/System/Library/PrivateFrameworks/PhotosIntelligence.framework/Versions/A/PhotosIntelligence
0x00000001d0ad7000 	/System/Library/Frameworks/SoundAnalysis.framework/Versions/A/SoundAnalysis
0x000000027a279000 	/System/Library/PrivateFrameworks/VisualIntelligence.framework/Versions/A/VisualIntelligence
0x000000027a69b000 	/System/Library/PrivateFrameworks/VisualUnderstanding.framework/Versions/A/VisualUnderstanding
0x00000001ffed1000 	/System/Library/Frameworks/MusicKit.framework/Versions/A/MusicKit
0x000000024ef94000 	/System/Library/PrivateFrameworks/FlexMusicKit.framework/Versions/A/FlexMusicKit
0x000000026130f000 	/System/Library/PrivateFrameworks/MusicKitInternal.framework/Versions/A/MusicKitInternal
0x00000001c6b96000 	/System/Library/PrivateFrameworks/MusicLibrary.framework/Versions/A/MusicLibrary
0x00000002015b2000 	/System/Library/Frameworks/ShazamKit.framework/Versions/A/ShazamKit
0x000000026adec000 	/System/Library/PrivateFrameworks/ShazamCore.framework/Versions/A/ShazamCore
0x0000000247e7d000 	/System/Library/PrivateFrameworks/CipherML.framework/Versions/A/CipherML
0x0000000265cdd000 	/System/Library/PrivateFrameworks/PegasusKit.framework/Versions/A/PegasusKit
0x00000002730ee000 	/System/Library/PrivateFrameworks/SwiftSQLite.framework/Versions/A/SwiftSQLite
0x00000001b0f0e000 	/System/Library/PrivateFrameworks/AlgosScoreFramework.framework/Versions/A/AlgosScoreFramework
0x000000010489c000 	/System/Library/Filesystems/NetFSPlugins/smb.bundle/Contents/MacOS/smb
0x00000001d4e17000 	/System/Library/PrivateFrameworks/SMBClient.framework/Versions/A/SMBClient
0x00000001bd13f000 	/System/Library/PrivateFrameworks/KerberosHelper.framework/Versions/A/KerberosHelper
0x00000001dfd1a000 	/System/Library/PrivateFrameworks/DCERPC.framework/Versions/A/DCERPC

JVMTI agents: none


VM Arguments:
java_command: <unknown>
java_class_path (initial): /Users/jonathankawchuk/Library/Application Support/REAPER/UserPlugins/drivenbymoss-libs/DrivenByMoss4Reaper-26.6.4.jar:/Users/jonathankawchuk/Library/Application Support/REAPER/UserPlugins/drivenbymoss-libs/slf4j-ext-2.0.13.jar:/Users/jonathankawchuk/Library/Application Support/REAPER/UserPlugins/drivenbymoss-libs/jackson-databind-2.22.1.jar:/Users/jonathankawchuk/Library/Application Support/REAPER/UserPlugins/drivenbymoss-libs/jna-platform-5.19.1.jar:/Users/jonathankawchuk/Library/Application Support/REAPER/UserPlugins/drivenbymoss-libs/libusb4java-1.0.24-darwin.jar:/Users/jonathankawchuk/Library/Application Support/REAPER/UserPlugins/drivenbymoss-libs/usb4java-1.3.0.jar:/Users/jonathankawchuk/Library/Application Support/REAPER/UserPlugins/drivenbymoss-libs/purejavahidapi-0.0.21.jar:/Users/jonathankawchuk/Library/Application Support/REAPER/UserPlugins/drivenbymoss-libs/svg-salamander-1.1.2.2.jar:/Users/jonathankawchuk/Library/Application Support/REAPER/UserPlugins/drivenbymoss-libs/jackson-core-2.22.1.jar:/Users/jonathankawchuk/Library/Application Support/REAPER/UserPlugins/drivenbymoss-libs/inieditor-r6.jar:/Users/jonathankawchuk/Library/Application Support/REAPER/UserPlugins/drivenbymoss-libs/jackson-annotations-2.22.jar:/Users/jonathankawchuk/Library/Application Support/REAPER/UserPlugins/drivenbymoss-libs/slf4j-api-2.0.13.jar:/Users/jonathankawchuk/Library/Application Support/REAPER/UserPlugins/drivenbymoss-libs/nativefilechooser-1.3.1.jar:/Users/jonathankawchuk/Library/Application Support/REAPER/UserPlugins/drivenbymoss-libs/jamepad-2.30.0.0.jar:/Users/jonathankawchuk/Library/Application Support/REAPER/UserPlugins/drivenbymoss-libs/jna-5.19.1.jar:/Users/jonathankawchuk/Library/Application Support/REAPER/UserPlugins/drivenbymoss-libs/javaosc-core-0.9.jar:/Users/jonathankawchuk/Library/Application Support/REAPER/UserPlugins/drivenbymoss-libs/commons-lang3-3.8.1.jar:/Users/jonathankawchuk/Library/Application Support/REAPER/UserPlugins/drivenbymoss-libs/gdx-jnigen-loader-2.2.0.jar
Launcher Type: generic

[Global flags]
     intx CICompilerCount                          = 4                                         {product} {ergonomic}
     uint ConcGCThreads                            = 2                                         {product} {ergonomic}
     uint G1ConcRefinementThreads                  = 8                                         {product} {ergonomic}
   size_t G1HeapRegionSize                         = 2097152                                   {product} {ergonomic}
   size_t InitialHeapSize                          = 268435456                                 {product} {ergonomic}
   size_t MarkStackSize                            = 4194304                                   {product} {ergonomic}
   size_t MarkStackSizeMax                         = 536870912                                 {product} {ergonomic}
   size_t MaxHeapSize                              = 4294967296                                {product} {ergonomic}
   size_t MaxNewSize                               = 2575302656                                {product} {ergonomic}
   size_t MinHeapDeltaBytes                        = 2097152                                   {product} {ergonomic}
   size_t MinHeapSize                              = 8388608                                   {product} {ergonomic}
    uintx NonNMethodCodeHeapSize                   = 5849088                                {pd product} {ergonomic}
    uintx NonProfiledCodeHeapSize                  = 122912768                              {pd product} {ergonomic}
    uintx ProfiledCodeHeapSize                     = 122912768                              {pd product} {ergonomic}
    uintx ReservedCodeCacheSize                    = 251674624                              {pd product} {ergonomic}
     bool SegmentedCodeCache                       = true                                      {product} {ergonomic}
   size_t SoftMaxHeapSize                          = 4294967296                             {manageable} {ergonomic}
     bool UseCompressedOops                        = true                           {product lp64_product} {ergonomic}
     bool UseG1GC                                  = true                                      {product} {ergonomic}
     bool UseNUMA                                  = false                                     {product} {ergonomic}
     bool UseNUMAInterleaving                      = false                                     {product} {ergonomic}

Logging:
Log output configuration:
 #0: stdout all=warning uptime,level,tags foldmultilines=false
 #1: stderr all=off uptime,level,tags foldmultilines=false

Release file:
JAVA_VERSION="25.0.3" 
MODULES="java.base java.datatransfer java.xml java.prefs java.desktop java.instrument java.logging java.management java.security.sasl java.naming java.transaction.xa java.sql jdk.accessibility" 

Environment Variables:
PATH=/usr/bin:/bin:/usr/sbin:/sbin:/usr/local/bin:/Users/jonathankawchuk/flucoma-cli/bin
SHELL=/bin/zsh
TMPDIR=/var/folders/6g/_dyszwd54rd36jmvjmmd4htw0000gn/T/

Active Locale:
LC_ALL=C/UTF-8/C/C/C/C
LC_COLLATE=C
LC_CTYPE=UTF-8
LC_MESSAGES=C
LC_MONETARY=C
LC_NUMERIC=C
LC_TIME=C

Signal Handlers:
   SIGSEGV: crash_handler in libjvm.dylib, mask=11100110000111110111111111111111, flags=SA_ONSTACK|SA_RESTART|SA_SIGINFO, unblocked
    SIGBUS: crash_handler in libjvm.dylib, mask=11100110000111110111111111111111, flags=SA_RESTART|SA_SIGINFO, unblocked
    SIGFPE: crash_handler in libjvm.dylib, mask=11100110000111110111111111111111, flags=SA_RESTART|SA_SIGINFO, unblocked
   SIGPIPE: javaSignalHandler in libjvm.dylib, mask=11100110000111110111111111111111, flags=SA_RESTART|SA_SIGINFO, blocked
  chained to: javaSignalHandler in libjvm.dylib, mask=11100110000111110111111111111111, flags=SA_RESTART|SA_SIGINFO
   SIGXFSZ: javaSignalHandler in libjvm.dylib, mask=11100110000111110111111111111111, flags=SA_RESTART|SA_SIGINFO, blocked
    SIGILL: crash_handler in libjvm.dylib, mask=11100110000111110111111111111111, flags=SA_RESTART|SA_SIGINFO, unblocked
   SIGUSR2: SR_handler in libjvm.dylib, mask=00000000000000000000000000000000, flags=SA_RESTART|SA_SIGINFO, blocked
    SIGHUP: UserHandler in libjvm.dylib, mask=11100110000111110111111111111111, flags=SA_RESTART|SA_SIGINFO, blocked
    SIGINT: UserHandler in libjvm.dylib, mask=11100110000111110111111111111111, flags=SA_RESTART|SA_SIGINFO, blocked
   SIGTERM: UserHandler in libjvm.dylib, mask=11100110000111110111111111111111, flags=SA_RESTART|SA_SIGINFO, blocked
   SIGQUIT: UserHandler in libjvm.dylib, mask=11100110000111110111111111111111, flags=SA_RESTART|SA_SIGINFO, blocked
   SIGTRAP: crash_handler in libjvm.dylib, mask=11100110000111110111111111111111, flags=SA_RESTART|SA_SIGINFO, unblocked


Compilation memory statistics disabled.

Periodic native trim disabled

---------------  S Y S T E M  ---------------

OS:
uname: Darwin 24.6.0 Darwin Kernel Version 24.6.0: Wed Oct 15 21:08:19 PDT 2025; root:xnu-11417.140.69.703.14~1/RELEASE_ARM64_T8103 arm64
OS uptime: 0 days 3:52 hours
rlimit (soft/hard): STACK 8176k/65520k , CORE 0k/infinity , NPROC 2666/4000 , NOFILE 10240/10240 , AS infinity/infinity , CPU infinity/infinity , DATA infinity/infinity , FSIZE infinity/infinity , MEMLOCK infinity/infinity , RSS infinity/infinity
load average: 3.22 4.40 4.13

CPU: total 8 (initial active 8) 0x61:0x0:0x1b588bb3:0, fp, asimd, aes, pmull, sha1, sha256, crc32, lse, sha3, sha512
machdep.cpu.brand_string:Apple M1
hw.cachelinesize:128
hw.l1icachesize:131072
hw.l1dcachesize:65536
hw.l2cachesize:4194304

Memory: 16k page, physical 16777216k(3883024k free), swap 6291456k(1114688k free)

vm_info: OpenJDK 64-Bit Server VM (25.0.3+9-LTS) for bsd-aarch64 JRE (25.0.3+9-LTS), built on 2026-04-21T00:00:00Z with clang Apple LLVM 15.0.0 (clang-1500.1.0.2.5)

END.
