#
# A fatal error has been detected by the Java Runtime Environment:
#
#  SIGSEGV (0xb) at pc=0x0000000479073e2c, pid=70717, tid=259
#
# JRE version: OpenJDK Runtime Environment Temurin-25.0.3+9 (25.0.3+9) (build 25.0.3+9-LTS)
# Java VM: OpenJDK 64-Bit Server VM Temurin-25.0.3+9 (25.0.3+9-LTS, mixed mode, tiered, compressed oops, compressed class ptrs, g1 gc, bsd-aarch64)
# Problematic frame:
# C  [DecentSampler+0xebe2c]  GetPluginFactory+0xe6570
#
# No core dump will be written. Core dumps have been disabled. To enable core dumping, try "ulimit -c unlimited" before starting Java again
#
# If you would like to submit a bug report, please visit:
#   https://github.com/adoptium/adoptium-support/issues
# The crash happened outside the Java Virtual Machine in native code.
# See problematic frame for where to report the bug.
#

---------------  S U M M A R Y ------------

Command Line: 

Host: "MacBookPro17,1" arm64, 8 cores, 16G, Darwin 24.6.0, macOS 15.7.2 (24G325)
Time: Sun Sep  6 17:13:06 2026 EDT elapsed time: 166.730711 seconds (0d 0h 2m 46s)

---------------  T H R E A D  ---------------

Current thread (0x000000012d924000):  JavaThread "main"             [_thread_in_native, id=259, stack(0x000000016aebc000,0x000000016b6b8000) (8176K)]

Stack: [0x000000016aebc000,0x000000016b6b8000],  sp=0x000000016b6b4a70,  free space=8162k
Native frames: (J=compiled Java code, j=interpreted, Vv=VM code, C=native code)
C  [DecentSampler+0xebe2c]  GetPluginFactory+0xe6570
C  [DecentSampler+0x67a3dc]  GetPluginFactory+0x674b20
C  [DecentSampler+0x67a014]  GetPluginFactory+0x674758
C  [DecentSampler+0x67b58c]  GetPluginFactory+0x675cd0
C  [CoreFoundation+0x7ca64]  __CFRUNLOOP_IS_CALLING_OUT_TO_A_SOURCE0_PERFORM_FUNCTION__+0x1c
C  [CoreFoundation+0x7c9f8]  __CFRunLoopDoSource0+0xac
C  [CoreFoundation+0x7c764]  __CFRunLoopDoSources0+0xe8
C  [CoreFoundation+0x7b3b8]  __CFRunLoopRun+0x348
C  [CoreFoundation+0x7a9e8]  CFRunLoopRunSpecific+0x23c
C  [HIToolbox+0xc327c]  RunCurrentEventLoopInMode+0x144
C  [HIToolbox+0xc631c]  ReceiveNextEventCommon+0xd8
C  [HIToolbox+0x251484]  _BlockUntilNextEventMatchingListInModeWithFilter+0x4c
C  [AppKit+0x3aa34]  _DPSNextEvent+0x2ac
C  [AppKit+0x9d9940]  -[NSApplication(NSEventRouting) _nextEventMatchingEventMask:untilDate:inMode:dequeue:]+0x2b0
C  [AppKit+0x266bdc]  -[NSApplication _doModalLoop:peek:]+0xd8
C  [AppKit+0x26577c]  __35-[NSApplication runModalForWindow:]_block_invoke_2+0x38
C  [AppKit+0x265728]  __35-[NSApplication runModalForWindow:]_block_invoke+0x6c
C  [AppKit+0x264ff4]  _NSTryRunModal+0x64
C  [AppKit+0x264eac]  -[NSApplication runModalForWindow:]+0x124
C  [AppKit+0x34644c]  _NXDoLocalRunAlertPanel+0x124
C  [AppKit+0x7580c4]  __NSRunAlertPanel_block_invoke+0x80
C  [AppKit+0x264ff4]  _NSTryRunModal+0x64
C  [AppKit+0x346260]  NSRunAlertPanel+0xd8
C  [REAPER+0x518f0c]  MessageBox(HWND__*, char const*, char const*, int)+0x2e0
C  [REAPER+0x72ac0]  PromptForDeleteSelectedTracks(ReaProject*)+0x1c0
C  [REAPER+0x88a48]  Main_OnCommandEx2(int, int, ReaProject*)+0xb7a0
C  [REAPER+0x7c5a4]  Main_OnCommandEx(int, int, ReaProject*)+0x1c
C  [REAPER+0x338808]  KBD_OnMainActionImpl(int, int, int, int, HWND__*, ReaProject*)+0x14c
C  [REAPER+0x33f15c]  KBD_OnMainAction(int, int, int, int, HWND__*)+0x10
C  [REAPER+0x33d550]  kbd_onAction(KbdAccel*, int, int, int, bool, _REAPER_KbdSectionInfo*, HWND__*)+0x48c
C  [REAPER+0x343758]  kbd_translateAccelerator(HWND__*, MSG*, _REAPER_KbdSectionInfo*)+0x204
C  [REAPER+0x3464bc]  -[REAPERapp sendEvent:]+0xc78
C  [AppKit+0x5d742c]  -[NSApplication _handleEvent:]+0x3c
C  [AppKit+0x2dc0c]  -[NSApplication run]+0x208
C  [AppKit+0x42dc]  NSApplicationMain+0x370
C  [dyld+0x6b98]  start+0x17bc

siginfo: si_signo: 11 (SIGSEGV), si_code: 2 (SEGV_ACCERR), si_addr: 0x0000000000000000

Registers:
 x0=0x0000000000000000  x1=0x00006000d81ae300  x2=0xfffffffffffffff0  x3=0x00006000d81ae330
 x4=0x00006000d81ae380  x5=0x0000000097e13051  x6=0x0000000000002300  x7=0x000000016b6b4078
 x8=0x0000000000000000  x9=0x0000000000000002 x10=0x0000000000000000 x11=0x0000000000000002
x12=0x0000000000000070 x13=0x00006000daabeb04 x14=0x00000000001ff800 x15=0x00000000000007fb
x16=0x000000018ba328a4 x17=0x00000001faa23a78 x18=0x0000000000000000 x19=0x000000085447c858
x20=0x000000016b6b4a98 x21=0x000000044ee3f6d8 x22=0x000060000cefa2b0 x23=0x000000044ee3f570
x24=0x0000000479ad5000 x25=0x0000000479ad3000 x26=0x0000000479ad5268 x27=0x00000000062c749f
x28=0x0000000000000001  fp=0x000000016b6b4b30  lr=0x0000000479073e20  sp=0x000000016b6b4a70
pc=0x0000000479073e2c cpsr=0x0000000060001000

Register to memory mapping:

x0 =0x0 is null
x1 =0x00006000d81ae300 points into unknown readable memory: 0x0000000000000000 | 00 00 00 00 00 00 00 00
x2 =0xfffffffffffffff0 is an unknown value
x3 =0x00006000d81ae330 points into unknown readable memory: 0x0300600011ef1400 | 00 14 ef 11 00 60 00 03
x4 =0x00006000d81ae380 points into unknown readable memory: 0x402f9d6b2da0772e | 2e 77 a0 2d 6b 9d 2f 40
x5 =0x0000000097e13051 is an unknown value
x6 =0x0000000000002300 is an unknown value
x7 =0x000000016b6b4078 is pointing into the stack for thread: 0x000000012d924000
x8 =0x0 is null
x9 =0x0000000000000002 is an unknown value
x10=0x0 is null
x11=0x0000000000000002 is an unknown value
x12=0x0000000000000070 is an unknown value
x13=0x00006000daabeb04 points into unknown readable memory: 76 28 01 98
x14=0x00000000001ff800 is an unknown value
x15=0x00000000000007fb is an unknown value
x16=0x000000018ba328a4: pthread_mutex_unlock+0 in /usr/lib/system/libsystem_pthread.dylib at 0x000000018ba31000
x17=0x00000001faa23a78 points into unknown readable memory: 0x000000018ba328a4 | a4 28 a3 8b 01 00 00 00
x18=0x0 is null
x19=0x000000085447c858 points into unknown readable memory: 0x0000000000000000 | 00 00 00 00 00 00 00 00
x20=0x000000016b6b4a98 is pointing into the stack for thread: 0x000000012d924000
x21=0x000000044ee3f6d8 points into unknown readable memory: 0x00000000434f4e45 | 45 4e 4f 43 00 00 00 00
x22=0x000060000cefa2b0 points into unknown readable memory: 0x0000000479ab36a8 | a8 36 ab 79 04 00 00 00
x23=0x000000044ee3f570 points into unknown readable memory: 0x0000000479ab3490 | 90 34 ab 79 04 00 00 00
x24=0x0000000479ad5000: <offset 0xb4d000> in /Library/Audio/Plug-Ins/VST3/DecentSampler.vst3/Contents/MacOS/DecentSampler at 0x0000000478f88000
x25=0x0000000479ad3000: <offset 0xb4b000> in /Library/Audio/Plug-Ins/VST3/DecentSampler.vst3/Contents/MacOS/DecentSampler at 0x0000000478f88000
x26=0x0000000479ad5268: <offset 0xb4d268> in /Library/Audio/Plug-Ins/VST3/DecentSampler.vst3/Contents/MacOS/DecentSampler at 0x0000000478f88000
x27=0x00000000062c749f is an unknown value
x28=0x0000000000000001 is an unknown value
 fp=0x000000016b6b4b30 is pointing into the stack for thread: 0x000000012d924000
 lr=0x0000000479073e20: GetPluginFactory+0xe6564 in /Library/Audio/Plug-Ins/VST3/DecentSampler.vst3/Contents/MacOS/DecentSampler at 0x0000000478f88000
 sp=0x000000016b6b4a70 is pointing into the stack for thread: 0x000000012d924000

Top of Stack: (sp=0x000000016b6b4a70)
0x000000016b6b4a70:   00000001f99e4eb8 0000000000697061   .N......api.....
0x000000016b6b4a80:   00000001faddbef8 0300600011ef1400   .............`..
0x000000016b6b4a90:   0000000479acff88 0000000000697061   ...y....api.....
0x000000016b6b4aa0:   00000001faddbef8 0300600011ef1400   .............`..
0x000000016b6b4ab0:   000000016b6b4ae0 000000018b67b97c   .Jkk....|.g.....
0x000000016b6b4ac0:   0000600063b8d8f0 0000000000000000   ...c.`..........
0x000000016b6b4ad0:   0000600063b8d8f0 4849cd7dfa7d007a   ...c.`..z.}.}.IH
0x000000016b6b4ae0:   0000000000000001 00000000062c749f   .........t,.....
0x000000016b6b4af0:   0000000479ad5268 0000000479ad3000   hR.y.....0.y....
0x000000016b6b4b00:   0000000479ad5000 000000044ee3f570   .P.y....p..N....
0x000000016b6b4b10:   000060000cefa2b0 000000044ee3f6d8   .....`.....N....
0x000000016b6b4b20:   000000044ee3f698 000060000cefa2b0   ...N.........`..
0x000000016b6b4b30:   000000016b6b4b50 00000004796023dc   PKkk.....#`y....
0x000000016b6b4b40:   000000044ee3f698 000000044ee3f750   ...N....P..N....
0x000000016b6b4b50:   000000016b6b4bd0 0000000479602014   .Kkk..... `y....
0x000000016b6b4b60:   0000000000000014 000000044ee3f570   ........p..N....
0x000000016b6b4b70:   000060000693ece0 00000001f99e7001   .....`...p......
0x000000016b6b4b80:   0000000000002e03 0000000000000000   ................
0x000000016b6b4b90:   00000000211200d5 0000000000000000   ...!............
0x000000016b6b4ba0:   0000000000003d03 00000001f99e7000   .=.......p......
0x000000016b6b4bb0:   00000000141300b9 00000008c7d91948   ........H.......
0x000000016b6b4bc0:   0000600006ab1dd0 000060001807e760   .....`..`....`..
0x000000016b6b4bd0:   000000016b6b4c10 000000047960358c   .Lkk.....5`y....
0x000000016b6b4be0:   000000016b6b4c20 0000600006ab1dd0    Lkk.........`..
0x000000016b6b4bf0:   00000000141300b9 00000008c7d91940   ........@.......
0x000000016b6b4c00:   000060001807e760 0000000479603548   `....`..H5`y....
0x000000016b6b4c10:   000000016b6b4c20 000000018bb22a64    Lkk....d*......
0x000000016b6b4c20:   000000016b6b4c50 000000018bb229f8   PLkk.....)......
0x000000016b6b4c30:   0000000000000001 0000000000000001   ................
0x000000016b6b4c40:   000000012b804080 00006000013a40d0   .@.+.....@:..`..
0x000000016b6b4c50:   000000016b6b4cb0 000000018bb22764   .Lkk....d'......
0x000000016b6b4c60:   000060001ddb1080 4849cd7dfa7d007a   .....`..z.}.}.IH

Instructions: (pc=0x0000000479073e2c)
  0x0000000479073d2c:   1f 00 19 eb a0 00 00 54 08 00 80 12 08 00 e8 b8
  0x0000000479073d3c:   48 00 00 35 ff 79 1f 94 e0 03 15 aa da 78 1f 94
  0x0000000479073d4c:   f4 4f be a9 fd 7b 01 a9 fd 43 00 91 f3 03 00 aa
  0x0000000479073d5c:   f4 03 00 aa 80 86 40 f8 e1 03 14 aa bd 27 00 94
  0x0000000479073d6c:   88 5e c0 39 a8 00 f8 37 e0 03 13 aa fd 7b 41 a9
  0x0000000479073d7c:   f4 4f c2 a8 c0 03 5f d6 80 02 40 f9 f0 79 1f 94
  0x0000000479073d8c:   e0 03 13 aa fd 7b 41 a9 f4 4f c2 a8 c0 03 5f d6
  0x0000000479073d9c:   56 5c fc 97 ff 43 03 d1 fc 6f 07 a9 fa 67 08 a9
  0x0000000479073dac:   f8 5f 09 a9 f6 57 0a a9 f4 4f 0b a9 fd 7b 0c a9
  0x0000000479073dbc:   fd 03 03 91 f3 03 00 aa e8 4f 00 b0 08 ed 41 f9
  0x0000000479073dcc:   08 01 40 f9 a8 83 1a f8 e8 52 00 90 08 81 3f 91
  0x0000000479073ddc:   08 c1 bf 38 f4 52 00 90 94 22 3e 91 a8 21 00 36
  0x0000000479073dec:   68 00 80 52 e8 7f 00 39 28 0c 8e 52 28 0d a0 72
  0x0000000479073dfc:   e8 0b 00 b9 f4 13 00 f9 e8 83 00 91 14 21 00 91
  0x0000000479073e0c:   e1 23 00 91 e0 03 14 aa f5 78 1f 94 e0 23 00 91
  0x0000000479073e1c:   fd 26 00 94 e8 7f c0 39 a8 00 f8 37 68 36 41 f9
=>0x0000000479073e2c:   08 01 40 39 e8 00 00 35 63 00 00 14 e0 07 40 f9
  0x0000000479073e3c:   c3 79 1f 94 68 36 41 f9 08 01 40 39 c8 0b 00 34
  0x0000000479073e4c:   75 1a 40 f9 a0 36 66 f9 a0 00 00 b5 08 7b 89 52
  0x0000000479073e5c:   a0 02 08 8b b3 be ff 97 a0 36 66 f9 ae ea 15 94
  0x0000000479073e6c:   75 1a 40 f9 a0 36 66 f9 a0 00 00 b5 08 7b 89 52
  0x0000000479073e7c:   a0 02 08 8b ab be ff 97 a0 36 66 f9 17 53 00 90
  0x0000000479073e8c:   f7 a2 23 91 e8 42 00 91 e8 23 00 f9 c1 4c 00 f0
  0x0000000479073e9c:   21 64 37 91 e8 23 00 91 e2 03 01 91 19 84 14 94
  0x0000000479073eac:   f6 07 40 f9 e0 03 16 aa 1d 7a 1f 94 f5 03 00 aa
  0x0000000479073ebc:   c0 42 00 d1 1f 00 17 eb a0 00 00 54 08 00 80 12
  0x0000000479073ecc:   08 00 e8 b8 48 00 00 35 9a 79 1f 94 e8 23 40 f9
  0x0000000479073edc:   00 41 00 d1 1f 00 17 eb 80 00 00 54 08 00 80 12
  0x0000000479073eec:   08 00 e8 b8 28 06 00 34 bf 06 00 f1 4b 06 00 54
  0x0000000479073efc:   75 4e 01 f9 e0 23 00 91 01 00 80 d2 aa 7a 1f 94
  0x0000000479073f0c:   e8 07 40 f9 e9 13 80 b9 4a ba 89 92 aa f3 bd f2
  0x0000000479073f1c:   29 7d 0a 9b 2a fd 7f d3 29 fd 66 93 29 01 0a 0b


Stack slot to memory mapping:

stack at sp + 0 slots: 0x00000001f99e4eb8: OBJC_CLASS_$___NSCFType+0 in /System/Library/Frameworks/CoreFoundation.framework/Versions/A/CoreFoundation at 0x000000018baa6000
stack at sp + 1 slots: 0x0000000000697061 is an unknown value
stack at sp + 2 slots: 0x00000001faddbef8: __kCFAllocatorSystemDefault+0 in /System/Library/Frameworks/CoreFoundation.framework/Versions/A/CoreFoundation at 0x000000018baa6000
stack at sp + 3 slots: 0x0300600011ef1400 points into unknown readable memory: 0x00000525c58a1400 | 00 14 8a c5 25 05 00 00
stack at sp + 4 slots: 0x0000000479acff88: <offset 0xb47f88> in /Library/Audio/Plug-Ins/VST3/DecentSampler.vst3/Contents/MacOS/DecentSampler at 0x0000000478f88000
stack at sp + 5 slots: 0x0000000000697061 is an unknown value
stack at sp + 6 slots: 0x00000001faddbef8: __kCFAllocatorSystemDefault+0 in /System/Library/Frameworks/CoreFoundation.framework/Versions/A/CoreFoundation at 0x000000018baa6000
stack at sp + 7 slots: 0x0300600011ef1400 points into unknown readable memory: 0x00000525c58a1400 | 00 14 8a c5 25 05 00 00

Lock stack of current Java thread (top to bottom):


---------------  P R O C E S S  ---------------

Threads class SMR info:
_java_thread_list=0x00006000062004e0, length=16, elements={
0x000000012d924000, 0x000000012da34000, 0x0000000163146a00, 0x000000012c477000,
0x000000016319d200, 0x000000016321f200, 0x0000000163232400, 0x000000012c475000,
0x000000012c906000, 0x000000012dac1c00, 0x0000000334903e00, 0x0000000128b10400,
0x0000000128be9000, 0x0000000163583200, 0x00000003349dda00, 0x0000000334c90200
}

Java Threads: ( => current thread )
=>0x000000012d924000 JavaThread "main"                              [_thread_in_native, id=259, stack(0x000000016aebc000,0x000000016b6b8000) (8176K)]
  0x000000012da34000 JavaThread "Reference Handler"          daemon [_thread_blocked, id=233987, stack(0x000000031e868000,0x000000031ea6b000) (2060K)]
  0x0000000163146a00 JavaThread "Finalizer"                  daemon [_thread_blocked, id=233731, stack(0x000000031ea74000,0x000000031ec77000) (2060K)]
  0x000000012c477000 JavaThread "Signal Dispatcher"          daemon [_thread_blocked, id=205059, stack(0x000000031ec80000,0x000000031ee83000) (2060K)]
  0x000000016319d200 JavaThread "Service Thread"             daemon [_thread_blocked, id=233219, stack(0x0000000323004000,0x0000000323207000) (2060K)]
  0x000000016321f200 JavaThread "Monitor Deflation Thread"   daemon [_thread_blocked, id=205827, stack(0x0000000323210000,0x0000000323413000) (2060K)]
  0x0000000163232400 JavaThread "C2 CompilerThread0"         daemon [_thread_blocked, id=206339, stack(0x000000032341c000,0x000000032361f000) (2060K)]
  0x000000012c475000 JavaThread "C1 CompilerThread0"         daemon [_thread_blocked, id=232707, stack(0x0000000323628000,0x000000032382b000) (2060K)]
  0x000000012c906000 JavaThread "Notification Thread"        daemon [_thread_blocked, id=206595, stack(0x0000000323834000,0x0000000323a37000) (2060K)]
  0x000000012dac1c00 JavaThread "Common-Cleaner"             daemon [_thread_blocked, id=231939, stack(0x0000000323a40000,0x0000000323c43000) (2060K)]
  0x0000000334903e00 JavaThread "TimerQueue"                 daemon [_thread_blocked, id=218627, stack(0x0000000332308000,0x000000033250b000) (2060K)]
  0x0000000128b10400 JavaThread "AWT-Shutdown"                      [_thread_blocked, id=208395, stack(0x0000000323c4c000,0x0000000323e4f000) (2060K)]
  0x0000000128be9000 JavaThread "AWT-EventQueue-0"                  [_thread_blocked, id=208651, stack(0x0000000323e58000,0x000000032405b000) (2060K)]
  0x0000000163583200 JavaThread "Java2D Queue Flusher"       daemon [_thread_blocked, id=262147, stack(0x0000000332a98000,0x0000000332c9b000) (2060K)]
  0x00000003349dda00 JavaThread "Java2D Disposer"            daemon [_thread_blocked, id=348931, stack(0x000000033433c000,0x000000033453f000) (2060K)]
  0x0000000334c90200 JavaThread "pool-2-thread-1"                   [_thread_blocked, id=265735, stack(0x0000000379454000,0x0000000379657000) (2060K)]
Total: 16

Other Threads:
  0x0000000163151c00 VMThread "VM Thread"                           [id=202755, stack(0x000000031e65c000,0x000000031e85f000) (2060K)]
  0x000000012b9b5840 WatcherThread "VM Periodic Task Thread"        [id=201987, stack(0x000000016fda4000,0x000000016ffa7000) (2060K)]
  0x00000001630d5a00 WorkerThread "GC Thread#0"                     [id=199939, stack(0x000000016d368000,0x000000016d56b000) (2060K)]
  0x0000000324949e00 WorkerThread "GC Thread#1"                     [id=209191, stack(0x00000005a8360000,0x00000005a8563000) (2060K)]
  0x00000001634c6800 WorkerThread "GC Thread#2"                     [id=301751, stack(0x00000005a856c000,0x00000005a876f000) (2060K)]
  0x000000056c238600 WorkerThread "GC Thread#3"                     [id=29743, stack(0x00000005abfb8000,0x00000005ac1bb000) (2060K)]
  0x000000056c1c9400 WorkerThread "GC Thread#4"                     [id=467739, stack(0x00000005aed98000,0x00000005aef9b000) (2060K)]
  0x000000056c10b200 WorkerThread "GC Thread#5"                     [id=344435, stack(0x00000005aefa4000,0x00000005af1a7000) (2060K)]
  0x000000056c23c200 WorkerThread "GC Thread#6"                     [id=467475, stack(0x00000005af1b0000,0x00000005af3b3000) (2060K)]
  0x000000056c249600 WorkerThread "GC Thread#7"                     [id=466691, stack(0x00000005af3bc000,0x00000005af5bf000) (2060K)]
  0x000000012d03c400 ConcurrentGCThread "G1 Main Marker"            [id=200451, stack(0x000000016d574000,0x000000016d777000) (2060K)]
  0x000000012d00ee00 WorkerThread "G1 Conc#0"                       [id=200963, stack(0x000000016d780000,0x000000016d983000) (2060K)]
  0x000000012d20c600 ConcurrentGCThread "G1 Refine#0"               [id=201219, stack(0x000000016f98c000,0x000000016fb8f000) (2060K)]
  0x0000000163148a00 ConcurrentGCThread "G1 Service"                [id=201731, stack(0x000000016fb98000,0x000000016fd9b000) (2060K)]
Total: 14

Threads with active compile tasks:
Total: 0

VM state: not at safepoint (normal execution)

VM Mutex/Monitor currently owned by a thread: None

Heap address: 0x0000000700000000, size: 4096 MB, Compressed Oops mode: Zero based, Oop shift amount: 3

CDS archive(s) not mapped
Compressed class space mapped at: 0x0000700000000000-0x0000700040000000, reserved size: 1073741824
UseCompressedClassPointers 1, UseCompactObjectHeaders 0
Narrow klass pointer bits 32, Max shift 3
Narrow klass base: 0x0000700000000000, Narrow klass shift: 0
Encoding Range: [0x0000700000000000 - 0x0000700100000000), (4294967296 bytes)
Klass Range:    [0x0000700000000000 - 0x0000700040000000), (1073741824 bytes)
Klass ID Range:  [8 - 1073741817) (1073741809)
Protection zone: [0x0000700000000000 - 0x0000700000010000), (65536 bytes)

GC Precious Log:
 CardTable entry size: 512
 Card Set container configuration: InlinePtr #cards 4 size 8 Array Of Cards #cards 16 size 48 Howl #buckets 8 coarsen threshold 3686 Howl Bitmap #cards 512 size 80 coarsen threshold 460 Card regions per heap region 1 cards per card region 4096
 CPUs: 8 total, 8 available
 Memory: 16384M
 Large Page Support: Disabled
 NUMA Support: Disabled
 Compressed Oops: Enabled (Zero based)
 Heap Region Size: 2M
 Heap Min Capacity: 8M
 Heap Initial Capacity: 256M
 Heap Max Capacity: 4G
 Pre-touch: Disabled
 Parallel Workers: 8
 Concurrent Workers: 2
 Concurrent Refinement Workers: 8
 Periodic GC: Disabled

Heap:
 garbage-first heap   total reserved 4194304K, committed 262144K, used 26284K [0x0000000700000000, 0x0000000800000000)
  region size 2048K, 12 young (24576K), 3 survivors (6144K)

Heap Regions: E=young(eden), S=young(survivor), O=old, HS=humongous(starts), HC=humongous(continues), CS=collection set, F=free, TAMS=top-at-mark-start, PB=parsable bottom
|   0|0x0000000700000000, 0x0000000700200000, 0x0000000700200000|100%|HS|  |TAMS 0x0000000700000000| PB 0x0000000700000000| Complete |  0
|   1|0x0000000700200000, 0x00000007003ab190, 0x0000000700400000| 83%| O|  |TAMS 0x0000000700200000| PB 0x0000000700200000| Untracked |  0
|   2|0x0000000700400000, 0x0000000700400000, 0x0000000700600000|  0%| F|  |TAMS 0x0000000700400000| PB 0x0000000700400000| Untracked |  0
|   3|0x0000000700600000, 0x0000000700600000, 0x0000000700800000|  0%| F|  |TAMS 0x0000000700600000| PB 0x0000000700600000| Untracked |  0
|   4|0x0000000700800000, 0x0000000700800000, 0x0000000700a00000|  0%| F|  |TAMS 0x0000000700800000| PB 0x0000000700800000| Untracked |  0
|   5|0x0000000700a00000, 0x0000000700a00000, 0x0000000700c00000|  0%| F|  |TAMS 0x0000000700a00000| PB 0x0000000700a00000| Untracked |  0
|   6|0x0000000700c00000, 0x0000000700c00000, 0x0000000700e00000|  0%| F|  |TAMS 0x0000000700c00000| PB 0x0000000700c00000| Untracked |  0
|   7|0x0000000700e00000, 0x0000000700e00000, 0x0000000701000000|  0%| F|  |TAMS 0x0000000700e00000| PB 0x0000000700e00000| Untracked |  0
|   8|0x0000000701000000, 0x0000000701000000, 0x0000000701200000|  0%| F|  |TAMS 0x0000000701000000| PB 0x0000000701000000| Untracked |  0
|   9|0x0000000701200000, 0x0000000701200000, 0x0000000701400000|  0%| F|  |TAMS 0x0000000701200000| PB 0x0000000701200000| Untracked |  0
|  10|0x0000000701400000, 0x0000000701400000, 0x0000000701600000|  0%| F|  |TAMS 0x0000000701400000| PB 0x0000000701400000| Untracked |  0
|  11|0x0000000701600000, 0x0000000701600000, 0x0000000701800000|  0%| F|  |TAMS 0x0000000701600000| PB 0x0000000701600000| Untracked |  0
|  12|0x0000000701800000, 0x0000000701800000, 0x0000000701a00000|  0%| F|  |TAMS 0x0000000701800000| PB 0x0000000701800000| Untracked |  0
|  13|0x0000000701a00000, 0x0000000701a00000, 0x0000000701c00000|  0%| F|  |TAMS 0x0000000701a00000| PB 0x0000000701a00000| Untracked |  0
|  14|0x0000000701c00000, 0x0000000701c00000, 0x0000000701e00000|  0%| F|  |TAMS 0x0000000701c00000| PB 0x0000000701c00000| Untracked |  0
|  15|0x0000000701e00000, 0x0000000701e00000, 0x0000000702000000|  0%| F|  |TAMS 0x0000000701e00000| PB 0x0000000701e00000| Untracked |  0
|  16|0x0000000702000000, 0x0000000702000000, 0x0000000702200000|  0%| F|  |TAMS 0x0000000702000000| PB 0x0000000702000000| Untracked |  0
|  17|0x0000000702200000, 0x0000000702200000, 0x0000000702400000|  0%| F|  |TAMS 0x0000000702200000| PB 0x0000000702200000| Untracked |  0
|  18|0x0000000702400000, 0x0000000702400000, 0x0000000702600000|  0%| F|  |TAMS 0x0000000702400000| PB 0x0000000702400000| Untracked |  0
|  19|0x0000000702600000, 0x0000000702600000, 0x0000000702800000|  0%| F|  |TAMS 0x0000000702600000| PB 0x0000000702600000| Untracked |  0
|  20|0x0000000702800000, 0x0000000702800000, 0x0000000702a00000|  0%| F|  |TAMS 0x0000000702800000| PB 0x0000000702800000| Untracked |  0
|  21|0x0000000702a00000, 0x0000000702a00000, 0x0000000702c00000|  0%| F|  |TAMS 0x0000000702a00000| PB 0x0000000702a00000| Untracked |  0
|  22|0x0000000702c00000, 0x0000000702c00000, 0x0000000702e00000|  0%| F|  |TAMS 0x0000000702c00000| PB 0x0000000702c00000| Untracked |  0
|  23|0x0000000702e00000, 0x0000000702e00000, 0x0000000703000000|  0%| F|  |TAMS 0x0000000702e00000| PB 0x0000000702e00000| Untracked |  0
|  24|0x0000000703000000, 0x0000000703000000, 0x0000000703200000|  0%| F|  |TAMS 0x0000000703000000| PB 0x0000000703000000| Untracked |  0
|  25|0x0000000703200000, 0x0000000703200000, 0x0000000703400000|  0%| F|  |TAMS 0x0000000703200000| PB 0x0000000703200000| Untracked |  0
|  26|0x0000000703400000, 0x0000000703400000, 0x0000000703600000|  0%| F|  |TAMS 0x0000000703400000| PB 0x0000000703400000| Untracked |  0
|  27|0x0000000703600000, 0x0000000703600000, 0x0000000703800000|  0%| F|  |TAMS 0x0000000703600000| PB 0x0000000703600000| Untracked |  0
|  28|0x0000000703800000, 0x0000000703800000, 0x0000000703a00000|  0%| F|  |TAMS 0x0000000703800000| PB 0x0000000703800000| Untracked |  0
|  29|0x0000000703a00000, 0x0000000703a00000, 0x0000000703c00000|  0%| F|  |TAMS 0x0000000703a00000| PB 0x0000000703a00000| Untracked |  0
|  30|0x0000000703c00000, 0x0000000703c00000, 0x0000000703e00000|  0%| F|  |TAMS 0x0000000703c00000| PB 0x0000000703c00000| Untracked |  0
|  31|0x0000000703e00000, 0x0000000703e00000, 0x0000000704000000|  0%| F|  |TAMS 0x0000000703e00000| PB 0x0000000703e00000| Untracked |  0
|  32|0x0000000704000000, 0x0000000704000000, 0x0000000704200000|  0%| F|  |TAMS 0x0000000704000000| PB 0x0000000704000000| Untracked |  0
|  33|0x0000000704200000, 0x0000000704200000, 0x0000000704400000|  0%| F|  |TAMS 0x0000000704200000| PB 0x0000000704200000| Untracked |  0
|  34|0x0000000704400000, 0x0000000704400000, 0x0000000704600000|  0%| F|  |TAMS 0x0000000704400000| PB 0x0000000704400000| Untracked |  0
|  35|0x0000000704600000, 0x0000000704600000, 0x0000000704800000|  0%| F|  |TAMS 0x0000000704600000| PB 0x0000000704600000| Untracked |  0
|  36|0x0000000704800000, 0x0000000704800000, 0x0000000704a00000|  0%| F|  |TAMS 0x0000000704800000| PB 0x0000000704800000| Untracked |  0
|  37|0x0000000704a00000, 0x0000000704a00000, 0x0000000704c00000|  0%| F|  |TAMS 0x0000000704a00000| PB 0x0000000704a00000| Untracked |  0
|  38|0x0000000704c00000, 0x0000000704c00000, 0x0000000704e00000|  0%| F|  |TAMS 0x0000000704c00000| PB 0x0000000704c00000| Untracked |  0
|  39|0x0000000704e00000, 0x0000000704e00000, 0x0000000705000000|  0%| F|  |TAMS 0x0000000704e00000| PB 0x0000000704e00000| Untracked |  0
|  40|0x0000000705000000, 0x0000000705000000, 0x0000000705200000|  0%| F|  |TAMS 0x0000000705000000| PB 0x0000000705000000| Untracked |  0
|  41|0x0000000705200000, 0x0000000705200000, 0x0000000705400000|  0%| F|  |TAMS 0x0000000705200000| PB 0x0000000705200000| Untracked |  0
|  42|0x0000000705400000, 0x0000000705400000, 0x0000000705600000|  0%| F|  |TAMS 0x0000000705400000| PB 0x0000000705400000| Untracked |  0
|  43|0x0000000705600000, 0x0000000705600000, 0x0000000705800000|  0%| F|  |TAMS 0x0000000705600000| PB 0x0000000705600000| Untracked |  0
|  44|0x0000000705800000, 0x0000000705800000, 0x0000000705a00000|  0%| F|  |TAMS 0x0000000705800000| PB 0x0000000705800000| Untracked |  0
|  45|0x0000000705a00000, 0x0000000705a00000, 0x0000000705c00000|  0%| F|  |TAMS 0x0000000705a00000| PB 0x0000000705a00000| Untracked |  0
|  46|0x0000000705c00000, 0x0000000705c00000, 0x0000000705e00000|  0%| F|  |TAMS 0x0000000705c00000| PB 0x0000000705c00000| Untracked |  0
|  47|0x0000000705e00000, 0x0000000705e00000, 0x0000000706000000|  0%| F|  |TAMS 0x0000000705e00000| PB 0x0000000705e00000| Untracked |  0
|  48|0x0000000706000000, 0x0000000706000000, 0x0000000706200000|  0%| F|  |TAMS 0x0000000706000000| PB 0x0000000706000000| Untracked |  0
|  49|0x0000000706200000, 0x0000000706200000, 0x0000000706400000|  0%| F|  |TAMS 0x0000000706200000| PB 0x0000000706200000| Untracked |  0
|  50|0x0000000706400000, 0x0000000706400000, 0x0000000706600000|  0%| F|  |TAMS 0x0000000706400000| PB 0x0000000706400000| Untracked |  0
|  51|0x0000000706600000, 0x0000000706600000, 0x0000000706800000|  0%| F|  |TAMS 0x0000000706600000| PB 0x0000000706600000| Untracked |  0
|  52|0x0000000706800000, 0x0000000706800000, 0x0000000706a00000|  0%| F|  |TAMS 0x0000000706800000| PB 0x0000000706800000| Untracked |  0
|  53|0x0000000706a00000, 0x0000000706a00000, 0x0000000706c00000|  0%| F|  |TAMS 0x0000000706a00000| PB 0x0000000706a00000| Untracked |  0
|  54|0x0000000706c00000, 0x0000000706c00000, 0x0000000706e00000|  0%| F|  |TAMS 0x0000000706c00000| PB 0x0000000706c00000| Untracked |  0
|  55|0x0000000706e00000, 0x0000000706e00000, 0x0000000707000000|  0%| F|  |TAMS 0x0000000706e00000| PB 0x0000000706e00000| Untracked |  0
|  56|0x0000000707000000, 0x0000000707000000, 0x0000000707200000|  0%| F|  |TAMS 0x0000000707000000| PB 0x0000000707000000| Untracked |  0
|  57|0x0000000707200000, 0x0000000707200000, 0x0000000707400000|  0%| F|  |TAMS 0x0000000707200000| PB 0x0000000707200000| Untracked |  0
|  58|0x0000000707400000, 0x0000000707400000, 0x0000000707600000|  0%| F|  |TAMS 0x0000000707400000| PB 0x0000000707400000| Untracked |  0
|  59|0x0000000707600000, 0x0000000707600000, 0x0000000707800000|  0%| F|  |TAMS 0x0000000707600000| PB 0x0000000707600000| Untracked |  0
|  60|0x0000000707800000, 0x0000000707800000, 0x0000000707a00000|  0%| F|  |TAMS 0x0000000707800000| PB 0x0000000707800000| Untracked |  0
|  61|0x0000000707a00000, 0x0000000707a00000, 0x0000000707c00000|  0%| F|  |TAMS 0x0000000707a00000| PB 0x0000000707a00000| Untracked |  0
|  62|0x0000000707c00000, 0x0000000707c00000, 0x0000000707e00000|  0%| F|  |TAMS 0x0000000707c00000| PB 0x0000000707c00000| Untracked |  0
|  63|0x0000000707e00000, 0x0000000707e00000, 0x0000000708000000|  0%| F|  |TAMS 0x0000000707e00000| PB 0x0000000707e00000| Untracked |  0
|  64|0x0000000708000000, 0x0000000708000000, 0x0000000708200000|  0%| F|  |TAMS 0x0000000708000000| PB 0x0000000708000000| Untracked |  0
|  65|0x0000000708200000, 0x0000000708200000, 0x0000000708400000|  0%| F|  |TAMS 0x0000000708200000| PB 0x0000000708200000| Untracked |  0
|  66|0x0000000708400000, 0x0000000708400000, 0x0000000708600000|  0%| F|  |TAMS 0x0000000708400000| PB 0x0000000708400000| Untracked |  0
|  67|0x0000000708600000, 0x0000000708600000, 0x0000000708800000|  0%| F|  |TAMS 0x0000000708600000| PB 0x0000000708600000| Untracked |  0
|  68|0x0000000708800000, 0x0000000708800000, 0x0000000708a00000|  0%| F|  |TAMS 0x0000000708800000| PB 0x0000000708800000| Untracked |  0
|  69|0x0000000708a00000, 0x0000000708a00000, 0x0000000708c00000|  0%| F|  |TAMS 0x0000000708a00000| PB 0x0000000708a00000| Untracked |  0
|  70|0x0000000708c00000, 0x0000000708c00000, 0x0000000708e00000|  0%| F|  |TAMS 0x0000000708c00000| PB 0x0000000708c00000| Untracked |  0
|  71|0x0000000708e00000, 0x0000000708e00000, 0x0000000709000000|  0%| F|  |TAMS 0x0000000708e00000| PB 0x0000000708e00000| Untracked |  0
|  72|0x0000000709000000, 0x0000000709000000, 0x0000000709200000|  0%| F|  |TAMS 0x0000000709000000| PB 0x0000000709000000| Untracked |  0
|  73|0x0000000709200000, 0x0000000709200000, 0x0000000709400000|  0%| F|  |TAMS 0x0000000709200000| PB 0x0000000709200000| Untracked |  0
|  74|0x0000000709400000, 0x0000000709400000, 0x0000000709600000|  0%| F|  |TAMS 0x0000000709400000| PB 0x0000000709400000| Untracked |  0
|  75|0x0000000709600000, 0x0000000709600000, 0x0000000709800000|  0%| F|  |TAMS 0x0000000709600000| PB 0x0000000709600000| Untracked |  0
|  76|0x0000000709800000, 0x0000000709800000, 0x0000000709a00000|  0%| F|  |TAMS 0x0000000709800000| PB 0x0000000709800000| Untracked |  0
|  77|0x0000000709a00000, 0x0000000709a00000, 0x0000000709c00000|  0%| F|  |TAMS 0x0000000709a00000| PB 0x0000000709a00000| Untracked |  0
|  78|0x0000000709c00000, 0x0000000709c00000, 0x0000000709e00000|  0%| F|  |TAMS 0x0000000709c00000| PB 0x0000000709c00000| Untracked |  0
|  79|0x0000000709e00000, 0x0000000709e00000, 0x000000070a000000|  0%| F|  |TAMS 0x0000000709e00000| PB 0x0000000709e00000| Untracked |  0
|  80|0x000000070a000000, 0x000000070a000000, 0x000000070a200000|  0%| F|  |TAMS 0x000000070a000000| PB 0x000000070a000000| Untracked |  0
|  81|0x000000070a200000, 0x000000070a200000, 0x000000070a400000|  0%| F|  |TAMS 0x000000070a200000| PB 0x000000070a200000| Untracked |  0
|  82|0x000000070a400000, 0x000000070a400000, 0x000000070a600000|  0%| F|  |TAMS 0x000000070a400000| PB 0x000000070a400000| Untracked |  0
|  83|0x000000070a600000, 0x000000070a600000, 0x000000070a800000|  0%| F|  |TAMS 0x000000070a600000| PB 0x000000070a600000| Untracked |  0
|  84|0x000000070a800000, 0x000000070a800000, 0x000000070aa00000|  0%| F|  |TAMS 0x000000070a800000| PB 0x000000070a800000| Untracked |  0
|  85|0x000000070aa00000, 0x000000070aa00000, 0x000000070ac00000|  0%| F|  |TAMS 0x000000070aa00000| PB 0x000000070aa00000| Untracked |  0
|  86|0x000000070ac00000, 0x000000070ac00000, 0x000000070ae00000|  0%| F|  |TAMS 0x000000070ac00000| PB 0x000000070ac00000| Untracked |  0
|  87|0x000000070ae00000, 0x000000070ae00000, 0x000000070b000000|  0%| F|  |TAMS 0x000000070ae00000| PB 0x000000070ae00000| Untracked |  0
|  88|0x000000070b000000, 0x000000070b000000, 0x000000070b200000|  0%| F|  |TAMS 0x000000070b000000| PB 0x000000070b000000| Untracked |  0
|  89|0x000000070b200000, 0x000000070b200000, 0x000000070b400000|  0%| F|  |TAMS 0x000000070b200000| PB 0x000000070b200000| Untracked |  0
|  90|0x000000070b400000, 0x000000070b400000, 0x000000070b600000|  0%| F|  |TAMS 0x000000070b400000| PB 0x000000070b400000| Untracked |  0
|  91|0x000000070b600000, 0x000000070b600000, 0x000000070b800000|  0%| F|  |TAMS 0x000000070b600000| PB 0x000000070b600000| Untracked |  0
|  92|0x000000070b800000, 0x000000070b800000, 0x000000070ba00000|  0%| F|  |TAMS 0x000000070b800000| PB 0x000000070b800000| Untracked |  0
|  93|0x000000070ba00000, 0x000000070ba00000, 0x000000070bc00000|  0%| F|  |TAMS 0x000000070ba00000| PB 0x000000070ba00000| Untracked |  0
|  94|0x000000070bc00000, 0x000000070bc00000, 0x000000070be00000|  0%| F|  |TAMS 0x000000070bc00000| PB 0x000000070bc00000| Untracked |  0
|  95|0x000000070be00000, 0x000000070be00000, 0x000000070c000000|  0%| F|  |TAMS 0x000000070be00000| PB 0x000000070be00000| Untracked |  0
|  96|0x000000070c000000, 0x000000070c000000, 0x000000070c200000|  0%| F|  |TAMS 0x000000070c000000| PB 0x000000070c000000| Untracked |  0
|  97|0x000000070c200000, 0x000000070c200000, 0x000000070c400000|  0%| F|  |TAMS 0x000000070c200000| PB 0x000000070c200000| Untracked |  0
|  98|0x000000070c400000, 0x000000070c400000, 0x000000070c600000|  0%| F|  |TAMS 0x000000070c400000| PB 0x000000070c400000| Untracked |  0
|  99|0x000000070c600000, 0x000000070c600000, 0x000000070c800000|  0%| F|  |TAMS 0x000000070c600000| PB 0x000000070c600000| Untracked |  0
| 100|0x000000070c800000, 0x000000070c800000, 0x000000070ca00000|  0%| F|  |TAMS 0x000000070c800000| PB 0x000000070c800000| Untracked |  0
| 101|0x000000070ca00000, 0x000000070cc00000, 0x000000070cc00000|100%| S|CS|TAMS 0x000000070ca00000| PB 0x000000070ca00000| Complete |  0
| 102|0x000000070cc00000, 0x000000070ce00000, 0x000000070ce00000|100%| S|CS|TAMS 0x000000070cc00000| PB 0x000000070cc00000| Complete |  0
| 103|0x000000070ce00000, 0x000000070d000000, 0x000000070d000000|100%| S|CS|TAMS 0x000000070ce00000| PB 0x000000070ce00000| Complete |  0
| 104|0x000000070d000000, 0x000000070d000000, 0x000000070d200000|  0%| F|  |TAMS 0x000000070d000000| PB 0x000000070d000000| Untracked |  0
| 105|0x000000070d200000, 0x000000070d200000, 0x000000070d400000|  0%| F|  |TAMS 0x000000070d200000| PB 0x000000070d200000| Untracked |  0
| 106|0x000000070d400000, 0x000000070d400000, 0x000000070d600000|  0%| F|  |TAMS 0x000000070d400000| PB 0x000000070d400000| Untracked |  0
| 107|0x000000070d600000, 0x000000070d600000, 0x000000070d800000|  0%| F|  |TAMS 0x000000070d600000| PB 0x000000070d600000| Untracked |  0
| 108|0x000000070d800000, 0x000000070d800000, 0x000000070da00000|  0%| F|  |TAMS 0x000000070d800000| PB 0x000000070d800000| Untracked |  0
| 109|0x000000070da00000, 0x000000070da00000, 0x000000070dc00000|  0%| F|  |TAMS 0x000000070da00000| PB 0x000000070da00000| Untracked |  0
| 110|0x000000070dc00000, 0x000000070dc00000, 0x000000070de00000|  0%| F|  |TAMS 0x000000070dc00000| PB 0x000000070dc00000| Untracked |  0
| 111|0x000000070de00000, 0x000000070de00000, 0x000000070e000000|  0%| F|  |TAMS 0x000000070de00000| PB 0x000000070de00000| Untracked |  0
| 112|0x000000070e000000, 0x000000070e000000, 0x000000070e200000|  0%| F|  |TAMS 0x000000070e000000| PB 0x000000070e000000| Untracked |  0
| 113|0x000000070e200000, 0x000000070e200000, 0x000000070e400000|  0%| F|  |TAMS 0x000000070e200000| PB 0x000000070e200000| Untracked |  0
| 114|0x000000070e400000, 0x000000070e400000, 0x000000070e600000|  0%| F|  |TAMS 0x000000070e400000| PB 0x000000070e400000| Untracked |  0
| 115|0x000000070e600000, 0x000000070e600000, 0x000000070e800000|  0%| F|  |TAMS 0x000000070e600000| PB 0x000000070e600000| Untracked |  0
| 116|0x000000070e800000, 0x000000070e800000, 0x000000070ea00000|  0%| F|  |TAMS 0x000000070e800000| PB 0x000000070e800000| Untracked |  0
| 117|0x000000070ea00000, 0x000000070ea00000, 0x000000070ec00000|  0%| F|  |TAMS 0x000000070ea00000| PB 0x000000070ea00000| Untracked |  0
| 118|0x000000070ec00000, 0x000000070ec00000, 0x000000070ee00000|  0%| F|  |TAMS 0x000000070ec00000| PB 0x000000070ec00000| Untracked |  0
| 119|0x000000070ee00000, 0x000000070ee91800, 0x000000070f000000| 28%| E|  |TAMS 0x000000070ee00000| PB 0x000000070ee00000| Complete |  0
| 120|0x000000070f000000, 0x000000070f200000, 0x000000070f200000|100%| E|CS|TAMS 0x000000070f000000| PB 0x000000070f000000| Complete |  0
| 121|0x000000070f200000, 0x000000070f400000, 0x000000070f400000|100%| E|CS|TAMS 0x000000070f200000| PB 0x000000070f200000| Complete |  0
| 122|0x000000070f400000, 0x000000070f600000, 0x000000070f600000|100%| E|CS|TAMS 0x000000070f400000| PB 0x000000070f400000| Complete |  0
| 123|0x000000070f600000, 0x000000070f800000, 0x000000070f800000|100%| E|CS|TAMS 0x000000070f600000| PB 0x000000070f600000| Complete |  0
| 124|0x000000070f800000, 0x000000070fa00000, 0x000000070fa00000|100%| E|CS|TAMS 0x000000070f800000| PB 0x000000070f800000| Complete |  0
| 125|0x000000070fa00000, 0x000000070fc00000, 0x000000070fc00000|100%| E|CS|TAMS 0x000000070fa00000| PB 0x000000070fa00000| Complete |  0
| 126|0x000000070fc00000, 0x000000070fe00000, 0x000000070fe00000|100%| E|CS|TAMS 0x000000070fc00000| PB 0x000000070fc00000| Complete |  0
| 127|0x000000070fe00000, 0x0000000710000000, 0x0000000710000000|100%| E|CS|TAMS 0x000000070fe00000| PB 0x000000070fe00000| Complete |  0

Card table byte_map: [0x0000000166000000,0x0000000166800000] _byte_map_base: 0x0000000162800000

Marking Bits: (CMBitMap*) 0x000000016312d010
 Bits: [0x000000031a658000, 0x000000031e658000)

Polling page: 0x000000011b40c000

Metaspace:
Metaspace        used 20377K, committed 20608K, reserved 1114112K
 class space     used 2387K, committed 2496K, reserved 1048576K

Usage:
  Non-class:     17.57 MB used.
      Class:      2.33 MB used.
       Both:     19.90 MB used.

Virtual space:
  Non-class space:       64.00 MB reserved,      17.69 MB ( 28%) committed,  1 nodes.
      Class space:        1.00 GB reserved,       2.44 MB ( <1%) committed,  1 nodes.
             Both:        1.06 GB reserved,      20.12 MB (  2%) committed. 

Chunk freelists:
   Non-Class:  14.16 MB
       Class:  13.56 MB
        Both:  27.72 MB

MaxMetaspaceSize: unlimited
CompressedClassSpaceSize: 1.00 GB
Initial GC threshold: 21.00 MB
Current GC threshold: 21.00 MB
CDS: off
 - commit_granule_bytes: 65536.
 - commit_granule_words: 8192.
 - virtual_space_node_default_size: 8388608.
 - enlarge_chunks_in_place: 1.
UseCompressedClassPointers 1, UseCompactObjectHeaders 0
Narrow klass pointer bits 32, Max shift 3
Narrow klass base: 0x0000700000000000, Narrow klass shift: 0
Encoding Range: [0x0000700000000000 - 0x0000700100000000), (4294967296 bytes)
Klass Range:    [0x0000700000000000 - 0x0000700040000000), (1073741824 bytes)
Klass ID Range:  [8 - 1073741817) (1073741809)
Protection zone: [0x0000700000000000 - 0x0000700000010000), (65536 bytes)


Internal statistics:

num_allocs_failed_limit: 0.
num_arena_births: 174.
num_arena_deaths: 0.
num_vsnodes_births: 2.
num_vsnodes_deaths: 0.
num_space_committed: 322.
num_space_uncommitted: 0.
num_chunks_returned_to_freelist: 0.
num_chunks_taken_from_freelist: 309.
num_chunk_merges: 0.
num_chunk_splits: 176.
num_chunks_enlarged: 108.
num_inconsistent_stats: 0.

CodeHeap 'non-profiled nmethods': size=120032Kb used=539Kb max_used=539Kb free=119492Kb
 bounds [0x0000000313120000, 0x0000000313390000, 0x000000031a658000]
CodeHeap 'profiled nmethods': size=120032Kb used=2798Kb max_used=2798Kb free=117233Kb
 bounds [0x000000030b654000, 0x000000030b914000, 0x0000000312b8c000]
CodeHeap 'non-nmethods': size=5712Kb used=1505Kb max_used=1539Kb free=4206Kb
 bounds [0x0000000312b8c000, 0x0000000312dfc000, 0x0000000313120000]
CodeCache: size=245776Kb, used=4842Kb, max_used=4876Kb, free=240931Kb
 total_blobs=2836, nmethods=2092, adapters=652, full_count=0
Compilation: enabled, stopped_count=0, restarted_count=0

Compilation events (20 events):
Event: 130.418 Thread 0x000000012c475000 2089       3       java.io.Writer::write (11 bytes)
Event: 130.418 Thread 0x000000012c475000 nmethod 2089 0x000000030b907a48 code [0x000000030b907b40, 0x000000030b907f38]
Event: 130.418 Thread 0x000000012c475000 2090   !   3       java.io.BufferedWriter::write (122 bytes)
Event: 130.419 Thread 0x000000012c475000 nmethod 2090 0x000000030b907f48 code [0x000000030b908040, 0x000000030b9087b0]
Event: 130.419 Thread 0x000000012c475000 2091       3       java.io.BufferedWriter::growIfNeeded (63 bytes)
Event: 130.419 Thread 0x000000012c475000 nmethod 2091 0x000000030b9087c8 code [0x000000030b9088c0, 0x000000030b908bd0]
Event: 130.424 Thread 0x000000012c475000 2092   !   3       de.mossgrabers.reaper.MainApp::lambda$updateModel$0 (120 bytes)
Event: 130.425 Thread 0x000000012c475000 nmethod 2092 0x000000030b908c08 code [0x000000030b908d00, 0x000000030b90b9c0]
Event: 130.974 Thread 0x000000012c475000 2093       3       java.util.concurrent.ScheduledThreadPoolExecutor$DelayedWorkQueue::setIndex (16 bytes)
Event: 130.974 Thread 0x000000012c475000 nmethod 2093 0x000000030b90ba48 code [0x000000030b90bb40, 0x000000030b90bde0]
Event: 145.171 Thread 0x000000012c475000 2094       3       jdk.internal.util.DecimalDigits::uncheckedPutCharLatin1 (40 bytes)
Event: 145.171 Thread 0x000000012c475000 nmethod 2094 0x000000030b90be08 code [0x000000030b90bf00, 0x000000030b90c008]
Event: 151.977 Thread 0x000000012c475000 2095       3       java.util.concurrent.ScheduledThreadPoolExecutor$ScheduledFutureTask::getDelay (16 bytes)
Event: 151.978 Thread 0x000000012c475000 nmethod 2095 0x000000030b90c048 code [0x000000030b90c140, 0x000000030b90c390]
Event: 160.859 Thread 0x000000012c475000 2096       3       java.util.Map$Entry$$Lambda/0x000070000027f468::compare (12 bytes)
Event: 160.860 Thread 0x000000012c475000 nmethod 2096 0x000000030b90c3c8 code [0x000000030b90c4c0, 0x000000030b90cb90]
Event: 160.860 Thread 0x000000012c475000 2097       3       java.util.Map$Entry::lambda$comparingByKey$bbdbfea9$1 (21 bytes)
Event: 160.860 Thread 0x000000012c475000 nmethod 2097 0x000000030b90cbc8 code [0x000000030b90ccc0, 0x000000030b90d130]
Event: 162.752 Thread 0x000000012c475000 2098       3       java.util.Properties$LineReader::readLine (584 bytes)
Event: 162.755 Thread 0x000000012c475000 nmethod 2098 0x000000030b90d148 code [0x000000030b90d240, 0x000000030b90f828]

GC Heap Usage History (2 events):
Event: 105.175 {heap Before GC invocations=0 (full 0):
 garbage-first heap   total reserved 4194304K, committed 262144K, used 51200K [0x0000000700000000, 0x0000000800000000)
  region size 2048K, 24 young (49152K), 0 survivors (0K)
}
Event: 105.191 {heap After GC invocations=1 (full 0):
 garbage-first heap   total reserved 4194304K, committed 262144K, used 9900K [0x0000000700000000, 0x0000000800000000)
  region size 2048K, 3 young (6144K), 3 survivors (6144K)
}

Metaspace Usage History (2 events):
Event: 105.175 {metaspace Before GC invocations=0 (full 0):
 Metaspace       used 20358K, committed 20608K, reserved 1114112K
  class space    used 2387K, committed 2496K, reserved 1048576K
}
Event: 105.191 {metaspace After GC invocations=1 (full 0):
 Metaspace       used 20358K, committed 20608K, reserved 1114112K
  class space    used 2387K, committed 2496K, reserved 1048576K
}

Dll operation events (11 events):
Event: 0.007 Loaded shared library /Users/jonathankawchuk/Library/Application Support/REAPER/UserPlugins/java-runtime/lib/libjava.dylib
Event: 0.072 Loaded shared library /Users/jonathankawchuk/Library/Application Support/REAPER/UserPlugins/java-runtime/lib/libnio.dylib
Event: 0.084 Loaded shared library /Users/jonathankawchuk/Library/Application Support/REAPER/UserPlugins/java-runtime/lib/libzip.dylib
Event: 0.135 Loaded shared library /Users/jonathankawchuk/Library/Application Support/REAPER/UserPlugins/java-runtime/lib/libverify.dylib
Event: 0.179 Loaded shared library /Users/jonathankawchuk/Library/Application Support/REAPER/UserPlugins/java-runtime/lib/libjimage.dylib
Event: 0.184 Loaded shared library /Users/jonathankawchuk/Library/Application Support/REAPER/UserPlugins/java-runtime/lib/libawt.dylib
Event: 0.197 Loaded shared library /Users/jonathankawchuk/Library/Application Support/REAPER/UserPlugins/java-runtime/lib/libawt_lwawt.dylib
Event: 0.205 Loaded shared library /Users/jonathankawchuk/Library/Application Support/REAPER/UserPlugins/java-runtime/lib/libfontmanager.dylib
Event: 1.425 Loaded shared library /Users/jonathankawchuk/Library/Application Support/REAPER/UserPlugins/java-runtime/lib/libnet.dylib
Event: 1.693 Loaded shared library /private/var/folders/6g/_dyszwd54rd36jmvjmmd4htw0000gn/T/usb4java7635629501383737544.tmp/libusb4java.dylib
Event: 1.725 Loaded shared library /Users/jonathankawchuk/Library/Application Support/REAPER/UserPlugins/java-runtime/lib/libosxui.dylib

Deoptimization events (20 events):
Event: 9.188 Thread 0x000000012d924000 DEOPT PACKING pc=0x0000000313123318 sp=0x000000016b6ae180
Event: 9.188 Thread 0x000000012d924000 DEOPT UNPACKING pc=0x0000000312c9cb5c sp=0x000000016b6ae0b0 mode 2
Event: 9.188 Thread 0x000000012d924000 DEOPT PACKING pc=0x000000030b664510 sp=0x000000016b6ae350
Event: 9.188 Thread 0x000000012d924000 DEOPT UNPACKING pc=0x0000000312bc90bc sp=0x000000016b6adf90 mode 0
Event: 9.197 Thread 0x000000012d924000 Uncommon trap: trap_request=0xffffff6e fr.pc=0x000000031313e3dc relative=0x000000000000049c
Event: 9.197 Thread 0x000000012d924000 Uncommon trap: reason=predicate action=maybe_recompile pc=0x000000031313e3dc method=java.util.regex.Pattern$BmpCharPropertyGreedy.match(Ljava/util/regex/Matcher;ILjava/lang/CharSequence;)Z @ 12 c2
Event: 9.197 Thread 0x000000012d924000 DEOPT PACKING pc=0x000000031313e3dc sp=0x000000016b6ae640
Event: 9.197 Thread 0x000000012d924000 DEOPT UNPACKING pc=0x0000000312c9cb5c sp=0x000000016b6ae610 mode 2
Event: 87.787 Thread 0x0000000128be9000 Uncommon trap: trap_request=0xffffffcc fr.pc=0x000000031319d644 relative=0x0000000000001444
Event: 87.788 Thread 0x0000000128be9000 Uncommon trap: reason=intrinsic_or_type_checked_inlining action=make_not_entrant pc=0x000000031319d644 method=java.util.ArrayList$SubList.toArray([Ljava/lang/Object;)[Ljava/lang/Object; @ 58 c2
Event: 87.788 Thread 0x0000000128be9000 DEOPT PACKING pc=0x000000031319d644 sp=0x000000032405a310
Event: 87.788 Thread 0x0000000128be9000 DEOPT UNPACKING pc=0x0000000312c9cb5c sp=0x000000032405a210 mode 2
Event: 87.789 Thread 0x0000000128be9000 Uncommon trap: trap_request=0xffffffcc fr.pc=0x000000031319f58c relative=0x00000000000001cc
Event: 87.789 Thread 0x0000000128be9000 Uncommon trap: reason=intrinsic_or_type_checked_inlining action=make_not_entrant pc=0x000000031319f58c method=java.util.ArrayList$SubList.toArray([Ljava/lang/Object;)[Ljava/lang/Object; @ 58 c2
Event: 87.789 Thread 0x0000000128be9000 DEOPT PACKING pc=0x000000031319f58c sp=0x000000032405a230
Event: 87.789 Thread 0x0000000128be9000 DEOPT UNPACKING pc=0x0000000312c9cb5c sp=0x000000032405a1e0 mode 2
Event: 107.535 Thread 0x000000012d924000 Uncommon trap: trap_request=0xffffff45 fr.pc=0x0000000313185008 relative=0x00000000000000c8
Event: 107.536 Thread 0x000000012d924000 Uncommon trap: reason=unstable_if action=reinterpret pc=0x0000000313185008 method=java.lang.ref.SoftReference.get()Ljava/lang/Object; @ 17 c2
Event: 107.536 Thread 0x000000012d924000 DEOPT PACKING pc=0x0000000313185008 sp=0x000000016b6b2a90
Event: 107.536 Thread 0x000000012d924000 DEOPT UNPACKING pc=0x0000000312c9cb5c sp=0x000000016b6b2a10 mode 2

Classes loaded (20 events):
Event: 9.202 Loading class sun/util/locale/provider/LocaleResources$ResourceReference
Event: 9.202 Loading class sun/util/locale/provider/LocaleResources$ResourceReference done
Event: 9.202 Loading class java/util/Properties$EntrySet
Event: 9.202 Loading class java/util/Properties$EntrySet done
Event: 9.203 Loading class java/lang/invoke/InnerClassLambdaMetafactory$SerializationSupport
Event: 9.203 Loading class java/lang/invoke/InnerClassLambdaMetafactory$SerializationSupport done
Event: 9.203 Loading class java/lang/invoke/InnerClassLambdaMetafactory$4
Event: 9.203 Loading class java/lang/invoke/InnerClassLambdaMetafactory$4 done
Event: 9.203 Loading class jdk/internal/classfile/impl/AbstractPoolEntry$StringEntryImpl
Event: 9.203 Loading class java/lang/classfile/constantpool/StringEntry
Event: 9.203 Loading class java/lang/classfile/constantpool/ConstantValueEntry
Event: 9.203 Loading class java/lang/classfile/constantpool/ConstantValueEntry done
Event: 9.203 Loading class java/lang/classfile/constantpool/StringEntry done
Event: 9.203 Loading class jdk/internal/classfile/impl/AbstractPoolEntry$StringEntryImpl done
Event: 9.203 Loading class sun/invoke/util/BytecodeDescriptor
Event: 9.204 Loading class sun/invoke/util/BytecodeDescriptor done
Event: 9.204 Loading class jdk/internal/classfile/impl/AbstractPoolEntry$IntegerEntryImpl
Event: 9.204 Loading class java/lang/classfile/constantpool/IntegerEntry
Event: 9.204 Loading class java/lang/classfile/constantpool/IntegerEntry done
Event: 9.204 Loading class jdk/internal/classfile/impl/AbstractPoolEntry$IntegerEntryImpl done

Classes unloaded (0 events):
No events

Classes redefined (0 events):
No events

Internal exceptions (20 events):
Event: 1.785 Thread 0x000000012d924000 Implicit null exception at 0x000000031314a924 to 0x000000031314a96c
Event: 1.789 Thread 0x000000012d924000 Exception <a 'java/lang/NoSuchMethodError'{0x000000070e8c2e98}: 'int java.lang.invoke.Invokers$Holder.invokeExact_MT(java.lang.Object, java.lang.Object)'> (0x000000070e8c2e98) 
thrown [src/hotspot/share/interpreter/linkResolver.cpp, line 804]
Event: 1.790 Thread 0x000000012d924000 Implicit null exception at 0x000000031315a720 to 0x000000031315ab74
Event: 1.790 Thread 0x000000012d924000 Implicit null exception at 0x000000031313b360 to 0x000000031313b78c
Event: 1.825 Thread 0x000000012d924000 Exception <a 'java/lang/NoSuchMethodError'{0x000000070e973050}: 'java.lang.Object java.lang.invoke.DirectMethodHandle$Holder.newInvokeSpecial(java.lang.Object, int, java.lang.Object)'> (0x000000070e973050) 
thrown [src/hotspot/share/interpreter/linkResolver.cpp, line 804]
Event: 2.859 Thread 0x000000012d924000 Exception <a 'java/lang/NoSuchMethodError'{0x000000070e6a2708}: 'void java.lang.invoke.DirectMethodHandle$Holder.invokeSpecial(java.lang.Object, java.lang.Object, int, java.lang.Object)'> (0x000000070e6a2708) 
thrown [src/hotspot/share/interpreter/linkResolver.cpp, line 804]
Event: 2.859 Thread 0x000000012d924000 Exception <a 'java/lang/NoSuchMethodError'{0x000000070e6b1a70}: 'java.lang.Object java.lang.invoke.DirectMethodHandle$Holder.newInvokeSpecial(java.lang.Object, java.lang.Object, int)'> (0x000000070e6b1a70) 
thrown [src/hotspot/share/interpreter/linkResolver.cpp, line 804]
Event: 2.873 Thread 0x000000012d924000 Exception <a 'java/lang/NoSuchMethodError'{0x000000070e4001f0}: 'void java.lang.invoke.Invokers$Holder.invokeExact_MT(java.lang.Object, java.lang.Object, java.lang.Object, java.lang.Object)'> (0x000000070e4001f0) 
thrown [src/hotspot/share/interpreter/linkResolver.cpp, line 804]
Event: 2.876 Thread 0x000000012d924000 Exception <a 'java/lang/NoSuchMethodError'{0x000000070e4198b8}: 'java.lang.Object java.lang.invoke.DirectMethodHandle$Holder.newInvokeSpecial(java.lang.Object, java.lang.Object, java.lang.Object, int, java.lang.Object)'> (0x000000070e4198b8) 
thrown [src/hotspot/share/interpreter/linkResolver.cpp, line 804]
Event: 2.876 Thread 0x000000012d924000 Exception <a 'java/lang/NoSuchMethodError'{0x000000070e42a120}: 'java.lang.Object java.lang.invoke.Invokers$Holder.linkToTargetMethod(java.lang.Object, java.lang.Object, int, java.lang.Object, java.lang.Object)'> (0x000000070e42a120) 
thrown [src/hotspot/share/interpreter/linkResolver.cpp, line 804]
Event: 2.882 Thread 0x000000012d924000 Exception <a 'java/lang/NoSuchMethodError'{0x000000070e432aa8}: 'void java.lang.invoke.DirectMethodHandle$Holder.invokeStatic(java.lang.Object, int, long)'> (0x000000070e432aa8) 
thrown [src/hotspot/share/interpreter/linkResolver.cpp, line 804]
Event: 2.889 Thread 0x000000012d924000 Exception <a 'java/lang/NoSuchMethodError'{0x000000070e47f518}: 'java.lang.Object java.lang.invoke.Invokers$Holder.linkToTargetMethod(int, int, int, int, java.lang.Object)'> (0x000000070e47f518) 
thrown [src/hotspot/share/interpreter/linkResolver.cpp, line 804]
Event: 2.889 Thread 0x000000012d924000 Exception <a 'java/lang/NoSuchMethodError'{0x000000070e4877e8}: 'void java.lang.invoke.DirectMethodHandle$Holder.invokeStatic(java.lang.Object, java.lang.Object, long)'> (0x000000070e4877e8) 
thrown [src/hotspot/share/interpreter/linkResolver.cpp, line 804]
Event: 2.936 Thread 0x000000012d924000 Exception <a 'java/lang/NoSuchMethodError'{0x000000070e5eb2f0}: 'java.lang.Object java.lang.invoke.DirectMethodHandle$Holder.newInvokeSpecial(java.lang.Object, java.lang.Object, int, int)'> (0x000000070e5eb2f0) 
thrown [src/hotspot/share/interpreter/linkResolver.cpp, line 804]
Event: 2.949 Thread 0x000000012d924000 Exception <a 'java/lang/NoSuchMethodError'{0x000000070e290be8}: 'void java.lang.invoke.DirectMethodHandle$Holder.invokeStatic(java.lang.Object, java.lang.Object, java.lang.Object, java.lang.Object)'> (0x000000070e290be8) 
thrown [src/hotspot/share/interpreter/linkResolver.cpp, line 804]
Event: 2.970 Thread 0x000000012d924000 Exception <a 'java/lang/NoSuchMethodError'{0x000000070e3620a8}: 'void java.lang.invoke.DirectMethodHandle$Holder.invokeStatic(java.lang.Object, long, long)'> (0x000000070e3620a8) 
thrown [src/hotspot/share/interpreter/linkResolver.cpp, line 804]
Event: 2.970 Thread 0x000000012d924000 Exception <a 'java/lang/NoSuchMethodError'{0x000000070e370f60}: 'java.lang.Object java.lang.invoke.DirectMethodHandle$Holder.newInvokeSpecial(java.lang.Object, long)'> (0x000000070e370f60) 
thrown [src/hotspot/share/interpreter/linkResolver.cpp, line 804]
Event: 2.975 Thread 0x000000012d924000 Exception <a 'java/lang/NoSuchMethodError'{0x000000070e39fcb0}: 'void java.lang.invoke.DirectMethodHandle$Holder.invokeVirtual(java.lang.Object, java.lang.Object)'> (0x000000070e39fcb0) 
thrown [src/hotspot/share/interpreter/linkResolver.cpp, line 804]
Event: 2.977 Thread 0x0000000128be9000 Exception <a 'java/lang/NoSuchMethodError'{0x000000070ed00570}: 'void java.lang.invoke.DirectMethodHandle$Holder.invokeStatic(java.lang.Object, long)'> (0x000000070ed00570) 
thrown [src/hotspot/share/interpreter/linkResolver.cpp, line 804]
Event: 2.979 Thread 0x0000000128be9000 Exception <a 'java/lang/NoSuchMethodError'{0x000000070ed2bd50}: 'void java.lang.invoke.DirectMethodHandle$Holder.invokeSpecial(java.lang.Object, java.lang.Object, java.lang.Object, java.lang.Object, java.lang.Object)'> (0x000000070ed2bd50) 
thrown [src/hotspot/share/interpreter/linkResolver.cpp, line 804]

VM Operations (20 events):
Event: 1.707 Executing non-safepoint VM operation: HandshakeAllThreads (Deoptimize)
Event: 1.707 Executing non-safepoint VM operation: HandshakeAllThreads (Deoptimize) done
Event: 1.749 Executing non-safepoint VM operation: HandshakeAllThreads (Deoptimize)
Event: 1.749 Executing non-safepoint VM operation: HandshakeAllThreads (Deoptimize) done
Event: 2.931 Executing non-safepoint VM operation: HandshakeAllThreads (Deoptimize)
Event: 2.931 Executing non-safepoint VM operation: HandshakeAllThreads (Deoptimize) done
Event: 2.940 Executing non-safepoint VM operation: HandshakeAllThreads (Deoptimize)
Event: 2.940 Executing non-safepoint VM operation: HandshakeAllThreads (Deoptimize) done
Event: 2.969 Executing non-safepoint VM operation: HandshakeAllThreads (Deoptimize)
Event: 2.969 Executing non-safepoint VM operation: HandshakeAllThreads (Deoptimize) done
Event: 2.972 Executing non-safepoint VM operation: HandshakeAllThreads (Deoptimize)
Event: 2.972 Executing non-safepoint VM operation: HandshakeAllThreads (Deoptimize) done
Event: 9.203 Executing non-safepoint VM operation: HandshakeAllThreads (Deoptimize)
Event: 9.203 Executing non-safepoint VM operation: HandshakeAllThreads (Deoptimize) done
Event: 60.235 Executing non-safepoint VM operation: HandshakeAllThreads (HandshakeForDeflation)
Event: 60.235 Executing non-safepoint VM operation: HandshakeAllThreads (HandshakeForDeflation) done
Event: 60.235 Executing non-safepoint VM operation: RendezvousGCThreads
Event: 60.235 Executing non-safepoint VM operation: RendezvousGCThreads done
Event: 105.174 Executing safepoint VM operation: G1CollectForAllocation (G1 Evacuation Pause)
Event: 105.191 Executing safepoint VM operation: G1CollectForAllocation (G1 Evacuation Pause) done

Memory protections (20 events):
Event: 1.369 Protecting memory [0x0000000323c4c000,0x0000000323c58000] with protection modes 0
Event: 1.370 Protecting memory [0x0000000323e58000,0x0000000323e64000] with protection modes 0
Event: 1.703 Protecting memory [0x0000000332308000,0x0000000332314000] with protection modes 0
Event: 1.703 Protecting memory [0x0000000323e58000,0x0000000323e64000] with protection modes 3
Event: 1.703 Protecting memory [0x0000000323c4c000,0x0000000323c58000] with protection modes 3
Event: 1.737 Protecting memory [0x0000000323c4c000,0x0000000323c58000] with protection modes 0
Event: 1.737 Protecting memory [0x0000000323e58000,0x0000000323e64000] with protection modes 0
Event: 1.740 Protecting memory [0x0000000332a98000,0x0000000332aa4000] with protection modes 0
Event: 1.747 Protecting memory [0x000000033433c000,0x0000000334348000] with protection modes 0
Event: 2.864 Protecting memory [0x0000000378e14000,0x0000000378e20000] with protection modes 0
Event: 2.913 Protecting memory [0x0000000379030000,0x000000037903c000] with protection modes 0
Event: 2.913 Protecting memory [0x000000037923c000,0x0000000379248000] with protection modes 0
Event: 2.973 Protecting memory [0x0000000379454000,0x0000000379460000] with protection modes 0
Event: 3.244 Protecting memory [0x000000037923c000,0x0000000379248000] with protection modes 3
Event: 3.289 Protecting memory [0x0000000379030000,0x000000037903c000] with protection modes 3
Event: 7.965 Protecting memory [0x0000000378e14000,0x0000000378e20000] with protection modes 3
Event: 87.675 Protecting memory [0x0000000330fd0000,0x0000000330fdc000] with protection modes 0
Event: 87.675 Protecting memory [0x00000003311dc000,0x00000003311e8000] with protection modes 0
Event: 87.789 Protecting memory [0x00000003311dc000,0x00000003311e8000] with protection modes 3
Event: 87.789 Protecting memory [0x0000000330fd0000,0x0000000330fdc000] with protection modes 3

Nmethod flushes (0 events):
No events

Events (20 events):
Event: 1.369 Thread 0x000000012c475000 Thread added: 0x000000012c177000
Event: 1.370 Thread 0x000000012c475000 Thread added: 0x000000012c00e600
Event: 1.703 Thread 0x000000012d924000 Thread added: 0x0000000334903e00
Event: 1.703 Thread 0x000000012c00e600 Thread exited: 0x000000012c00e600
Event: 1.703 Thread 0x000000012c177000 Thread exited: 0x000000012c177000
Event: 1.737 Thread 0x0000000334903e00 Thread added: 0x0000000128b10400
Event: 1.737 Thread 0x0000000334903e00 Thread added: 0x0000000128be9000
Event: 1.740 Thread 0x000000012d924000 Thread added: 0x0000000163583200
Event: 1.747 Thread 0x000000012d924000 Thread added: 0x00000003349dda00
Event: 2.864 Thread 0x000000012d924000 Thread added: 0x0000000334bc2a00
Event: 2.913 Thread 0x0000000163232400 Thread added: 0x0000000334a1f600
Event: 2.913 Thread 0x0000000163232400 Thread added: 0x0000000334a0c600
Event: 2.973 Thread 0x000000012d924000 Thread added: 0x0000000334c90200
Event: 3.244 Thread 0x0000000334a0c600 Thread exited: 0x0000000334a0c600
Event: 3.289 Thread 0x0000000334a1f600 Thread exited: 0x0000000334a1f600
Event: 7.965 Thread 0x0000000334bc2a00 Thread exited: 0x0000000334bc2a00
Event: 87.675 Thread 0x0000000163232400 Thread added: 0x000000054a344400
Event: 87.675 Thread 0x0000000163232400 Thread added: 0x000000056c1b6a00
Event: 87.789 Thread 0x000000056c1b6a00 Thread exited: 0x000000056c1b6a00
Event: 87.789 Thread 0x000000054a344400 Thread exited: 0x000000054a344400


Dynamic libraries:
0x00000001a8254000 	/System/Library/Frameworks/Cocoa.framework/Versions/A/Cocoa
0x000000018fa06000 	/System/Library/Frameworks/AppKit.framework/Versions/C/AppKit
0x0000000192cf6000 	/System/Library/Frameworks/CoreData.framework/Versions/A/CoreData
0x000000018d097000 	/System/Library/Frameworks/Foundation.framework/Versions/C/Foundation
0x0000000199c94000 	/usr/lib/libSystem.B.dylib
0x0000000190e97000 	/System/Library/PrivateFrameworks/UIFoundation.framework/Versions/A/UIFoundation
0x0000000239a42000 	/System/Library/PrivateFrameworks/CollectionViewCore.framework/Versions/A/CollectionViewCore
0x0000000197818000 	/System/Library/PrivateFrameworks/XCTTargetBootstrap.framework/Versions/A/XCTTargetBootstrap
0x000000019c48e000 	/System/Library/PrivateFrameworks/InternationalSupport.framework/Versions/A/InternationalSupport
0x000000019c7e5000 	/System/Library/PrivateFrameworks/UserActivity.framework/Versions/A/UserActivity
0x00000002683ca000 	/System/Library/PrivateFrameworks/UIIntelligenceSupport.framework/Versions/A/UIIntelligenceSupport
0x00000001f2554000 	/System/Library/Frameworks/SwiftUICore.framework/Versions/A/SwiftUICore
0x000000026d450000 	/System/Library/PrivateFrameworks/WritingTools.framework/Versions/A/WritingTools
0x000000026c494000 	/System/Library/PrivateFrameworks/WindowManagement.framework/Versions/A/WindowManagement
0x000000018ccfa000 	/System/Library/Frameworks/SystemConfiguration.framework/Versions/A/SystemConfiguration
0x000000019b8c3000 	/usr/lib/libspindump.dylib
0x0000000191049000 	/System/Library/Frameworks/UniformTypeIdentifiers.framework/Versions/A/UniformTypeIdentifiers
0x000000019907f000 	/usr/lib/libbsm.0.dylib
0x0000000195299000 	/usr/lib/libapp_launch_measurement.dylib
0x0000000194642000 	/System/Library/PrivateFrameworks/CoreAnalytics.framework/Versions/A/CoreAnalytics
0x000000019529d000 	/System/Library/PrivateFrameworks/CoreAutoLayout.framework/Versions/A/CoreAutoLayout
0x0000000196e32000 	/System/Library/Frameworks/Metal.framework/Versions/A/Metal
0x000000019805b000 	/usr/lib/liblangid.dylib
0x000000019781e000 	/System/Library/PrivateFrameworks/CoreSVG.framework/Versions/A/CoreSVG
0x0000000191a6e000 	/System/Library/PrivateFrameworks/SkyLight.framework/Versions/A/SkyLight
0x0000000191f95000 	/System/Library/Frameworks/CoreGraphics.framework/Versions/A/CoreGraphics
0x00000001a1965000 	/System/Library/Frameworks/Accelerate.framework/Versions/A/Accelerate
0x000000019b706000 	/System/Library/PrivateFrameworks/IconServices.framework/Versions/A/IconServices
0x0000000196e0f000 	/System/Library/Frameworks/IOSurface.framework/Versions/A/IOSurface
0x0000000194673000 	/usr/lib/libDiagnosticMessagesClient.dylib
0x0000000199bde000 	/usr/lib/libz.1.dylib
0x00000001a587a000 	/System/Library/Frameworks/ApplicationServices.framework/Versions/A/ApplicationServices
0x0000000197803000 	/System/Library/PrivateFrameworks/DFRFoundation.framework/Versions/A/DFRFoundation
0x000000018f26b000 	/usr/lib/libicucore.A.dylib
0x000000019d86e000 	/System/Library/Frameworks/AudioToolbox.framework/Versions/A/AudioToolbox
0x000000019c796000 	/System/Library/PrivateFrameworks/DataDetectorsCore.framework/Versions/A/DataDetectorsCore
0x00000001b8301000 	/System/Library/PrivateFrameworks/TextInput.framework/Versions/A/TextInput
0x00000001919b9000 	/usr/lib/libMobileGestalt.dylib
0x00000001974fc000 	/System/Library/Frameworks/Carbon.framework/Versions/A/Frameworks/HIToolbox.framework/Versions/A/HIToolbox
0x0000000194b7a000 	/System/Library/Frameworks/QuartzCore.framework/Versions/A/QuartzCore
0x000000018ee66000 	/System/Library/Frameworks/Security.framework/Versions/A/Security
0x00000001a12c2000 	/System/Library/Frameworks/Carbon.framework/Versions/A/Frameworks/SpeechRecognition.framework/Versions/A/SpeechRecognition
0x0000000194fa0000 	/System/Library/PrivateFrameworks/CoreUI.framework/Versions/A/CoreUI
0x000000018e734000 	/System/Library/Frameworks/CoreAudio.framework/Versions/A/CoreAudio
0x0000000194761000 	/System/Library/Frameworks/DiskArbitration.framework/Versions/A/DiskArbitration
0x000000019bd2c000 	/System/Library/PrivateFrameworks/MultitouchSupport.framework/Versions/A/MultitouchSupport
0x00000001919b7000 	/usr/lib/libenergytrace.dylib
0x00000001ac8a5000 	/System/Library/PrivateFrameworks/RenderBox.framework/Versions/A/RenderBox
0x000000018f8b6000 	/System/Library/Frameworks/IOKit.framework/Versions/A/IOKit
0x00000001a16b9000 	/System/Library/Frameworks/CoreServices.framework/Versions/A/CoreServices
0x000000019522a000 	/System/Library/PrivateFrameworks/PerformanceAnalysis.framework/Versions/A/PerformanceAnalysis
0x00000001ebf15000 	/System/Library/Frameworks/OpenGL.framework/Versions/A/OpenGL
0x00000001952e7000 	/usr/lib/libxml2.2.dylib
0x0000000198f63000 	/System/Library/PrivateFrameworks/MobileKeyBag.framework/Versions/A/MobileKeyBag
0x000000018b63c000 	/usr/lib/libobjc.A.dylib
0x000000018b94a000 	/usr/lib/libc++.1.dylib
0x00000001a163a000 	/System/Library/Frameworks/Accessibility.framework/Versions/A/Accessibility
0x00000001926c6000 	/System/Library/Frameworks/ColorSync.framework/Versions/A/ColorSync
0x000000018baa6000 	/System/Library/Frameworks/CoreFoundation.framework/Versions/A/CoreFoundation
0x0000000197bdd000 	/System/Library/Frameworks/CoreImage.framework/Versions/A/CoreImage
0x000000018e515000 	/System/Library/Frameworks/CoreText.framework/Versions/A/CoreText
0x00000001ed461000 	/System/Library/Frameworks/CoreTransferable.framework/Versions/A/CoreTransferable
0x00000001ed9e6000 	/System/Library/Frameworks/DataDetection.framework/Versions/A/DataDetection
0x00000001ed9e9000 	/System/Library/Frameworks/DeveloperToolsSupport.framework/Versions/A/DeveloperToolsSupport
0x0000000197859000 	/System/Library/Frameworks/ImageIO.framework/Versions/A/ImageIO
0x00000001f3117000 	/System/Library/Frameworks/Symbols.framework/Versions/A/Symbols
0x00000001df6c2000 	/System/Library/PrivateFrameworks/FeatureFlags.framework/Versions/A/FeatureFlags
0x0000000199c99000 	/System/Library/PrivateFrameworks/SoftLinking.framework/Versions/A/SoftLinking
0x00000001caf7b000 	/usr/lib/swift/libswiftAccelerate.dylib
0x000000019d203000 	/usr/lib/swift/libswiftCore.dylib
0x00000001b49a4000 	/usr/lib/swift/libswiftCoreFoundation.dylib
0x00000001b49fe000 	/usr/lib/swift/libswiftCoreImage.dylib
0x00000001b1d0d000 	/usr/lib/swift/libswiftDarwin.dylib
0x000000027406d000 	/usr/lib/swift/libswiftDataDetection.dylib
0x00000001a31b2000 	/usr/lib/swift/libswiftDispatch.dylib
0x00000001b49ff000 	/usr/lib/swift/libswiftIOKit.dylib
0x00000001c156f000 	/usr/lib/swift/libswiftMetal.dylib
0x00000001d0514000 	/usr/lib/swift/libswiftOSLog.dylib
0x00000001a5e34000 	/usr/lib/swift/libswiftObjectiveC.dylib
0x000000027409a000 	/usr/lib/swift/libswiftObservation.dylib
0x00000001c6911000 	/usr/lib/swift/libswiftQuartzCore.dylib
0x00000001caf6c000 	/usr/lib/swift/libswiftUniformTypeIdentifiers.dylib
0x00000001b49b6000 	/usr/lib/swift/libswiftXPC.dylib
0x0000000274180000 	/usr/lib/swift/libswift_Builtin_float.dylib
0x0000000274183000 	/usr/lib/swift/libswift_Concurrency.dylib
0x00000002742e2000 	/usr/lib/swift/libswift_StringProcessing.dylib
0x0000000274375000 	/usr/lib/swift/libswift_errno.dylib
0x0000000274377000 	/usr/lib/swift/libswift_math.dylib
0x000000027437a000 	/usr/lib/swift/libswift_signal.dylib
0x000000027437b000 	/usr/lib/swift/libswift_stdio.dylib
0x000000027437c000 	/usr/lib/swift/libswift_time.dylib
0x00000001a5e38000 	/usr/lib/swift/libswiftos.dylib
0x00000001b8258000 	/usr/lib/swift/libswiftsimd.dylib
0x000000027437d000 	/usr/lib/swift/libswiftsys_time.dylib
0x000000027437e000 	/usr/lib/swift/libswiftunistd.dylib
0x0000000199ec2000 	/usr/lib/libcompression.dylib
0x000000019c3ee000 	/System/Library/PrivateFrameworks/TextureIO.framework/Versions/A/TextureIO
0x000000019b3a5000 	/usr/lib/libate.dylib
0x0000000199c8e000 	/usr/lib/system/libcache.dylib
0x0000000199c49000 	/usr/lib/system/libcommonCrypto.dylib
0x0000000199c74000 	/usr/lib/system/libcompiler_rt.dylib
0x0000000199c69000 	/usr/lib/system/libcopyfile.dylib
0x000000018b797000 	/usr/lib/system/libcorecrypto.dylib
0x000000018b87e000 	/usr/lib/system/libdispatch.dylib
0x000000018ba3e000 	/usr/lib/system/libdyld.dylib
0x0000000199c84000 	/usr/lib/system/libkeymgr.dylib
0x0000000199c2c000 	/usr/lib/system/libmacho.dylib
0x0000000199058000 	/usr/lib/system/libquarantine.dylib
0x0000000199c81000 	/usr/lib/system/libremovefile.dylib
0x0000000191a33000 	/usr/lib/system/libsystem_asl.dylib
0x000000018b72c000 	/usr/lib/system/libsystem_blocks.dylib
0x000000018b8c8000 	/usr/lib/system/libsystem_c.dylib
0x0000000199c78000 	/usr/lib/system/libsystem_collections.dylib
0x0000000198048000 	/usr/lib/system/libsystem_configuration.dylib
0x0000000196dde000 	/usr/lib/system/libsystem_containermanager.dylib
0x000000019976e000 	/usr/lib/system/libsystem_coreservices.dylib
0x000000018f537000 	/usr/lib/system/libsystem_darwin.dylib
0x00000002744b5000 	/usr/lib/system/libsystem_darwindirectory.dylib
0x0000000199c85000 	/usr/lib/system/libsystem_dnssd.dylib
0x00000002744b9000 	/usr/lib/system/libsystem_eligibility.dylib
0x000000018b8c5000 	/usr/lib/system/libsystem_featureflags.dylib
0x000000018ba76000 	/usr/lib/system/libsystem_info.dylib
0x0000000199bed000 	/usr/lib/system/libsystem_m.dylib
0x000000018b836000 	/usr/lib/system/libsystem_malloc.dylib
0x000000019199c000 	/usr/lib/system/libsystem_networkextension.dylib
0x000000018f999000 	/usr/lib/system/libsystem_notify.dylib
0x000000019804d000 	/usr/lib/system/libsystem_sandbox.dylib
0x00000002744c1000 	/usr/lib/system/libsystem_sanitizers.dylib
0x0000000199c7d000 	/usr/lib/system/libsystem_secinit.dylib
0x000000018b9f5000 	/usr/lib/system/libsystem_kernel.dylib
0x000000018ba6e000 	/usr/lib/system/libsystem_platform.dylib
0x000000018ba31000 	/usr/lib/system/libsystem_pthread.dylib
0x0000000193590000 	/usr/lib/system/libsystem_symptoms.dylib
0x000000018b77b000 	/usr/lib/system/libsystem_trace.dylib
0x0000000199c57000 	/usr/lib/system/libunwind.dylib
0x000000018b730000 	/usr/lib/system/libxpc.dylib
0x000000018b9d7000 	/usr/lib/libc++abi.dylib
0x000000027308a000 	/usr/lib/libRosetta.dylib
0x000000018f835000 	/System/Library/PrivateFrameworks/CoreServicesInternal.framework/Versions/A/CoreServicesInternal
0x0000000199c61000 	/usr/lib/liboah.dylib
0x0000000199c96000 	/usr/lib/libfakelink.dylib
0x00000001a532d000 	/System/Library/PrivateFrameworks/DiskImages.framework/Versions/A/DiskImages
0x00000001b1836000 	/System/Library/Frameworks/NetFS.framework/Versions/A/NetFS
0x00000001915d2000 	/System/Library/Frameworks/CFNetwork.framework/Versions/A/CFNetwork
0x0000000195261000 	/System/Library/Frameworks/CoreServices.framework/Versions/A/Frameworks/FSEvents.framework/Versions/A/FSEvents
0x000000018f542000 	/System/Library/Frameworks/CoreServices.framework/Versions/A/Frameworks/CarbonCore.framework/Versions/A/CarbonCore
0x00000001946d6000 	/System/Library/Frameworks/CoreServices.framework/Versions/A/Frameworks/Metadata.framework/Versions/A/Metadata
0x0000000199776000 	/System/Library/Frameworks/CoreServices.framework/Versions/A/Frameworks/OSServices.framework/Versions/A/OSServices
0x0000000199de3000 	/System/Library/Frameworks/CoreServices.framework/Versions/A/Frameworks/SearchKit.framework/Versions/A/SearchKit
0x000000019350b000 	/System/Library/Frameworks/CoreServices.framework/Versions/A/Frameworks/AE.framework/Versions/A/AE
0x000000018bfe5000 	/System/Library/Frameworks/CoreServices.framework/Versions/A/Frameworks/LaunchServices.framework/Versions/A/LaunchServices
0x000000019b1fa000 	/System/Library/Frameworks/CoreServices.framework/Versions/A/Frameworks/DictionaryServices.framework/Versions/A/DictionaryServices
0x000000019526f000 	/System/Library/Frameworks/CoreServices.framework/Versions/A/Frameworks/SharedFileList.framework/Versions/A/SharedFileList
0x0000000199e79000 	/usr/lib/libapple_nghttp2.dylib
0x000000019316c000 	/usr/lib/libsqlite3.dylib
0x000000019deb1000 	/System/Library/Frameworks/GSS.framework/Versions/A/GSS
0x00000001934a2000 	/System/Library/PrivateFrameworks/RunningBoardServices.framework/Versions/A/RunningBoardServices
0x0000000193599000 	/System/Library/Frameworks/Network.framework/Versions/A/Network
0x0000000199c30000 	/usr/lib/system/libkxld.dylib
0x00000002358cd000 	/System/Library/PrivateFrameworks/AppleKeyStore.framework/Versions/A/AppleKeyStore
0x0000000272ee2000 	/usr/lib/libCoreEntitlements.dylib
0x00000002508bb000 	/System/Library/PrivateFrameworks/MessageSecurity.framework/Versions/A/MessageSecurity
0x0000000193151000 	/System/Library/PrivateFrameworks/ProtocolBuffer.framework/Versions/A/ProtocolBuffer
0x0000000199755000 	/System/Library/PrivateFrameworks/AppleFSCompression.framework/Versions/A/AppleFSCompression
0x0000000199067000 	/usr/lib/libcoretls.dylib
0x000000019b270000 	/usr/lib/libcoretls_cfhelpers.dylib
0x0000000199ebc000 	/usr/lib/libpam.2.dylib
0x000000019b2e4000 	/usr/lib/libxar.1.dylib
0x0000000199ceb000 	/usr/lib/libarchive.2.dylib
0x000000019f5b4000 	/System/Library/Frameworks/Combine.framework/Versions/A/Combine
0x0000000239a66000 	/System/Library/PrivateFrameworks/CollectionsInternal.framework/Versions/A/CollectionsInternal
0x0000000259916000 	/System/Library/PrivateFrameworks/ReflectionInternal.framework/Versions/A/ReflectionInternal
0x000000025a5ed000 	/System/Library/PrivateFrameworks/RuntimeInternal.framework/Versions/A/RuntimeInternal
0x0000000274111000 	/usr/lib/swift/libswiftSystem.dylib
0x0000000198056000 	/System/Library/PrivateFrameworks/AppleSystemInfo.framework/Versions/A/AppleSystemInfo
0x00000001b488f000 	/System/Library/PrivateFrameworks/LoggingSupport.framework/Versions/A/LoggingSupport
0x00000001a2673000 	/System/Library/PrivateFrameworks/PowerLog.framework/Versions/A/PowerLog
0x00000001f2419000 	/System/Library/Frameworks/SwiftData.framework/Versions/A/SwiftData
0x0000000195472000 	/System/Library/PrivateFrameworks/UserManagement.framework/Versions/A/UserManagement
0x0000000191500000 	/usr/lib/libboringssl.dylib
0x000000019357f000 	/usr/lib/libdns_services.dylib
0x00000001b3a3e000 	/usr/lib/libquic.dylib
0x000000019d192000 	/usr/lib/libusrtcp.dylib
0x00000001d8389000 	/System/Library/PrivateFrameworks/InternalSwiftProtobuf.framework/Versions/A/InternalSwiftProtobuf
0x000000027406e000 	/usr/lib/swift/libswiftDistributed.dylib
0x0000000274107000 	/usr/lib/swift/libswiftSynchronization.dylib
0x00000001915d1000 	/usr/lib/libnetwork.dylib
0x00000001c5545000 	/System/Library/PrivateFrameworks/OSAnalytics.framework/Versions/A/OSAnalytics
0x0000000199e54000 	/System/Library/PrivateFrameworks/AppleSauce.framework/Versions/A/AppleSauce
0x00000001a3948000 	/System/Library/PrivateFrameworks/CoreSymbolication.framework/Versions/A/CoreSymbolication
0x00000001d4052000 	/System/Library/PrivateFrameworks/Symbolication.framework/Versions/A/Symbolication
0x00000001a3924000 	/System/Library/PrivateFrameworks/DebugSymbols.framework/Versions/A/DebugSymbols
0x0000000272dad000 	/usr/lib/libAppleArchive.dylib
0x0000000199761000 	/usr/lib/libbz2.1.0.dylib
0x000000019b251000 	/usr/lib/liblzma.5.dylib
0x0000000198d53000 	/System/Library/PrivateFrameworks/IOMobileFramebuffer.framework/Versions/A/IOMobileFramebuffer
0x00000001b4918000 	/System/Library/PrivateFrameworks/MallocStackLogging.framework/Versions/A/MallocStackLogging
0x000000019b43f000 	/System/Library/PrivateFrameworks/CrashReporterSupport.framework/Versions/A/CrashReporterSupport
0x000000018caf1000 	/System/Library/PrivateFrameworks/Lexicon.framework/Versions/A/Lexicon
0x0000000248bfa000 	/System/Library/PrivateFrameworks/IO80211.framework/Versions/A/IO80211
0x00000001a344a000 	/System/Library/PrivateFrameworks/FrontBoardServices.framework/Versions/A/FrontBoardServices
0x0000000198f8f000 	/System/Library/Frameworks/SecurityFoundation.framework/Versions/A/SecurityFoundation
0x00000001990f1000 	/usr/lib/libgermantok.dylib
0x000000019817a000 	/System/Library/PrivateFrameworks/LinguisticData.framework/Versions/A/LinguisticData
0x00000001933bd000 	/System/Library/PrivateFrameworks/BaseBoard.framework/Versions/A/BaseBoard
0x00000001a3517000 	/System/Library/PrivateFrameworks/BoardServices.framework/Versions/A/BoardServices
0x0000000198f80000 	/System/Library/PrivateFrameworks/AssertionServices.framework/Versions/A/AssertionServices
0x00000001a5167000 	/System/Library/PrivateFrameworks/BackBoardServices.framework/Versions/A/BackBoardServices
0x0000000197229000 	/System/Library/PrivateFrameworks/FontServices.framework/libFontParser.dylib
0x0000000191a4b000 	/System/Library/PrivateFrameworks/TCC.framework/Versions/A/TCC
0x00000001a8b5f000 	/System/Library/PrivateFrameworks/IOSurfaceAccelerator.framework/Versions/A/IOSurfaceAccelerator
0x000000019bd2a000 	/System/Library/PrivateFrameworks/WatchdogClient.framework/Versions/A/WatchdogClient
0x000000018e03c000 	/System/Library/Frameworks/CoreDisplay.framework/Versions/A/CoreDisplay
0x00000001970cd000 	/System/Library/Frameworks/CoreMedia.framework/Versions/A/CoreMedia
0x0000000196e28000 	/System/Library/PrivateFrameworks/IOAccelerator.framework/Versions/A/IOAccelerator
0x00000001953d1000 	/System/Library/Frameworks/CoreVideo.framework/Versions/A/CoreVideo
0x0000000199eba000 	/System/Library/Frameworks/MetalPerformanceShaders.framework/Versions/A/MetalPerformanceShaders
0x0000000258c54000 	/System/Library/PrivateFrameworks/ProDisplayLibrary.framework/Versions/A/ProDisplayLibrary
0x000000019bd72000 	/System/Library/Frameworks/VideoToolbox.framework/Versions/A/VideoToolbox
0x0000000198054000 	/System/Library/PrivateFrameworks/AggregateDictionary.framework/Versions/A/AggregateDictionary
0x000000019b272000 	/System/Library/PrivateFrameworks/APFS.framework/Versions/A/APFS
0x000000019b2f3000 	/usr/lib/libutil.dylib
0x0000000263b79000 	/System/Library/PrivateFrameworks/SwiftASN1Internal.framework/Versions/A/SwiftASN1Internal
0x000000019476a000 	/System/Library/Frameworks/Accelerate.framework/Versions/A/Frameworks/vImage.framework/Versions/A/vImage
0x00000001a1694000 	/System/Library/Frameworks/Accelerate.framework/Versions/A/Frameworks/vecLib.framework/Versions/A/vecLib
0x000000019b32b000 	/System/Library/Frameworks/Accelerate.framework/Versions/A/Frameworks/vecLib.framework/Versions/A/libvMisc.dylib
0x000000018c45d000 	/System/Library/Frameworks/Accelerate.framework/Versions/A/Frameworks/vecLib.framework/Versions/A/libBLAS.dylib
0x000000019dabe000 	/System/Library/Frameworks/ApplicationServices.framework/Versions/A/Frameworks/ATS.framework/Versions/A/ATS
0x000000019287c000 	/System/Library/Frameworks/ApplicationServices.framework/Versions/A/Frameworks/HIServices.framework/Versions/A/HIServices
0x000000019c377000 	/System/Library/Frameworks/ApplicationServices.framework/Versions/A/Frameworks/PrintCore.framework/Versions/A/PrintCore
0x000000019de7b000 	/System/Library/Frameworks/ApplicationServices.framework/Versions/A/Frameworks/QD.framework/Versions/A/QD
0x000000019de72000 	/System/Library/Frameworks/ApplicationServices.framework/Versions/A/Frameworks/ColorSyncLegacy.framework/Versions/A/ColorSyncLegacy
0x000000019da90000 	/System/Library/Frameworks/ApplicationServices.framework/Versions/A/Frameworks/SpeechSynthesis.framework/Versions/A/SpeechSynthesis
0x0000000198d20000 	/System/Library/PrivateFrameworks/CoreEmoji.framework/Versions/A/CoreEmoji
0x000000023fcbf000 	/System/Library/PrivateFrameworks/FontServices.framework/Versions/A/FontServices
0x000000019b878000 	/System/Library/PrivateFrameworks/OTSVG.framework/Versions/A/OTSVG
0x0000000194f4e000 	/System/Library/Frameworks/ApplicationServices.framework/Versions/A/Frameworks/ATS.framework/Versions/A/Resources/libFontRegistry.dylib
0x000000027346f000 	/usr/lib/libhvf.dylib
0x0000000254b58000 	/System/Library/PrivateFrameworks/ParsingInternal.framework/Versions/A/ParsingInternal
0x00000002740b7000 	/usr/lib/swift/libswiftRegexBuilder.dylib
0x000000027423f000 	/usr/lib/swift/libswift_RegexParser.dylib
0x000000019bbf3000 	/System/Library/PrivateFrameworks/AppleJPEG.framework/Versions/A/AppleJPEG
0x000000019b694000 	/usr/lib/libexpat.1.dylib
0x000000019c24d000 	/System/Library/Frameworks/ImageIO.framework/Versions/A/Resources/libPng.dylib
0x000000019c278000 	/System/Library/Frameworks/ImageIO.framework/Versions/A/Resources/libTIFF.dylib
0x000000019c362000 	/System/Library/Frameworks/ImageIO.framework/Versions/A/Resources/libGIF.dylib
0x000000019bc39000 	/System/Library/Frameworks/ImageIO.framework/Versions/A/Resources/libJP2.dylib
0x000000019c309000 	/System/Library/Frameworks/ImageIO.framework/Versions/A/Resources/libJPEG.dylib
0x000000019c300000 	/System/Library/Frameworks/ImageIO.framework/Versions/A/Resources/libRadiance.dylib
0x000000024498e000 	/System/Library/PrivateFrameworks/GPUCompiler.framework/Versions/32023/Libraries/libllvm-flatbuffers.dylib
0x000000023fd8a000 	/System/Library/PrivateFrameworks/FramePacing.framework/Versions/A/FramePacing
0x00000001ebf07000 	/System/Library/Frameworks/OpenGL.framework/Versions/A/Libraries/libCoreFSCache.dylib
0x00000002408ff000 	/System/Library/PrivateFrameworks/GPUCompiler.framework/Versions/32023/Libraries/libGPUCompilerUtils.dylib
0x000000023fcc0000 	/System/Library/PrivateFrameworks/FontServices.framework/libXTFontStaticRegistryData.dylib
0x00000001a6f77000 	/System/Library/PrivateFrameworks/ASEProcessing.framework/Versions/A/ASEProcessing
0x0000000257dc1000 	/System/Library/PrivateFrameworks/PhotosensitivityProcessing.framework/Versions/A/PhotosensitivityProcessing
0x000000019b86c000 	/System/Library/PrivateFrameworks/GraphVisualizer.framework/Versions/A/GraphVisualizer
0x00000001ebf65000 	/System/Library/Frameworks/OpenGL.framework/Versions/A/Libraries/libGLU.dylib
0x00000001ebf29000 	/System/Library/Frameworks/OpenGL.framework/Versions/A/Libraries/libGFXShared.dylib
0x00000001ec0f1000 	/System/Library/Frameworks/OpenGL.framework/Versions/A/Libraries/libGL.dylib
0x00000001ebf32000 	/System/Library/Frameworks/OpenGL.framework/Versions/A/Libraries/libGLImage.dylib
0x00000001ebf26000 	/System/Library/Frameworks/OpenGL.framework/Versions/A/Libraries/libCVMSPluginSupport.dylib
0x00000001ebf0f000 	/System/Library/Frameworks/OpenGL.framework/Versions/A/Libraries/libCoreVMClient.dylib
0x0000000197f98000 	/System/Library/Frameworks/MetalPerformanceShaders.framework/Versions/A/Frameworks/MPSCore.framework/Versions/A/MPSCore
0x00000001996c0000 	/System/Library/Frameworks/MetalPerformanceShaders.framework/Versions/A/Frameworks/MPSImage.framework/Versions/A/MPSImage
0x0000000199109000 	/System/Library/Frameworks/MetalPerformanceShaders.framework/Versions/A/Frameworks/MPSNeuralNetwork.framework/Versions/A/MPSNeuralNetwork
0x0000000199540000 	/System/Library/Frameworks/MetalPerformanceShaders.framework/Versions/A/Frameworks/MPSMatrix.framework/Versions/A/MPSMatrix
0x0000000199355000 	/System/Library/Frameworks/MetalPerformanceShaders.framework/Versions/A/Frameworks/MPSRayIntersector.framework/Versions/A/MPSRayIntersector
0x0000000199572000 	/System/Library/Frameworks/MetalPerformanceShaders.framework/Versions/A/Frameworks/MPSNDArray.framework/Versions/A/MPSNDArray
0x00000001ef807000 	/System/Library/Frameworks/MetalPerformanceShaders.framework/Versions/A/Frameworks/MPSFunctions.framework/Versions/A/MPSFunctions
0x00000001ef7e9000 	/System/Library/Frameworks/MetalPerformanceShaders.framework/Versions/A/Frameworks/MPSBenchmarkLoop.framework/Versions/A/MPSBenchmarkLoop
0x000000018c2d8000 	/System/Library/PrivateFrameworks/MetalTools.framework/Versions/A/MetalTools
0x00000001b9601000 	/System/Library/PrivateFrameworks/IOAccelMemoryInfo.framework/Versions/A/IOAccelMemoryInfo
0x00000001c6d06000 	/System/Library/PrivateFrameworks/kperf.framework/Versions/A/kperf
0x00000001b497f000 	/System/Library/PrivateFrameworks/GPURawCounter.framework/Versions/A/GPURawCounter
0x000000019c334000 	/System/Library/Frameworks/ApplicationServices.framework/Versions/A/Frameworks/ATSUI.framework/Versions/A/ATSUI
0x000000019de06000 	/usr/lib/libcups.2.dylib
0x000000019dea0000 	/System/Library/Frameworks/Kerberos.framework/Versions/A/Kerberos
0x000000019db06000 	/usr/lib/libresolv.9.dylib
0x0000000199cd0000 	/usr/lib/libiconv.2.dylib
0x000000019b8ca000 	/System/Library/PrivateFrameworks/Heimdal.framework/Versions/A/Heimdal
0x00000001a5d8b000 	/System/Library/Frameworks/Kerberos.framework/Versions/A/Libraries/libHeimdalProxy.dylib
0x000000019b6af000 	/usr/lib/libheimdal-asn1.dylib
0x0000000195234000 	/System/Library/Frameworks/OpenDirectory.framework/Versions/A/OpenDirectory
0x000000019df03000 	/System/Library/PrivateFrameworks/CommonAuth.framework/Versions/A/CommonAuth
0x0000000195242000 	/System/Library/Frameworks/OpenDirectory.framework/Versions/A/Frameworks/CFOpenDirectory.framework/Versions/A/CFOpenDirectory
0x0000000199c2b000 	/usr/lib/libcharset.1.dylib
0x00000001ec48d000 	/System/Library/Frameworks/AVFAudio.framework/Versions/A/AVFAudio
0x00000001ae26b000 	/System/Library/PrivateFrameworks/AXCoreUtilities.framework/Versions/A/AXCoreUtilities
0x000000024c533000 	/System/Library/PrivateFrameworks/IsolatedCoreAudioClient.framework/Versions/A/IsolatedCoreAudioClient
0x000000019da77000 	/usr/lib/libAudioStatistics.dylib
0x00000001970a5000 	/System/Library/PrivateFrameworks/caulk.framework/Versions/A/caulk
0x000000018e15d000 	/System/Library/PrivateFrameworks/AudioToolboxCore.framework/Versions/A/AudioToolboxCore
0x00000001a8081000 	/System/Library/Frameworks/CoreMIDI.framework/Versions/A/CoreMIDI
0x000000019da19000 	/System/Library/PrivateFrameworks/AudioSession.framework/Versions/A/AudioSession
0x000000019f31c000 	/System/Library/Frameworks/IOBluetooth.framework/Versions/A/IOBluetooth
0x000000019b799000 	/System/Library/PrivateFrameworks/MediaExperience.framework/Versions/A/MediaExperience
0x000000026663d000 	/System/Library/PrivateFrameworks/Tightbeam.framework/Versions/A/Tightbeam
0x000000023a524000 	/System/Library/PrivateFrameworks/CoreAudioOrchestration.framework/Versions/A/CoreAudioOrchestration
0x00000001cb63e000 	/System/Library/PrivateFrameworks/AFKUser.framework/Versions/A/AFKUser
0x00000001b4983000 	/usr/lib/swift/libswiftCoreAudio.dylib
0x000000019b8b9000 	/System/Library/PrivateFrameworks/AppServerSupport.framework/Versions/A/AppServerSupport
0x000000019de84000 	/System/Library/PrivateFrameworks/perfdata.framework/Versions/A/perfdata
0x00000001b3b37000 	/System/Library/PrivateFrameworks/SystemPolicy.framework/Versions/A/SystemPolicy
0x000000019dd25000 	/usr/lib/libSMC.dylib
0x000000019c217000 	/usr/lib/libAudioToolboxUtility.dylib
0x000000019de92000 	/usr/lib/libperfcheck.dylib
0x000000023644b000 	/System/Library/PrivateFrameworks/AudioAnalytics.framework/Versions/A/AudioAnalytics
0x00000001d8150000 	/System/Library/Frameworks/OSLog.framework/Versions/A/OSLog
0x00000001b494a000 	/usr/lib/libmis.dylib
0x000000019d827000 	/System/Library/PrivateFrameworks/AudioSession.framework/libSessionUtility.dylib
0x000000019c368000 	/System/Library/PrivateFrameworks/CMCaptureCore.framework/Versions/A/CMCaptureCore
0x00000001edb36000 	/System/Library/Frameworks/ExtensionFoundation.framework/Versions/A/ExtensionFoundation
0x00000001a3a55000 	/System/Library/PrivateFrameworks/CoreTime.framework/Versions/A/CoreTime
0x000000019b593000 	/System/Library/PrivateFrameworks/PlugInKit.framework/Versions/A/PlugInKit
0x00000001a257c000 	/System/Library/Frameworks/CoreBluetooth.framework/Versions/A/CoreBluetooth
0x00000001a5d8c000 	/System/Library/Frameworks/AudioUnit.framework/Versions/A/AudioUnit
0x0000000198de4000 	/System/Library/PrivateFrameworks/CoreUtils.framework/Versions/A/CoreUtils
0x000000023d4d7000 	/System/Library/PrivateFrameworks/CoreUtilsExtras.framework/Versions/A/CoreUtilsExtras
0x00000001a19b5000 	/System/Library/Frameworks/MediaAccessibility.framework/Versions/A/MediaAccessibility
0x00000001bcfa1000 	/System/Library/PrivateFrameworks/AttributeGraph.framework/Versions/A/AttributeGraph
0x0000000272d2b000 	/usr/lib/libAXSafeCategoryBundle.dylib
0x00000001ae327000 	/usr/lib/libAccessibility.dylib
0x0000000198c2e000 	/System/Library/Frameworks/Accelerate.framework/Versions/A/Frameworks/vecLib.framework/Versions/A/libvDSP.dylib
0x0000000199f98000 	/System/Library/Frameworks/Accelerate.framework/Versions/A/Frameworks/vecLib.framework/Versions/A/libLAPACK.dylib
0x00000001990f4000 	/System/Library/Frameworks/Accelerate.framework/Versions/A/Frameworks/vecLib.framework/Versions/A/libLinearAlgebra.dylib
0x0000000199e93000 	/System/Library/Frameworks/Accelerate.framework/Versions/A/Frameworks/vecLib.framework/Versions/A/libSparseBLAS.dylib
0x0000000199f93000 	/System/Library/Frameworks/Accelerate.framework/Versions/A/Frameworks/vecLib.framework/Versions/A/libQuadrature.dylib
0x0000000198181000 	/System/Library/Frameworks/Accelerate.framework/Versions/A/Frameworks/vecLib.framework/Versions/A/libBNNS.dylib
0x000000018cbfe000 	/System/Library/Frameworks/Accelerate.framework/Versions/A/Frameworks/vecLib.framework/Versions/A/libSparse.dylib
0x000000024dcaa000 	/System/Library/PrivateFrameworks/MIL.framework/Versions/A/MIL
0x000000019c2fb000 	/System/Library/PrivateFrameworks/GPUWrangler.framework/Versions/A/GPUWrangler
0x000000019c2db000 	/System/Library/PrivateFrameworks/IOPresentment.framework/Versions/A/IOPresentment
0x000000019c303000 	/System/Library/PrivateFrameworks/DSExternalDisplay.framework/Versions/A/DSExternalDisplay
0x00000001d8557000 	/System/Library/PrivateFrameworks/HIDDisplay.framework/Versions/A/HIDDisplay
0x00000001ad545000 	/System/Library/PrivateFrameworks/HID.framework/Versions/A/HID
0x0000000269e7f000 	/System/Library/PrivateFrameworks/VideoToolboxParavirtualizationSupport.framework/Versions/A/VideoToolboxParavirtualizationSupport
0x000000019b64b000 	/System/Library/PrivateFrameworks/AppleVA.framework/Versions/A/AppleVA
0x00000001a35c4000 	/System/Library/PrivateFrameworks/GraphicsServices.framework/Versions/A/GraphicsServices
0x000000019e076000 	/System/Library/PrivateFrameworks/CorePhoneNumbers.framework/Versions/A/CorePhoneNumbers
0x00000001a2764000 	/System/Library/PrivateFrameworks/MediaKit.framework/Versions/A/MediaKit
0x00000001a26af000 	/System/Library/Frameworks/DiscRecording.framework/Versions/A/DiscRecording
0x000000019de65000 	/System/Library/PrivateFrameworks/NetAuth.framework/Versions/A/NetAuth
0x0000000195432000 	/System/Library/PrivateFrameworks/login.framework/Versions/A/Frameworks/loginsupport.framework/Versions/A/loginsupport
0x000000019b6b9000 	/System/Library/PrivateFrameworks/IconFoundation.framework/Versions/A/IconFoundation
0x000000019b436000 	/usr/lib/libIOReport.dylib
0x000000023605b000 	/System/Library/PrivateFrameworks/AppleMobileFileIntegrity.framework/Versions/A/AppleMobileFileIntegrity
0x00000002730ed000 	/usr/lib/libTLE.dylib
0x00000001e8f63000 	/System/Library/PrivateFrameworks/ConfigProfileHelper.framework/Versions/A/ConfigProfileHelper
0x0000000199091000 	/usr/lib/libmecab.dylib
0x000000018cd8e000 	/usr/lib/libCRFSuite.dylib
0x000000019805d000 	/System/Library/PrivateFrameworks/CoreNLP.framework/Versions/A/CoreNLP
0x0000000199e4b000 	/usr/lib/libThaiTokenizer.dylib
0x000000019905b000 	/usr/lib/libCheckFix.dylib
0x0000000194675000 	/System/Library/PrivateFrameworks/MetadataUtilities.framework/Versions/A/MetadataUtilities
0x00000002494de000 	/System/Library/PrivateFrameworks/InstalledContentLibrary.framework/Versions/A/InstalledContentLibrary
0x000000018f875000 	/System/Library/PrivateFrameworks/CoreServicesStore.framework/Versions/A/CoreServicesStore
0x00000001c6e10000 	/System/Library/PrivateFrameworks/MobileSystemServices.framework/Versions/A/MobileSystemServices
0x000000019b2f7000 	/usr/lib/libxslt.1.dylib
0x000000019901e000 	/System/Library/PrivateFrameworks/BackgroundTaskManagement.framework/Versions/A/BackgroundTaskManagement
0x00000001a54eb000 	/usr/lib/libcurl.4.dylib
0x0000000273321000 	/usr/lib/libcrypto.46.dylib
0x0000000273e4b000 	/usr/lib/libssl.48.dylib
0x00000001a51c3000 	/System/Library/Frameworks/LDAP.framework/Versions/A/LDAP
0x00000001a51ff000 	/System/Library/PrivateFrameworks/TrustEvaluationAgent.framework/Versions/A/TrustEvaluationAgent
0x000000019db23000 	/usr/lib/libsasl2.2.dylib
0x00000001b1d0c000 	/usr/lib/swift/libswiftCoreGraphics.dylib
0x00000001a1fe4000 	/usr/lib/swift/libswiftFoundation.dylib
0x00000001e89ed000 	/usr/lib/swift/libswiftSwiftOnoneSupport.dylib
0x00000001d4803000 	/System/Library/PrivateFrameworks/CoreMaterial.framework/Versions/A/CoreMaterial
0x000000025a6e4000 	/System/Library/PrivateFrameworks/SFSymbols.framework/Versions/A/SFSymbols
0x00000001a12af000 	/System/Library/PrivateFrameworks/SpeechRecognitionCore.framework/Versions/A/SpeechRecognitionCore
0x00000001b355a000 	/System/Library/Frameworks/Carbon.framework/Versions/A/Carbon
0x00000001aa590000 	/System/Library/Frameworks/Carbon.framework/Versions/A/Frameworks/CommonPanels.framework/Versions/A/CommonPanels
0x00000001a54d6000 	/System/Library/Frameworks/Carbon.framework/Versions/A/Frameworks/Help.framework/Versions/A/Help
0x00000001aa594000 	/System/Library/Frameworks/Carbon.framework/Versions/A/Frameworks/ImageCapture.framework/Versions/A/ImageCapture
0x00000001aa570000 	/System/Library/Frameworks/Carbon.framework/Versions/A/Frameworks/OpenScripting.framework/Versions/A/OpenScripting
0x00000001aa58f000 	/System/Library/Frameworks/Carbon.framework/Versions/A/Frameworks/Ink.framework/Versions/A/Ink
0x00000001aa58c000 	/System/Library/Frameworks/Carbon.framework/Versions/A/Frameworks/SecurityHI.framework/Versions/A/SecurityHI
0x00000001950f9000 	/System/Library/PrivateFrameworks/ViewBridge.framework/Versions/A/ViewBridge
0x0000000105764000 	/usr/lib/libobjc-trampolines.dylib
0x0000000272d2f000 	/usr/lib/libAccessibilityBaseImplementations.dylib
0x000000026d455000 	/System/Library/PrivateFrameworks/WritingToolsUI.framework/Versions/A/WritingToolsUI
0x0000000245ae9000 	/System/Library/PrivateFrameworks/GenerativeAssistantSettings.framework/Versions/A/GenerativeAssistantSettings
0x000000026487f000 	/System/Library/PrivateFrameworks/TextComposer.framework/Versions/A/TextComposer
0x00000001b49ab000 	/usr/lib/swift/libswiftIntents.dylib
0x00000002740c9000 	/usr/lib/swift/libswiftSpatial.dylib
0x00000001ec5e6000 	/System/Library/Frameworks/AppIntents.framework/Versions/A/AppIntents
0x00000001bb879000 	/System/Library/Frameworks/SwiftUI.framework/Versions/A/SwiftUI
0x00000001b1de8000 	/System/Library/Frameworks/WebKit.framework/Versions/A/WebKit
0x0000000231572000 	/System/Library/Frameworks/_AuthenticationServices_SwiftUI.framework/Versions/A/_AuthenticationServices_SwiftUI
0x0000000234152000 	/System/Library/PrivateFrameworks/Anvil.framework/Versions/A/Anvil
0x00000001baeee000 	/System/Library/PrivateFrameworks/AppStoreDaemon.framework/Versions/A/AppStoreDaemon
0x00000001a829c000 	/System/Library/PrivateFrameworks/AppleMediaServices.framework/Versions/A/AppleMediaServices
0x00000001b796d000 	/System/Library/PrivateFrameworks/AppleMediaServicesUI.framework/Versions/A/AppleMediaServicesUI
0x0000000245ac3000 	/System/Library/PrivateFrameworks/GenerativeAssistantCommon.framework/Versions/A/GenerativeAssistantCommon
0x00000001e8005000 	/System/Library/PrivateFrameworks/JetEngine.framework/Versions/A/JetEngine
0x000000024d60b000 	/System/Library/PrivateFrameworks/LinkMetadata.framework/Versions/A/LinkMetadata
0x00000001b522d000 	/System/Library/PrivateFrameworks/OnBoardingKit.framework/Versions/A/OnBoardingKit
0x000000025b55f000 	/System/Library/PrivateFrameworks/Settings.framework/Versions/A/Settings
0x0000000199a9b000 	/System/Library/Frameworks/CoreSpotlight.framework/Versions/A/CoreSpotlight
0x000000024d84c000 	/System/Library/PrivateFrameworks/LinkServices.framework/Versions/A/LinkServices
0x000000023e168000 	/System/Library/PrivateFrameworks/DoNotDisturb.framework/Versions/A/DoNotDisturb
0x00000001b9711000 	/System/Library/PrivateFrameworks/IntentsCore.framework/Versions/A/IntentsCore
0x0000000236838000 	/System/Library/PrivateFrameworks/AvailabilityKit.framework/Versions/A/AvailabilityKit
0x00000002343a2000 	/System/Library/PrivateFrameworks/AppIntentSchemas.framework/Versions/A/AppIntentSchemas
0x0000000263395000 	/System/Library/PrivateFrameworks/StatusKit.framework/Versions/A/StatusKit
0x0000000259891000 	/System/Library/PrivateFrameworks/RecapPerformanceTesting.framework/Versions/A/RecapPerformanceTesting
0x00000001b521d000 	/System/Library/PrivateFrameworks/SignpostCollection.framework/Versions/A/SignpostCollection
0x00000002730ec000 	/usr/lib/libSpatial.dylib
0x00000001a7c92000 	/System/Library/Frameworks/WebKit.framework/Versions/A/Frameworks/WebKitLegacy.framework/Versions/A/WebKitLegacy
0x00000001a5bd8000 	/System/Library/PrivateFrameworks/CorePrediction.framework/Versions/A/CorePrediction
0x00000001960ec000 	/System/Library/Frameworks/WebKit.framework/Versions/A/Frameworks/WebCore.framework/Versions/A/Frameworks/libwebrtc.dylib
0x00000001b1d74000 	/System/Library/PrivateFrameworks/SafariSafeBrowsing.framework/Versions/A/SafariSafeBrowsing
0x000000019dbac000 	/System/Library/Frameworks/SecurityInterface.framework/Versions/A/SecurityInterface
0x00000001b522c000 	/System/Library/PrivateFrameworks/WebInspectorUI.framework/Versions/A/WebInspectorUI
0x00000001aa597000 	/System/Library/Frameworks/JavaScriptCore.framework/Versions/A/JavaScriptCore
0x00000001ae358000 	/System/Library/Frameworks/WebKit.framework/Versions/A/Frameworks/WebCore.framework/Versions/A/WebCore
0x00000001ecfc4000 	/System/Library/Frameworks/BrowserEngineCore.framework/Versions/A/BrowserEngineCore
0x00000002310d0000 	/System/Library/Frameworks/WebKit.framework/Versions/A/Frameworks/WebCore.framework/Versions/A/Frameworks/libANGLE-shared.dylib
0x000000026c04c000 	/System/Library/PrivateFrameworks/WebGPU.framework/Versions/A/WebGPU
0x00000001b6fff000 	/System/Library/Frameworks/SceneKit.framework/Versions/A/SceneKit
0x00000001c7637000 	/System/Library/Frameworks/ModelIO.framework/Versions/A/ModelIO
0x000000019f4e7000 	/System/Library/Frameworks/MetalKit.framework/Versions/A/MetalKit
0x00000001a15c6000 	/System/Library/Frameworks/GLKit.framework/Versions/A/GLKit
0x0000000274602000 	/usr/lib/usd/libusd_ms.dylib
0x0000000268694000 	/System/Library/PrivateFrameworks/USDLib_FormatLoaderProxy.framework/Versions/A/USDLib_FormatLoaderProxy
0x00000001b4433000 	/System/Library/PrivateFrameworks/CoreOptimization.framework/Versions/A/CoreOptimization
0x000000023670b000 	/System/Library/PrivateFrameworks/AuthenticationServicesCore.framework/Versions/A/AuthenticationServicesCore
0x00000001be196000 	/System/Library/Frameworks/AuthenticationServices.framework/Versions/A/AuthenticationServices
0x000000019b56f000 	/System/Library/PrivateFrameworks/SharedWebCredentials.framework/Versions/A/SharedWebCredentials
0x00000001b6069000 	/System/Library/PrivateFrameworks/SafariCore.framework/Versions/A/SafariCore
0x00000001bdce8000 	/System/Library/PrivateFrameworks/SafariFoundation.framework/Versions/A/SafariFoundation
0x0000000237795000 	/System/Library/PrivateFrameworks/CBORLibrary.framework/Versions/A/CBORLibrary
0x000000023853d000 	/System/Library/PrivateFrameworks/Chirp.framework/Versions/A/Chirp
0x00000001e9298000 	/System/Library/PrivateFrameworks/RemoteManagement.framework/Versions/A/RemoteManagement
0x0000000259be7000 	/System/Library/PrivateFrameworks/RemoteManagementModel.framework/Versions/A/RemoteManagementModel
0x0000000259c74000 	/System/Library/PrivateFrameworks/RemoteManagementStore.framework/Versions/A/RemoteManagementStore
0x000000019f505000 	/usr/lib/libxcselect.dylib
0x00000001bdc57000 	/System/Library/PrivateFrameworks/DifferentialPrivacy.framework/Versions/A/DifferentialPrivacy
0x00000001a2295000 	/System/Library/Frameworks/Contacts.framework/Versions/A/Contacts
0x0000000268eb8000 	/System/Library/PrivateFrameworks/VDAF.framework/Versions/A/VDAF
0x00000001a20b2000 	/System/Library/PrivateFrameworks/ContactsPersistence.framework/Versions/A/ContactsPersistence
0x00000001a12c9000 	/System/Library/PrivateFrameworks/AppleLDAP.framework/Versions/A/AppleLDAP
0x00000001a587f000 	/System/Library/Frameworks/ClassKit.framework/Versions/A/ClassKit
0x00000001a79be000 	/System/Library/PrivateFrameworks/CoreSuggestions.framework/Versions/A/CoreSuggestions
0x00000001a1fe5000 	/System/Library/PrivateFrameworks/ContactsFoundation.framework/Versions/A/ContactsFoundation
0x00000001a3586000 	/System/Library/PrivateFrameworks/vCard.framework/Versions/A/vCard
0x0000000239d60000 	/System/Library/PrivateFrameworks/ContactsMetrics.framework/Versions/A/ContactsMetrics
0x000000019b98b000 	/System/Library/PrivateFrameworks/login.framework/Versions/A/login
0x000000024f994000 	/System/Library/PrivateFrameworks/ManagedOrganizationContacts.framework/Versions/A/ManagedOrganizationContacts
0x0000000195858000 	/System/Library/PrivateFrameworks/CloudDocs.framework/Versions/A/CloudDocs
0x00000001a6fad000 	/System/Library/PrivateFrameworks/ConfigurationProfiles.framework/Versions/A/ConfigurationProfiles
0x000000023d6e7000 	/System/Library/PrivateFrameworks/DMCUtilities.framework/Versions/A/DMCUtilities
0x000000024dc27000 	/System/Library/PrivateFrameworks/MDMClientLibrary.framework/Versions/A/MDMClientLibrary
0x0000000259c68000 	/System/Library/PrivateFrameworks/RemoteManagementProtocol.framework/Versions/A/RemoteManagementProtocol
0x0000000272ef8000 	/usr/lib/libEndpointSecuritySystem.dylib
0x00000001a19ef000 	/System/Library/PrivateFrameworks/SystemAdministration.framework/Versions/A/SystemAdministration
0x00000001abe9d000 	/System/Library/PrivateFrameworks/PowerlogControl.framework/Versions/A/PowerlogControl
0x000000019904d000 	/System/Library/Frameworks/ServiceManagement.framework/Versions/A/ServiceManagement
0x00000001abe9f000 	/usr/lib/libUniversalAccess.dylib
0x00000001a8b6a000 	/System/Library/PrivateFrameworks/FamilyControls.framework/Versions/A/FamilyControls
0x00000001a127a000 	/System/Library/Frameworks/DirectoryService.framework/Versions/A/DirectoryService
0x00000001a556d000 	/System/Library/PrivateFrameworks/LoginUIKit.framework/Versions/A/Frameworks/LoginUICore.framework/Versions/A/LoginUICore
0x000000019bb7b000 	/usr/lib/libodfde.dylib
0x00000001a8b64000 	/System/Library/PrivateFrameworks/UniversalAccess.framework/Versions/A/Libraries/libUAPreferences.dylib
0x00000001a8b8e000 	/System/Library/PrivateFrameworks/CommerceKit.framework/Versions/A/Frameworks/CommerceCore.framework/Versions/A/CommerceCore
0x000000023d695000 	/System/Library/PrivateFrameworks/DEPClientLibrary.framework/Versions/A/DEPClientLibrary
0x000000023d6b5000 	/System/Library/PrivateFrameworks/DMCEnrollmentLibrary.framework/Versions/A/DMCEnrollmentLibrary
0x00000001abf83000 	/System/Library/PrivateFrameworks/SetupAssistantFramework.framework/Versions/A/SetupAssistantFramework
0x00000001a5c32000 	/System/Library/PrivateFrameworks/AuthKitUI.framework/Versions/A/AuthKitUI
0x00000001a55b7000 	/System/Library/PrivateFrameworks/AppSSO.framework/Versions/A/AppSSO
0x00000001bac54000 	/System/Library/PrivateFrameworks/LocalAuthenticationUI.framework/Versions/A/LocalAuthenticationUI
0x0000000257e26000 	/System/Library/PrivateFrameworks/PlatformSSO.framework/Versions/A/PlatformSSO
0x00000001bb641000 	/System/Library/PrivateFrameworks/AOSUI.framework/Versions/A/AOSUI
0x00000001ada14000 	/System/Library/Frameworks/ContactsUI.framework/Versions/A/ContactsUI
0x00000001a24cc000 	/System/Library/PrivateFrameworks/FamilyCircle.framework/Versions/A/FamilyCircle
0x00000001c8ce6000 	/System/Library/Frameworks/LinkPresentation.framework/Versions/A/LinkPresentation
0x0000000257ef2000 	/System/Library/PrivateFrameworks/PlatformSSOCore.framework/Versions/A/PlatformSSOCore
0x00000001ad726000 	/System/Library/PrivateFrameworks/IASUtilities.framework/Versions/A/IASUtilities
0x0000000248b2a000 	/System/Library/PrivateFrameworks/IASUtilitiesCore.framework/Versions/A/IASUtilitiesCore
0x000000024db0f000 	/System/Library/PrivateFrameworks/LocalAuthenticationCoreUI.framework/Versions/A/LocalAuthenticationCoreUI
0x00000001b46c8000 	/System/Library/Frameworks/LocalAuthentication.framework/Support/DaemonUtils.framework/Versions/A/DaemonUtils
0x00000001b7934000 	/System/Library/PrivateFrameworks/BridgeXPC.framework/Versions/A/BridgeXPC
0x000000019b9af000 	/System/Library/PrivateFrameworks/CoreBrightness.framework/Versions/A/CoreBrightness
0x00000001b5306000 	/System/Library/PrivateFrameworks/CoreKDL.framework/Versions/A/CoreKDL
0x00000001b3b30000 	/System/Library/PrivateFrameworks/EmbeddedOSSupportHost.framework/Versions/A/EmbeddedOSSupportHost
0x00000002640a8000 	/System/Library/PrivateFrameworks/SystemStatus.framework/Versions/A/SystemStatus
0x00000001c2dbd000 	/System/Library/PrivateFrameworks/StorageKit.framework/Versions/A/StorageKit
0x00000001ea912000 	/System/Library/Frameworks/DeviceCheck.framework/Versions/A/DeviceCheck
0x00000001edc3d000 	/System/Library/Frameworks/FSKit.framework/Versions/A/FSKit
0x000000023de85000 	/System/Library/PrivateFrameworks/DiskImages2.framework/Versions/A/DiskImages2
0x000000024d99c000 	/System/Library/PrivateFrameworks/LiveFS.framework/Versions/A/LiveFS
0x0000000270797000 	/System/Library/PrivateFrameworks/icloudMCCKit.framework/Versions/A/icloudMCCKit
0x00000002350a0000 	/System/Library/PrivateFrameworks/AppleAccountUI.framework/Versions/A/AppleAccountUI
0x0000000239063000 	/System/Library/PrivateFrameworks/CloudSubscriptionFeatures.framework/Versions/A/CloudSubscriptionFeatures
0x00000001d47cf000 	/System/Library/PrivateFrameworks/PreferencePanesSupport.framework/Versions/A/PreferencePanesSupport
0x00000001bb7f1000 	/System/Library/PrivateFrameworks/FindMyDeviceUI.framework/Versions/A/FindMyDeviceUI
0x000000026e3cf000 	/System/Library/PrivateFrameworks/iCloudQuotaUI.framework/Versions/A/iCloudQuotaUI
0x00000001d4982000 	/System/Library/PrivateFrameworks/CoreCDPUI.framework/Versions/A/CoreCDPUI
0x00000001b5dd0000 	/System/Library/PrivateFrameworks/CoreFollowUpUI.framework/Versions/A/CoreFollowUpUI
0x000000019dbe5000 	/System/Library/PrivateFrameworks/CoreFollowUp.framework/Versions/A/CoreFollowUp
0x00000001c1b38000 	/System/Library/PrivateFrameworks/IMCore.framework/Versions/A/IMCore
0x00000001abf05000 	/System/Library/PrivateFrameworks/CoreCDP.framework/Versions/A/CoreCDP
0x00000001a828e000 	/System/Library/PrivateFrameworks/AskPermission.framework/Versions/A/AskPermission
0x00000001b968c000 	/System/Library/Frameworks/Quartz.framework/Versions/A/Quartz
0x00000001c5662000 	/System/Library/PrivateFrameworks/CloudPhotoServicesConfiguration.framework/Versions/A/CloudPhotoServicesConfiguration
0x00000001b80a2000 	/System/Library/PrivateFrameworks/CommerceKit.framework/Versions/A/CommerceKit
0x00000001c6fa2000 	/System/Library/PrivateFrameworks/FindMyMac.framework/Versions/A/FindMyMac
0x00000001c6e79000 	/System/Library/Frameworks/PreferencePanes.framework/Versions/A/PreferencePanes
0x00000001bad4c000 	/System/Library/Frameworks/AddressBook.framework/Versions/A/AddressBook
0x00000001a7276000 	/System/Library/PrivateFrameworks/AOSAccounts.framework/Versions/A/AOSAccounts
0x00000001a19e9000 	/System/Library/PrivateFrameworks/AppleSRP.framework/Versions/A/AppleSRP
0x00000001b45e2000 	/System/Library/Frameworks/SafariServices.framework/Versions/A/SafariServices
0x00000001a5d94000 	/System/Library/PrivateFrameworks/NetFSServer.framework/Versions/A/NetFSServer
0x00000001b6ed8000 	/System/Library/Frameworks/PDFKit.framework/Versions/A/PDFKit
0x00000001c7e9a000 	/System/Library/PrivateFrameworks/EmailFoundation.framework/Versions/A/EmailFoundation
0x00000001c6ed6000 	/System/Library/PrivateFrameworks/EmailCore.framework/Versions/A/EmailCore
0x00000001cacc6000 	/System/Library/PrivateFrameworks/EmailAddressing.framework/Versions/A/EmailAddressing
0x00000001cacd2000 	/System/Library/PrivateFrameworks/Email.framework/Versions/A/Email
0x00000001f312e000 	/System/Library/Frameworks/TabularData.framework/Versions/A/TabularData
0x00000002740a9000 	/usr/lib/swift/libswiftPassKit.dylib
0x000000023697a000 	/System/Library/PrivateFrameworks/BackgroundSystemTasks.framework/Versions/A/BackgroundSystemTasks
0x000000024db9e000 	/System/Library/PrivateFrameworks/LockdownMode.framework/Versions/A/LockdownMode
0x00000001a24c6000 	/System/Library/PrivateFrameworks/CommunicationsFilter.framework/Versions/A/CommunicationsFilter
0x00000001d8493000 	/System/Library/Frameworks/PassKit.framework/Versions/A/PassKit
0x00000001a968e000 	/System/Library/PrivateFrameworks/PassKitCore.framework/Versions/A/PassKitCore
0x00000002553dd000 	/System/Library/PrivateFrameworks/PassKitMacHelperTemp.framework/Versions/A/PassKitMacHelperTemp
0x00000002343df000 	/System/Library/PrivateFrameworks/AppIntentsServices.framework/Versions/A/AppIntentsServices
0x00000001a6e8c000 	/System/Library/PrivateFrameworks/CoreRecents.framework/Versions/A/CoreRecents
0x00000001b4715000 	/System/Library/PrivateFrameworks/BiometricKit.framework/Versions/A/BiometricKit
0x000000025a625000 	/System/Library/PrivateFrameworks/SEService.framework/Versions/A/SEService
0x00000001a7a8a000 	/System/Library/Frameworks/EventKit.framework/Versions/A/EventKit
0x00000001b9731000 	/System/Library/PrivateFrameworks/NearField.framework/Versions/A/NearField
0x00000001bb469000 	/System/Library/PrivateFrameworks/FTClientServices.framework/Versions/A/FTClientServices
0x00000001d41f0000 	/System/Library/PrivateFrameworks/DiagnosticRequest.framework/Versions/A/DiagnosticRequest
0x00000002730a6000 	/usr/lib/libSESShared.dylib
0x000000025a7c6000 	/System/Library/PrivateFrameworks/STSXPCHelperClient.framework/Versions/A/STSXPCHelperClient
0x0000000263e7b000 	/System/Library/PrivateFrameworks/Symptoms.framework/Versions/A/Frameworks/SymptomPresentationFeed.framework/Versions/A/SymptomPresentationFeed
0x0000000235953000 	/System/Library/PrivateFrameworks/AppleMediaServicesKitInternal.framework/Versions/A/AppleMediaServicesKitInternal
0x0000000263bf6000 	/System/Library/PrivateFrameworks/SymptomShared.framework/Versions/A/SymptomShared
0x00000002380cd000 	/System/Library/PrivateFrameworks/CalendarDatabase.framework/Versions/A/CalendarDatabase
0x0000000238021000 	/System/Library/PrivateFrameworks/CalendarDaemon.framework/Versions/A/CalendarDaemon
0x00000001a6ee1000 	/System/Library/PrivateFrameworks/CalendarFoundation.framework/Versions/A/CalendarFoundation
0x00000001a6e9d000 	/System/Library/PrivateFrameworks/iCalendar.framework/Versions/A/iCalendar
0x000000023d91c000 	/System/Library/PrivateFrameworks/DataAccessExpress.framework/Versions/A/DataAccessExpress
0x00000001ad5b8000 	/System/Library/PrivateFrameworks/CoreDAV.framework/Versions/A/CoreDAV
0x00000001a795f000 	/System/Library/PrivateFrameworks/CalDAV.framework/Versions/A/CalDAV
0x00000001b1ad1000 	/System/Library/PrivateFrameworks/TelephonyUtilities.framework/Versions/A/TelephonyUtilities
0x00000001b5e9b000 	/System/Library/Frameworks/CallKit.framework/Versions/A/CallKit
0x00000001ddae1000 	/System/Library/PrivateFrameworks/IMTransferServices.framework/Versions/A/IMTransferServices
0x00000001b444d000 	/System/Library/PrivateFrameworks/IncomingCallFilter.framework/Versions/A/IncomingCallFilter
0x0000000252ce8000 	/System/Library/PrivateFrameworks/NeighborhoodActivityConduit.framework/Versions/A/NeighborhoodActivityConduit
0x0000000272ece000 	/usr/lib/libBASupport.dylib
0x00000001c18e2000 	/System/Library/PrivateFrameworks/SpotlightReceiver.framework/Versions/A/SpotlightReceiver
0x00000001bb10a000 	/usr/lib/libnfshared.dylib
0x00000001dacc1000 	/System/Library/PrivateFrameworks/PassKitUIFoundation.framework/Versions/A/PassKitUIFoundation
0x00000001a12db000 	/System/Library/Frameworks/MapKit.framework/Versions/A/MapKit
0x00000001edc01000 	/System/Library/Frameworks/ExtensionKit.framework/Versions/A/ExtensionKit
0x0000000245f4c000 	/System/Library/PrivateFrameworks/GeoAnalytics.framework/Versions/A/GeoAnalytics
0x00000001b545b000 	/System/Library/PrivateFrameworks/SearchFoundation.framework/Versions/A/SearchFoundation
0x00000001bb140000 	/System/Library/PrivateFrameworks/Navigation.framework/Versions/A/Navigation
0x00000001c4182000 	/System/Library/PrivateFrameworks/VectorKit.framework/Versions/A/VectorKit
0x00000001ad7ee000 	/System/Library/PrivateFrameworks/VirtualGarage.framework/Versions/A/VirtualGarage
0x00000001bb2b9000 	/System/Library/Frameworks/ExternalAccessory.framework/ExternalAccessory
0x00000001bb2d3000 	/System/Library/PrivateFrameworks/IAP.framework/Versions/A/IAP
0x00000001a158e000 	/System/Library/PrivateFrameworks/IOPlatformPluginFamily.framework/Versions/A/IOPlatformPluginFamily
0x000000023683b000 	/System/Library/PrivateFrameworks/AvatarKit.framework/Versions/A/AvatarKit
0x00000002368f3000 	/System/Library/PrivateFrameworks/AvatarPersistence.framework/Versions/A/AvatarPersistence
0x0000000259cdd000 	/System/Library/PrivateFrameworks/RemoteUI.framework/Versions/A/RemoteUI
0x00000001a1692000 	/usr/lib/libCTGreenTeaLogger.dylib
0x00000001f3358000 	/System/Library/Frameworks/TipKit.framework/Versions/A/TipKit
0x00000001d644a000 	/System/Library/PrivateFrameworks/AppleCVA.framework/Versions/A/AppleCVA
0x00000002368f2000 	/System/Library/PrivateFrameworks/AvatarKitContent.framework/Versions/A/AvatarKitContent
0x00000001a16ba000 	/System/Library/PrivateFrameworks/CoreAppleCVA.framework/Versions/A/CoreAppleCVA
0x000000024c9da000 	/System/Library/PrivateFrameworks/LiftUI.framework/Versions/A/LiftUI
0x0000000238fd2000 	/System/Library/PrivateFrameworks/CloudSettings.framework/Versions/A/CloudSettings
0x00000001b4077000 	/System/Library/PrivateFrameworks/CoreRoutine.framework/Versions/A/CoreRoutine
0x00000001c2912000 	/System/Library/PrivateFrameworks/Categories.framework/Versions/A/Categories
0x00000002394d2000 	/System/Library/PrivateFrameworks/Coherence.framework/Versions/A/Coherence
0x00000001b19cc000 	/System/Library/PrivateFrameworks/CoreParsec.framework/Versions/A/CoreParsec
0x0000000255a6c000 	/System/Library/PrivateFrameworks/PegasusAPI.framework/Versions/A/PegasusAPI
0x000000025673a000 	/System/Library/PrivateFrameworks/PegasusConfiguration.framework/Versions/A/PegasusConfiguration
0x000000024db75000 	/System/Library/PrivateFrameworks/LocalStatusKit.framework/Versions/A/LocalStatusKit
0x00000001b604f000 	/System/Library/PrivateFrameworks/ContextKit.framework/Versions/A/ContextKit
0x0000000239e8e000 	/System/Library/PrivateFrameworks/ContextKitCore.framework/Versions/A/ContextKitCore
0x00000001bb46d000 	/System/Library/PrivateFrameworks/CharacterPicker.framework/Versions/A/CharacterPicker
0x00000001b4554000 	/System/Library/PrivateFrameworks/ContactsDonation.framework/Versions/A/ContactsDonation
0x00000001ad910000 	/System/Library/PrivateFrameworks/ContactsUICore.framework/Versions/A/ContactsUICore
0x00000001b3e5a000 	/System/Library/PrivateFrameworks/DataDetectors.framework/Versions/A/DataDetectors
0x00000001a794b000 	/System/Library/Frameworks/MediaLibrary.framework/Versions/A/MediaLibrary
0x00000001a24b5000 	/System/Library/PrivateFrameworks/PersonaKit.framework/Versions/A/PersonaKit
0x00000001ad8fe000 	/System/Library/PrivateFrameworks/PersonaUI.framework/Versions/A/PersonaUI
0x00000002493eb000 	/System/Library/PrivateFrameworks/InputToolKitUI.framework/Versions/A/InputToolKitUI
0x00000002493d6000 	/System/Library/PrivateFrameworks/InputToolKit.framework/Versions/A/InputToolKit
0x00000002634ce000 	/System/Library/PrivateFrameworks/Stickers.framework/Versions/A/Stickers
0x0000000249344000 	/System/Library/PrivateFrameworks/InputAnalytics.framework/Versions/A/InputAnalytics
0x00000001bcfe4000 	/System/Library/PrivateFrameworks/EmojiFoundation.framework/Versions/A/EmojiFoundation
0x000000023f2be000 	/System/Library/PrivateFrameworks/FeedbackService.framework/Versions/A/FeedbackService
0x00000001a2131000 	/System/Library/PrivateFrameworks/AddressBookCore.framework/Versions/A/AddressBookCore
0x00000001b5d50000 	/System/Library/PrivateFrameworks/IntlPreferences.framework/Versions/A/IntlPreferences
0x00000001baecf000 	/System/Library/PrivateFrameworks/ToneKit.framework/Versions/A/ToneKit
0x00000001b5d96000 	/System/Library/PrivateFrameworks/ToneLibrary.framework/Versions/A/ToneLibrary
0x0000000239d26000 	/System/Library/PrivateFrameworks/ContactsAccounts.framework/Versions/A/ContactsAccounts
0x00000001c6897000 	/System/Library/PrivateFrameworks/Transparency.framework/Versions/A/Transparency
0x00000001b95a9000 	/System/Library/PrivateFrameworks/Lookup.framework/Versions/A/Lookup
0x00000001f152c000 	/System/Library/Frameworks/QuickLookUI.framework/Versions/A/QuickLookUI
0x00000001f1f0c000 	/System/Library/Frameworks/ScreenCaptureKit.framework/Versions/A/ScreenCaptureKit
0x00000001b69ec000 	/System/Library/Frameworks/Quartz.framework/Versions/A/Frameworks/QuartzComposer.framework/Versions/A/QuartzComposer
0x00000001b5d27000 	/System/Library/Frameworks/Quartz.framework/Versions/A/Frameworks/QuartzFilters.framework/Versions/A/QuartzFilters
0x00000001b4e0d000 	/System/Library/Frameworks/Quartz.framework/Versions/A/Frameworks/ImageKit.framework/Versions/A/ImageKit
0x00000001ec281000 	/System/Library/Frameworks/OpenCL.framework/Versions/A/OpenCL
0x00000001b3559000 	/System/Library/PrivateFrameworks/CorePDF.framework/Versions/A/CorePDF
0x000000019f47e000 	/System/Library/Frameworks/QuickLook.framework/Versions/A/QuickLook
0x00000001a9593000 	/System/Library/PrivateFrameworks/DisplayServices.framework/Versions/A/DisplayServices
0x00000001b5c97000 	/System/Library/Frameworks/ImageCaptureCore.framework/Versions/A/ImageCaptureCore
0x000000026a96d000 	/System/Library/PrivateFrameworks/VisionKitCore.framework/Versions/A/VisionKitCore
0x00000001b199c000 	/System/Library/PrivateFrameworks/QuickLookSupport.framework/Versions/A/QuickLookSupport
0x00000002501fe000 	/System/Library/PrivateFrameworks/MediaAnalysisServices.framework/Versions/A/MediaAnalysisServices
0x00000001b8598000 	/System/Library/PrivateFrameworks/PhotoLibraryServices.framework/Versions/A/PhotoLibraryServices
0x00000001b58e0000 	/System/Library/Frameworks/Photos.framework/Versions/A/Photos
0x00000001c90c7000 	/System/Library/PrivateFrameworks/PhotosFormats.framework/Versions/A/PhotosFormats
0x00000001c5694000 	/System/Library/PrivateFrameworks/CloudPhotoLibrary.framework/Versions/A/CloudPhotoLibrary
0x00000001ce6b8000 	/System/Library/PrivateFrameworks/CloudPhotoServices.framework/Versions/A/CloudPhotoServices
0x00000001cae4f000 	/System/Library/PrivateFrameworks/CoreMediaStream.framework/Versions/A/CoreMediaStream
0x00000001a2ae1000 	/System/Library/PrivateFrameworks/CPAnalytics.framework/Versions/A/CPAnalytics
0x00000001c753c000 	/System/Library/PrivateFrameworks/MediaConversionService.framework/Versions/A/MediaConversionService
0x00000001a9200000 	/System/Library/PrivateFrameworks/PhotoFoundation.framework/Versions/A/PhotoFoundation
0x0000000256cd2000 	/System/Library/PrivateFrameworks/PhotoLibraryServicesCore.framework/Versions/A/PhotoLibraryServicesCore
0x00000001c1293000 	/System/Library/PrivateFrameworks/MMCS.framework/Versions/A/MMCS
0x00000001a77b4000 	/System/Library/PrivateFrameworks/ChunkingLibrary.framework/Versions/A/ChunkingLibrary
0x00000001a1994000 	/System/Library/PrivateFrameworks/AssetCacheServices.framework/Versions/A/AssetCacheServices
0x00000001a36bc000 	/System/Library/PrivateFrameworks/AVFoundationCF.framework/Versions/A/AVFoundationCF
0x00000001dd9de000 	/usr/lib/swift/libswiftDemangle.dylib
0x00000001b40d7000 	/System/Library/PrivateFrameworks/MediaStream.framework/Versions/A/MediaStream
0x00000001c7a56000 	/System/Library/PrivateFrameworks/NeutrinoCore.framework/Versions/A/NeutrinoCore
0x0000000192bfc000 	/System/Library/PrivateFrameworks/NLP.framework/Versions/A/NLP
0x00000001cd464000 	/System/Library/PrivateFrameworks/PhotoImaging.framework/Versions/A/PhotoImaging
0x00000001ce679000 	/System/Library/PrivateFrameworks/PhotosImagingFoundation.framework/Versions/A/PhotosImagingFoundation
0x00000002577ad000 	/System/Library/PrivateFrameworks/PhotosIntelligenceCore.framework/Versions/A/PhotosIntelligenceCore
0x00000001a3b53000 	/System/Library/PrivateFrameworks/EmbeddedAcousticRecognition.framework/Versions/A/EmbeddedAcousticRecognition
0x00000001c58fb000 	/System/Library/PrivateFrameworks/SDAPI.framework/Versions/A/SDAPI
0x00000001ce6c6000 	/System/Library/PrivateFrameworks/AutoLoop.framework/Versions/A/AutoLoop
0x0000000258216000 	/System/Library/PrivateFrameworks/Portrait.framework/Versions/A/Portrait
0x0000000235149000 	/System/Library/PrivateFrameworks/AppleDepth.framework/Versions/A/AppleDepth
0x000000023fe54000 	/System/Library/PrivateFrameworks/FusionTracker.framework/Versions/A/FusionTracker
0x0000000235237000 	/System/Library/PrivateFrameworks/AppleDepthCore.framework/Versions/A/AppleDepthCore
0x00000001b64ac000 	/System/Library/PrivateFrameworks/iTunesCloud.framework/Versions/A/iTunesCloud
0x00000001bed58000 	/System/Library/PrivateFrameworks/DAAPKit.framework/Versions/A/DAAPKit
0x000000027412d000 	/usr/lib/swift/libswiftVideoToolbox.dylib
0x00000001b1cad000 	/System/Library/PrivateFrameworks/DeviceManagement.framework/Versions/A/DeviceManagement
0x00000001d414f000 	/System/Library/PrivateFrameworks/ScreenTimeUI.framework/Versions/A/ScreenTimeUI
0x00000001b3e54000 	/System/Library/PrivateFrameworks/QuickLookNonBaseSystem.framework/Versions/A/QuickLookNonBaseSystem
0x00000001b4623000 	/System/Library/PrivateFrameworks/Catalyst.framework/Versions/A/Catalyst
0x000000024f99a000 	/System/Library/PrivateFrameworks/ManagedSettingsObjC.framework/Versions/A/ManagedSettingsObjC
0x00000001b5f3d000 	/System/Library/PrivateFrameworks/ScreenTimeCore.framework/Versions/A/ScreenTimeCore
0x00000001c862a000 	/System/Library/PrivateFrameworks/ScreenTimeServiceUI.framework/Versions/A/ScreenTimeServiceUI
0x00000001c141e000 	/System/Library/PrivateFrameworks/ConfigurationEngineModel.framework/Versions/A/ConfigurationEngineModel
0x00000001c413e000 	/System/Library/PrivateFrameworks/UsageTracking.framework/Versions/A/UsageTracking
0x00000001eda02000 	/System/Library/Frameworks/DeviceActivity.framework/Versions/A/DeviceActivity
0x00000001c410e000 	/System/Library/PrivateFrameworks/KnowledgeMonitor.framework/Versions/A/KnowledgeMonitor
0x00000001dac66000 	/System/Library/PrivateFrameworks/BluetoothManager.framework/Versions/A/BluetoothManager
0x00000001eeb5d000 	/System/Library/Frameworks/ManagedSettings.framework/Versions/A/ManagedSettings
0x000000024f9d3000 	/System/Library/PrivateFrameworks/ManagedSettingsSupport.framework/Versions/A/ManagedSettingsSupport
0x00000001d8563000 	/System/Library/Frameworks/ReplayKit.framework/Versions/A/ReplayKit
0x00000001aa52c000 	/System/Library/PrivateFrameworks/MarkupUI.framework/Versions/A/MarkupUI
0x00000001b3e2c000 	/System/Library/PrivateFrameworks/SidecarCore.framework/Versions/A/SidecarCore
0x00000001b68ad000 	/System/Library/PrivateFrameworks/AnnotationKit.framework/Versions/A/AnnotationKit
0x00000001f34b8000 	/System/Library/Frameworks/Translation.framework/Versions/A/Translation
0x00000001d008e000 	/System/Library/PrivateFrameworks/RevealCore.framework/Versions/A/RevealCore
0x00000001d0082000 	/System/Library/PrivateFrameworks/Reveal.framework/Versions/A/Reveal
0x0000000267775000 	/System/Library/PrivateFrameworks/TranslationUIServices.framework/Versions/A/TranslationUIServices
0x00000001b5053000 	/System/Library/Frameworks/PencilKit.framework/Versions/A/PencilKit
0x00000001b5208000 	/System/Library/PrivateFrameworks/SidecarUI.framework/Versions/A/SidecarUI
0x00000001b4a00000 	/System/Library/PrivateFrameworks/CoreHandwriting.framework/Versions/A/CoreHandwriting
0x000000018cdc3000 	/usr/lib/libmecabra.dylib
0x00000001add87000 	/System/Library/PrivateFrameworks/Calculate.framework/Versions/A/Calculate
0x000000019b323000 	/usr/lib/libChineseTokenizer.dylib
0x00000001e91c1000 	/System/Library/PrivateFrameworks/ScreenReaderCore.framework/Versions/A/ScreenReaderCore
0x00000002638a5000 	/System/Library/PrivateFrameworks/StocksKit.framework/Versions/A/StocksKit
0x00000001acf00000 	/System/Library/PrivateFrameworks/OAuth.framework/Versions/A/OAuth
0x0000000263552000 	/System/Library/PrivateFrameworks/StocksCore.framework/Versions/A/StocksCore
0x00000002645b6000 	/System/Library/PrivateFrameworks/TeaFoundation.framework/Versions/A/TeaFoundation
0x000000026479f000 	/System/Library/PrivateFrameworks/TeaSettings.framework/Versions/A/TeaSettings
0x00000001deda8000 	/System/Library/PrivateFrameworks/NewsCore.framework/Versions/A/NewsCore
0x0000000264553000 	/System/Library/PrivateFrameworks/TeaDB.framework/Versions/A/TeaDB
0x00000001dba4f000 	/System/Library/PrivateFrameworks/RemoteConfiguration.framework/Versions/A/RemoteConfiguration
0x00000001de9e2000 	/System/Library/PrivateFrameworks/NewsTransport.framework/Versions/A/NewsTransport
0x00000001ded98000 	/System/Library/PrivateFrameworks/NewsFoundation.framework/Versions/A/NewsFoundation
0x0000000253230000 	/System/Library/PrivateFrameworks/NewsURLBucket.framework/Versions/A/NewsURLBucket
0x00000001b82cc000 	/System/Library/PrivateFrameworks/MobileInstallation.framework/Versions/A/MobileInstallation
0x00000002667bc000 	/System/Library/PrivateFrameworks/TipKitCore.framework/Versions/A/TipKitCore
0x00000001bd067000 	/System/Library/PrivateFrameworks/CoreCDPInternal.framework/Versions/A/CoreCDPInternal
0x00000001ace52000 	/System/Library/PrivateFrameworks/AccountsDaemon.framework/Versions/A/AccountsDaemon
0x000000025991f000 	/System/Library/PrivateFrameworks/RegulatoryDomain.framework/Versions/A/RegulatoryDomain
0x00000001d497f000 	/System/Library/PrivateFrameworks/MachineSettings.framework/Versions/A/MachineSettings
0x00000001c6dfc000 	/System/Library/PrivateFrameworks/BezelServices.framework/Versions/A/BezelServices
0x00000001bede1000 	/System/Library/PrivateFrameworks/SPOwner.framework/Versions/A/SPOwner
0x00000001b8107000 	/System/Library/PrivateFrameworks/FMCore.framework/Versions/A/FMCore
0x000000026e32c000 	/System/Library/PrivateFrameworks/iCloudQuota.framework/Versions/A/iCloudQuota
0x00000001ad883000 	/System/Library/PrivateFrameworks/CoreRecognition.framework/Versions/A/CoreRecognition
0x00000001c6eb1000 	/System/Library/PrivateFrameworks/InAppMessages.framework/Versions/A/InAppMessages
0x00000001e7f0c000 	/System/Library/PrivateFrameworks/JetUI.framework/Versions/A/JetUI
0x000000024c736000 	/System/Library/PrivateFrameworks/JetPack.framework/Versions/A/JetPack
0x00000001c6ea8000 	/System/Library/PrivateFrameworks/InAppMessagesCore.framework/Versions/A/InAppMessagesCore
0x000000026da24000 	/System/Library/PrivateFrameworks/_JetEngine_SwiftUI.framework/Versions/A/_JetEngine_SwiftUI
0x0000000263ea3000 	/System/Library/PrivateFrameworks/Synapse.framework/Versions/A/Synapse
0x0000000237ebd000 	/System/Library/PrivateFrameworks/CSExattrCrypto.framework/Versions/A/CSExattrCrypto
0x00000001a9211000 	/System/Library/PrivateFrameworks/IMSharedUtilities.framework/Versions/A/IMSharedUtilities
0x00000001c21cc000 	/System/Library/Frameworks/InstantMessage.framework/Versions/A/InstantMessage
0x00000001bac4d000 	/System/Library/PrivateFrameworks/IDSKVStore.framework/Versions/A/IDSKVStore
0x00000001baa8d000 	/System/Library/PrivateFrameworks/IMDPersistence.framework/Versions/A/IMDPersistence
0x0000000274049000 	/usr/lib/swift/libswiftAppleArchive.dylib
0x0000000268eaa000 	/System/Library/PrivateFrameworks/UserSafety.framework/Versions/A/UserSafety
0x00000001d9eb8000 	/System/Library/PrivateFrameworks/BlastDoor.framework/Versions/A/BlastDoor
0x00000001f1f90000 	/System/Library/Frameworks/SensitiveContentAnalysis.framework/Versions/A/SensitiveContentAnalysis
0x000000024d81c000 	/System/Library/PrivateFrameworks/LinkPresentationStyleSheetParsing.framework/Versions/A/LinkPresentationStyleSheetParsing
0x00000001b44ac000 	/System/Library/PrivateFrameworks/CoreSDB.framework/Versions/A/CoreSDB
0x0000000236291000 	/System/Library/PrivateFrameworks/AskToCore.framework/Versions/A/AskToCore
0x00000001b9296000 	/System/Library/PrivateFrameworks/StoreFoundation.framework/Versions/A/StoreFoundation
0x00000001b8101000 	/System/Library/PrivateFrameworks/ServerInformation.framework/Versions/A/ServerInformation
0x00000001b7b72000 	/System/Library/PrivateFrameworks/Install.framework/Frameworks/DistributionKit.framework/Versions/A/DistributionKit
0x00000001b1769000 	/System/Library/PrivateFrameworks/PackageKit.framework/Versions/A/PackageKit
0x00000001b7b95000 	/System/Library/PrivateFrameworks/OSPersonalization.framework/Versions/A/OSPersonalization
0x00000001b9802000 	/System/Library/PrivateFrameworks/BridgeOSSoftwareUpdate.framework/Versions/A/BridgeOSSoftwareUpdate
0x00000001b4928000 	/System/Library/PrivateFrameworks/StorageManagement.framework/Versions/A/StorageManagement
0x00000001c81b3000 	/usr/lib/libauthinstall.dylib
0x00000001b980b000 	/System/Library/PrivateFrameworks/InstallerDiagnostics.framework/Versions/A/InstallerDiagnostics
0x00000001c87e6000 	/usr/lib/libcrypto.42.dylib
0x00000001b97f0000 	/System/Library/PrivateFrameworks/GPUInfo.framework/Versions/A/GPUInfo
0x00000001c6fa8000 	/System/Library/PrivateFrameworks/MobileActivationMacOS.framework/Versions/A/MobileActivationMacOS
0x00000001a2a88000 	/System/Library/PrivateFrameworks/GenerationalStorage.framework/Versions/A/GenerationalStorage
0x000000019dfe8000 	/System/Library/PrivateFrameworks/CacheDelete.framework/Versions/A/CacheDelete
0x00000001a5ec6000 	/System/Library/Frameworks/QuickLookThumbnailing.framework/Versions/A/QuickLookThumbnailing
0x00000001a28ba000 	/System/Library/Frameworks/FileProvider.framework/Versions/A/FileProvider
0x000000019105f000 	/System/Library/PrivateFrameworks/DesktopServicesPriv.framework/Versions/A/DesktopServicesPriv
0x0000000193321000 	/System/Library/Frameworks/Accounts.framework/Versions/A/Accounts
0x00000001b984f000 	/System/Library/PrivateFrameworks/AOSKit.framework/Versions/A/AOSKit
0x000000019b453000 	/System/Library/PrivateFrameworks/AppSSOCore.framework/Versions/A/AppSSOCore
0x00000001a5573000 	/System/Library/PrivateFrameworks/AppSupport.framework/Versions/A/AppSupport
0x00000001b3932000 	/System/Library/Frameworks/AVFoundation.framework/Versions/A/AVFoundation
0x00000001a5de9000 	/System/Library/PrivateFrameworks/DuetActivityScheduler.framework/Versions/A/DuetActivityScheduler
0x00000001b4453000 	/System/Library/PrivateFrameworks/FTServices.framework/Versions/A/FTServices
0x00000001c55cd000 	/System/Library/PrivateFrameworks/NetworkServiceProxy.framework/Versions/A/NetworkServiceProxy
0x00000001a5daf000 	/System/Library/PrivateFrameworks/StreamingZip.framework/Versions/A/StreamingZip
0x00000001a4e9f000 	/System/Library/PrivateFrameworks/CoreWiFi.framework/Versions/A/CoreWiFi
0x000000019df14000 	/System/Library/PrivateFrameworks/MobileAsset.framework/Versions/A/MobileAsset
0x00000001a3a60000 	/System/Library/PrivateFrameworks/Rapport.framework/Versions/A/Rapport
0x0000000263c06000 	/System/Library/PrivateFrameworks/Symptoms.framework/Versions/A/Frameworks/SymptomAnalytics.framework/Versions/A/SymptomAnalytics
0x00000001a1600000 	/usr/lib/libnetworkextension.dylib
0x000000027392f000 	/usr/lib/libmrc.dylib
0x0000000248c57000 	/System/Library/PrivateFrameworks/IPConfiguration.framework/Versions/A/IPConfiguration
0x00000001d47c7000 	/System/Library/PrivateFrameworks/Netrb.framework/Versions/A/Netrb
0x00000001df74a000 	/System/Library/PrivateFrameworks/WiFiPeerToPeer.framework/Versions/A/WiFiPeerToPeer
0x00000001bb3ed000 	/System/Library/PrivateFrameworks/SoftwareUpdateCoreSupport.framework/Versions/A/SoftwareUpdateCoreSupport
0x00000001c2d8e000 	/System/Library/PrivateFrameworks/SoftwareUpdateCoreConnect.framework/Versions/A/SoftwareUpdateCoreConnect
0x00000001a542b000 	/System/Library/PrivateFrameworks/RemoteServiceDiscovery.framework/Versions/A/RemoteServiceDiscovery
0x00000001bb073000 	/System/Library/PrivateFrameworks/MSUDataAccessor.framework/Versions/A/MSUDataAccessor
0x00000001b6868000 	/usr/lib/libbootpolicy.dylib
0x00000001a5441000 	/System/Library/PrivateFrameworks/RemoteXPC.framework/Versions/A/RemoteXPC
0x00000001c21dc000 	/usr/lib/libFDR.dylib
0x00000001c8286000 	/usr/lib/libamsupport.dylib
0x0000000273082000 	/usr/lib/libReverseProxyDevice.dylib
0x00000002352b7000 	/System/Library/PrivateFrameworks/AppleDeviceQuerySupport.framework/Versions/A/AppleDeviceQuerySupport
0x00000001cb173000 	/usr/lib/libpartition2_dynamic.dylib
0x0000000199a4d000 	/System/Library/Frameworks/UserNotifications.framework/Versions/A/UserNotifications
0x00000001daa7c000 	/System/Library/Frameworks/CryptoKit.framework/Versions/A/CryptoKit
0x00000001a5d87000 	/System/Library/PrivateFrameworks/CryptoKitCBridging.framework/Versions/A/CryptoKitCBridging
0x00000001a35d6000 	/System/Library/Frameworks/CryptoTokenKit.framework/Versions/A/CryptoTokenKit
0x00000001cecd0000 	/usr/lib/swift/libswiftCryptoTokenKit.dylib
0x00000001a363a000 	/System/Library/Frameworks/LocalAuthentication.framework/Versions/A/LocalAuthentication
0x000000024d9f1000 	/System/Library/PrivateFrameworks/LocalAuthenticationCore.framework/Versions/A/LocalAuthenticationCore
0x00000001a368f000 	/System/Library/Frameworks/LocalAuthentication.framework/Support/SharedUtils.framework/Versions/A/SharedUtils
0x000000019e080000 	/usr/lib/libTelephonyUtilDynamic.dylib
0x00000001a2663000 	/System/Library/PrivateFrameworks/SymptomDiagnosticReporter.framework/Versions/A/SymptomDiagnosticReporter
0x000000023d5d3000 	/System/Library/PrivateFrameworks/CryptoKitPrivate.framework/Versions/A/CryptoKitPrivate
0x0000000195435000 	/System/Library/PrivateFrameworks/ApplePushService.framework/Versions/A/ApplePushService
0x00000001b3b5d000 	/System/Library/PrivateFrameworks/FindMyDevice.framework/Versions/A/FindMyDevice
0x00000001933a6000 	/System/Library/PrivateFrameworks/CommonUtilities.framework/Versions/A/CommonUtilities
0x00000001c9bfd000 	/System/Library/PrivateFrameworks/DeviceIdentity.framework/Versions/A/DeviceIdentity
0x000000019bb7d000 	/System/Library/PrivateFrameworks/Bom.framework/Versions/A/Bom
0x000000019db44000 	/usr/lib/libParallelCompression.dylib
0x000000019db36000 	/System/Library/PrivateFrameworks/MultiverseSupport.framework/Versions/A/MultiverseSupport
0x00000001a966e000 	/System/Library/PrivateFrameworks/FMCoreLite.framework/Versions/A/FMCoreLite
0x00000001997a9000 	/System/Library/PrivateFrameworks/AuthKit.framework/Versions/A/AuthKit
0x00000001a2796000 	/System/Library/PrivateFrameworks/DiskManagement.framework/Versions/A/DiskManagement
0x00000001a26a2000 	/System/Library/PrivateFrameworks/AppleIDAuthSupport.framework/Versions/A/AppleIDAuthSupport
0x0000000231f13000 	/System/Library/PrivateFrameworks/AAAFoundation.framework/Versions/A/AAAFoundation
0x000000019e034000 	/System/Library/PrivateFrameworks/KeychainCircle.framework/Versions/A/KeychainCircle
0x00000001ae261000 	/System/Library/PrivateFrameworks/URLFormatting.framework/Versions/A/URLFormatting
0x00000001a54df000 	/usr/lib/libcsfde.dylib
0x000000019b5dd000 	/usr/lib/libCoreStorage.dylib
0x000000019f3f3000 	/System/Library/PrivateFrameworks/ProtectedCloudStorage.framework/Versions/A/ProtectedCloudStorage
0x00000001a54da000 	/System/Library/PrivateFrameworks/EFILogin.framework/Versions/A/EFILogin
0x00000001ad509000 	/System/Library/PrivateFrameworks/CloudServices.framework/Versions/A/CloudServices
0x00000001a2aaf000 	/System/Library/PrivateFrameworks/OctagonTrust.framework/Versions/A/OctagonTrust
0x00000001a31c9000 	/System/Library/PrivateFrameworks/AVFCore.framework/Versions/A/AVFCore
0x00000001abf93000 	/System/Library/PrivateFrameworks/AVFCapture.framework/Versions/A/AVFCapture
0x000000019c853000 	/System/Library/Frameworks/MediaToolbox.framework/Versions/A/MediaToolbox
0x00000001a288b000 	/System/Library/PrivateFrameworks/CoreAVCHD.framework/Versions/A/CoreAVCHD
0x00000001a2887000 	/System/Library/PrivateFrameworks/Mangrove.framework/Versions/A/Mangrove
0x0000000237dad000 	/System/Library/PrivateFrameworks/CMPhoto.framework/Versions/A/CMPhoto
0x00000001a2fe6000 	/System/Library/Frameworks/CoreTelephony.framework/Versions/A/CoreTelephony
0x00000001a287a000 	/System/Library/PrivateFrameworks/CoreAUC.framework/Versions/A/CoreAUC
0x00000002356f9000 	/System/Library/PrivateFrameworks/AppleJPEGXL.framework/Versions/A/AppleJPEGXL
0x0000000237bd9000 	/System/Library/PrivateFrameworks/CMImaging.framework/Versions/A/CMImaging
0x00000001ac1ab000 	/System/Library/PrivateFrameworks/Quagga.framework/Versions/A/Quagga
0x00000001ac2de000 	/System/Library/PrivateFrameworks/CMCapture.framework/Versions/A/CMCapture
0x000000019dc18000 	/System/Library/Frameworks/CoreMediaIO.framework/Versions/A/CoreMediaIO
0x00000001a5f12000 	/System/Library/PrivateFrameworks/Espresso.framework/Versions/A/Espresso
0x00000001e957d000 	/System/Library/PrivateFrameworks/ANECompiler.framework/Versions/A/ANECompiler
0x00000001a7ef8000 	/System/Library/PrivateFrameworks/AppleNeuralEngine.framework/Versions/A/AppleNeuralEngine
0x00000001ef81c000 	/System/Library/Frameworks/MetalPerformanceShadersGraph.framework/Versions/A/MetalPerformanceShadersGraph
0x000000024e4e9000 	/System/Library/PrivateFrameworks/MLCompilerServices.framework/Versions/A/MLCompilerServices
0x00000001a6dce000 	/System/Library/PrivateFrameworks/ANEServices.framework/Versions/A/ANEServices
0x00000001b95c4000 	/usr/lib/libncurses.5.4.dylib
0x000000018f9ab000 	/usr/lib/libsandbox.1.dylib
0x000000019b5d5000 	/usr/lib/libMatch.1.dylib
0x000000024e48d000 	/System/Library/PrivateFrameworks/MLCompilerRuntime.framework/Versions/A/MLCompilerRuntime
0x0000000237b0f000 	/System/Library/PrivateFrameworks/CMCaptureDevice.framework/Versions/A/CMCaptureDevice
0x00000002388ff000 	/System/Library/PrivateFrameworks/CinematicFraming.framework/Versions/A/CinematicFraming
0x00000001b355b000 	/System/Library/Frameworks/CoreMotion.framework/Versions/A/CoreMotion
0x00000001c2285000 	/System/Library/PrivateFrameworks/TimeSync.framework/Versions/A/TimeSync
0x000000023e073000 	/System/Library/PrivateFrameworks/DistributedSensing.framework/Versions/A/DistributedSensing
0x00000001be154000 	/System/Library/PrivateFrameworks/MobileBluetooth.framework/Versions/A/MobileBluetooth
0x000000019d7ec000 	/System/Library/PrivateFrameworks/LocationSupport.framework/Versions/A/LocationSupport
0x00000001c3d47000 	/System/Library/PrivateFrameworks/IOKitten.framework/Versions/A/IOKitten
0x00000001912ca000 	/System/Library/PrivateFrameworks/CoreDuet.framework/Versions/A/CoreDuet
0x00000001a47f8000 	/System/Library/PrivateFrameworks/CoreDuetContext.framework/Versions/A/CoreDuetContext
0x00000001bed01000 	/System/Library/PrivateFrameworks/BiomeFoundation.framework/Versions/A/BiomeFoundation
0x0000000236a3e000 	/System/Library/PrivateFrameworks/BiomeLibrary.framework/Versions/A/BiomeLibrary
0x00000001c2303000 	/System/Library/PrivateFrameworks/BiomeStreams.framework/Versions/A/BiomeStreams
0x00000001c8631000 	/System/Library/PrivateFrameworks/BiomePubSub.framework/Versions/A/BiomePubSub
0x000000019549d000 	/System/Library/Frameworks/CloudKit.framework/Versions/A/CloudKit
0x00000001a484e000 	/System/Library/Frameworks/Intents.framework/Versions/A/Intents
0x00000001a6f76000 	/System/Library/PrivateFrameworks/CoreDuetDaemonProtocol.framework/Versions/A/CoreDuetDaemonProtocol
0x00000001a6dfc000 	/System/Library/PrivateFrameworks/ProactiveSupport.framework/Versions/A/ProactiveSupport
0x000000025817d000 	/System/Library/PrivateFrameworks/PoirotSchematizer.framework/Versions/A/PoirotSchematizer
0x00000002370d8000 	/System/Library/PrivateFrameworks/BiomeSync.framework/Versions/A/BiomeSync
0x0000000236a1f000 	/System/Library/PrivateFrameworks/BiomeFlexibleStorage.framework/Versions/A/BiomeFlexibleStorage
0x0000000236a03000 	/System/Library/PrivateFrameworks/BiomeDSL.framework/Versions/A/BiomeDSL
0x00000001c868e000 	/System/Library/PrivateFrameworks/BiomeStorage.framework/Versions/A/BiomeStorage
0x00000002581ea000 	/System/Library/PrivateFrameworks/PoirotUDFs.framework/Versions/A/PoirotUDFs
0x000000025814c000 	/System/Library/PrivateFrameworks/PoirotSQLite.framework/Versions/A/PoirotSQLite
0x00000001a587b000 	/System/Library/PrivateFrameworks/InternationalTextSearch.framework/Versions/A/InternationalTextSearch
0x000000024c015000 	/System/Library/PrivateFrameworks/IntelligencePlatformLibrary.framework/Versions/A/IntelligencePlatformLibrary
0x00000002384c4000 	/System/Library/PrivateFrameworks/CascadeSets.framework/Versions/A/CascadeSets
0x000000019ead2000 	/System/Library/PrivateFrameworks/IDS.framework/Versions/A/IDS
0x000000019d772000 	/System/Library/PrivateFrameworks/IMFoundation.framework/Versions/A/IMFoundation
0x00000001ad838000 	/System/Library/PrivateFrameworks/Marco.framework/Versions/A/Marco
0x000000019ec9f000 	/System/Library/PrivateFrameworks/IDSFoundation.framework/Versions/A/IDSFoundation
0x00000001aa558000 	/System/Library/PrivateFrameworks/Engram.framework/Versions/A/Engram
0x00000001aa4f8000 	/usr/lib/libtidy.A.dylib
0x00000001c1dec000 	/System/Library/PrivateFrameworks/FTAWD.framework/Versions/A/FTAWD
0x00000001f2050000 	/System/Library/Frameworks/SharedWithYouCore.framework/Versions/A/SharedWithYouCore
0x00000001a5946000 	/System/Library/PrivateFrameworks/AppleAccount.framework/Versions/A/AppleAccount
0x00000001a5e6c000 	/System/Library/PrivateFrameworks/C2.framework/Versions/A/C2
0x0000000196c8f000 	/System/Library/Frameworks/CoreLocation.framework/Versions/A/CoreLocation
0x0000000238cad000 	/System/Library/PrivateFrameworks/CloudAssets.framework/Versions/A/CloudAssets
0x00000001a5e63000 	/System/Library/Frameworks/PushKit.framework/Versions/A/PushKit
0x00000001d07a4000 	/usr/lib/swift/libswiftAVFoundation.dylib
0x00000001baa34000 	/usr/lib/swift/libswiftCoreLocation.dylib
0x00000001baa4a000 	/usr/lib/swift/libswiftCoreMIDI.dylib
0x00000001cecd2000 	/usr/lib/swift/libswiftCoreMedia.dylib
0x000000019ef33000 	/System/Library/PrivateFrameworks/Sharing.framework/Versions/A/Sharing
0x00000001a4e9e000 	/System/Library/PrivateFrameworks/Apple80211.framework/Versions/A/Apple80211
0x0000000198d64000 	/System/Library/Frameworks/CoreWLAN.framework/Versions/A/CoreWLAN
0x00000001a8f63000 	/System/Library/PrivateFrameworks/AssistantServices.framework/Versions/A/AssistantServices
0x00000001a3863000 	/System/Library/PrivateFrameworks/SAObjects.framework/Versions/A/SAObjects
0x00000001a8b9b000 	/System/Library/PrivateFrameworks/MediaRemote.framework/Versions/A/MediaRemote
0x00000001b9ca6000 	/System/Library/PrivateFrameworks/SiriInstrumentation.framework/Versions/A/SiriInstrumentation
0x000000025ba1a000 	/System/Library/PrivateFrameworks/SiriAnalytics.framework/Versions/A/SiriAnalytics
0x00000002615d0000 	/System/Library/PrivateFrameworks/SiriTTSService.framework/Versions/A/SiriTTSService
0x000000025c3d6000 	/System/Library/PrivateFrameworks/SiriCrossDeviceArbitration.framework/Versions/A/SiriCrossDeviceArbitration
0x00000001b793f000 	/System/Library/PrivateFrameworks/FeedbackLogger.framework/Versions/A/FeedbackLogger
0x000000025c42a000 	/System/Library/PrivateFrameworks/SiriCrossDeviceArbitrationFeedback.framework/Versions/A/SiriCrossDeviceArbitrationFeedback
0x0000000245e15000 	/System/Library/PrivateFrameworks/GenerativeModels.framework/Versions/A/GenerativeModels
0x00000001ad6a4000 	/System/Library/PrivateFrameworks/MediaServices.framework/Versions/A/MediaServices
0x000000019b840000 	/System/Library/PrivateFrameworks/PersistentConnection.framework/Versions/A/PersistentConnection
0x000000019f6cc000 	/System/Library/PrivateFrameworks/GeoServices.framework/Versions/A/GeoServices
0x000000024603d000 	/System/Library/PrivateFrameworks/GeoServicesCore.framework/Versions/A/GeoServicesCore
0x00000001ae25f000 	/System/Library/PrivateFrameworks/PhoneNumbers.framework/Versions/A/PhoneNumbers
0x000000023dadb000 	/System/Library/PrivateFrameworks/Dendrite.framework/Versions/A/Dendrite
0x00000002363b7000 	/System/Library/PrivateFrameworks/AtomicsInternal.framework/Versions/A/AtomicsInternal
0x00000001bb844000 	/usr/lib/libtailspin.dylib
0x00000001ce7ce000 	/System/Library/PrivateFrameworks/Osprey.framework/Versions/A/Osprey
0x0000000260c4f000 	/System/Library/PrivateFrameworks/SiriTTS.framework/Versions/A/SiriTTS
0x00000001b4570000 	/System/Library/Frameworks/NaturalLanguage.framework/Versions/A/NaturalLanguage
0x000000025f989000 	/System/Library/PrivateFrameworks/SiriPowerInstrumentation.framework/Versions/A/SiriPowerInstrumentation
0x00000001b5395000 	/System/Library/PrivateFrameworks/Trial.framework/Versions/A/Trial
0x00000001b5317000 	/System/Library/PrivateFrameworks/TrialProto.framework/Versions/A/TrialProto
0x0000000268720000 	/System/Library/PrivateFrameworks/UnifiedAssetFramework.framework/Versions/A/UnifiedAssetFramework
0x00000001df6ce000 	/usr/lib/swift/libswiftNaturalLanguage.dylib
0x0000000264551000 	/System/Library/PrivateFrameworks/TailspinSymbolication.framework/Versions/A/TailspinSymbolication
0x000000023d7ea000 	/System/Library/PrivateFrameworks/Darwinup.framework/Versions/A/Darwinup
0x00000001c75a9000 	/System/Library/PrivateFrameworks/SignpostSupport.framework/Versions/A/SignpostSupport
0x00000001b4439000 	/System/Library/PrivateFrameworks/FeatureFlagsSupport.framework/Versions/A/FeatureFlagsSupport
0x00000001c6d0c000 	/System/Library/PrivateFrameworks/ktrace.framework/Versions/A/ktrace
0x00000001c7829000 	/System/Library/PrivateFrameworks/SampleAnalysis.framework/Versions/A/SampleAnalysis
0x00000001d006a000 	/System/Library/PrivateFrameworks/kperfdata.framework/Versions/A/kperfdata
0x000000019f5ad000 	/usr/lib/libdscsym.dylib
0x00000001d0502000 	/System/Library/PrivateFrameworks/BulkSymbolication.framework/Versions/A/BulkSymbolication
0x0000000195938000 	/System/Library/Frameworks/CoreML.framework/Versions/A/CoreML
0x00000001dd9a8000 	/usr/lib/libedit.3.dylib
0x00000001993aa000 	/System/Library/Frameworks/MLCompute.framework/Versions/A/MLCompute
0x000000024e33c000 	/System/Library/PrivateFrameworks/MLAssetIO.framework/Versions/A/MLAssetIO
0x000000027408b000 	/usr/lib/swift/libswiftMLCompute.dylib
0x000000018de81000 	/System/Library/PrivateFrameworks/LanguageModeling.framework/Versions/A/LanguageModeling
0x00000001929e8000 	/System/Library/PrivateFrameworks/Montreal.framework/Versions/A/Montreal
0x0000000199cd8000 	/usr/lib/libcmph.dylib
0x0000000245ed7000 	/System/Library/PrivateFrameworks/GenerativeModelsFoundation.framework/Versions/A/GenerativeModelsFoundation
0x0000000266ae7000 	/System/Library/PrivateFrameworks/TokenGeneration.framework/Versions/A/TokenGeneration
0x0000000245cae000 	/System/Library/PrivateFrameworks/GenerativeFunctions.framework/Versions/A/GenerativeFunctions
0x0000000245cff000 	/System/Library/PrivateFrameworks/GenerativeFunctionsFoundation.framework/Versions/A/GenerativeFunctionsFoundation
0x0000000251290000 	/System/Library/PrivateFrameworks/ModelCatalog.framework/Versions/A/ModelCatalog
0x000000025b317000 	/System/Library/PrivateFrameworks/SensitiveContentAnalysisML.framework/Versions/A/SensitiveContentAnalysisML
0x0000000245dae000 	/System/Library/PrivateFrameworks/GenerativeFunctionsInstrumentation.framework/Versions/A/GenerativeFunctionsInstrumentation
0x000000025920f000 	/System/Library/PrivateFrameworks/PromptKit.framework/Versions/A/PromptKit
0x0000000258d39000 	/System/Library/PrivateFrameworks/ProactiveDaemonSupport.framework/Versions/A/ProactiveDaemonSupport
0x0000000266c9f000 	/System/Library/PrivateFrameworks/TokenGenerationCore.framework/Versions/A/TokenGenerationCore
0x0000000269d97000 	/System/Library/PrivateFrameworks/VectorSearch.framework/Versions/A/VectorSearch
0x0000000251555000 	/System/Library/PrivateFrameworks/ModelManagerServices.framework/Versions/A/ModelManagerServices
0x0000000235319000 	/System/Library/PrivateFrameworks/AppleFlatBuffers.framework/Versions/A/AppleFlatBuffers
0x00000001adc4e000 	/System/Library/PrivateFrameworks/ProactiveEventTracker.framework/Versions/A/ProactiveEventTracker
0x0000000231f2f000 	/System/Library/PrivateFrameworks/AAAFoundationSwift.framework/Versions/A/AAAFoundationSwift
0x00000001a5b9b000 	/System/Library/PrivateFrameworks/AppleIDSSOAuthentication.framework/Versions/A/AppleIDSSOAuthentication
0x00000001c1577000 	/usr/lib/swift/libswiftCompression.dylib
0x000000025b4a2000 	/System/Library/PrivateFrameworks/SentencePieceInternal.framework/Versions/A/SentencePieceInternal
0x00000001a1a2e000 	/System/Library/Frameworks/Vision.framework/Versions/A/Vision
0x000000023d23e000 	/System/Library/PrivateFrameworks/CoreSceneUnderstanding.framework/Versions/A/CoreSceneUnderstanding
0x000000026a922000 	/System/Library/PrivateFrameworks/VisionCore.framework/Versions/A/VisionCore
0x00000001bd145000 	/System/Library/Frameworks/Vision.framework/libfaceCore.dylib
0x00000001bdc3f000 	/System/Library/PrivateFrameworks/Futhark.framework/Versions/A/Futhark
0x00000001c133f000 	/System/Library/PrivateFrameworks/InertiaCam.framework/Versions/A/InertiaCam
0x00000001bd9f2000 	/System/Library/PrivateFrameworks/TextRecognition.framework/Versions/A/TextRecognition
0x000000019b473000 	/System/Library/PrivateFrameworks/CVNLP.framework/Versions/A/CVNLP
0x0000000244a30000 	/System/Library/PrivateFrameworks/GRDBInternal.framework/Versions/A/GRDBInternal
0x00000001a7c66000 	/System/Library/PrivateFrameworks/RTCReporting.framework/Versions/A/RTCReporting
0x00000001a5e52000 	/System/Library/PrivateFrameworks/IntentsFoundation.framework/Versions/A/IntentsFoundation
0x000000019e85b000 	/System/Library/Frameworks/NetworkExtension.framework/Versions/A/NetworkExtension
0x00000001b9145000 	/System/Library/PrivateFrameworks/CaptiveNetwork.framework/Versions/A/CaptiveNetwork
0x00000001a53eb000 	/System/Library/PrivateFrameworks/EAP8021X.framework/Versions/A/EAP8021X
0x00000001c77f5000 	/System/Library/PrivateFrameworks/UIKitServices.framework/Versions/A/UIKitServices
0x000000010eee4000 	/System/Library/Extensions/AGXMetal13_3.bundle/Contents/MacOS/AGXMetal13_3
0x00000001ad556000 	/System/Library/PrivateFrameworks/IOGPU.framework/Versions/A/IOGPU
0x00000001baa19000 	/System/Library/Frameworks/Accelerate.framework/Versions/A/Frameworks/vImage.framework/Versions/A/Libraries/libCGInterfaces.dylib
0x000000023351d000 	/System/Library/PrivateFrameworks/AccessibilityBundles.framework/Versions/A/AccessibilityBundles
0x00000001bdd30000 	/System/Library/CoreServices/RawCamera.bundle/Contents/MacOS/RawCamera
0x000000010fce0000 	/Applications/REAPER.app/Contents/Plugins/elastique3.dylib
0x000000010fc70000 	/Applications/REAPER.app/Contents/Plugins/soundtouch.dylib
0x000000010fc3c000 	/Applications/REAPER.app/Contents/Plugins/rubberband.dylib
0x000000010fe28000 	/Applications/REAPER.app/Contents/Plugins/jsfx.dylib
0x000000011b798000 	/Applications/REAPER.app/Contents/Plugins/reaper_wave.dylib
0x000000011c780000 	/Applications/REAPER.app/Contents/Plugins/reaper_mp3dec.dylib
0x000000012954c000 	/Applications/REAPER.app/Contents/Plugins/libmp3lame.dylib
0x000000012ee80000 	/Applications/REAPER.app/Contents/Plugins/reaper_midi.dylib
0x000000012bf00000 	/Applications/REAPER.app/Contents/Plugins/reaper_wavpack.dylib
0x0000000129490000 	/Applications/REAPER.app/Contents/Plugins/reaper_opus.dylib
0x000000012f800000 	/Applications/REAPER.app/Contents/Plugins/reaper_flac.dylib
0x000000012bfa0000 	/Applications/REAPER.app/Contents/Plugins/reaper_rex.dylib
0x000000011b7d4000 	/Applications/REAPER.app/Contents/Plugins/reaper_ddp.dylib
0x000000012f930000 	/Applications/REAPER.app/Contents/Plugins/reaper_explorer.dylib
0x000000011c7e0000 	/Applications/REAPER.app/Contents/Plugins/reaper_cd.dylib
0x00000001edab8000 	/System/Library/Frameworks/DiscRecordingUI.framework/Versions/A/DiscRecordingUI
0x000000012fb90000 	/Applications/REAPER.app/Contents/Plugins/reaper_ogg.dylib
0x000000012f9a4000 	/Applications/REAPER.app/Contents/Plugins/reaper_csurf.dylib
0x000000012fa08000 	/Applications/REAPER.app/Contents/Plugins/reaper_video.dylib
0x0000000129520000 	/Applications/REAPER.app/Contents/Plugins/reap_osx_modern.dylib
0x00000001b3933000 	/System/Library/Frameworks/AVKit.framework/Versions/A/AVKit
0x00000002333ce000 	/System/Library/PrivateFrameworks/AVKitCore.framework/Versions/A/AVKitCore
0x00000001c91f1000 	/System/Library/PrivateFrameworks/PIP.framework/Versions/A/PIP
0x000000012fc84000 	/opt/homebrew/Cellar/ffmpeg/8.1.2_1/lib/libavutil.60.26.102.dylib
0x000000012fe34000 	/opt/homebrew/Cellar/openssl@3/3.6.3/lib/libssl.3.dylib
0x0000000144860000 	/opt/homebrew/Cellar/openssl@3/3.6.3/lib/libcrypto.3.dylib
0x000000012ff14000 	/opt/homebrew/Cellar/ffmpeg/8.1.2_1/lib/libswscale.9.5.102.dylib
0x000000012bf48000 	/opt/homebrew/Cellar/ffmpeg/8.1.2_1/lib/libswresample.6.3.102.dylib
0x0000000145668000 	/opt/homebrew/Cellar/ffmpeg/8.1.2_1/lib/libavcodec.62.28.102.dylib
0x0000000144564000 	/opt/homebrew/Cellar/libvpx/1.16.0/lib/libvpx.12.dylib
0x00000001443b4000 	/opt/homebrew/Cellar/dav1d/1.5.4/lib/libdav1d.7.dylib
0x000000012f888000 	/opt/homebrew/Cellar/lame/4.0/lib/libmp3lame.0.dylib
0x0000000144508000 	/opt/homebrew/Cellar/opus/1.6.1/lib/libopus.0.dylib
0x0000000145000000 	/opt/homebrew/Cellar/svt-av1/4.2.0/lib/libSvtAv1Enc.4.2.0.dylib
0x0000000144d0c000 	/opt/homebrew/Cellar/x264/r3222/lib/libx264.165.dylib
0x0000000146da0000 	/opt/homebrew/Cellar/x265/4.2/lib/libx265.216.dylib
0x00000001444ac000 	/opt/homebrew/Cellar/mpg123/1.33.6/lib/libmpg123.0.dylib
0x0000000146668000 	/opt/homebrew/Cellar/ffmpeg/8.1.2_1/lib/libavformat.62.12.102.dylib
0x0000000145334000 	/Applications/VLC.app/Contents/MacOS/lib/libvlccore.9.dylib
0x0000000158dbc000 	/Applications/VLC.app/Contents/MacOS/plugins/libavcodec_plugin.dylib
0x000000012bfd0000 	/Applications/VLC.app/Contents/MacOS/lib/libvlc.5.dylib
0x00000001295d8000 	/Applications/VLC.app/Contents/MacOS/plugins/libi420_rgb_plugin.dylib
0x000000012bf68000 	/Applications/VLC.app/Contents/MacOS/plugins/libi420_10_p010_plugin.dylib
0x000000012bf7c000 	/Applications/VLC.app/Contents/MacOS/plugins/libscaletempo_pitch_plugin.dylib
0x000000012f84c000 	/Applications/VLC.app/Contents/MacOS/plugins/libi420_yuy2_plugin.dylib
0x000000012f860000 	/Applications/VLC.app/Contents/MacOS/plugins/libi422_yuy2_plugin.dylib
0x000000012f874000 	/Applications/VLC.app/Contents/MacOS/plugins/libyuy2_i420_plugin.dylib
0x000000012f8dc000 	/Applications/VLC.app/Contents/MacOS/plugins/libi420_nv12_plugin.dylib
0x000000012f8f4000 	/Applications/VLC.app/Contents/MacOS/plugins/libyuy2_i422_plugin.dylib
0x000000012f908000 	/Applications/VLC.app/Contents/MacOS/plugins/libkeychain_plugin.dylib
0x000000012fb50000 	/Applications/VLC.app/Contents/MacOS/plugins/libi422_i420_plugin.dylib
0x000000012fb64000 	/Applications/VLC.app/Contents/MacOS/plugins/libgrey_yuv_plugin.dylib
0x000000012fb78000 	/Applications/VLC.app/Contents/MacOS/plugins/libchain_plugin.dylib
0x00000001444f4000 	/Applications/VLC.app/Contents/MacOS/plugins/libscale_plugin.dylib
0x0000000144718000 	/Applications/VLC.app/Contents/MacOS/plugins/libyuvp_plugin.dylib
0x0000000145418000 	/Applications/VLC.app/Contents/MacOS/plugins/libdav1d_plugin.dylib
0x000000014472c000 	/Applications/VLC.app/Contents/MacOS/plugins/libyuv_plugin.dylib
0x0000000144740000 	/Applications/VLC.app/Contents/MacOS/plugins/libscaletempo_plugin.dylib
0x0000000145528000 	/Applications/VLC.app/Contents/MacOS/plugins/libswscale_plugin.dylib
0x00000001ec0fb000 	/System/Library/Frameworks/OpenGL.framework/Versions/A/Resources/GLEngine.bundle/GLEngine
0x00000001ebfa0000 	/System/Library/Frameworks/OpenGL.framework/Versions/A/Libraries/libGLProgrammability.dylib
0x0000000144754000 	/System/Library/Extensions/AppleMetalOpenGLRenderer.bundle/Contents/MacOS/AppleMetalOpenGLRenderer
0x00000001ec25c000 	/System/Library/Frameworks/OpenGL.framework/Versions/A/Resources/GLRendererFloat.bundle/GLRendererFloat
0x0000000158000000 	/Users/jonathankawchuk/Library/Application Support/REAPER/UserPlugins/reaper_command_palette.dylib
0x00000001474ec000 	/Users/jonathankawchuk/Library/Application Support/REAPER/UserPlugins/reaper_csurf_integrator.dylib
0x0000000144830000 	/Users/jonathankawchuk/Library/Application Support/REAPER/UserPlugins/reaper_ptx_import.dylib
0x00000001447f0000 	/Users/jonathankawchuk/Library/Application Support/REAPER/UserPlugins/reaper_pt_spot.dylib
0x0000000144f40000 	/Users/jonathankawchuk/Library/Application Support/REAPER/UserPlugins/reaper_drivenbymoss.dylib
0x0000000147740000 	/Users/jonathankawchuk/Library/Application Support/REAPER/UserPlugins/reaper_imgui-arm64.dylib
0x0000000147adc000 	/Users/jonathankawchuk/Library/Application Support/REAPER/UserPlugins/reaper_sws-arm64.dylib
0x000000012bf90000 	/Users/jonathankawchuk/Library/Application Support/REAPER/UserPlugins/reaper_reatc-arm64.dylib
0x00000001469c8000 	/Users/jonathankawchuk/Library/Application Support/REAPER/UserPlugins/reaper_helgobox-arm64.dylib
0x000000015e5cc000 	/Users/jonathankawchuk/Library/Application Support/REAPER/UserPlugins/FX/helgobox-arm64.vst.dylib
0x000000015d3b0000 	/Users/jonathankawchuk/Library/Application Support/REAPER/Helgoboss/App/bin/Contents/Frameworks/FlutterMacOS.framework/FlutterMacOS
0x0000000158520000 	/Users/jonathankawchuk/Library/Application Support/REAPER/UserPlugins/reaper_js_ReaScriptAPI64ARM.dylib
0x00000001468ac000 	/Users/jonathankawchuk/Library/Application Support/REAPER/Helgoboss/App/bin/Contents/Frameworks/cryptography_flutter.framework/cryptography_flutter
0x0000000146a64000 	/Users/jonathankawchuk/Library/Application Support/REAPER/UserPlugins/reaper_reamo.dylib
0x0000000144fdc000 	/Users/jonathankawchuk/Library/Application Support/REAPER/Helgoboss/App/bin/Contents/Frameworks/device_info_plus.framework/device_info_plus
0x0000000158908000 	/Users/jonathankawchuk/Library/Application Support/REAPER/UserPlugins/reaper_reapack-arm64.dylib
0x00000001468e4000 	/Users/jonathankawchuk/Library/Application Support/REAPER/Helgoboss/App/bin/Contents/Frameworks/desktop_drop.framework/desktop_drop
0x000000014562c000 	/Users/jonathankawchuk/Library/Application Support/REAPER/Helgoboss/App/bin/Contents/Frameworks/native_context_menu.framework/native_context_menu
0x0000000145648000 	/Users/jonathankawchuk/Library/Application Support/REAPER/Helgoboss/App/bin/Contents/Frameworks/path_provider_foundation.framework/path_provider_foundation
0x00000001455f0000 	/Users/jonathankawchuk/Library/Application Support/REAPER/Helgoboss/App/bin/Contents/Frameworks/screen_retriever.framework/screen_retriever
0x0000000146c88000 	/Users/jonathankawchuk/Library/Application Support/REAPER/Helgoboss/App/bin/Contents/Frameworks/url_launcher_macos.framework/url_launcher_macos
0x000000014692c000 	/Users/jonathankawchuk/Library/Application Support/REAPER/Helgoboss/App/bin/Contents/Frameworks/window_manager.framework/window_manager
0x0000000146960000 	/Users/jonathankawchuk/Library/Application Support/REAPER/Helgoboss/App/bin/Contents/Frameworks/pointer_lock.framework/pointer_lock
0x0000000146cfc000 	/Users/jonathankawchuk/Library/Application Support/REAPER/Helgoboss/App/bin/Contents/MacOS/helgobox
0x00000001c6910000 	/usr/lib/swift/libswiftAppKit.dylib
0x0000000158b14000 	/Users/jonathankawchuk/Library/Application Support/REAPER/UserPlugins/reaper_ReacomaExtension.dylib
0x0000000264b0c000 	/System/Library/PrivateFrameworks/TextInputUI.framework/Versions/A/TextInputUI
0x0000000264b30000 	/System/Library/PrivateFrameworks/TextInputUIMacHelper.framework/Versions/A/TextInputUIMacHelper
0x000000025a936000 	/System/Library/PrivateFrameworks/Sage.framework/Versions/A/Sage
0x000000011b70c000 	/Users/jonathankawchuk/Library/Application Support/REAPER/UserPlugins/java-runtime/lib/libjli.dylib
0x000000016c048000 	/Users/jonathankawchuk/Library/Application Support/REAPER/UserPlugins/java-runtime/lib/server/libjvm.dylib
0x000000011b420000 	/Users/jonathankawchuk/Library/Application Support/REAPER/UserPlugins/java-runtime/lib/libjimage.dylib
0x000000011c140000 	/Users/jonathankawchuk/Library/Application Support/REAPER/UserPlugins/java-runtime/lib/libjava.dylib
0x0000000129408000 	/Users/jonathankawchuk/Library/Application Support/REAPER/UserPlugins/java-runtime/lib/libnio.dylib
0x000000011c1f8000 	/Users/jonathankawchuk/Library/Application Support/REAPER/UserPlugins/java-runtime/lib/libnet.dylib
0x0000000129450000 	/Users/jonathankawchuk/Library/Application Support/REAPER/UserPlugins/java-runtime/lib/libzip.dylib
0x000000011c214000 	/Users/jonathankawchuk/Library/Application Support/REAPER/UserPlugins/java-runtime/lib/libverify.dylib
0x000000015d220000 	/Users/jonathankawchuk/Library/Application Support/REAPER/UserPlugins/java-runtime/lib/libawt.dylib
0x00000001eea70000 	/System/Library/Frameworks/JavaRuntimeSupport.framework/Versions/A/JavaRuntimeSupport
0x0000000161cd4000 	/Users/jonathankawchuk/Library/Application Support/REAPER/UserPlugins/java-runtime/lib/libawt_lwawt.dylib
0x0000000146d54000 	/Users/jonathankawchuk/Library/Application Support/REAPER/UserPlugins/java-runtime/lib/libosxapp.dylib
0x00000001b1d71000 	/System/Library/Frameworks/ExceptionHandling.framework/Versions/A/ExceptionHandling
0x0000000163fb8000 	/Users/jonathankawchuk/Library/Application Support/REAPER/UserPlugins/java-runtime/lib/libfontmanager.dylib
0x000000015d2c8000 	/Users/jonathankawchuk/Library/Application Support/REAPER/UserPlugins/java-runtime/lib/libfreetype.dylib
0x000000015e518000 	/Applications/REAPER.app/Contents/Plugins/FX/reasurround2.vst.dylib
0x00000001649f4000 	/Library/Audio/Plug-Ins/VST3/dpMeter5.vst3/Contents/MacOS/dpMeter5
0x000000032520c000 	/Library/Audio/Plug-Ins/VST3/SonoBus.vst3/Contents/MacOS/SonoBus
0x00000001ed351000 	/System/Library/Frameworks/CoreAudioKit.framework/Versions/A/CoreAudioKit
0x00000001ecb1e000 	/System/Library/Frameworks/AudioVideoBridging.framework/Versions/A/AudioVideoBridging
0x00000001d82e2000 	/System/Library/Frameworks/ScriptingBridge.framework/Versions/A/ScriptingBridge
0x0000000164b68000 	/System/Library/Components/CoreAudio.component/Contents/MacOS/CoreAudio
0x0000000332d20000 	/Library/Audio/Plug-Ins/Components/MusePlugin.component/Contents/MacOS/MusePlugin
0x000000011af00000 	/private/var/folders/6g/_dyszwd54rd36jmvjmmd4htw0000gn/T/usb4java7635629501383737544.tmp/libusb4java.dylib
0x000000011af34000 	/System/Library/Extensions/IOUSBHostFamily.kext/Contents/PlugIns/IOUSBLib.bundle/Contents/MacOS/IOUSBLib
0x000000011abd0000 	/Users/jonathankawchuk/Library/Application Support/REAPER/UserPlugins/java-runtime/lib/libosxui.dylib
0x00000001e8cb6000 	/System/Library/PrivateFrameworks/VoiceShortcutClient.framework/Versions/A/VoiceShortcutClient
0x00000001bb510000 	/System/Library/PrivateFrameworks/ChronoServices.framework/Versions/A/ChronoServices
0x0000000259fab000 	/System/Library/PrivateFrameworks/ReplicatorEngine.framework/Versions/A/ReplicatorEngine
0x000000025a15e000 	/System/Library/PrivateFrameworks/ReplicatorServices.framework/Versions/A/ReplicatorServices
0x000000026411f000 	/System/Library/PrivateFrameworks/SystemWake.framework/Versions/A/SystemWake
0x000000038bb80000 	/Library/Audio/Plug-Ins/VST/Cthulhu.vst/Contents/MacOS/Cthulhu
0x000000038dea8000 	/Library/Audio/Plug-Ins/Components/Trackspacer25.component/Contents/MacOS/Trackspacer25
0x00000003d9e9c000 	/Library/Audio/Plug-Ins/VST3/Kontakt 7.vst3/Contents/MacOS/Kontakt 7
0x00000001ec488000 	/System/Library/Frameworks/AGL.framework/Versions/A/AGL
0x000000016b818000 	/System/Library/Frameworks/Security.framework/Versions/A/PlugIns/csparser.bundle/Contents/MacOS/csparser
0x0000000119ed8000 	/System/Library/TextEncodings/Unicode Encodings.bundle/Contents/MacOS/Unicode Encodings
0x000000011a8b4000 	/Library/Application Support/Native Instruments/Kontakt 7/sqlite3.dylib
0x000000011a73c000 	/Library/Application Support/Native Instruments/Kontakt 7/REX Shared Library.framework/Versions/A/REX Shared Library
0x0000000272d1d000 	/usr/lib/i18n/libiconv_std.dylib
0x0000000272d13000 	/usr/lib/i18n/libUTF8.dylib
0x0000000272d0f000 	/usr/lib/i18n/libUTF1632.dylib
0x0000000272d22000 	/usr/lib/i18n/libmapper_none.dylib
0x0000000420000000 	/Library/Audio/Plug-Ins/VST3/Vienna Synchron Player.vst3/Contents/MacOS/ViennaSynchronPlayer
0x000000038dd64000 	/Library/PrivilegedHelperTools/licenseDaemon.app/Contents/PlugIns/__Pace_Eden/libpacefusion_shared.dylib
0x00000003fdadc000 	/Library/Audio/Plug-Ins/VST3/UVIWorkstation.vst3/Contents/MacOS/UVIWorkstation
0x00000003e7d44000 	/Library/Audio/Plug-Ins/VST3/UVIWorkstation.vst3/Contents/Frameworks/libsndfile.1.0.37.dylib
0x0000000163e94000 	/Library/Audio/Plug-Ins/VST3/UVIWorkstation.vst3/Contents/Frameworks/REX Shared Library.framework/Versions/A/REX Shared Library
0x000000043c900000 	/Library/Audio/Plug-Ins/VST3/Air.vst3/Contents/MacOS/Air
0x000000037a358000 	/Library/Audio/Plug-Ins/VST3/Neutron 3.vst3/Contents/MacOS/PluginHooksVST3
0x000000043d800000 	/Library/Audio/Plug-Ins/VST3/Neutron 3.vst3/Contents/Resources/iZNeutron3.bundle/Contents/MacOS/iZNeutron3
0x000000037b6c4000 	/Library/Audio/Plug-Ins/VST3/Neutron 3.vst3/Contents/Resources/iZNeutron3.bundle/Contents/MacOS/libmp3lame.dylib
0x000000043cea8000 	/Library/Audio/Plug-Ins/VST3/Neutron 3.vst3/Contents/Resources/iZNeutron3.bundle/Contents/MacOS/libtag.dylib
0x0000000331858000 	/Library/Application Support/iZotope/Meter Tap 4/Meter Tap 4.bundle/Contents/MacOS/Meter Tap 4
0x0000000478f88000 	/Library/Audio/Plug-Ins/VST3/DecentSampler.vst3/Contents/MacOS/DecentSampler
0x0000000378eb8000 	/Applications/REAPER.app/Contents/Plugins/FX/reatune.vst.dylib
0x00000004d4134000 	/Library/Audio/Plug-Ins/VST3/Serum2.vst3/Contents/MacOS/Serum2
0x00000004d3d00000 	/Library/Audio/Plug-Ins/VST3/Dodo MIDI.vst3/Contents/MacOS/Dodo MIDI
0x0000000511d98000 	/Library/Audio/Plug-Ins/VST3/Trackspacer25.vst3/Contents/MacOS/Trackspacer25
0x00000003e79d8000 	/Library/Audio/Plug-Ins/VST3/MeldaProduction/Reverb/MConvolutionEZ.vst3/Contents/MacOS/MConvolutionEZ.bin
0x0000000529b10000 	/Library/Application Support/MeldaProduction/LIB/libMeldaProductionAudioPluginKernelV11.dylib
0x00000004a3ebc000 	/Applications/REAPER.app/Contents/Plugins/FX/reaverb.vst.dylib
0x00000004a4bd4000 	/Library/Audio/Plug-Ins/VST3/Kilohearts/kHs Compressor.vst3/Contents/MacOS/kHs Compressor
0x000000054ae44000 	/Library/Application Support/Kilohearts/HeartCore.core/Contents/MacOS/HeartCore
0x000000052e000000 	/Library/Audio/Plug-Ins/Components/LittlePlate.component/Contents/MacOS/LittlePlate
0x000000054866c000 	/Library/Frameworks/PACEEdenExperience.framework/Versions/A/WrapPersist.bundle/Contents/MacOS/WrapPersist
0x00000001c2924000 	/System/Library/PrivateFrameworks/TextToSpeech.framework/Versions/A/TextToSpeech
0x00000001c7cf1000 	/System/Library/PrivateFrameworks/AXAssetLoader.framework/Versions/A/AXAssetLoader

JVMTI agents: none


VM Arguments:
java_command: <unknown>
java_class_path (initial): /Users/jonathankawchuk/Library/Application Support/REAPER/UserPlugins/drivenbymoss-libs/DrivenByMoss4Reaper-26.6.4.jar:/Users/jonathankawchuk/Library/Application Support/REAPER/UserPlugins/drivenbymoss-libs/slf4j-ext-2.0.13.jar:/Users/jonathankawchuk/Library/Application Support/REAPER/UserPlugins/drivenbymoss-libs/jackson-databind-2.22.1.jar:/Users/jonathankawchuk/Library/Application Support/REAPER/UserPlugins/drivenbymoss-libs/jna-platform-5.19.1.jar:/Users/jonathankawchuk/Library/Application Support/REAPER/UserPlugins/drivenbymoss-libs/libusb4java-1.0.24-darwin.jar:/Users/jonathankawchuk/Library/Application Support/REAPER/UserPlugins/drivenbymoss-libs/usb4java-1.3.0.jar:/Users/jonathankawchuk/Library/Application Support/REAPER/UserPlugins/drivenbymoss-libs/purejavahidapi-0.0.21.jar:/Users/jonathankawchuk/Library/Application Support/REAPER/UserPlugins/drivenbymoss-libs/svg-salamander-1.1.2.2.jar:/Users/jonathankawchuk/Library/Application Support/REAPER/UserPlugins/drivenbymoss-libs/jackson-core-2.22.1.jar:/Users/jonathankawchuk/Library/Application Support/REAPER/UserPlugins/drivenbymoss-libs/inieditor-r6.jar:/Users/jonathankawchuk/Library/Application Support/REAPER/UserPlugins/drivenbymoss-libs/jackson-annotations-2.22.jar:/Users/jonathankawchuk/Library/Application Support/REAPER/UserPlugins/drivenbymoss-libs/slf4j-api-2.0.13.jar:/Users/jonathankawchuk/Library/Application Support/REAPER/UserPlugins/drivenbymoss-libs/nativefilechooser-1.3.1.jar:/Users/jonathankawchuk/Library/Application Support/REAPER/UserPlugins/drivenbymoss-libs/jamepad-2.30.0.0.jar:/Users/jonathankawchuk/Library/Application Support/REAPER/UserPlugins/drivenbymoss-libs/jna-5.19.1.jar:/Users/jonathankawchuk/Library/Application Support/REAPER/UserPlugins/drivenbymoss-libs/javaosc-core-0.9.jar:/Users/jonathankawchuk/Library/Application Support/REAPER/UserPlugins/drivenbymoss-libs/commons-lang3-3.8.1.jar:/Users/jonathankawchuk/Library/Application Support/REAPER/UserPlugins/drivenbymoss-libs/gdx-jnigen-loader-2.2.0.jar
Launcher Type: generic

[Global flags]
     intx CICompilerCount                          = 4                                         {product} {ergonomic}
     uint ConcGCThreads                            = 2                                         {product} {ergonomic}
     uint G1ConcRefinementThreads                  = 8                                         {product} {ergonomic}
   size_t G1HeapRegionSize                         = 2097152                                   {product} {ergonomic}
   size_t InitialHeapSize                          = 268435456                                 {product} {ergonomic}
   size_t MarkStackSize                            = 4194304                                   {product} {ergonomic}
   size_t MarkStackSizeMax                         = 536870912                                 {product} {ergonomic}
   size_t MaxHeapSize                              = 4294967296                                {product} {ergonomic}
   size_t MaxNewSize                               = 2575302656                                {product} {ergonomic}
   size_t MinHeapDeltaBytes                        = 2097152                                   {product} {ergonomic}
   size_t MinHeapSize                              = 8388608                                   {product} {ergonomic}
    uintx NonNMethodCodeHeapSize                   = 5849088                                {pd product} {ergonomic}
    uintx NonProfiledCodeHeapSize                  = 122912768                              {pd product} {ergonomic}
    uintx ProfiledCodeHeapSize                     = 122912768                              {pd product} {ergonomic}
    uintx ReservedCodeCacheSize                    = 251674624                              {pd product} {ergonomic}
     bool SegmentedCodeCache                       = true                                      {product} {ergonomic}
   size_t SoftMaxHeapSize                          = 4294967296                             {manageable} {ergonomic}
     bool UseCompressedOops                        = true                           {product lp64_product} {ergonomic}
     bool UseG1GC                                  = true                                      {product} {ergonomic}
     bool UseNUMA                                  = false                                     {product} {ergonomic}
     bool UseNUMAInterleaving                      = false                                     {product} {ergonomic}

Logging:
Log output configuration:
 #0: stdout all=warning uptime,level,tags foldmultilines=false
 #1: stderr all=off uptime,level,tags foldmultilines=false

Release file:
JAVA_VERSION="25.0.3" 
MODULES="java.base java.datatransfer java.xml java.prefs java.desktop java.instrument java.logging java.management java.security.sasl java.naming java.transaction.xa java.sql jdk.accessibility" 

Environment Variables:
PATH=/usr/bin:/bin:/usr/sbin:/sbin:/usr/local/bin:/Users/jonathankawchuk/flucoma-cli/bin
SHELL=/bin/zsh
TMPDIR=/var/folders/6g/_dyszwd54rd36jmvjmmd4htw0000gn/T/

Active Locale:
LC_ALL=C/UTF-8/C/C/C/C
LC_COLLATE=C
LC_CTYPE=UTF-8
LC_MESSAGES=C
LC_MONETARY=C
LC_NUMERIC=C
LC_TIME=C

Signal Handlers:
   SIGSEGV: crash_handler in libjvm.dylib, mask=11100110000111110111111111111111, flags=SA_ONSTACK|SA_RESTART|SA_SIGINFO, unblocked
    SIGBUS: crash_handler in libjvm.dylib, mask=11100110000111110111111111111111, flags=SA_RESTART|SA_SIGINFO, unblocked
    SIGFPE: crash_handler in libjvm.dylib, mask=11100110000111110111111111111111, flags=SA_RESTART|SA_SIGINFO, unblocked
   SIGPIPE: javaSignalHandler in libjvm.dylib, mask=11100110000111110111111111111111, flags=SA_RESTART|SA_SIGINFO, blocked
  chained to: javaSignalHandler in libjvm.dylib, mask=11100110000111110111111111111111, flags=SA_RESTART|SA_SIGINFO
   SIGXFSZ: javaSignalHandler in libjvm.dylib, mask=11100110000111110111111111111111, flags=SA_RESTART|SA_SIGINFO, blocked
    SIGILL: crash_handler in libjvm.dylib, mask=11100110000111110111111111111111, flags=SA_RESTART|SA_SIGINFO, unblocked
   SIGUSR2: SR_handler in libjvm.dylib, mask=00000000000000000000000000000000, flags=SA_RESTART|SA_SIGINFO, blocked
    SIGHUP: UserHandler in libjvm.dylib, mask=11100110000111110111111111111111, flags=SA_RESTART|SA_SIGINFO, blocked
    SIGINT: UserHandler in libjvm.dylib, mask=11100110000111110111111111111111, flags=SA_RESTART|SA_SIGINFO, blocked
   SIGTERM: UserHandler in libjvm.dylib, mask=11100110000111110111111111111111, flags=SA_RESTART|SA_SIGINFO, blocked
   SIGQUIT: UserHandler in libjvm.dylib, mask=11100110000111110111111111111111, flags=SA_RESTART|SA_SIGINFO, blocked
   SIGTRAP: crash_handler in libjvm.dylib, mask=11100110000111110111111111111111, flags=SA_RESTART|SA_SIGINFO, unblocked


Compilation memory statistics disabled.

Periodic native trim disabled

---------------  S Y S T E M  ---------------

OS:
uname: Darwin 24.6.0 Darwin Kernel Version 24.6.0: Wed Oct 15 21:08:19 PDT 2025; root:xnu-11417.140.69.703.14~1/RELEASE_ARM64_T8103 arm64
OS uptime: 1 days 4:46 hours
rlimit (soft/hard): STACK 8176k/65520k , CORE 0k/infinity , NPROC 2666/4000 , NOFILE 10240/10240 , AS infinity/infinity , CPU infinity/infinity , DATA infinity/infinity , FSIZE infinity/infinity , MEMLOCK infinity/infinity , RSS infinity/infinity
load average: 8.23 8.29 6.95

CPU: total 8 (initial active 8) 0x61:0x0:0x1b588bb3:0, fp, asimd, aes, pmull, sha1, sha256, crc32, lse, sha3, sha512
machdep.cpu.brand_string:Apple M1
hw.cachelinesize:128
hw.l1icachesize:131072
hw.l1dcachesize:65536
hw.l2cachesize:4194304

Memory: 16k page, physical 16777216k(2634896k free), swap 7340032k(896000k free)

vm_info: OpenJDK 64-Bit Server VM (25.0.3+9-LTS) for bsd-aarch64 JRE (25.0.3+9-LTS), built on 2026-04-21T00:00:00Z with clang Apple LLVM 15.0.0 (clang-1500.1.0.2.5)

END.
