#
# A fatal error has been detected by the Java Runtime Environment:
#
#  SIGSEGV (0xb) at pc=0x000000019b089ebc, pid=57749, tid=192003
#
# JRE version: OpenJDK Runtime Environment Temurin-25.0.3+9 (25.0.3+9) (build 25.0.3+9-LTS)
# Java VM: OpenJDK 64-Bit Server VM Temurin-25.0.3+9 (25.0.3+9-LTS, mixed mode, tiered, compressed oops, compressed class ptrs, g1 gc, bsd-aarch64)
# Problematic frame:
# C  [libobjc.A.dylib+0x9ebc]  lookUpImpOrForward+0x54
#
# No core dump will be written. Core dumps have been disabled. To enable core dumping, try "ulimit -c unlimited" before starting Java again
#
# If you would like to submit a bug report, please visit:
#   https://github.com/adoptium/adoptium-support/issues
#

---------------  S U M M A R Y ------------

Command Line: 

Host: "MacBookPro17,1" arm64, 8 cores, 16G, Darwin 24.6.0, macOS 15.7.2 (24G325)
Time: Wed Sep  9 18:47:34 2026 EDT elapsed time: 17187.276999 seconds (0d 4h 46m 27s)

---------------  T H R E A D  ---------------

Current thread (0x0000000126010200):  VMThread "VM Thread"          [id=192003, stack(0x000000032460c000,0x000000032480f000) (2060K)]

Stack: [0x000000032460c000,0x000000032480f000],  sp=0x000000032480e660,  free space=2057k
Native frames: (J=compiled Java code, j=interpreted, Vv=VM code, C=native code)
C  [libobjc.A.dylib+0x9ebc]  lookUpImpOrForward+0x54
C  [libobjc.A.dylib+0x9b84]  _objc_msgSend_uncached+0x44
C  [HeartCore+0x6cf550]  boost::thread_detail::rollback_once_region(boost::once_flag&)+0x3e8c
C  [libsystem_c.dylib+0x27704]  exit+0x2c
V  [libjvm.dylib+0x89fc20]  os::_exit(int)+0x0
V  [libjvm.dylib+0x89fc14]  permit_forbidden_function::exit(int)+0x0
V  [libjvm.dylib+0x4e4f94]  notify_vm_shutdown()+0x0
V  [libjvm.dylib+0xb8005c]  VM_Exit::doit()+0x168
V  [libjvm.dylib+0xb7f368]  VM_Operation::evaluate()+0xec
V  [libjvm.dylib+0xb8ef10]  VMThread::evaluate_operation(VM_Operation*)+0x10c
V  [libjvm.dylib+0xb8f72c]  VMThread::inner_execute(VM_Operation*)+0x29c
V  [libjvm.dylib+0xb8ebac]  VMThread::run()+0xd0
V  [libjvm.dylib+0xaf9d74]  Thread::call_run()+0xc8
V  [libjvm.dylib+0x898aa0]  thread_native_entry(Thread*)+0x118
C  [libsystem_pthread.dylib+0x6bc8]  _pthread_start+0x88

siginfo: si_signo: 11 (SIGSEGV), si_code: 2 (SEGV_ACCERR), si_addr: 0x00001da18c015460

Registers:
 x0=0x0000600001239950  x1=0x0000000216049388  x2=0x000060001dc55440  x3=0x0000000000000003
 x4=0x0000000000000000  x5=0x0000000000000001  x6=0x0000000000000000  x7=0x0000000000000000
 x8=0x00001da18c015440  x9=0x0000000000000000 x10=0x0000600003cac000 x11=0x0000000000000007
x12=0x0000600003cac000 x13=0x0000600003cac030 x14=0x010060001dc55441 x15=0x000060001dc55440
x16=0x000060001dc55440 x17=0x0000000000000000 x18=0x0000000000000000 x19=0x0000600001239950
x20=0x0000000216049388 x21=0x000060001dc55440 x22=0x0f007ffffffffff8 x23=0x0000000000000000
x24=0x0000000000000002 x25=0x0000000209417000 x26=0x0000000000000008 x27=0x0000000538960e10
x28=0x0000000000000007  fp=0x000000032480e6c0  lr=0x000000019b089b84  sp=0x000000032480e660
pc=0x000000019b089ebc cpsr=0x0000000000001000

Register to memory mapping:

x0 =0x0000600001239950 points into unknown readable memory: 0x010060001dc55441 | 41 54 c5 1d 00 60 00 01
x1 =0x0000000216049388 points into unknown readable memory: 0x6c63007261656c63 | 63 6c 65 61 72 00 63 6c
x2 =0x000060001dc55440 points into unknown readable memory: 0x00009da18c015440 | 40 54 01 8c a1 9d 00 00
x3 =0x0000000000000003 is an unknown value
x4 =0x0 is null
x5 =0x0000000000000001 is an unknown value
x6 =0x0 is null
x7 =0x0 is null
x8 =0x00001da18c015440 is an unknown value
x9 =0x0 is null
x10=0x0000600003cac000 points into unknown readable memory: 0x00009da1920ec000 | 00 c0 0e 92 a1 9d 00 00
x11=0x0000000000000007 is an unknown value
x12=0x0000600003cac000 points into unknown readable memory: 0x00009da1920ec000 | 00 c0 0e 92 a1 9d 00 00
x13=0x0000600003cac030 points into unknown readable memory: 0x0000000000000000 | 00 00 00 00 00 00 00 00
x14=0x010060001dc55441 points into unknown readable memory: 54 01 8c a1 9d 00 00
x15=0x000060001dc55440 points into unknown readable memory: 0x00009da18c015440 | 40 54 01 8c a1 9d 00 00
x16=0x000060001dc55440 points into unknown readable memory: 0x00009da18c015440 | 40 54 01 8c a1 9d 00 00
x17=0x0 is null
x18=0x0 is null
x19=0x0000600001239950 points into unknown readable memory: 0x010060001dc55441 | 41 54 c5 1d 00 60 00 01
x20=0x0000000216049388 points into unknown readable memory: 0x6c63007261656c63 | 63 6c 65 61 72 00 63 6c
x21=0x000060001dc55440 points into unknown readable memory: 0x00009da18c015440 | 40 54 01 8c a1 9d 00 00
x22=0x0f007ffffffffff8 is an unknown value
x23=0x0 is null
x24=0x0000000000000002 is an unknown value
x25=0x0000000209417000: usual+0x580 in /usr/lib/system/libsystem_c.dylib at 0x000000019b30c000
x26=0x0000000000000008 is an unknown value
x27=0x0000000538960e10 points into unknown readable memory: 0x0000000000000002 | 02 00 00 00 00 00 00 00
x28=0x0000000000000007 is an unknown value
 fp=0x000000032480e6c0 points into unknown readable memory: 0x000000032480e7a0 | a0 e7 80 24 03 00 00 00
 lr=0x000000019b089b84: _objc_msgSend_uncached+0x44 in /usr/lib/libobjc.A.dylib at 0x000000019b080000
 sp=0x000000032480e660 points into unknown readable memory: 0x00000004554ebf1a | 1a bf 4e 55 04 00 00 00

Top of Stack: (sp=0x000000032480e660)
0x000000032480e660:   00000004554ebf1a 0000000455677ea0   ..NU.....~gU....
0x000000032480e670:   0000000000000007 0000000538960e10   ...........8....
0x000000032480e680:   0000000000000008 0000000209417000   .........pA.....
0x000000032480e690:   0000000000000002 0000000000000000   ................
0x000000032480e6a0:   0000000538960e00 0000000538960ef0   ...8.......8....
0x000000032480e6b0:   0000600001239940 00000001120bd4f0   @.#..`..........
0x000000032480e6c0:   000000032480e7a0 000000019b089b84   ...$............
0x000000032480e6d0:   0000001000000168 0000000000000000   h...............
0x000000032480e6e0:   00000001ffffffff 0000000000000000   ................
0x000000032480e6f0:   0706050403020100 0f0e0d0c0b0a0908   ................
0x000000032480e700:   2e2e2e2e2e2e2e2e 2e2e2e2e2e2e2e2e   ................
0x000000032480e710:   4217c00000000000 0000000000000000   .......B........
0x000000032480e720:   41b0000000000000 0000000000000000   .......A........
0x000000032480e730:   3ff0000000000000 0000000000000000   .......?........
0x000000032480e740:   0000000000000000 0000000000000000   ................
0x000000032480e750:   0000600001239950 0000000216049388   P.#..`..........
0x000000032480e760:   0000000000000001 0000000000000001   ................
0x000000032480e770:   0000000000000000 0000000000000001   ................
0x000000032480e780:   0000000000000000 0000000000000000   ................
0x000000032480e790:   00000005644fd000 000060001dc55440   ..Od....@T...`..
0x000000032480e7a0:   000000032480e890 0000000563513550   ...$....P5Qc....
0x000000032480e7b0:   00000001120bd458 00000001120bd440   X.......@.......
0x000000032480e7c0:   000000032480e890 000000056346978c   ...$......Fc....
0x000000032480e7d0:   0000000000000002 0000000000000000   ................
0x000000032480e7e0:   0000000538960e00 0000000538960ef0   ...8.......8....
0x000000032480e7f0:   0000000209415b68 0000000564770930   h[A.....0.wd....
0x000000032480e800:   000000032480e890 0000000563466e38   ...$....8nFc....
0x000000032480e810:   0000000209415b68 0000000000000000   h[A.............
0x000000032480e820:   000000032480e890 000000019b333944   ...$....D93.....
0x000000032480e830:   0000000000000000 0000000000000008   ................
0x000000032480e840:   000000030b898000 000000030b81af48   ........H.......
0x000000032480e850:   000000030b81af10 000000030b898558   ........X.......

Instructions: (pc=0x000000019b089ebc)
  0x000000019b089dbc:   1f 20 03 d5 21 01 00 37 71 35 98 52 21 1e c1 da
  0x000000019b089dcc:   21 f4 7e 92 30 40 00 91 11 02 40 f9 21 00 40 f9
  0x000000019b089ddc:   e1 47 c1 da 30 0a 1f d7 7f 23 03 d5 fd 7b bf a9
  0x000000019b089dec:   fd 03 00 91 ff 43 03 d1 e0 07 00 ad e2 0f 01 ad
  0x000000019b089dfc:   e4 17 02 ad e6 1f 03 ad e0 07 08 a9 e2 0f 09 a9
  0x000000019b089e0c:   e4 17 0a a9 e6 1f 0b a9 e8 63 00 f9 e0 03 01 aa
  0x000000019b089e1c:   fc ab 00 94 f1 03 00 aa f0 03 01 aa e0 07 40 ad
  0x000000019b089e2c:   e2 0f 41 ad e4 17 42 ad e6 1f 43 ad e0 07 48 a9
  0x000000019b089e3c:   e2 0f 49 a9 e4 17 4a a9 e6 1f 4b a9 e8 63 40 f9
  0x000000019b089e4c:   bf 03 00 91 fd 7b c1 a8 ff 23 03 d5 5e 00 f0 b6
  0x000000019b089e5c:   20 8e 38 d4 e1 03 10 aa 3f 0a 1f d6 7f 23 03 d5
  0x000000019b089e6c:   ff c3 01 d1 fc 6f 01 a9 fa 67 02 a9 f8 5f 03 a9
  0x000000019b089e7c:   f6 57 04 a9 f4 4f 05 a9 fd 7b 06 a9 fd 83 01 91
  0x000000019b089e8c:   f5 03 02 aa f4 03 01 aa f3 03 00 aa f6 af 7d b2
  0x000000019b089e9c:   16 e0 e1 f2 48 10 40 f9 e8 47 c1 da 08 01 16 8a
  0x000000019b089eac:   08 01 40 b9 e8 00 00 37 a8 02 40 f9 08 ad 7d 92
=>0x000000019b089ebc:   08 11 40 f9 e8 47 c1 da 08 01 16 8a 08 01 40 b9
  0x000000019b089ecc:   09 00 80 52 6a 00 1d 32 1f 01 03 72 7a 10 8a 1a
  0x000000019b089edc:   7c d0 3b d5 88 1b 40 b9 9b eb 35 d0 7b 03 14 91
  0x000000019b089eec:   68 7f e9 88 3f 01 00 71 a0 00 00 54 80 eb 35 d0
  0x000000019b089efc:   00 00 14 91 a1 00 a0 52 2b e4 00 94 a8 02 40 f9
  0x000000019b089f0c:   08 05 00 d1 1f 3d 00 f1 03 11 00 54 a8 82 00 91
  0x000000019b089f1c:   09 01 40 f9 a9 10 f8 b6 10 01 40 f9 f1 03 08 aa
  0x000000019b089f2c:   51 27 f9 f2 30 1e c1 da f1 03 10 aa f1 47 c1 da
  0x000000019b089f3c:   1f 02 11 eb 40 00 00 54 60 8e 38 d4 08 02 16 8a
  0x000000019b089f4c:   08 09 40 79 29 1c 37 90 29 c9 4f b9 3f 01 08 6b
  0x000000019b089f5c:   c9 0e 00 54 29 1c 37 90 29 e1 47 f9 28 11 08 8b
  0x000000019b089f6c:   08 25 40 a9 1f 01 15 eb 20 91 55 fa e9 0d 00 54
  0x000000019b089f7c:   42 03 00 12 e0 03 13 aa e1 03 15 aa cf 71 00 94
  0x000000019b089f8c:   f5 03 00 aa 10 00 00 90 10 82 27 91 f0 23 c1 da
  0x000000019b089f9c:   e0 01 00 b4 a8 02 40 f9 10 00 00 90 10 82 27 91
  0x000000019b089fac:   f0 23 c1 da 1f ad 7d f2 80 01 00 54 28 1c 37 90


Stack slot to memory mapping:

stack at sp + 0 slots: 0x00000004554ebf1a: <offset 0x24ebf1a> in /Library/Audio/Plug-Ins/VST3/Neutron 3.vst3/Contents/Resources/iZNeutron3.bundle/Contents/MacOS/iZNeutron3 at 0x0000000453000000
stack at sp + 1 slots: 0x0000000455677ea0: <offset 0x2677ea0> in /Library/Audio/Plug-Ins/VST3/Neutron 3.vst3/Contents/Resources/iZNeutron3.bundle/Contents/MacOS/iZNeutron3 at 0x0000000453000000
stack at sp + 2 slots: 0x0000000000000007 is an unknown value
stack at sp + 3 slots: 0x0000000538960e10 points into unknown readable memory: 0x0000000000000002 | 02 00 00 00 00 00 00 00
stack at sp + 4 slots: 0x0000000000000008 is an unknown value
stack at sp + 5 slots: 0x0000000209417000: usual+0x580 in /usr/lib/system/libsystem_c.dylib at 0x000000019b30c000
stack at sp + 6 slots: 0x0000000000000002 is an unknown value
stack at sp + 7 slots: 0x0 is null

VM_Operation (0x0000000338c526b8): Exit, mode: safepoint, requested by thread 0x00000003c0432000


---------------  P R O C E S S  ---------------

Threads class SMR info:
_java_thread_list=0x000060001db27fe0, length=16, elements={
0x0000000125158600, 0x0000000303a29800, 0x000000016f9e6a00, 0x0000000303ac9800,
0x0000000303a17000, 0x000000016f4d6e00, 0x000000012515e200, 0x000000016f497e00,
0x0000000303a96400, 0x000000016f585400, 0x000000032b384200, 0x0000000165723600,
0x000000012354ce00, 0x0000000122a2a600, 0x000000033a9f2c00, 0x00000003c0432000
}

Java Threads: ( => current thread )
  0x0000000125158600 JavaThread "main"                              [_thread_in_native, id=259, stack(0x000000016af68000,0x000000016b764000) (8176K)]
  0x0000000303a29800 JavaThread "Reference Handler"          daemon [_thread_blocked, id=194307, stack(0x0000000324818000,0x0000000324a1b000) (2060K)]
  0x000000016f9e6a00 JavaThread "Finalizer"                  daemon [_thread_blocked, id=194819, stack(0x0000000324a24000,0x0000000324c27000) (2060K)]
  0x0000000303ac9800 JavaThread "Service Thread"             daemon [_thread_blocked, id=238339, stack(0x0000000329004000,0x0000000329207000) (2060K)]
  0x0000000303a17000 JavaThread "Monitor Deflation Thread"   daemon [_thread_blocked, id=195331, stack(0x0000000329210000,0x0000000329413000) (2060K)]
  0x000000016f4d6e00 JavaThread "C2 CompilerThread0"         daemon [_thread_blocked, id=195587, stack(0x000000032941c000,0x000000032961f000) (2060K)]
  0x000000012515e200 JavaThread "C1 CompilerThread0"         daemon [_thread_blocked, id=237571, stack(0x0000000329628000,0x000000032982b000) (2060K)]
  0x000000016f497e00 JavaThread "Notification Thread"        daemon [_thread_blocked, id=237315, stack(0x0000000329834000,0x0000000329a37000) (2060K)]
  0x0000000303a96400 JavaThread "Common-Cleaner"             daemon [_thread_blocked, id=236803, stack(0x0000000329a40000,0x0000000329c43000) (2060K)]
  0x000000016f585400 JavaThread "TimerQueue"                 daemon [_thread_blocked, id=151819, stack(0x0000000308670000,0x0000000308873000) (2060K)]
  0x000000032b384200 JavaThread "AWT-Shutdown"                      [_thread_blocked, id=197899, stack(0x0000000308464000,0x0000000308667000) (2060K)]
  0x0000000165723600 JavaThread "AWT-EventQueue-0"                  [_thread_blocked, id=213259, stack(0x000000030887c000,0x0000000308a7f000) (2060K)]
  0x000000012354ce00 JavaThread "Java2D Queue Flusher"       daemon [_thread_blocked, id=59659, stack(0x0000000329c4c000,0x0000000329e4f000) (2060K)]
  0x0000000122a2a600 JavaThread "Java2D Disposer"            daemon [_thread_blocked, id=152859, stack(0x000000032a294000,0x000000032a497000) (2060K)]
  0x000000033a9f2c00 JavaThread "pool-2-thread-1"                   [_thread_blocked, id=210183, stack(0x000000037dda0000,0x000000037dfa3000) (2060K)]
  0x00000003c0432000 JavaThread "SIGTERM handler"            daemon [_thread_blocked, id=11527, stack(0x0000000338a50000,0x0000000338c53000) (2060K)]
Total: 16

Other Threads:
=>0x0000000126010200 VMThread "VM Thread"                           [id=192003, stack(0x000000032460c000,0x000000032480f000) (2060K)]
  0x000000016f9a7200 WorkerThread "GC Thread#0"                     [id=244739, stack(0x000000016ecd4000,0x000000016eed7000) (2060K)]
  0x000000056a6c0200 WorkerThread "GC Thread#1"                     [id=385619, stack(0x00000005a3ac0000,0x00000005a3cc3000) (2060K)]
  0x000000056a6c0800 WorkerThread "GC Thread#2"                     [id=476691, stack(0x00000005a3ccc000,0x00000005a3ecf000) (2060K)]
  0x000000056a67c400 WorkerThread "GC Thread#3"                     [id=224303, stack(0x00000005a5804000,0x00000005a5a07000) (2060K)]
  0x000000056a67ca00 WorkerThread "GC Thread#4"                     [id=477447, stack(0x00000005a5a10000,0x00000005a5c13000) (2060K)]
  0x0000000538bf0400 WorkerThread "GC Thread#5"                     [id=185131, stack(0x00000005a5c1c000,0x00000005a5e1f000) (2060K)]
  0x000000056a67d000 WorkerThread "GC Thread#6"                     [id=477711, stack(0x00000005a5e28000,0x00000005a602b000) (2060K)]
  0x000000056a67d600 WorkerThread "GC Thread#7"                     [id=477959, stack(0x00000005a6034000,0x00000005a6237000) (2060K)]
  0x0000000124ad7200 ConcurrentGCThread "G1 Main Marker"            terminated
  0x00000001655fde00 WorkerThread "G1 Conc#0"                       [id=244227, stack(0x0000000308bc4000,0x0000000308dc7000) (2060K)]
  0x000000012401da00 ConcurrentGCThread "G1 Refine#0"               terminated
  0x00000001652ef200 ConcurrentGCThread "G1 Service"                terminated
Total: 13

Threads with active compile tasks:
Total: 0

VM state: at safepoint (shutting down)

VM Mutex/Monitor currently owned by a thread:  ([mutex/lock_event])
[0x000000030b92a8c0] Threads_lock - owner thread: 0x0000000126010200
[0x000000030b92aa40] Heap_lock - owner thread: 0x00000003c0432000

Heap address: 0x0000000700000000, size: 4096 MB, Compressed Oops mode: Zero based, Oop shift amount: 3

CDS archive(s) not mapped
Compressed class space mapped at: 0x00001f8000000000-0x00001f8040000000, reserved size: 1073741824
UseCompressedClassPointers 1, UseCompactObjectHeaders 0
Narrow klass pointer bits 32, Max shift 3
Narrow klass base: 0x00001f8000000000, Narrow klass shift: 0
Encoding Range: [0x00001f8000000000 - 0x00001f8100000000), (4294967296 bytes)
Klass Range:    [0x00001f8000000000 - 0x00001f8040000000), (1073741824 bytes)
Klass ID Range:  [8 - 1073741817) (1073741809)
Protection zone: [0x00001f8000000000 - 0x00001f8000010000), (65536 bytes)

GC Precious Log:
 CardTable entry size: 512
 Card Set container configuration: InlinePtr #cards 4 size 8 Array Of Cards #cards 16 size 48 Howl #buckets 8 coarsen threshold 3686 Howl Bitmap #cards 512 size 80 coarsen threshold 460 Card regions per heap region 1 cards per card region 4096
 CPUs: 8 total, 8 available
 Memory: 16384M
 Large Page Support: Disabled
 NUMA Support: Disabled
 Compressed Oops: Enabled (Zero based)
 Heap Region Size: 2M
 Heap Min Capacity: 8M
 Heap Initial Capacity: 256M
 Heap Max Capacity: 4G
 Pre-touch: Disabled
 Parallel Workers: 8
 Concurrent Workers: 2
 Concurrent Refinement Workers: 8
 Periodic GC: Disabled

Heap:
 garbage-first heap   total reserved 4194304K, committed 262144K, used 93302K [0x0000000700000000, 0x0000000800000000)
  region size 2048K, 44 young (90112K), 2 survivors (4096K)

Heap Regions: E=young(eden), S=young(survivor), O=old, HS=humongous(starts), HC=humongous(continues), CS=collection set, F=free, TAMS=top-at-mark-start, PB=parsable bottom
|   0|0x0000000700000000, 0x0000000700200000, 0x0000000700200000|100%| O|  |TAMS 0x0000000700000000| PB 0x0000000700000000| Untracked |  0
|   1|0x0000000700200000, 0x0000000700400000, 0x0000000700400000|100%| O|  |TAMS 0x0000000700200000| PB 0x0000000700200000| Untracked |  0
|   2|0x0000000700400000, 0x0000000700600000, 0x0000000700600000|100%| O|  |TAMS 0x0000000700400000| PB 0x0000000700400000| Untracked |  0
|   3|0x0000000700600000, 0x00000007006749c0, 0x0000000700800000| 22%| O|  |TAMS 0x0000000700600000| PB 0x0000000700600000| Untracked |  0
|   4|0x0000000700800000, 0x0000000700800000, 0x0000000700a00000|  0%| F|  |TAMS 0x0000000700800000| PB 0x0000000700800000| Untracked |  0
|   5|0x0000000700a00000, 0x0000000700a00000, 0x0000000700c00000|  0%| F|  |TAMS 0x0000000700a00000| PB 0x0000000700a00000| Untracked |  0
|   6|0x0000000700c00000, 0x0000000700c00000, 0x0000000700e00000|  0%| F|  |TAMS 0x0000000700c00000| PB 0x0000000700c00000| Untracked |  0
|   7|0x0000000700e00000, 0x0000000700e00000, 0x0000000701000000|  0%| F|  |TAMS 0x0000000700e00000| PB 0x0000000700e00000| Untracked |  0
|   8|0x0000000701000000, 0x0000000701000000, 0x0000000701200000|  0%| F|  |TAMS 0x0000000701000000| PB 0x0000000701000000| Untracked |  0
|   9|0x0000000701200000, 0x0000000701200000, 0x0000000701400000|  0%| F|  |TAMS 0x0000000701200000| PB 0x0000000701200000| Untracked |  0
|  10|0x0000000701400000, 0x0000000701400000, 0x0000000701600000|  0%| F|  |TAMS 0x0000000701400000| PB 0x0000000701400000| Untracked |  0
|  11|0x0000000701600000, 0x0000000701600000, 0x0000000701800000|  0%| F|  |TAMS 0x0000000701600000| PB 0x0000000701600000| Untracked |  0
|  12|0x0000000701800000, 0x0000000701800000, 0x0000000701a00000|  0%| F|  |TAMS 0x0000000701800000| PB 0x0000000701800000| Untracked |  0
|  13|0x0000000701a00000, 0x0000000701a00000, 0x0000000701c00000|  0%| F|  |TAMS 0x0000000701a00000| PB 0x0000000701a00000| Untracked |  0
|  14|0x0000000701c00000, 0x0000000701c00000, 0x0000000701e00000|  0%| F|  |TAMS 0x0000000701c00000| PB 0x0000000701c00000| Untracked |  0
|  15|0x0000000701e00000, 0x0000000701e00000, 0x0000000702000000|  0%| F|  |TAMS 0x0000000701e00000| PB 0x0000000701e00000| Untracked |  0
|  16|0x0000000702000000, 0x0000000702000000, 0x0000000702200000|  0%| F|  |TAMS 0x0000000702000000| PB 0x0000000702000000| Untracked |  0
|  17|0x0000000702200000, 0x0000000702200000, 0x0000000702400000|  0%| F|  |TAMS 0x0000000702200000| PB 0x0000000702200000| Untracked |  0
|  18|0x0000000702400000, 0x0000000702400000, 0x0000000702600000|  0%| F|  |TAMS 0x0000000702400000| PB 0x0000000702400000| Untracked |  0
|  19|0x0000000702600000, 0x0000000702600000, 0x0000000702800000|  0%| F|  |TAMS 0x0000000702600000| PB 0x0000000702600000| Untracked |  0
|  20|0x0000000702800000, 0x0000000702800000, 0x0000000702a00000|  0%| F|  |TAMS 0x0000000702800000| PB 0x0000000702800000| Untracked |  0
|  21|0x0000000702a00000, 0x0000000702a00000, 0x0000000702c00000|  0%| F|  |TAMS 0x0000000702a00000| PB 0x0000000702a00000| Untracked |  0
|  22|0x0000000702c00000, 0x0000000702c00000, 0x0000000702e00000|  0%| F|  |TAMS 0x0000000702c00000| PB 0x0000000702c00000| Untracked |  0
|  23|0x0000000702e00000, 0x0000000702e00000, 0x0000000703000000|  0%| F|  |TAMS 0x0000000702e00000| PB 0x0000000702e00000| Untracked |  0
|  24|0x0000000703000000, 0x0000000703000000, 0x0000000703200000|  0%| F|  |TAMS 0x0000000703000000| PB 0x0000000703000000| Untracked |  0
|  25|0x0000000703200000, 0x0000000703200000, 0x0000000703400000|  0%| F|  |TAMS 0x0000000703200000| PB 0x0000000703200000| Untracked |  0
|  26|0x0000000703400000, 0x0000000703400000, 0x0000000703600000|  0%| F|  |TAMS 0x0000000703400000| PB 0x0000000703400000| Untracked |  0
|  27|0x0000000703600000, 0x0000000703600000, 0x0000000703800000|  0%| F|  |TAMS 0x0000000703600000| PB 0x0000000703600000| Untracked |  0
|  28|0x0000000703800000, 0x0000000703800000, 0x0000000703a00000|  0%| F|  |TAMS 0x0000000703800000| PB 0x0000000703800000| Untracked |  0
|  29|0x0000000703a00000, 0x0000000703a00000, 0x0000000703c00000|  0%| F|  |TAMS 0x0000000703a00000| PB 0x0000000703a00000| Untracked |  0
|  30|0x0000000703c00000, 0x0000000703c00000, 0x0000000703e00000|  0%| F|  |TAMS 0x0000000703c00000| PB 0x0000000703c00000| Untracked |  0
|  31|0x0000000703e00000, 0x0000000703e00000, 0x0000000704000000|  0%| F|  |TAMS 0x0000000703e00000| PB 0x0000000703e00000| Untracked |  0
|  32|0x0000000704000000, 0x0000000704000000, 0x0000000704200000|  0%| F|  |TAMS 0x0000000704000000| PB 0x0000000704000000| Untracked |  0
|  33|0x0000000704200000, 0x0000000704200000, 0x0000000704400000|  0%| F|  |TAMS 0x0000000704200000| PB 0x0000000704200000| Untracked |  0
|  34|0x0000000704400000, 0x0000000704400000, 0x0000000704600000|  0%| F|  |TAMS 0x0000000704400000| PB 0x0000000704400000| Untracked |  0
|  35|0x0000000704600000, 0x0000000704600000, 0x0000000704800000|  0%| F|  |TAMS 0x0000000704600000| PB 0x0000000704600000| Untracked |  0
|  36|0x0000000704800000, 0x0000000704800000, 0x0000000704a00000|  0%| F|  |TAMS 0x0000000704800000| PB 0x0000000704800000| Untracked |  0
|  37|0x0000000704a00000, 0x0000000704a00000, 0x0000000704c00000|  0%| F|  |TAMS 0x0000000704a00000| PB 0x0000000704a00000| Untracked |  0
|  38|0x0000000704c00000, 0x0000000704c00000, 0x0000000704e00000|  0%| F|  |TAMS 0x0000000704c00000| PB 0x0000000704c00000| Untracked |  0
|  39|0x0000000704e00000, 0x0000000704e00000, 0x0000000705000000|  0%| F|  |TAMS 0x0000000704e00000| PB 0x0000000704e00000| Untracked |  0
|  40|0x0000000705000000, 0x0000000705000000, 0x0000000705200000|  0%| F|  |TAMS 0x0000000705000000| PB 0x0000000705000000| Untracked |  0
|  41|0x0000000705200000, 0x0000000705200000, 0x0000000705400000|  0%| F|  |TAMS 0x0000000705200000| PB 0x0000000705200000| Untracked |  0
|  42|0x0000000705400000, 0x0000000705400000, 0x0000000705600000|  0%| F|  |TAMS 0x0000000705400000| PB 0x0000000705400000| Untracked |  0
|  43|0x0000000705600000, 0x0000000705600000, 0x0000000705800000|  0%| F|  |TAMS 0x0000000705600000| PB 0x0000000705600000| Untracked |  0
|  44|0x0000000705800000, 0x0000000705800000, 0x0000000705a00000|  0%| F|  |TAMS 0x0000000705800000| PB 0x0000000705800000| Untracked |  0
|  45|0x0000000705a00000, 0x0000000705a00000, 0x0000000705c00000|  0%| F|  |TAMS 0x0000000705a00000| PB 0x0000000705a00000| Untracked |  0
|  46|0x0000000705c00000, 0x0000000705c00000, 0x0000000705e00000|  0%| F|  |TAMS 0x0000000705c00000| PB 0x0000000705c00000| Untracked |  0
|  47|0x0000000705e00000, 0x0000000705e00000, 0x0000000706000000|  0%| F|  |TAMS 0x0000000705e00000| PB 0x0000000705e00000| Untracked |  0
|  48|0x0000000706000000, 0x0000000706000000, 0x0000000706200000|  0%| F|  |TAMS 0x0000000706000000| PB 0x0000000706000000| Untracked |  0
|  49|0x0000000706200000, 0x0000000706200000, 0x0000000706400000|  0%| F|  |TAMS 0x0000000706200000| PB 0x0000000706200000| Untracked |  0
|  50|0x0000000706400000, 0x0000000706400000, 0x0000000706600000|  0%| F|  |TAMS 0x0000000706400000| PB 0x0000000706400000| Untracked |  0
|  51|0x0000000706600000, 0x0000000706600000, 0x0000000706800000|  0%| F|  |TAMS 0x0000000706600000| PB 0x0000000706600000| Untracked |  0
|  52|0x0000000706800000, 0x0000000706800000, 0x0000000706a00000|  0%| F|  |TAMS 0x0000000706800000| PB 0x0000000706800000| Untracked |  0
|  53|0x0000000706a00000, 0x0000000706a00000, 0x0000000706c00000|  0%| F|  |TAMS 0x0000000706a00000| PB 0x0000000706a00000| Untracked |  0
|  54|0x0000000706c00000, 0x0000000706c00000, 0x0000000706e00000|  0%| F|  |TAMS 0x0000000706c00000| PB 0x0000000706c00000| Untracked |  0
|  55|0x0000000706e00000, 0x0000000706e00000, 0x0000000707000000|  0%| F|  |TAMS 0x0000000706e00000| PB 0x0000000706e00000| Untracked |  0
|  56|0x0000000707000000, 0x0000000707000000, 0x0000000707200000|  0%| F|  |TAMS 0x0000000707000000| PB 0x0000000707000000| Untracked |  0
|  57|0x0000000707200000, 0x0000000707200000, 0x0000000707400000|  0%| F|  |TAMS 0x0000000707200000| PB 0x0000000707200000| Untracked |  0
|  58|0x0000000707400000, 0x0000000707400000, 0x0000000707600000|  0%| F|  |TAMS 0x0000000707400000| PB 0x0000000707400000| Untracked |  0
|  59|0x0000000707600000, 0x0000000707600000, 0x0000000707800000|  0%| F|  |TAMS 0x0000000707600000| PB 0x0000000707600000| Untracked |  0
|  60|0x0000000707800000, 0x0000000707800000, 0x0000000707a00000|  0%| F|  |TAMS 0x0000000707800000| PB 0x0000000707800000| Untracked |  0
|  61|0x0000000707a00000, 0x0000000707a00000, 0x0000000707c00000|  0%| F|  |TAMS 0x0000000707a00000| PB 0x0000000707a00000| Untracked |  0
|  62|0x0000000707c00000, 0x0000000707c00000, 0x0000000707e00000|  0%| F|  |TAMS 0x0000000707c00000| PB 0x0000000707c00000| Untracked |  0
|  63|0x0000000707e00000, 0x0000000707e00000, 0x0000000708000000|  0%| F|  |TAMS 0x0000000707e00000| PB 0x0000000707e00000| Untracked |  0
|  64|0x0000000708000000, 0x0000000708000000, 0x0000000708200000|  0%| F|  |TAMS 0x0000000708000000| PB 0x0000000708000000| Untracked |  0
|  65|0x0000000708200000, 0x0000000708200000, 0x0000000708400000|  0%| F|  |TAMS 0x0000000708200000| PB 0x0000000708200000| Untracked |  0
|  66|0x0000000708400000, 0x0000000708400000, 0x0000000708600000|  0%| F|  |TAMS 0x0000000708400000| PB 0x0000000708400000| Untracked |  0
|  67|0x0000000708600000, 0x0000000708600000, 0x0000000708800000|  0%| F|  |TAMS 0x0000000708600000| PB 0x0000000708600000| Untracked |  0
|  68|0x0000000708800000, 0x0000000708800000, 0x0000000708a00000|  0%| F|  |TAMS 0x0000000708800000| PB 0x0000000708800000| Untracked |  0
|  69|0x0000000708a00000, 0x0000000708a00000, 0x0000000708c00000|  0%| F|  |TAMS 0x0000000708a00000| PB 0x0000000708a00000| Untracked |  0
|  70|0x0000000708c00000, 0x0000000708c00000, 0x0000000708e00000|  0%| F|  |TAMS 0x0000000708c00000| PB 0x0000000708c00000| Untracked |  0
|  71|0x0000000708e00000, 0x0000000708e00000, 0x0000000709000000|  0%| F|  |TAMS 0x0000000708e00000| PB 0x0000000708e00000| Untracked |  0
|  72|0x0000000709000000, 0x0000000709000000, 0x0000000709200000|  0%| F|  |TAMS 0x0000000709000000| PB 0x0000000709000000| Untracked |  0
|  73|0x0000000709200000, 0x0000000709200000, 0x0000000709400000|  0%| F|  |TAMS 0x0000000709200000| PB 0x0000000709200000| Untracked |  0
|  74|0x0000000709400000, 0x0000000709400000, 0x0000000709600000|  0%| F|  |TAMS 0x0000000709400000| PB 0x0000000709400000| Untracked |  0
|  75|0x0000000709600000, 0x0000000709600000, 0x0000000709800000|  0%| F|  |TAMS 0x0000000709600000| PB 0x0000000709600000| Untracked |  0
|  76|0x0000000709800000, 0x0000000709800000, 0x0000000709a00000|  0%| F|  |TAMS 0x0000000709800000| PB 0x0000000709800000| Untracked |  0
|  77|0x0000000709a00000, 0x0000000709a00000, 0x0000000709c00000|  0%| F|  |TAMS 0x0000000709a00000| PB 0x0000000709a00000| Untracked |  0
|  78|0x0000000709c00000, 0x0000000709c00000, 0x0000000709e00000|  0%| F|  |TAMS 0x0000000709c00000| PB 0x0000000709c00000| Untracked |  0
|  79|0x0000000709e00000, 0x0000000709e00000, 0x000000070a000000|  0%| F|  |TAMS 0x0000000709e00000| PB 0x0000000709e00000| Untracked |  0
|  80|0x000000070a000000, 0x000000070a000000, 0x000000070a200000|  0%| F|  |TAMS 0x000000070a000000| PB 0x000000070a000000| Untracked |  0
|  81|0x000000070a200000, 0x000000070a200000, 0x000000070a400000|  0%| F|  |TAMS 0x000000070a200000| PB 0x000000070a200000| Untracked |  0
|  82|0x000000070a400000, 0x000000070a400000, 0x000000070a600000|  0%| F|  |TAMS 0x000000070a400000| PB 0x000000070a400000| Untracked |  0
|  83|0x000000070a600000, 0x000000070a600000, 0x000000070a800000|  0%| F|  |TAMS 0x000000070a600000| PB 0x000000070a600000| Untracked |  0
|  84|0x000000070a800000, 0x000000070a8978e8, 0x000000070aa00000| 29%| E|  |TAMS 0x000000070a800000| PB 0x000000070a800000| Complete |  0
|  85|0x000000070aa00000, 0x000000070ac00000, 0x000000070ac00000|100%| E|CS|TAMS 0x000000070aa00000| PB 0x000000070aa00000| Complete |  0
|  86|0x000000070ac00000, 0x000000070ae00000, 0x000000070ae00000|100%| E|CS|TAMS 0x000000070ac00000| PB 0x000000070ac00000| Complete |  0
|  87|0x000000070ae00000, 0x000000070b000000, 0x000000070b000000|100%| E|CS|TAMS 0x000000070ae00000| PB 0x000000070ae00000| Complete |  0
|  88|0x000000070b000000, 0x000000070b200000, 0x000000070b200000|100%| E|CS|TAMS 0x000000070b000000| PB 0x000000070b000000| Complete |  0
|  89|0x000000070b200000, 0x000000070b400000, 0x000000070b400000|100%| E|CS|TAMS 0x000000070b200000| PB 0x000000070b200000| Complete |  0
|  90|0x000000070b400000, 0x000000070b600000, 0x000000070b600000|100%| E|CS|TAMS 0x000000070b400000| PB 0x000000070b400000| Complete |  0
|  91|0x000000070b600000, 0x000000070b800000, 0x000000070b800000|100%| E|CS|TAMS 0x000000070b600000| PB 0x000000070b600000| Complete |  0
|  92|0x000000070b800000, 0x000000070ba00000, 0x000000070ba00000|100%| E|CS|TAMS 0x000000070b800000| PB 0x000000070b800000| Complete |  0
|  93|0x000000070ba00000, 0x000000070bc00000, 0x000000070bc00000|100%| E|CS|TAMS 0x000000070ba00000| PB 0x000000070ba00000| Complete |  0
|  94|0x000000070bc00000, 0x000000070be00000, 0x000000070be00000|100%| E|CS|TAMS 0x000000070bc00000| PB 0x000000070bc00000| Complete |  0
|  95|0x000000070be00000, 0x000000070c000000, 0x000000070c000000|100%| E|CS|TAMS 0x000000070be00000| PB 0x000000070be00000| Complete |  0
|  96|0x000000070c000000, 0x000000070c200000, 0x000000070c200000|100%| E|CS|TAMS 0x000000070c000000| PB 0x000000070c000000| Complete |  0
|  97|0x000000070c200000, 0x000000070c2a9080, 0x000000070c400000| 33%| S|CS|TAMS 0x000000070c200000| PB 0x000000070c200000| Complete |  0
|  98|0x000000070c400000, 0x000000070c600000, 0x000000070c600000|100%| S|CS|TAMS 0x000000070c400000| PB 0x000000070c400000| Complete |  0
|  99|0x000000070c600000, 0x000000070c800000, 0x000000070c800000|100%| E|CS|TAMS 0x000000070c600000| PB 0x000000070c600000| Complete |  0
| 100|0x000000070c800000, 0x000000070ca00000, 0x000000070ca00000|100%| E|CS|TAMS 0x000000070c800000| PB 0x000000070c800000| Complete |  0
| 101|0x000000070ca00000, 0x000000070cc00000, 0x000000070cc00000|100%| E|CS|TAMS 0x000000070ca00000| PB 0x000000070ca00000| Complete |  0
| 102|0x000000070cc00000, 0x000000070ce00000, 0x000000070ce00000|100%| E|CS|TAMS 0x000000070cc00000| PB 0x000000070cc00000| Complete |  0
| 103|0x000000070ce00000, 0x000000070d000000, 0x000000070d000000|100%| E|CS|TAMS 0x000000070ce00000| PB 0x000000070ce00000| Complete |  0
| 104|0x000000070d000000, 0x000000070d200000, 0x000000070d200000|100%| E|CS|TAMS 0x000000070d000000| PB 0x000000070d000000| Complete |  0
| 105|0x000000070d200000, 0x000000070d400000, 0x000000070d400000|100%| E|CS|TAMS 0x000000070d200000| PB 0x000000070d200000| Complete |  0
| 106|0x000000070d400000, 0x000000070d600000, 0x000000070d600000|100%| E|CS|TAMS 0x000000070d400000| PB 0x000000070d400000| Complete |  0
| 107|0x000000070d600000, 0x000000070d800000, 0x000000070d800000|100%| E|CS|TAMS 0x000000070d600000| PB 0x000000070d600000| Complete |  0
| 108|0x000000070d800000, 0x000000070da00000, 0x000000070da00000|100%| E|CS|TAMS 0x000000070d800000| PB 0x000000070d800000| Complete |  0
| 109|0x000000070da00000, 0x000000070dc00000, 0x000000070dc00000|100%| E|CS|TAMS 0x000000070da00000| PB 0x000000070da00000| Complete |  0
| 110|0x000000070dc00000, 0x000000070de00000, 0x000000070de00000|100%| E|CS|TAMS 0x000000070dc00000| PB 0x000000070dc00000| Complete |  0
| 111|0x000000070de00000, 0x000000070e000000, 0x000000070e000000|100%| E|CS|TAMS 0x000000070de00000| PB 0x000000070de00000| Complete |  0
| 112|0x000000070e000000, 0x000000070e200000, 0x000000070e200000|100%| E|CS|TAMS 0x000000070e000000| PB 0x000000070e000000| Complete |  0
| 113|0x000000070e200000, 0x000000070e400000, 0x000000070e400000|100%| E|CS|TAMS 0x000000070e200000| PB 0x000000070e200000| Complete |  0
| 114|0x000000070e400000, 0x000000070e600000, 0x000000070e600000|100%| E|CS|TAMS 0x000000070e400000| PB 0x000000070e400000| Complete |  0
| 115|0x000000070e600000, 0x000000070e800000, 0x000000070e800000|100%| E|CS|TAMS 0x000000070e600000| PB 0x000000070e600000| Complete |  0
| 116|0x000000070e800000, 0x000000070ea00000, 0x000000070ea00000|100%| E|CS|TAMS 0x000000070e800000| PB 0x000000070e800000| Complete |  0
| 117|0x000000070ea00000, 0x000000070ec00000, 0x000000070ec00000|100%| E|CS|TAMS 0x000000070ea00000| PB 0x000000070ea00000| Complete |  0
| 118|0x000000070ec00000, 0x000000070ee00000, 0x000000070ee00000|100%| E|CS|TAMS 0x000000070ec00000| PB 0x000000070ec00000| Complete |  0
| 119|0x000000070ee00000, 0x000000070f000000, 0x000000070f000000|100%| E|CS|TAMS 0x000000070ee00000| PB 0x000000070ee00000| Complete |  0
| 120|0x000000070f000000, 0x000000070f200000, 0x000000070f200000|100%| E|CS|TAMS 0x000000070f000000| PB 0x000000070f000000| Complete |  0
| 121|0x000000070f200000, 0x000000070f400000, 0x000000070f400000|100%| E|CS|TAMS 0x000000070f200000| PB 0x000000070f200000| Complete |  0
| 122|0x000000070f400000, 0x000000070f600000, 0x000000070f600000|100%| E|CS|TAMS 0x000000070f400000| PB 0x000000070f400000| Complete |  0
| 123|0x000000070f600000, 0x000000070f800000, 0x000000070f800000|100%| E|CS|TAMS 0x000000070f600000| PB 0x000000070f600000| Complete |  0
| 124|0x000000070f800000, 0x000000070fa00000, 0x000000070fa00000|100%| E|CS|TAMS 0x000000070f800000| PB 0x000000070f800000| Complete |  0
| 125|0x000000070fa00000, 0x000000070fc00000, 0x000000070fc00000|100%| E|CS|TAMS 0x000000070fa00000| PB 0x000000070fa00000| Complete |  0
| 126|0x000000070fc00000, 0x000000070fe00000, 0x000000070fe00000|100%| E|CS|TAMS 0x000000070fc00000| PB 0x000000070fc00000| Complete |  0
| 127|0x000000070fe00000, 0x0000000710000000, 0x0000000710000000|100%| E|CS|TAMS 0x000000070fe00000| PB 0x000000070fe00000| Complete |  0

Card table byte_map: [0x000000030a000000,0x000000030a800000] _byte_map_base: 0x0000000306800000

Marking Bits: (CMBitMap*) 0x000000016f4bdc10
 Bits: [0x000000031e3fc000, 0x00000003223fc000)

Polling page: 0x0000000138ff4000

Metaspace:
Metaspace        used 20304K, committed 20544K, reserved 1114112K
 class space     used 2391K, committed 2496K, reserved 1048576K

Usage:
  Non-class:     17.49 MB used.
      Class:      2.34 MB used.
       Both:     19.83 MB used.

Virtual space:
  Non-class space:       64.00 MB reserved,      17.62 MB ( 28%) committed,  1 nodes.
      Class space:        1.00 GB reserved,       2.44 MB ( <1%) committed,  1 nodes.
             Both:        1.06 GB reserved,      20.06 MB (  2%) committed. 

Chunk freelists:
   Non-Class:  14.41 MB
       Class:  13.53 MB
        Both:  27.94 MB

MaxMetaspaceSize: unlimited
CompressedClassSpaceSize: 1.00 GB
Initial GC threshold: 21.00 MB
Current GC threshold: 21.00 MB
CDS: off
 - commit_granule_bytes: 65536.
 - commit_granule_words: 8192.
 - virtual_space_node_default_size: 8388608.
 - enlarge_chunks_in_place: 1.
UseCompressedClassPointers 1, UseCompactObjectHeaders 0
Narrow klass pointer bits 32, Max shift 3
Narrow klass base: 0x00001f8000000000, Narrow klass shift: 0
Encoding Range: [0x00001f8000000000 - 0x00001f8100000000), (4294967296 bytes)
Klass Range:    [0x00001f8000000000 - 0x00001f8040000000), (1073741824 bytes)
Klass ID Range:  [8 - 1073741817) (1073741809)
Protection zone: [0x00001f8000000000 - 0x00001f8000010000), (65536 bytes)


Internal statistics:

num_allocs_failed_limit: 0.
num_arena_births: 176.
num_arena_deaths: 0.
num_vsnodes_births: 2.
num_vsnodes_deaths: 0.
num_space_committed: 321.
num_space_uncommitted: 0.
num_chunks_returned_to_freelist: 0.
num_chunks_taken_from_freelist: 315.
num_chunk_merges: 0.
num_chunk_splits: 177.
num_chunks_enlarged: 108.
num_inconsistent_stats: 0.

CodeHeap 'non-profiled nmethods': size=120032Kb used=746Kb max_used=746Kb free=119285Kb
 bounds [0x0000000316ec4000, 0x0000000317134000, 0x000000031e3fc000]
CodeHeap 'profiled nmethods': size=120032Kb used=2536Kb max_used=2536Kb free=117495Kb
 bounds [0x000000030f3f8000, 0x000000030f678000, 0x0000000316930000]
CodeHeap 'non-nmethods': size=5712Kb used=1501Kb max_used=1567Kb free=4210Kb
 bounds [0x0000000316930000, 0x0000000316ba0000, 0x0000000316ec4000]
CodeCache: size=245776Kb, used=4783Kb, max_used=4849Kb, free=240990Kb
 total_blobs=2832, nmethods=2088, adapters=652, full_count=0
Compilation: enabled, stopped_count=0, restarted_count=0

Compilation events (20 events):
Event: 14590.246 Thread 0x000000012515e200 2118       3       java.util.concurrent.ConcurrentHashMap$MapEntry::<init> (20 bytes)
Event: 14590.247 Thread 0x000000012515e200 nmethod 2118 0x000000030f66dfc8 code [0x000000030f66e0c0, 0x000000030f66e328]
Event: 14637.650 Thread 0x000000012515e200 2119       3       java.util.concurrent.ConcurrentHashMap$EntryIterator::next (51 bytes)
Event: 14637.666 Thread 0x000000012515e200 nmethod 2119 0x000000030f66e348 code [0x000000030f66e440, 0x000000030f66e950]
Event: 14764.159 Thread 0x000000012515e200 2120  s    3       jdk.internal.ref.CleanerImpl$CleanableList::isEmpty (16 bytes)
Event: 14764.173 Thread 0x000000012515e200 nmethod 2120 0x000000030f66e988 code [0x000000030f66ea80, 0x000000030f66ed38]
Event: 14764.173 Thread 0x000000012515e200 2121       3       jdk.internal.misc.InnocuousThread::eraseThreadLocals (23 bytes)
Event: 14764.174 Thread 0x000000012515e200 nmethod 2121 0x000000030f66ed48 code [0x000000030f66ee40, 0x000000030f66f010]
Event: 14764.174 Thread 0x000000012515e200 2122   !   3       java.lang.ref.ReferenceQueue::remove (49 bytes)
Event: 14764.179 Thread 0x000000012515e200 nmethod 2122 0x000000030f66f048 code [0x000000030f66f140, 0x000000030f66fab8]
Event: 14878.689 Thread 0x000000012515e200 2123       1       sun.util.calendar.CalendarDate::setNormalized (6 bytes)
Event: 14878.705 Thread 0x000000012515e200 nmethod 2123 0x0000000316f7e088 code [0x0000000316f7e180, 0x0000000316f7e260]
Event: 14897.760 Thread 0x000000016f4d6e00 2124       4       java.lang.AbstractStringBuilder::isLatin1 (16 bytes)
Event: 14897.784 Thread 0x000000016f4d6e00 nmethod 2124 0x0000000316f7e288 code [0x0000000316f7e380, 0x0000000316f7e410]
Event: 17014.994 Thread 0x000000016f4d6e00 2125       4       java.util.ArrayList$Itr::next (66 bytes)
Event: 17015.029 Thread 0x000000016f4d6e00 nmethod 2125 0x0000000316f7e448 code [0x0000000316f7e540, 0x0000000316f7e6c0]
Event: 17015.766 Thread 0x000000012515e200 2126       3       java.util.Properties$LineReader::readLine (584 bytes)
Event: 17015.774 Thread 0x000000012515e200 nmethod 2126 0x000000030f66fac8 code [0x000000030f66fbc0, 0x000000030f6721a8]
Event: 17029.620 Thread 0x000000012515e200 2127       1       de.mossgrabers.framework.controller.DefaultControllerDefinition::getHardwareModel (5 bytes)
Event: 17029.624 Thread 0x000000012515e200 nmethod 2127 0x0000000316f7e6c8 code [0x0000000316f7e7c0, 0x0000000316f7e8a0]

GC Heap Usage History (8 events):
Event: 1682.384 {heap Before GC invocations=0 (full 0):
 garbage-first heap   total reserved 4194304K, committed 262144K, used 49152K [0x0000000700000000, 0x0000000800000000)
  region size 2048K, 24 young (49152K), 0 survivors (0K)
}
Event: 1682.517 {heap After GC invocations=1 (full 0):
 garbage-first heap   total reserved 4194304K, committed 262144K, used 6440K [0x0000000700000000, 0x0000000800000000)
  region size 2048K, 3 young (6144K), 3 survivors (6144K)
}
Event: 2872.272 {heap Before GC invocations=1 (full 0):
 garbage-first heap   total reserved 4194304K, committed 262144K, used 16680K [0x0000000700000000, 0x0000000800000000)
  region size 2048K, 8 young (16384K), 3 survivors (6144K)
}
Event: 2872.286 {heap After GC invocations=2 (full 0):
 garbage-first heap   total reserved 4194304K, committed 262144K, used 6883K [0x0000000700000000, 0x0000000800000000)
  region size 2048K, 1 young (2048K), 1 survivors (2048K)
}
Event: 8838.222 {heap Before GC invocations=2 (full 0):
 garbage-first heap   total reserved 4194304K, committed 262144K, used 53987K [0x0000000700000000, 0x0000000800000000)
  region size 2048K, 24 young (49152K), 1 survivors (2048K)
}
Event: 8838.254 {heap After GC invocations=3 (full 0):
 garbage-first heap   total reserved 4194304K, committed 262144K, used 6849K [0x0000000700000000, 0x0000000800000000)
  region size 2048K, 1 young (2048K), 1 survivors (2048K)
}
Event: 14205.636 {heap Before GC invocations=3 (full 0):
 garbage-first heap   total reserved 4194304K, committed 262144K, used 64193K [0x0000000700000000, 0x0000000800000000)
  region size 2048K, 29 young (59392K), 1 survivors (2048K)
}
Event: 14205.644 {heap After GC invocations=4 (full 0):
 garbage-first heap   total reserved 4194304K, committed 262144K, used 9334K [0x0000000700000000, 0x0000000800000000)
  region size 2048K, 2 young (4096K), 2 survivors (4096K)
}

Metaspace Usage History (8 events):
Event: 1682.385 {metaspace Before GC invocations=0 (full 0):
 Metaspace       used 20270K, committed 20544K, reserved 1114112K
  class space    used 2390K, committed 2496K, reserved 1048576K
}
Event: 1682.517 {metaspace After GC invocations=1 (full 0):
 Metaspace       used 20270K, committed 20544K, reserved 1114112K
  class space    used 2390K, committed 2496K, reserved 1048576K
}
Event: 2872.272 {metaspace Before GC invocations=1 (full 0):
 Metaspace       used 20278K, committed 20544K, reserved 1114112K
  class space    used 2390K, committed 2496K, reserved 1048576K
}
Event: 2872.286 {metaspace After GC invocations=2 (full 0):
 Metaspace       used 20278K, committed 20544K, reserved 1114112K
  class space    used 2390K, committed 2496K, reserved 1048576K
}
Event: 8838.223 {metaspace Before GC invocations=2 (full 0):
 Metaspace       used 20286K, committed 20544K, reserved 1114112K
  class space    used 2390K, committed 2496K, reserved 1048576K
}
Event: 8838.254 {metaspace After GC invocations=3 (full 0):
 Metaspace       used 20286K, committed 20544K, reserved 1114112K
  class space    used 2390K, committed 2496K, reserved 1048576K
}
Event: 14205.637 {metaspace Before GC invocations=3 (full 0):
 Metaspace       used 20297K, committed 20544K, reserved 1114112K
  class space    used 2390K, committed 2496K, reserved 1048576K
}
Event: 14205.644 {metaspace After GC invocations=4 (full 0):
 Metaspace       used 20297K, committed 20544K, reserved 1114112K
  class space    used 2390K, committed 2496K, reserved 1048576K
}

Dll operation events (11 events):
Event: 0.055 Loaded shared library /Users/jonathankawchuk/Library/Application Support/REAPER/UserPlugins/java-runtime/lib/libjava.dylib
Event: 0.201 Loaded shared library /Users/jonathankawchuk/Library/Application Support/REAPER/UserPlugins/java-runtime/lib/libnio.dylib
Event: 0.232 Loaded shared library /Users/jonathankawchuk/Library/Application Support/REAPER/UserPlugins/java-runtime/lib/libzip.dylib
Event: 0.552 Loaded shared library /Users/jonathankawchuk/Library/Application Support/REAPER/UserPlugins/java-runtime/lib/libverify.dylib
Event: 0.726 Loaded shared library /Users/jonathankawchuk/Library/Application Support/REAPER/UserPlugins/java-runtime/lib/libjimage.dylib
Event: 0.745 Loaded shared library /Users/jonathankawchuk/Library/Application Support/REAPER/UserPlugins/java-runtime/lib/libawt.dylib
Event: 0.798 Loaded shared library /Users/jonathankawchuk/Library/Application Support/REAPER/UserPlugins/java-runtime/lib/libawt_lwawt.dylib
Event: 0.835 Loaded shared library /Users/jonathankawchuk/Library/Application Support/REAPER/UserPlugins/java-runtime/lib/libfontmanager.dylib
Event: 3.804 Loaded shared library /Users/jonathankawchuk/Library/Application Support/REAPER/UserPlugins/java-runtime/lib/libnet.dylib
Event: 6.938 Loaded shared library /private/var/folders/6g/_dyszwd54rd36jmvjmmd4htw0000gn/T/usb4java2249195059140443880.tmp/libusb4java.dylib
Event: 7.004 Loaded shared library /Users/jonathankawchuk/Library/Application Support/REAPER/UserPlugins/java-runtime/lib/libosxui.dylib

Deoptimization events (20 events):
Event: 14200.361 Thread 0x0000000165723600 DEOPT PACKING pc=0x000000030f665dd4 sp=0x0000000308a7e430
Event: 14200.361 Thread 0x0000000165723600 DEOPT UNPACKING pc=0x000000031696d0bc sp=0x0000000308a7e0b0 mode 0
Event: 14200.362 Thread 0x0000000165723600 DEOPT PACKING pc=0x000000030f665dd4 sp=0x0000000308a7e430
Event: 14200.362 Thread 0x0000000165723600 DEOPT UNPACKING pc=0x000000031696d0bc sp=0x0000000308a7e0b0 mode 0
Event: 14200.362 Thread 0x0000000165723600 DEOPT PACKING pc=0x000000030f66871c sp=0x0000000308a7e2b0
Event: 14200.362 Thread 0x0000000165723600 DEOPT UNPACKING pc=0x000000031696d0bc sp=0x0000000308a7dfb0 mode 0
Event: 14200.362 Thread 0x0000000165723600 DEOPT PACKING pc=0x000000030f665dd4 sp=0x0000000308a7e430
Event: 14200.362 Thread 0x0000000165723600 DEOPT UNPACKING pc=0x000000031696d0bc sp=0x0000000308a7e0b0 mode 0
Event: 14200.365 Thread 0x0000000165723600 Uncommon trap: trap_request=0xffffff45 fr.pc=0x0000000316f72760 relative=0x0000000000000860
Event: 14200.365 Thread 0x0000000165723600 Uncommon trap: reason=unstable_if action=reinterpret pc=0x0000000316f72760 method=java.lang.String.substring(II)Ljava/lang/String; @ 31 c2
Event: 14200.365 Thread 0x0000000165723600 DEOPT PACKING pc=0x0000000316f72760 sp=0x0000000308a7e5f0
Event: 14200.365 Thread 0x0000000165723600 DEOPT UNPACKING pc=0x00000003169af99c sp=0x0000000308a7e490 mode 2
Event: 14200.366 Thread 0x0000000165723600 Uncommon trap: trap_request=0xffffff45 fr.pc=0x0000000316f59868 relative=0x0000000000000328
Event: 14200.366 Thread 0x0000000165723600 Uncommon trap: reason=unstable_if action=reinterpret pc=0x0000000316f59868 method=java.lang.String.substring(II)Ljava/lang/String; @ 31 c2
Event: 14200.366 Thread 0x0000000165723600 DEOPT PACKING pc=0x0000000316f59868 sp=0x0000000308a7e540
Event: 14200.366 Thread 0x0000000165723600 DEOPT UNPACKING pc=0x00000003169af99c sp=0x0000000308a7e460 mode 2
Event: 14216.509 Thread 0x0000000125158600 DEOPT PACKING pc=0x000000030f44db2c sp=0x000000016b75ec40
Event: 14216.509 Thread 0x0000000125158600 DEOPT UNPACKING pc=0x000000031696d0bc sp=0x000000016b75e8c0 mode 0
Event: 14243.672 Thread 0x0000000165723600 DEOPT PACKING pc=0x000000030f66d47c sp=0x0000000308a7e500
Event: 14243.672 Thread 0x0000000165723600 DEOPT UNPACKING pc=0x000000031696d0bc sp=0x0000000308a7e290 mode 0

Classes loaded (20 events):
Event: 682.482 Loading class java/util/Properties$EntrySet
Event: 682.482 Loading class java/util/Properties$EntrySet done
Event: 682.485 Loading class java/lang/invoke/InnerClassLambdaMetafactory$SerializationSupport
Event: 682.486 Loading class java/lang/invoke/InnerClassLambdaMetafactory$SerializationSupport done
Event: 682.486 Loading class java/lang/invoke/InnerClassLambdaMetafactory$4
Event: 682.486 Loading class java/lang/invoke/InnerClassLambdaMetafactory$4 done
Event: 682.487 Loading class jdk/internal/classfile/impl/AbstractPoolEntry$StringEntryImpl
Event: 682.487 Loading class java/lang/classfile/constantpool/StringEntry
Event: 682.487 Loading class java/lang/classfile/constantpool/ConstantValueEntry
Event: 682.487 Loading class java/lang/classfile/constantpool/ConstantValueEntry done
Event: 682.487 Loading class java/lang/classfile/constantpool/StringEntry done
Event: 682.487 Loading class jdk/internal/classfile/impl/AbstractPoolEntry$StringEntryImpl done
Event: 682.491 Loading class sun/invoke/util/BytecodeDescriptor
Event: 682.491 Loading class sun/invoke/util/BytecodeDescriptor done
Event: 682.491 Loading class jdk/internal/classfile/impl/AbstractPoolEntry$IntegerEntryImpl
Event: 682.492 Loading class java/lang/classfile/constantpool/IntegerEntry
Event: 682.492 Loading class java/lang/classfile/constantpool/IntegerEntry done
Event: 682.492 Loading class jdk/internal/classfile/impl/AbstractPoolEntry$IntegerEntryImpl done
Event: 17186.725 Loading class jdk/internal/misc/Signal$1
Event: 17186.745 Loading class jdk/internal/misc/Signal$1 done

Classes unloaded (0 events):
No events

Classes redefined (0 events):
No events

Internal exceptions (20 events):
Event: 7.176 Thread 0x0000000125158600 Exception <a 'java/lang/NoSuchMethodError'{0x000000070e8c2fc8}: 'int java.lang.invoke.Invokers$Holder.invokeExact_MT(java.lang.Object, java.lang.Object)'> (0x000000070e8c2fc8) 
thrown [src/hotspot/share/interpreter/linkResolver.cpp, line 804]
Event: 7.179 Thread 0x0000000125158600 Implicit null exception at 0x0000000316ef9d20 to 0x0000000316efa174
Event: 7.179 Thread 0x0000000125158600 Implicit null exception at 0x0000000316edd7a0 to 0x0000000316eddbcc
Event: 7.276 Thread 0x0000000125158600 Exception <a 'java/lang/NoSuchMethodError'{0x000000070e669238}: 'java.lang.Object java.lang.invoke.DirectMethodHandle$Holder.newInvokeSpecial(java.lang.Object, int, java.lang.Object)'> (0x000000070e669238) 
thrown [src/hotspot/share/interpreter/linkResolver.cpp, line 804]
Event: 10.583 Thread 0x0000000125158600 Exception <a 'java/lang/NoSuchMethodError'{0x000000070e787260}: 'void java.lang.invoke.DirectMethodHandle$Holder.invokeSpecial(java.lang.Object, java.lang.Object, int, java.lang.Object)'> (0x000000070e787260) 
thrown [src/hotspot/share/interpreter/linkResolver.cpp, line 804]
Event: 10.585 Thread 0x0000000125158600 Exception <a 'java/lang/NoSuchMethodError'{0x000000070e7966d8}: 'java.lang.Object java.lang.invoke.DirectMethodHandle$Holder.newInvokeSpecial(java.lang.Object, java.lang.Object, int)'> (0x000000070e7966d8) 
thrown [src/hotspot/share/interpreter/linkResolver.cpp, line 804]
Event: 10.681 Thread 0x0000000125158600 Exception <a 'java/lang/NoSuchMethodError'{0x000000070e7ea828}: 'void java.lang.invoke.Invokers$Holder.invokeExact_MT(java.lang.Object, java.lang.Object, java.lang.Object, java.lang.Object)'> (0x000000070e7ea828) 
thrown [src/hotspot/share/interpreter/linkResolver.cpp, line 804]
Event: 10.694 Thread 0x0000000125158600 Exception <a 'java/lang/NoSuchMethodError'{0x000000070e41d120}: 'java.lang.Object java.lang.invoke.DirectMethodHandle$Holder.newInvokeSpecial(java.lang.Object, java.lang.Object, java.lang.Object, int, java.lang.Object)'> (0x000000070e41d120) 
thrown [src/hotspot/share/interpreter/linkResolver.cpp, line 804]
Event: 10.696 Thread 0x0000000125158600 Exception <a 'java/lang/NoSuchMethodError'{0x000000070e42d988}: 'java.lang.Object java.lang.invoke.Invokers$Holder.linkToTargetMethod(java.lang.Object, java.lang.Object, int, java.lang.Object, java.lang.Object)'> (0x000000070e42d988) 
thrown [src/hotspot/share/interpreter/linkResolver.cpp, line 804]
Event: 10.720 Thread 0x0000000125158600 Exception <a 'java/lang/NoSuchMethodError'{0x000000070e436310}: 'void java.lang.invoke.DirectMethodHandle$Holder.invokeStatic(java.lang.Object, int, long)'> (0x000000070e436310) 
thrown [src/hotspot/share/interpreter/linkResolver.cpp, line 804]
Event: 10.758 Thread 0x0000000125158600 Exception <a 'java/lang/NoSuchMethodError'{0x000000070e482d80}: 'java.lang.Object java.lang.invoke.Invokers$Holder.linkToTargetMethod(int, int, int, int, java.lang.Object)'> (0x000000070e482d80) 
thrown [src/hotspot/share/interpreter/linkResolver.cpp, line 804]
Event: 10.760 Thread 0x0000000125158600 Exception <a 'java/lang/NoSuchMethodError'{0x000000070e48b050}: 'void java.lang.invoke.DirectMethodHandle$Holder.invokeStatic(java.lang.Object, java.lang.Object, long)'> (0x000000070e48b050) 
thrown [src/hotspot/share/interpreter/linkResolver.cpp, line 804]
Event: 10.848 Thread 0x0000000125158600 Exception <a 'java/lang/NoSuchMethodError'{0x000000070e201108}: 'java.lang.Object java.lang.invoke.DirectMethodHandle$Holder.newInvokeSpecial(java.lang.Object, java.lang.Object, int, int)'> (0x000000070e201108) 
thrown [src/hotspot/share/interpreter/linkResolver.cpp, line 804]
Event: 10.871 Thread 0x0000000125158600 Exception <a 'java/lang/NoSuchMethodError'{0x000000070e2a3760}: 'void java.lang.invoke.DirectMethodHandle$Holder.invokeStatic(java.lang.Object, java.lang.Object, java.lang.Object, java.lang.Object)'> (0x000000070e2a3760) 
thrown [src/hotspot/share/interpreter/linkResolver.cpp, line 804]
Event: 10.912 Thread 0x0000000125158600 Exception <a 'java/lang/NoSuchMethodError'{0x000000070e06cb88}: 'void java.lang.invoke.DirectMethodHandle$Holder.invokeStatic(java.lang.Object, long, long)'> (0x000000070e06cb88) 
thrown [src/hotspot/share/interpreter/linkResolver.cpp, line 804]
Event: 10.912 Thread 0x0000000125158600 Exception <a 'java/lang/NoSuchMethodError'{0x000000070e07ba40}: 'java.lang.Object java.lang.invoke.DirectMethodHandle$Holder.newInvokeSpecial(java.lang.Object, long)'> (0x000000070e07ba40) 
thrown [src/hotspot/share/interpreter/linkResolver.cpp, line 804]
Event: 10.919 Thread 0x0000000125158600 Exception <a 'java/lang/NoSuchMethodError'{0x000000070e0aa6c0}: 'void java.lang.invoke.DirectMethodHandle$Holder.invokeVirtual(java.lang.Object, java.lang.Object)'> (0x000000070e0aa6c0) 
thrown [src/hotspot/share/interpreter/linkResolver.cpp, line 804]
Event: 10.929 Thread 0x0000000165723600 Exception <a 'java/lang/NoSuchMethodError'{0x000000070ed00728}: 'void java.lang.invoke.DirectMethodHandle$Holder.invokeStatic(java.lang.Object, long)'> (0x000000070ed00728) 
thrown [src/hotspot/share/interpreter/linkResolver.cpp, line 804]
Event: 10.942 Thread 0x0000000165723600 Exception <a 'java/lang/NoSuchMethodError'{0x000000070ed2bf08}: 'void java.lang.invoke.DirectMethodHandle$Holder.invokeSpecial(java.lang.Object, java.lang.Object, java.lang.Object, java.lang.Object, java.lang.Object)'> (0x000000070ed2bf08) 
thrown [src/hotspot/share/interpreter/linkResolver.cpp, line 804]
Event: 11.065 Thread 0x0000000125158600 Exception <a 'java/lang/NoSuchMethodError'{0x000000070de0d0d0}: 'void java.lang.invoke.DirectMethodHandle$Holder.invokeSpecial(java.lang.Object, java.lang.Object, long)'> (0x000000070de0d0d0) 
thrown [src/hotspot/share/interpreter/linkResolver.cpp, line 804]

VM Operations (20 events):
Event: 662.020 Executing non-safepoint VM operation: RendezvousGCThreads done
Event: 682.490 Executing non-safepoint VM operation: HandshakeAllThreads (Deoptimize)
Event: 682.490 Executing non-safepoint VM operation: HandshakeAllThreads (Deoptimize) done
Event: 1682.381 Executing safepoint VM operation: G1CollectForAllocation (G1 Evacuation Pause)
Event: 1682.517 Executing safepoint VM operation: G1CollectForAllocation (G1 Evacuation Pause) done
Event: 2872.270 Executing safepoint VM operation: G1CollectForAllocation (G1 Evacuation Pause)
Event: 2872.286 Executing safepoint VM operation: G1CollectForAllocation (G1 Evacuation Pause) done
Event: 8838.215 Executing safepoint VM operation: G1CollectForAllocation (G1 Evacuation Pause)
Event: 8838.255 Executing safepoint VM operation: G1CollectForAllocation (G1 Evacuation Pause) done
Event: 14205.635 Executing safepoint VM operation: G1CollectForAllocation (G1 Evacuation Pause)
Event: 14205.644 Executing safepoint VM operation: G1CollectForAllocation (G1 Evacuation Pause) done
Event: 14609.332 Executing non-safepoint VM operation: HandshakeAllThreads (HandshakeForDeflation)
Event: 14609.333 Executing non-safepoint VM operation: HandshakeAllThreads (HandshakeForDeflation) done
Event: 14609.333 Executing non-safepoint VM operation: RendezvousGCThreads
Event: 14609.333 Executing non-safepoint VM operation: RendezvousGCThreads done
Event: 14729.653 Executing non-safepoint VM operation: HandshakeAllThreads (HandshakeForDeflation)
Event: 14729.653 Executing non-safepoint VM operation: HandshakeAllThreads (HandshakeForDeflation) done
Event: 14729.654 Executing non-safepoint VM operation: RendezvousGCThreads
Event: 14729.654 Executing non-safepoint VM operation: RendezvousGCThreads done
Event: 17186.805 Executing safepoint VM operation: Exit

Memory protections (20 events):
Event: 3.462 Protecting memory [0x0000000308258000,0x0000000308264000] with protection modes 0
Event: 3.490 Protecting memory [0x0000000308464000,0x0000000308470000] with protection modes 0
Event: 6.942 Protecting memory [0x0000000308670000,0x000000030867c000] with protection modes 0
Event: 6.943 Protecting memory [0x0000000308464000,0x0000000308470000] with protection modes 3
Event: 6.982 Protecting memory [0x0000000308464000,0x0000000308470000] with protection modes 0
Event: 6.982 Protecting memory [0x000000030887c000,0x0000000308888000] with protection modes 0
Event: 7.044 Protecting memory [0x0000000329c4c000,0x0000000329c58000] with protection modes 0
Event: 7.065 Protecting memory [0x000000032a294000,0x000000032a2a0000] with protection modes 0
Event: 7.980 Protecting memory [0x0000000308258000,0x0000000308264000] with protection modes 3
Event: 10.617 Protecting memory [0x000000037d77c000,0x000000037d788000] with protection modes 0
Event: 10.814 Protecting memory [0x000000037d988000,0x000000037d994000] with protection modes 0
Event: 10.889 Protecting memory [0x000000037db94000,0x000000037dba0000] with protection modes 0
Event: 10.916 Protecting memory [0x000000037dda0000,0x000000037ddac000] with protection modes 0
Event: 11.395 Protecting memory [0x000000037d988000,0x000000037d994000] with protection modes 3
Event: 15.900 Protecting memory [0x000000037d77c000,0x000000037d788000] with protection modes 3
Event: 15.908 Protecting memory [0x000000037db94000,0x000000037dba0000] with protection modes 3
Event: 14200.363 Protecting memory [0x00000003bc804000,0x00000003bc810000] with protection modes 0
Event: 14205.426 Protecting memory [0x00000003bc804000,0x00000003bc810000] with protection modes 3
Event: 17186.767 Protecting memory [0x0000000338a50000,0x0000000338a5c000] with protection modes 0
Event: 17186.804 Protecting memory [0x0000000324c30000,0x0000000324c3c000] with protection modes 3

Nmethod flushes (0 events):
No events

Events (20 events):
Event: 3.490 Thread 0x000000012515e200 Thread added: 0x000000016f69bc00
Event: 6.941 Thread 0x0000000125158600 Thread added: 0x000000016f585400
Event: 6.943 Thread 0x000000016f69bc00 Thread exited: 0x000000016f69bc00
Event: 6.982 Thread 0x000000016f585400 Thread added: 0x000000032b384200
Event: 6.982 Thread 0x000000016f585400 Thread added: 0x0000000165723600
Event: 7.044 Thread 0x0000000125158600 Thread added: 0x000000012354ce00
Event: 7.064 Thread 0x0000000125158600 Thread added: 0x0000000122a2a600
Event: 7.980 Thread 0x000000016f4bb800 Thread exited: 0x000000016f4bb800
Event: 10.616 Thread 0x0000000125158600 Thread added: 0x000000033aa02e00
Event: 10.814 Thread 0x000000012515e200 Thread added: 0x000000016561e000
Event: 10.888 Thread 0x0000000125158600 Thread added: 0x0000000303f98a00
Event: 10.916 Thread 0x0000000125158600 Thread added: 0x000000033a9f2c00
Event: 11.395 Thread 0x000000016561e000 Thread exited: 0x000000016561e000
Event: 15.900 Thread 0x000000033aa02e00 Thread exited: 0x000000033aa02e00
Event: 15.908 Thread 0x0000000303f98a00 Thread exited: 0x0000000303f98a00
Event: 14200.363 Thread 0x000000016f4d6e00 Thread added: 0x00000003358cf800
Event: 14205.426 Thread 0x00000003358cf800 Thread exited: 0x00000003358cf800
Event: 17186.767 Thread 0x000000012386f000 Thread added: 0x00000003c0432000
Event: 17186.802 Thread 0x00000003c0432000 Before exit entered
Event: 17186.804 Thread 0x000000012386f000 Thread exited: 0x000000012386f000


Dynamic libraries:
0x00000001b7c98000 	/System/Library/Frameworks/Cocoa.framework/Versions/A/Cocoa
0x000000019f44a000 	/System/Library/Frameworks/AppKit.framework/Versions/C/AppKit
0x00000001a273a000 	/System/Library/Frameworks/CoreData.framework/Versions/A/CoreData
0x000000019cadb000 	/System/Library/Frameworks/Foundation.framework/Versions/C/Foundation
0x00000001a96d8000 	/usr/lib/libSystem.B.dylib
0x00000001a08db000 	/System/Library/PrivateFrameworks/UIFoundation.framework/Versions/A/UIFoundation
0x0000000249486000 	/System/Library/PrivateFrameworks/CollectionViewCore.framework/Versions/A/CollectionViewCore
0x00000001a725c000 	/System/Library/PrivateFrameworks/XCTTargetBootstrap.framework/Versions/A/XCTTargetBootstrap
0x00000001abed2000 	/System/Library/PrivateFrameworks/InternationalSupport.framework/Versions/A/InternationalSupport
0x00000001ac229000 	/System/Library/PrivateFrameworks/UserActivity.framework/Versions/A/UserActivity
0x0000000277e0e000 	/System/Library/PrivateFrameworks/UIIntelligenceSupport.framework/Versions/A/UIIntelligenceSupport
0x0000000201f98000 	/System/Library/Frameworks/SwiftUICore.framework/Versions/A/SwiftUICore
0x000000027ce94000 	/System/Library/PrivateFrameworks/WritingTools.framework/Versions/A/WritingTools
0x000000027bed8000 	/System/Library/PrivateFrameworks/WindowManagement.framework/Versions/A/WindowManagement
0x000000019c73e000 	/System/Library/Frameworks/SystemConfiguration.framework/Versions/A/SystemConfiguration
0x00000001ab307000 	/usr/lib/libspindump.dylib
0x00000001a0a8d000 	/System/Library/Frameworks/UniformTypeIdentifiers.framework/Versions/A/UniformTypeIdentifiers
0x00000001a8ac3000 	/usr/lib/libbsm.0.dylib
0x00000001a4cdd000 	/usr/lib/libapp_launch_measurement.dylib
0x00000001a4086000 	/System/Library/PrivateFrameworks/CoreAnalytics.framework/Versions/A/CoreAnalytics
0x00000001a4ce1000 	/System/Library/PrivateFrameworks/CoreAutoLayout.framework/Versions/A/CoreAutoLayout
0x00000001a6876000 	/System/Library/Frameworks/Metal.framework/Versions/A/Metal
0x00000001a7a9f000 	/usr/lib/liblangid.dylib
0x00000001a7262000 	/System/Library/PrivateFrameworks/CoreSVG.framework/Versions/A/CoreSVG
0x00000001a14b2000 	/System/Library/PrivateFrameworks/SkyLight.framework/Versions/A/SkyLight
0x00000001a19d9000 	/System/Library/Frameworks/CoreGraphics.framework/Versions/A/CoreGraphics
0x00000001b13a9000 	/System/Library/Frameworks/Accelerate.framework/Versions/A/Accelerate
0x00000001ab14a000 	/System/Library/PrivateFrameworks/IconServices.framework/Versions/A/IconServices
0x00000001a6853000 	/System/Library/Frameworks/IOSurface.framework/Versions/A/IOSurface
0x00000001a40b7000 	/usr/lib/libDiagnosticMessagesClient.dylib
0x00000001a9622000 	/usr/lib/libz.1.dylib
0x00000001b52be000 	/System/Library/Frameworks/ApplicationServices.framework/Versions/A/ApplicationServices
0x00000001a7247000 	/System/Library/PrivateFrameworks/DFRFoundation.framework/Versions/A/DFRFoundation
0x000000019ecaf000 	/usr/lib/libicucore.A.dylib
0x00000001ad2b2000 	/System/Library/Frameworks/AudioToolbox.framework/Versions/A/AudioToolbox
0x00000001ac1da000 	/System/Library/PrivateFrameworks/DataDetectorsCore.framework/Versions/A/DataDetectorsCore
0x00000001c7d45000 	/System/Library/PrivateFrameworks/TextInput.framework/Versions/A/TextInput
0x00000001a13fd000 	/usr/lib/libMobileGestalt.dylib
0x00000001a6f40000 	/System/Library/Frameworks/Carbon.framework/Versions/A/Frameworks/HIToolbox.framework/Versions/A/HIToolbox
0x00000001a45be000 	/System/Library/Frameworks/QuartzCore.framework/Versions/A/QuartzCore
0x000000019e8aa000 	/System/Library/Frameworks/Security.framework/Versions/A/Security
0x00000001b0d06000 	/System/Library/Frameworks/Carbon.framework/Versions/A/Frameworks/SpeechRecognition.framework/Versions/A/SpeechRecognition
0x00000001a49e4000 	/System/Library/PrivateFrameworks/CoreUI.framework/Versions/A/CoreUI
0x000000019e178000 	/System/Library/Frameworks/CoreAudio.framework/Versions/A/CoreAudio
0x00000001a41a5000 	/System/Library/Frameworks/DiskArbitration.framework/Versions/A/DiskArbitration
0x00000001ab770000 	/System/Library/PrivateFrameworks/MultitouchSupport.framework/Versions/A/MultitouchSupport
0x00000001a13fb000 	/usr/lib/libenergytrace.dylib
0x00000001bc2e9000 	/System/Library/PrivateFrameworks/RenderBox.framework/Versions/A/RenderBox
0x000000019f2fa000 	/System/Library/Frameworks/IOKit.framework/Versions/A/IOKit
0x00000001b10fd000 	/System/Library/Frameworks/CoreServices.framework/Versions/A/CoreServices
0x00000001a4c6e000 	/System/Library/PrivateFrameworks/PerformanceAnalysis.framework/Versions/A/PerformanceAnalysis
0x00000001fb959000 	/System/Library/Frameworks/OpenGL.framework/Versions/A/OpenGL
0x00000001a4d2b000 	/usr/lib/libxml2.2.dylib
0x00000001a89a7000 	/System/Library/PrivateFrameworks/MobileKeyBag.framework/Versions/A/MobileKeyBag
0x000000019b080000 	/usr/lib/libobjc.A.dylib
0x000000019b38e000 	/usr/lib/libc++.1.dylib
0x00000001b107e000 	/System/Library/Frameworks/Accessibility.framework/Versions/A/Accessibility
0x00000001a210a000 	/System/Library/Frameworks/ColorSync.framework/Versions/A/ColorSync
0x000000019b4ea000 	/System/Library/Frameworks/CoreFoundation.framework/Versions/A/CoreFoundation
0x00000001a7621000 	/System/Library/Frameworks/CoreImage.framework/Versions/A/CoreImage
0x000000019df59000 	/System/Library/Frameworks/CoreText.framework/Versions/A/CoreText
0x00000001fcea5000 	/System/Library/Frameworks/CoreTransferable.framework/Versions/A/CoreTransferable
0x00000001fd42a000 	/System/Library/Frameworks/DataDetection.framework/Versions/A/DataDetection
0x00000001fd42d000 	/System/Library/Frameworks/DeveloperToolsSupport.framework/Versions/A/DeveloperToolsSupport
0x00000001a729d000 	/System/Library/Frameworks/ImageIO.framework/Versions/A/ImageIO
0x0000000202b5b000 	/System/Library/Frameworks/Symbols.framework/Versions/A/Symbols
0x00000001ef106000 	/System/Library/PrivateFrameworks/FeatureFlags.framework/Versions/A/FeatureFlags
0x00000001a96dd000 	/System/Library/PrivateFrameworks/SoftLinking.framework/Versions/A/SoftLinking
0x00000001da9bf000 	/usr/lib/swift/libswiftAccelerate.dylib
0x00000001acc47000 	/usr/lib/swift/libswiftCore.dylib
0x00000001c43e8000 	/usr/lib/swift/libswiftCoreFoundation.dylib
0x00000001c4442000 	/usr/lib/swift/libswiftCoreImage.dylib
0x00000001c1751000 	/usr/lib/swift/libswiftDarwin.dylib
0x0000000283ab1000 	/usr/lib/swift/libswiftDataDetection.dylib
0x00000001b2bf6000 	/usr/lib/swift/libswiftDispatch.dylib
0x00000001c4443000 	/usr/lib/swift/libswiftIOKit.dylib
0x00000001d0fb3000 	/usr/lib/swift/libswiftMetal.dylib
0x00000001dff58000 	/usr/lib/swift/libswiftOSLog.dylib
0x00000001b5878000 	/usr/lib/swift/libswiftObjectiveC.dylib
0x0000000283ade000 	/usr/lib/swift/libswiftObservation.dylib
0x00000001d6355000 	/usr/lib/swift/libswiftQuartzCore.dylib
0x00000001da9b0000 	/usr/lib/swift/libswiftUniformTypeIdentifiers.dylib
0x00000001c43fa000 	/usr/lib/swift/libswiftXPC.dylib
0x0000000283bc4000 	/usr/lib/swift/libswift_Builtin_float.dylib
0x0000000283bc7000 	/usr/lib/swift/libswift_Concurrency.dylib
0x0000000283d26000 	/usr/lib/swift/libswift_StringProcessing.dylib
0x0000000283db9000 	/usr/lib/swift/libswift_errno.dylib
0x0000000283dbb000 	/usr/lib/swift/libswift_math.dylib
0x0000000283dbe000 	/usr/lib/swift/libswift_signal.dylib
0x0000000283dbf000 	/usr/lib/swift/libswift_stdio.dylib
0x0000000283dc0000 	/usr/lib/swift/libswift_time.dylib
0x00000001b587c000 	/usr/lib/swift/libswiftos.dylib
0x00000001c7c9c000 	/usr/lib/swift/libswiftsimd.dylib
0x0000000283dc1000 	/usr/lib/swift/libswiftsys_time.dylib
0x0000000283dc2000 	/usr/lib/swift/libswiftunistd.dylib
0x00000001a9906000 	/usr/lib/libcompression.dylib
0x00000001abe32000 	/System/Library/PrivateFrameworks/TextureIO.framework/Versions/A/TextureIO
0x00000001aade9000 	/usr/lib/libate.dylib
0x00000001a96d2000 	/usr/lib/system/libcache.dylib
0x00000001a968d000 	/usr/lib/system/libcommonCrypto.dylib
0x00000001a96b8000 	/usr/lib/system/libcompiler_rt.dylib
0x00000001a96ad000 	/usr/lib/system/libcopyfile.dylib
0x000000019b1db000 	/usr/lib/system/libcorecrypto.dylib
0x000000019b2c2000 	/usr/lib/system/libdispatch.dylib
0x000000019b482000 	/usr/lib/system/libdyld.dylib
0x00000001a96c8000 	/usr/lib/system/libkeymgr.dylib
0x00000001a9670000 	/usr/lib/system/libmacho.dylib
0x00000001a8a9c000 	/usr/lib/system/libquarantine.dylib
0x00000001a96c5000 	/usr/lib/system/libremovefile.dylib
0x00000001a1477000 	/usr/lib/system/libsystem_asl.dylib
0x000000019b170000 	/usr/lib/system/libsystem_blocks.dylib
0x000000019b30c000 	/usr/lib/system/libsystem_c.dylib
0x00000001a96bc000 	/usr/lib/system/libsystem_collections.dylib
0x00000001a7a8c000 	/usr/lib/system/libsystem_configuration.dylib
0x00000001a6822000 	/usr/lib/system/libsystem_containermanager.dylib
0x00000001a91b2000 	/usr/lib/system/libsystem_coreservices.dylib
0x000000019ef7b000 	/usr/lib/system/libsystem_darwin.dylib
0x0000000283ef9000 	/usr/lib/system/libsystem_darwindirectory.dylib
0x00000001a96c9000 	/usr/lib/system/libsystem_dnssd.dylib
0x0000000283efd000 	/usr/lib/system/libsystem_eligibility.dylib
0x000000019b309000 	/usr/lib/system/libsystem_featureflags.dylib
0x000000019b4ba000 	/usr/lib/system/libsystem_info.dylib
0x00000001a9631000 	/usr/lib/system/libsystem_m.dylib
0x000000019b27a000 	/usr/lib/system/libsystem_malloc.dylib
0x00000001a13e0000 	/usr/lib/system/libsystem_networkextension.dylib
0x000000019f3dd000 	/usr/lib/system/libsystem_notify.dylib
0x00000001a7a91000 	/usr/lib/system/libsystem_sandbox.dylib
0x0000000283f05000 	/usr/lib/system/libsystem_sanitizers.dylib
0x00000001a96c1000 	/usr/lib/system/libsystem_secinit.dylib
0x000000019b439000 	/usr/lib/system/libsystem_kernel.dylib
0x000000019b4b2000 	/usr/lib/system/libsystem_platform.dylib
0x000000019b475000 	/usr/lib/system/libsystem_pthread.dylib
0x00000001a2fd4000 	/usr/lib/system/libsystem_symptoms.dylib
0x000000019b1bf000 	/usr/lib/system/libsystem_trace.dylib
0x00000001a969b000 	/usr/lib/system/libunwind.dylib
0x000000019b174000 	/usr/lib/system/libxpc.dylib
0x000000019b41b000 	/usr/lib/libc++abi.dylib
0x0000000282ace000 	/usr/lib/libRosetta.dylib
0x000000019f279000 	/System/Library/PrivateFrameworks/CoreServicesInternal.framework/Versions/A/CoreServicesInternal
0x00000001a96a5000 	/usr/lib/liboah.dylib
0x00000001a96da000 	/usr/lib/libfakelink.dylib
0x00000001b4d71000 	/System/Library/PrivateFrameworks/DiskImages.framework/Versions/A/DiskImages
0x00000001c127a000 	/System/Library/Frameworks/NetFS.framework/Versions/A/NetFS
0x00000001a1016000 	/System/Library/Frameworks/CFNetwork.framework/Versions/A/CFNetwork
0x00000001a4ca5000 	/System/Library/Frameworks/CoreServices.framework/Versions/A/Frameworks/FSEvents.framework/Versions/A/FSEvents
0x000000019ef86000 	/System/Library/Frameworks/CoreServices.framework/Versions/A/Frameworks/CarbonCore.framework/Versions/A/CarbonCore
0x00000001a411a000 	/System/Library/Frameworks/CoreServices.framework/Versions/A/Frameworks/Metadata.framework/Versions/A/Metadata
0x00000001a91ba000 	/System/Library/Frameworks/CoreServices.framework/Versions/A/Frameworks/OSServices.framework/Versions/A/OSServices
0x00000001a9827000 	/System/Library/Frameworks/CoreServices.framework/Versions/A/Frameworks/SearchKit.framework/Versions/A/SearchKit
0x00000001a2f4f000 	/System/Library/Frameworks/CoreServices.framework/Versions/A/Frameworks/AE.framework/Versions/A/AE
0x000000019ba29000 	/System/Library/Frameworks/CoreServices.framework/Versions/A/Frameworks/LaunchServices.framework/Versions/A/LaunchServices
0x00000001aac3e000 	/System/Library/Frameworks/CoreServices.framework/Versions/A/Frameworks/DictionaryServices.framework/Versions/A/DictionaryServices
0x00000001a4cb3000 	/System/Library/Frameworks/CoreServices.framework/Versions/A/Frameworks/SharedFileList.framework/Versions/A/SharedFileList
0x00000001a98bd000 	/usr/lib/libapple_nghttp2.dylib
0x00000001a2bb0000 	/usr/lib/libsqlite3.dylib
0x00000001ad8f5000 	/System/Library/Frameworks/GSS.framework/Versions/A/GSS
0x00000001a2ee6000 	/System/Library/PrivateFrameworks/RunningBoardServices.framework/Versions/A/RunningBoardServices
0x00000001a2fdd000 	/System/Library/Frameworks/Network.framework/Versions/A/Network
0x00000001a9674000 	/usr/lib/system/libkxld.dylib
0x0000000245311000 	/System/Library/PrivateFrameworks/AppleKeyStore.framework/Versions/A/AppleKeyStore
0x0000000282926000 	/usr/lib/libCoreEntitlements.dylib
0x00000002602ff000 	/System/Library/PrivateFrameworks/MessageSecurity.framework/Versions/A/MessageSecurity
0x00000001a2b95000 	/System/Library/PrivateFrameworks/ProtocolBuffer.framework/Versions/A/ProtocolBuffer
0x00000001a9199000 	/System/Library/PrivateFrameworks/AppleFSCompression.framework/Versions/A/AppleFSCompression
0x00000001a8aab000 	/usr/lib/libcoretls.dylib
0x00000001aacb4000 	/usr/lib/libcoretls_cfhelpers.dylib
0x00000001a9900000 	/usr/lib/libpam.2.dylib
0x00000001aad28000 	/usr/lib/libxar.1.dylib
0x00000001a972f000 	/usr/lib/libarchive.2.dylib
0x00000001aeff8000 	/System/Library/Frameworks/Combine.framework/Versions/A/Combine
0x00000002494aa000 	/System/Library/PrivateFrameworks/CollectionsInternal.framework/Versions/A/CollectionsInternal
0x000000026935a000 	/System/Library/PrivateFrameworks/ReflectionInternal.framework/Versions/A/ReflectionInternal
0x000000026a031000 	/System/Library/PrivateFrameworks/RuntimeInternal.framework/Versions/A/RuntimeInternal
0x0000000283b55000 	/usr/lib/swift/libswiftSystem.dylib
0x00000001a7a9a000 	/System/Library/PrivateFrameworks/AppleSystemInfo.framework/Versions/A/AppleSystemInfo
0x00000001c42d3000 	/System/Library/PrivateFrameworks/LoggingSupport.framework/Versions/A/LoggingSupport
0x00000001b20b7000 	/System/Library/PrivateFrameworks/PowerLog.framework/Versions/A/PowerLog
0x0000000201e5d000 	/System/Library/Frameworks/SwiftData.framework/Versions/A/SwiftData
0x00000001a4eb6000 	/System/Library/PrivateFrameworks/UserManagement.framework/Versions/A/UserManagement
0x00000001a0f44000 	/usr/lib/libboringssl.dylib
0x00000001a2fc3000 	/usr/lib/libdns_services.dylib
0x00000001c3482000 	/usr/lib/libquic.dylib
0x00000001acbd6000 	/usr/lib/libusrtcp.dylib
0x00000001e7dcd000 	/System/Library/PrivateFrameworks/InternalSwiftProtobuf.framework/Versions/A/InternalSwiftProtobuf
0x0000000283ab2000 	/usr/lib/swift/libswiftDistributed.dylib
0x0000000283b4b000 	/usr/lib/swift/libswiftSynchronization.dylib
0x00000001a1015000 	/usr/lib/libnetwork.dylib
0x00000001d4f89000 	/System/Library/PrivateFrameworks/OSAnalytics.framework/Versions/A/OSAnalytics
0x00000001a9898000 	/System/Library/PrivateFrameworks/AppleSauce.framework/Versions/A/AppleSauce
0x00000001b338c000 	/System/Library/PrivateFrameworks/CoreSymbolication.framework/Versions/A/CoreSymbolication
0x00000001e3a96000 	/System/Library/PrivateFrameworks/Symbolication.framework/Versions/A/Symbolication
0x00000001b3368000 	/System/Library/PrivateFrameworks/DebugSymbols.framework/Versions/A/DebugSymbols
0x00000002827f1000 	/usr/lib/libAppleArchive.dylib
0x00000001a91a5000 	/usr/lib/libbz2.1.0.dylib
0x00000001aac95000 	/usr/lib/liblzma.5.dylib
0x00000001a8797000 	/System/Library/PrivateFrameworks/IOMobileFramebuffer.framework/Versions/A/IOMobileFramebuffer
0x00000001c435c000 	/System/Library/PrivateFrameworks/MallocStackLogging.framework/Versions/A/MallocStackLogging
0x00000001aae83000 	/System/Library/PrivateFrameworks/CrashReporterSupport.framework/Versions/A/CrashReporterSupport
0x000000019c535000 	/System/Library/PrivateFrameworks/Lexicon.framework/Versions/A/Lexicon
0x000000025863e000 	/System/Library/PrivateFrameworks/IO80211.framework/Versions/A/IO80211
0x00000001b2e8e000 	/System/Library/PrivateFrameworks/FrontBoardServices.framework/Versions/A/FrontBoardServices
0x00000001a89d3000 	/System/Library/Frameworks/SecurityFoundation.framework/Versions/A/SecurityFoundation
0x00000001a8b35000 	/usr/lib/libgermantok.dylib
0x00000001a7bbe000 	/System/Library/PrivateFrameworks/LinguisticData.framework/Versions/A/LinguisticData
0x00000001a2e01000 	/System/Library/PrivateFrameworks/BaseBoard.framework/Versions/A/BaseBoard
0x00000001b2f5b000 	/System/Library/PrivateFrameworks/BoardServices.framework/Versions/A/BoardServices
0x00000001a89c4000 	/System/Library/PrivateFrameworks/AssertionServices.framework/Versions/A/AssertionServices
0x00000001b4bab000 	/System/Library/PrivateFrameworks/BackBoardServices.framework/Versions/A/BackBoardServices
0x00000001a6c6d000 	/System/Library/PrivateFrameworks/FontServices.framework/libFontParser.dylib
0x00000001a148f000 	/System/Library/PrivateFrameworks/TCC.framework/Versions/A/TCC
0x00000001b85a3000 	/System/Library/PrivateFrameworks/IOSurfaceAccelerator.framework/Versions/A/IOSurfaceAccelerator
0x00000001ab76e000 	/System/Library/PrivateFrameworks/WatchdogClient.framework/Versions/A/WatchdogClient
0x000000019da80000 	/System/Library/Frameworks/CoreDisplay.framework/Versions/A/CoreDisplay
0x00000001a6b11000 	/System/Library/Frameworks/CoreMedia.framework/Versions/A/CoreMedia
0x00000001a686c000 	/System/Library/PrivateFrameworks/IOAccelerator.framework/Versions/A/IOAccelerator
0x00000001a4e15000 	/System/Library/Frameworks/CoreVideo.framework/Versions/A/CoreVideo
0x00000001a98fe000 	/System/Library/Frameworks/MetalPerformanceShaders.framework/Versions/A/MetalPerformanceShaders
0x0000000268698000 	/System/Library/PrivateFrameworks/ProDisplayLibrary.framework/Versions/A/ProDisplayLibrary
0x00000001ab7b6000 	/System/Library/Frameworks/VideoToolbox.framework/Versions/A/VideoToolbox
0x00000001a7a98000 	/System/Library/PrivateFrameworks/AggregateDictionary.framework/Versions/A/AggregateDictionary
0x00000001aacb6000 	/System/Library/PrivateFrameworks/APFS.framework/Versions/A/APFS
0x00000001aad37000 	/usr/lib/libutil.dylib
0x00000002735bd000 	/System/Library/PrivateFrameworks/SwiftASN1Internal.framework/Versions/A/SwiftASN1Internal
0x00000001a41ae000 	/System/Library/Frameworks/Accelerate.framework/Versions/A/Frameworks/vImage.framework/Versions/A/vImage
0x00000001b10d8000 	/System/Library/Frameworks/Accelerate.framework/Versions/A/Frameworks/vecLib.framework/Versions/A/vecLib
0x00000001aad6f000 	/System/Library/Frameworks/Accelerate.framework/Versions/A/Frameworks/vecLib.framework/Versions/A/libvMisc.dylib
0x000000019bea1000 	/System/Library/Frameworks/Accelerate.framework/Versions/A/Frameworks/vecLib.framework/Versions/A/libBLAS.dylib
0x00000001ad502000 	/System/Library/Frameworks/ApplicationServices.framework/Versions/A/Frameworks/ATS.framework/Versions/A/ATS
0x00000001a22c0000 	/System/Library/Frameworks/ApplicationServices.framework/Versions/A/Frameworks/HIServices.framework/Versions/A/HIServices
0x00000001abdbb000 	/System/Library/Frameworks/ApplicationServices.framework/Versions/A/Frameworks/PrintCore.framework/Versions/A/PrintCore
0x00000001ad8bf000 	/System/Library/Frameworks/ApplicationServices.framework/Versions/A/Frameworks/QD.framework/Versions/A/QD
0x00000001ad8b6000 	/System/Library/Frameworks/ApplicationServices.framework/Versions/A/Frameworks/ColorSyncLegacy.framework/Versions/A/ColorSyncLegacy
0x00000001ad4d4000 	/System/Library/Frameworks/ApplicationServices.framework/Versions/A/Frameworks/SpeechSynthesis.framework/Versions/A/SpeechSynthesis
0x00000001a8764000 	/System/Library/PrivateFrameworks/CoreEmoji.framework/Versions/A/CoreEmoji
0x000000024f703000 	/System/Library/PrivateFrameworks/FontServices.framework/Versions/A/FontServices
0x00000001ab2bc000 	/System/Library/PrivateFrameworks/OTSVG.framework/Versions/A/OTSVG
0x00000001a4992000 	/System/Library/Frameworks/ApplicationServices.framework/Versions/A/Frameworks/ATS.framework/Versions/A/Resources/libFontRegistry.dylib
0x0000000282eb3000 	/usr/lib/libhvf.dylib
0x000000026459c000 	/System/Library/PrivateFrameworks/ParsingInternal.framework/Versions/A/ParsingInternal
0x0000000283afb000 	/usr/lib/swift/libswiftRegexBuilder.dylib
0x0000000283c83000 	/usr/lib/swift/libswift_RegexParser.dylib
0x00000001ab637000 	/System/Library/PrivateFrameworks/AppleJPEG.framework/Versions/A/AppleJPEG
0x00000001ab0d8000 	/usr/lib/libexpat.1.dylib
0x00000001abc91000 	/System/Library/Frameworks/ImageIO.framework/Versions/A/Resources/libPng.dylib
0x00000001abcbc000 	/System/Library/Frameworks/ImageIO.framework/Versions/A/Resources/libTIFF.dylib
0x00000001abda6000 	/System/Library/Frameworks/ImageIO.framework/Versions/A/Resources/libGIF.dylib
0x00000001ab67d000 	/System/Library/Frameworks/ImageIO.framework/Versions/A/Resources/libJP2.dylib
0x00000001abd4d000 	/System/Library/Frameworks/ImageIO.framework/Versions/A/Resources/libJPEG.dylib
0x00000001abd44000 	/System/Library/Frameworks/ImageIO.framework/Versions/A/Resources/libRadiance.dylib
0x00000002543d2000 	/System/Library/PrivateFrameworks/GPUCompiler.framework/Versions/32023/Libraries/libllvm-flatbuffers.dylib
0x000000024f7ce000 	/System/Library/PrivateFrameworks/FramePacing.framework/Versions/A/FramePacing
0x00000001fb94b000 	/System/Library/Frameworks/OpenGL.framework/Versions/A/Libraries/libCoreFSCache.dylib
0x0000000250343000 	/System/Library/PrivateFrameworks/GPUCompiler.framework/Versions/32023/Libraries/libGPUCompilerUtils.dylib
0x000000024f704000 	/System/Library/PrivateFrameworks/FontServices.framework/libXTFontStaticRegistryData.dylib
0x00000001b69bb000 	/System/Library/PrivateFrameworks/ASEProcessing.framework/Versions/A/ASEProcessing
0x0000000267805000 	/System/Library/PrivateFrameworks/PhotosensitivityProcessing.framework/Versions/A/PhotosensitivityProcessing
0x00000001ab2b0000 	/System/Library/PrivateFrameworks/GraphVisualizer.framework/Versions/A/GraphVisualizer
0x00000001fb9a9000 	/System/Library/Frameworks/OpenGL.framework/Versions/A/Libraries/libGLU.dylib
0x00000001fb96d000 	/System/Library/Frameworks/OpenGL.framework/Versions/A/Libraries/libGFXShared.dylib
0x00000001fbb35000 	/System/Library/Frameworks/OpenGL.framework/Versions/A/Libraries/libGL.dylib
0x00000001fb976000 	/System/Library/Frameworks/OpenGL.framework/Versions/A/Libraries/libGLImage.dylib
0x00000001fb96a000 	/System/Library/Frameworks/OpenGL.framework/Versions/A/Libraries/libCVMSPluginSupport.dylib
0x00000001fb953000 	/System/Library/Frameworks/OpenGL.framework/Versions/A/Libraries/libCoreVMClient.dylib
0x00000001a79dc000 	/System/Library/Frameworks/MetalPerformanceShaders.framework/Versions/A/Frameworks/MPSCore.framework/Versions/A/MPSCore
0x00000001a9104000 	/System/Library/Frameworks/MetalPerformanceShaders.framework/Versions/A/Frameworks/MPSImage.framework/Versions/A/MPSImage
0x00000001a8b4d000 	/System/Library/Frameworks/MetalPerformanceShaders.framework/Versions/A/Frameworks/MPSNeuralNetwork.framework/Versions/A/MPSNeuralNetwork
0x00000001a8f84000 	/System/Library/Frameworks/MetalPerformanceShaders.framework/Versions/A/Frameworks/MPSMatrix.framework/Versions/A/MPSMatrix
0x00000001a8d99000 	/System/Library/Frameworks/MetalPerformanceShaders.framework/Versions/A/Frameworks/MPSRayIntersector.framework/Versions/A/MPSRayIntersector
0x00000001a8fb6000 	/System/Library/Frameworks/MetalPerformanceShaders.framework/Versions/A/Frameworks/MPSNDArray.framework/Versions/A/MPSNDArray
0x00000001ff24b000 	/System/Library/Frameworks/MetalPerformanceShaders.framework/Versions/A/Frameworks/MPSFunctions.framework/Versions/A/MPSFunctions
0x00000001ff22d000 	/System/Library/Frameworks/MetalPerformanceShaders.framework/Versions/A/Frameworks/MPSBenchmarkLoop.framework/Versions/A/MPSBenchmarkLoop
0x000000019bd1c000 	/System/Library/PrivateFrameworks/MetalTools.framework/Versions/A/MetalTools
0x00000001c9045000 	/System/Library/PrivateFrameworks/IOAccelMemoryInfo.framework/Versions/A/IOAccelMemoryInfo
0x00000001d674a000 	/System/Library/PrivateFrameworks/kperf.framework/Versions/A/kperf
0x00000001c43c3000 	/System/Library/PrivateFrameworks/GPURawCounter.framework/Versions/A/GPURawCounter
0x00000001abd78000 	/System/Library/Frameworks/ApplicationServices.framework/Versions/A/Frameworks/ATSUI.framework/Versions/A/ATSUI
0x00000001ad84a000 	/usr/lib/libcups.2.dylib
0x00000001ad8e4000 	/System/Library/Frameworks/Kerberos.framework/Versions/A/Kerberos
0x00000001ad54a000 	/usr/lib/libresolv.9.dylib
0x00000001a9714000 	/usr/lib/libiconv.2.dylib
0x00000001ab30e000 	/System/Library/PrivateFrameworks/Heimdal.framework/Versions/A/Heimdal
0x00000001b57cf000 	/System/Library/Frameworks/Kerberos.framework/Versions/A/Libraries/libHeimdalProxy.dylib
0x00000001ab0f3000 	/usr/lib/libheimdal-asn1.dylib
0x00000001a4c78000 	/System/Library/Frameworks/OpenDirectory.framework/Versions/A/OpenDirectory
0x00000001ad947000 	/System/Library/PrivateFrameworks/CommonAuth.framework/Versions/A/CommonAuth
0x00000001a4c86000 	/System/Library/Frameworks/OpenDirectory.framework/Versions/A/Frameworks/CFOpenDirectory.framework/Versions/A/CFOpenDirectory
0x00000001a966f000 	/usr/lib/libcharset.1.dylib
0x00000001fbed1000 	/System/Library/Frameworks/AVFAudio.framework/Versions/A/AVFAudio
0x00000001bdcaf000 	/System/Library/PrivateFrameworks/AXCoreUtilities.framework/Versions/A/AXCoreUtilities
0x000000025bf77000 	/System/Library/PrivateFrameworks/IsolatedCoreAudioClient.framework/Versions/A/IsolatedCoreAudioClient
0x00000001ad4bb000 	/usr/lib/libAudioStatistics.dylib
0x00000001a6ae9000 	/System/Library/PrivateFrameworks/caulk.framework/Versions/A/caulk
0x000000019dba1000 	/System/Library/PrivateFrameworks/AudioToolboxCore.framework/Versions/A/AudioToolboxCore
0x00000001b7ac5000 	/System/Library/Frameworks/CoreMIDI.framework/Versions/A/CoreMIDI
0x00000001ad45d000 	/System/Library/PrivateFrameworks/AudioSession.framework/Versions/A/AudioSession
0x00000001aed60000 	/System/Library/Frameworks/IOBluetooth.framework/Versions/A/IOBluetooth
0x00000001ab1dd000 	/System/Library/PrivateFrameworks/MediaExperience.framework/Versions/A/MediaExperience
0x0000000276081000 	/System/Library/PrivateFrameworks/Tightbeam.framework/Versions/A/Tightbeam
0x0000000249f68000 	/System/Library/PrivateFrameworks/CoreAudioOrchestration.framework/Versions/A/CoreAudioOrchestration
0x00000001db082000 	/System/Library/PrivateFrameworks/AFKUser.framework/Versions/A/AFKUser
0x00000001c43c7000 	/usr/lib/swift/libswiftCoreAudio.dylib
0x00000001ab2fd000 	/System/Library/PrivateFrameworks/AppServerSupport.framework/Versions/A/AppServerSupport
0x00000001ad8c8000 	/System/Library/PrivateFrameworks/perfdata.framework/Versions/A/perfdata
0x00000001c357b000 	/System/Library/PrivateFrameworks/SystemPolicy.framework/Versions/A/SystemPolicy
0x00000001ad769000 	/usr/lib/libSMC.dylib
0x00000001abc5b000 	/usr/lib/libAudioToolboxUtility.dylib
0x00000001ad8d6000 	/usr/lib/libperfcheck.dylib
0x0000000245e8f000 	/System/Library/PrivateFrameworks/AudioAnalytics.framework/Versions/A/AudioAnalytics
0x00000001e7b94000 	/System/Library/Frameworks/OSLog.framework/Versions/A/OSLog
0x00000001c438e000 	/usr/lib/libmis.dylib
0x00000001ad26b000 	/System/Library/PrivateFrameworks/AudioSession.framework/libSessionUtility.dylib
0x00000001abdac000 	/System/Library/PrivateFrameworks/CMCaptureCore.framework/Versions/A/CMCaptureCore
0x00000001fd57a000 	/System/Library/Frameworks/ExtensionFoundation.framework/Versions/A/ExtensionFoundation
0x00000001b3499000 	/System/Library/PrivateFrameworks/CoreTime.framework/Versions/A/CoreTime
0x00000001aafd7000 	/System/Library/PrivateFrameworks/PlugInKit.framework/Versions/A/PlugInKit
0x00000001b1fc0000 	/System/Library/Frameworks/CoreBluetooth.framework/Versions/A/CoreBluetooth
0x00000001b57d0000 	/System/Library/Frameworks/AudioUnit.framework/Versions/A/AudioUnit
0x00000001a8828000 	/System/Library/PrivateFrameworks/CoreUtils.framework/Versions/A/CoreUtils
0x000000024cf1b000 	/System/Library/PrivateFrameworks/CoreUtilsExtras.framework/Versions/A/CoreUtilsExtras
0x00000001b13f9000 	/System/Library/Frameworks/MediaAccessibility.framework/Versions/A/MediaAccessibility
0x00000001cc9e5000 	/System/Library/PrivateFrameworks/AttributeGraph.framework/Versions/A/AttributeGraph
0x000000028276f000 	/usr/lib/libAXSafeCategoryBundle.dylib
0x00000001bdd6b000 	/usr/lib/libAccessibility.dylib
0x00000001a8672000 	/System/Library/Frameworks/Accelerate.framework/Versions/A/Frameworks/vecLib.framework/Versions/A/libvDSP.dylib
0x00000001a99dc000 	/System/Library/Frameworks/Accelerate.framework/Versions/A/Frameworks/vecLib.framework/Versions/A/libLAPACK.dylib
0x00000001a8b38000 	/System/Library/Frameworks/Accelerate.framework/Versions/A/Frameworks/vecLib.framework/Versions/A/libLinearAlgebra.dylib
0x00000001a98d7000 	/System/Library/Frameworks/Accelerate.framework/Versions/A/Frameworks/vecLib.framework/Versions/A/libSparseBLAS.dylib
0x00000001a99d7000 	/System/Library/Frameworks/Accelerate.framework/Versions/A/Frameworks/vecLib.framework/Versions/A/libQuadrature.dylib
0x00000001a7bc5000 	/System/Library/Frameworks/Accelerate.framework/Versions/A/Frameworks/vecLib.framework/Versions/A/libBNNS.dylib
0x000000019c642000 	/System/Library/Frameworks/Accelerate.framework/Versions/A/Frameworks/vecLib.framework/Versions/A/libSparse.dylib
0x000000025d6ee000 	/System/Library/PrivateFrameworks/MIL.framework/Versions/A/MIL
0x00000001abd3f000 	/System/Library/PrivateFrameworks/GPUWrangler.framework/Versions/A/GPUWrangler
0x00000001abd1f000 	/System/Library/PrivateFrameworks/IOPresentment.framework/Versions/A/IOPresentment
0x00000001abd47000 	/System/Library/PrivateFrameworks/DSExternalDisplay.framework/Versions/A/DSExternalDisplay
0x00000001e7f9b000 	/System/Library/PrivateFrameworks/HIDDisplay.framework/Versions/A/HIDDisplay
0x00000001bcf89000 	/System/Library/PrivateFrameworks/HID.framework/Versions/A/HID
0x00000002798c3000 	/System/Library/PrivateFrameworks/VideoToolboxParavirtualizationSupport.framework/Versions/A/VideoToolboxParavirtualizationSupport
0x00000001ab08f000 	/System/Library/PrivateFrameworks/AppleVA.framework/Versions/A/AppleVA
0x00000001b3008000 	/System/Library/PrivateFrameworks/GraphicsServices.framework/Versions/A/GraphicsServices
0x00000001adaba000 	/System/Library/PrivateFrameworks/CorePhoneNumbers.framework/Versions/A/CorePhoneNumbers
0x00000001b21a8000 	/System/Library/PrivateFrameworks/MediaKit.framework/Versions/A/MediaKit
0x00000001b20f3000 	/System/Library/Frameworks/DiscRecording.framework/Versions/A/DiscRecording
0x00000001ad8a9000 	/System/Library/PrivateFrameworks/NetAuth.framework/Versions/A/NetAuth
0x00000001a4e76000 	/System/Library/PrivateFrameworks/login.framework/Versions/A/Frameworks/loginsupport.framework/Versions/A/loginsupport
0x00000001ab0fd000 	/System/Library/PrivateFrameworks/IconFoundation.framework/Versions/A/IconFoundation
0x00000001aae7a000 	/usr/lib/libIOReport.dylib
0x0000000245a9f000 	/System/Library/PrivateFrameworks/AppleMobileFileIntegrity.framework/Versions/A/AppleMobileFileIntegrity
0x0000000282b31000 	/usr/lib/libTLE.dylib
0x00000001f89a7000 	/System/Library/PrivateFrameworks/ConfigProfileHelper.framework/Versions/A/ConfigProfileHelper
0x00000001a8ad5000 	/usr/lib/libmecab.dylib
0x000000019c7d2000 	/usr/lib/libCRFSuite.dylib
0x00000001a7aa1000 	/System/Library/PrivateFrameworks/CoreNLP.framework/Versions/A/CoreNLP
0x00000001a988f000 	/usr/lib/libThaiTokenizer.dylib
0x00000001a8a9f000 	/usr/lib/libCheckFix.dylib
0x00000001a40b9000 	/System/Library/PrivateFrameworks/MetadataUtilities.framework/Versions/A/MetadataUtilities
0x0000000258f22000 	/System/Library/PrivateFrameworks/InstalledContentLibrary.framework/Versions/A/InstalledContentLibrary
0x000000019f2b9000 	/System/Library/PrivateFrameworks/CoreServicesStore.framework/Versions/A/CoreServicesStore
0x00000001d6854000 	/System/Library/PrivateFrameworks/MobileSystemServices.framework/Versions/A/MobileSystemServices
0x00000001aad3b000 	/usr/lib/libxslt.1.dylib
0x00000001a8a62000 	/System/Library/PrivateFrameworks/BackgroundTaskManagement.framework/Versions/A/BackgroundTaskManagement
0x00000001b4f2f000 	/usr/lib/libcurl.4.dylib
0x0000000282d65000 	/usr/lib/libcrypto.46.dylib
0x000000028388f000 	/usr/lib/libssl.48.dylib
0x00000001b4c07000 	/System/Library/Frameworks/LDAP.framework/Versions/A/LDAP
0x00000001b4c43000 	/System/Library/PrivateFrameworks/TrustEvaluationAgent.framework/Versions/A/TrustEvaluationAgent
0x00000001ad567000 	/usr/lib/libsasl2.2.dylib
0x00000001c1750000 	/usr/lib/swift/libswiftCoreGraphics.dylib
0x00000001b1a28000 	/usr/lib/swift/libswiftFoundation.dylib
0x00000001f8431000 	/usr/lib/swift/libswiftSwiftOnoneSupport.dylib
0x00000001e4247000 	/System/Library/PrivateFrameworks/CoreMaterial.framework/Versions/A/CoreMaterial
0x000000026a128000 	/System/Library/PrivateFrameworks/SFSymbols.framework/Versions/A/SFSymbols
0x00000001b0cf3000 	/System/Library/PrivateFrameworks/SpeechRecognitionCore.framework/Versions/A/SpeechRecognitionCore
0x00000001c2f9e000 	/System/Library/Frameworks/Carbon.framework/Versions/A/Carbon
0x00000001b9fd4000 	/System/Library/Frameworks/Carbon.framework/Versions/A/Frameworks/CommonPanels.framework/Versions/A/CommonPanels
0x00000001b4f1a000 	/System/Library/Frameworks/Carbon.framework/Versions/A/Frameworks/Help.framework/Versions/A/Help
0x00000001b9fd8000 	/System/Library/Frameworks/Carbon.framework/Versions/A/Frameworks/ImageCapture.framework/Versions/A/ImageCapture
0x00000001b9fb4000 	/System/Library/Frameworks/Carbon.framework/Versions/A/Frameworks/OpenScripting.framework/Versions/A/OpenScripting
0x00000001b9fd3000 	/System/Library/Frameworks/Carbon.framework/Versions/A/Frameworks/Ink.framework/Versions/A/Ink
0x00000001b9fd0000 	/System/Library/Frameworks/Carbon.framework/Versions/A/Frameworks/SecurityHI.framework/Versions/A/SecurityHI
0x00000001a4b3d000 	/System/Library/PrivateFrameworks/ViewBridge.framework/Versions/A/ViewBridge
0x000000010aba0000 	/usr/lib/libobjc-trampolines.dylib
0x0000000282773000 	/usr/lib/libAccessibilityBaseImplementations.dylib
0x000000027ce99000 	/System/Library/PrivateFrameworks/WritingToolsUI.framework/Versions/A/WritingToolsUI
0x000000025552d000 	/System/Library/PrivateFrameworks/GenerativeAssistantSettings.framework/Versions/A/GenerativeAssistantSettings
0x00000002742c3000 	/System/Library/PrivateFrameworks/TextComposer.framework/Versions/A/TextComposer
0x00000001c43ef000 	/usr/lib/swift/libswiftIntents.dylib
0x0000000283b0d000 	/usr/lib/swift/libswiftSpatial.dylib
0x00000001fc02a000 	/System/Library/Frameworks/AppIntents.framework/Versions/A/AppIntents
0x00000001cb2bd000 	/System/Library/Frameworks/SwiftUI.framework/Versions/A/SwiftUI
0x00000001c182c000 	/System/Library/Frameworks/WebKit.framework/Versions/A/WebKit
0x0000000240fb6000 	/System/Library/Frameworks/_AuthenticationServices_SwiftUI.framework/Versions/A/_AuthenticationServices_SwiftUI
0x0000000243b96000 	/System/Library/PrivateFrameworks/Anvil.framework/Versions/A/Anvil
0x00000001ca932000 	/System/Library/PrivateFrameworks/AppStoreDaemon.framework/Versions/A/AppStoreDaemon
0x00000001b7ce0000 	/System/Library/PrivateFrameworks/AppleMediaServices.framework/Versions/A/AppleMediaServices
0x00000001c73b1000 	/System/Library/PrivateFrameworks/AppleMediaServicesUI.framework/Versions/A/AppleMediaServicesUI
0x0000000255507000 	/System/Library/PrivateFrameworks/GenerativeAssistantCommon.framework/Versions/A/GenerativeAssistantCommon
0x00000001f7a49000 	/System/Library/PrivateFrameworks/JetEngine.framework/Versions/A/JetEngine
0x000000025d04f000 	/System/Library/PrivateFrameworks/LinkMetadata.framework/Versions/A/LinkMetadata
0x00000001c4c71000 	/System/Library/PrivateFrameworks/OnBoardingKit.framework/Versions/A/OnBoardingKit
0x000000026afa3000 	/System/Library/PrivateFrameworks/Settings.framework/Versions/A/Settings
0x00000001a94df000 	/System/Library/Frameworks/CoreSpotlight.framework/Versions/A/CoreSpotlight
0x000000025d290000 	/System/Library/PrivateFrameworks/LinkServices.framework/Versions/A/LinkServices
0x000000024dbac000 	/System/Library/PrivateFrameworks/DoNotDisturb.framework/Versions/A/DoNotDisturb
0x00000001c9155000 	/System/Library/PrivateFrameworks/IntentsCore.framework/Versions/A/IntentsCore
0x000000024627c000 	/System/Library/PrivateFrameworks/AvailabilityKit.framework/Versions/A/AvailabilityKit
0x0000000243de6000 	/System/Library/PrivateFrameworks/AppIntentSchemas.framework/Versions/A/AppIntentSchemas
0x0000000272dd9000 	/System/Library/PrivateFrameworks/StatusKit.framework/Versions/A/StatusKit
0x00000002692d5000 	/System/Library/PrivateFrameworks/RecapPerformanceTesting.framework/Versions/A/RecapPerformanceTesting
0x00000001c4c61000 	/System/Library/PrivateFrameworks/SignpostCollection.framework/Versions/A/SignpostCollection
0x0000000282b30000 	/usr/lib/libSpatial.dylib
0x00000001b76d6000 	/System/Library/Frameworks/WebKit.framework/Versions/A/Frameworks/WebKitLegacy.framework/Versions/A/WebKitLegacy
0x00000001b561c000 	/System/Library/PrivateFrameworks/CorePrediction.framework/Versions/A/CorePrediction
0x00000001a5b30000 	/System/Library/Frameworks/WebKit.framework/Versions/A/Frameworks/WebCore.framework/Versions/A/Frameworks/libwebrtc.dylib
0x00000001c17b8000 	/System/Library/PrivateFrameworks/SafariSafeBrowsing.framework/Versions/A/SafariSafeBrowsing
0x00000001ad5f0000 	/System/Library/Frameworks/SecurityInterface.framework/Versions/A/SecurityInterface
0x00000001c4c70000 	/System/Library/PrivateFrameworks/WebInspectorUI.framework/Versions/A/WebInspectorUI
0x00000001b9fdb000 	/System/Library/Frameworks/JavaScriptCore.framework/Versions/A/JavaScriptCore
0x00000001bdd9c000 	/System/Library/Frameworks/WebKit.framework/Versions/A/Frameworks/WebCore.framework/Versions/A/WebCore
0x00000001fca08000 	/System/Library/Frameworks/BrowserEngineCore.framework/Versions/A/BrowserEngineCore
0x0000000240b14000 	/System/Library/Frameworks/WebKit.framework/Versions/A/Frameworks/WebCore.framework/Versions/A/Frameworks/libANGLE-shared.dylib
0x000000027ba90000 	/System/Library/PrivateFrameworks/WebGPU.framework/Versions/A/WebGPU
0x00000001c6a43000 	/System/Library/Frameworks/SceneKit.framework/Versions/A/SceneKit
0x00000001d707b000 	/System/Library/Frameworks/ModelIO.framework/Versions/A/ModelIO
0x00000001aef2b000 	/System/Library/Frameworks/MetalKit.framework/Versions/A/MetalKit
0x00000001b100a000 	/System/Library/Frameworks/GLKit.framework/Versions/A/GLKit
0x0000000284046000 	/usr/lib/usd/libusd_ms.dylib
0x00000002780d8000 	/System/Library/PrivateFrameworks/USDLib_FormatLoaderProxy.framework/Versions/A/USDLib_FormatLoaderProxy
0x00000001c3e77000 	/System/Library/PrivateFrameworks/CoreOptimization.framework/Versions/A/CoreOptimization
0x000000024614f000 	/System/Library/PrivateFrameworks/AuthenticationServicesCore.framework/Versions/A/AuthenticationServicesCore
0x00000001cdbda000 	/System/Library/Frameworks/AuthenticationServices.framework/Versions/A/AuthenticationServices
0x00000001aafb3000 	/System/Library/PrivateFrameworks/SharedWebCredentials.framework/Versions/A/SharedWebCredentials
0x00000001c5aad000 	/System/Library/PrivateFrameworks/SafariCore.framework/Versions/A/SafariCore
0x00000001cd72c000 	/System/Library/PrivateFrameworks/SafariFoundation.framework/Versions/A/SafariFoundation
0x00000002471d9000 	/System/Library/PrivateFrameworks/CBORLibrary.framework/Versions/A/CBORLibrary
0x0000000247f81000 	/System/Library/PrivateFrameworks/Chirp.framework/Versions/A/Chirp
0x00000001f8cdc000 	/System/Library/PrivateFrameworks/RemoteManagement.framework/Versions/A/RemoteManagement
0x000000026962b000 	/System/Library/PrivateFrameworks/RemoteManagementModel.framework/Versions/A/RemoteManagementModel
0x00000002696b8000 	/System/Library/PrivateFrameworks/RemoteManagementStore.framework/Versions/A/RemoteManagementStore
0x00000001aef49000 	/usr/lib/libxcselect.dylib
0x00000001cd69b000 	/System/Library/PrivateFrameworks/DifferentialPrivacy.framework/Versions/A/DifferentialPrivacy
0x00000001b1cd9000 	/System/Library/Frameworks/Contacts.framework/Versions/A/Contacts
0x00000002788fc000 	/System/Library/PrivateFrameworks/VDAF.framework/Versions/A/VDAF
0x00000001b1af6000 	/System/Library/PrivateFrameworks/ContactsPersistence.framework/Versions/A/ContactsPersistence
0x00000001b0d0d000 	/System/Library/PrivateFrameworks/AppleLDAP.framework/Versions/A/AppleLDAP
0x00000001b52c3000 	/System/Library/Frameworks/ClassKit.framework/Versions/A/ClassKit
0x00000001b7402000 	/System/Library/PrivateFrameworks/CoreSuggestions.framework/Versions/A/CoreSuggestions
0x00000001b1a29000 	/System/Library/PrivateFrameworks/ContactsFoundation.framework/Versions/A/ContactsFoundation
0x00000001b2fca000 	/System/Library/PrivateFrameworks/vCard.framework/Versions/A/vCard
0x00000002497a4000 	/System/Library/PrivateFrameworks/ContactsMetrics.framework/Versions/A/ContactsMetrics
0x00000001ab3cf000 	/System/Library/PrivateFrameworks/login.framework/Versions/A/login
0x000000025f3d8000 	/System/Library/PrivateFrameworks/ManagedOrganizationContacts.framework/Versions/A/ManagedOrganizationContacts
0x00000001a529c000 	/System/Library/PrivateFrameworks/CloudDocs.framework/Versions/A/CloudDocs
0x00000001b69f1000 	/System/Library/PrivateFrameworks/ConfigurationProfiles.framework/Versions/A/ConfigurationProfiles
0x000000024d12b000 	/System/Library/PrivateFrameworks/DMCUtilities.framework/Versions/A/DMCUtilities
0x000000025d66b000 	/System/Library/PrivateFrameworks/MDMClientLibrary.framework/Versions/A/MDMClientLibrary
0x00000002696ac000 	/System/Library/PrivateFrameworks/RemoteManagementProtocol.framework/Versions/A/RemoteManagementProtocol
0x000000028293c000 	/usr/lib/libEndpointSecuritySystem.dylib
0x00000001b1433000 	/System/Library/PrivateFrameworks/SystemAdministration.framework/Versions/A/SystemAdministration
0x00000001bb8e1000 	/System/Library/PrivateFrameworks/PowerlogControl.framework/Versions/A/PowerlogControl
0x00000001a8a91000 	/System/Library/Frameworks/ServiceManagement.framework/Versions/A/ServiceManagement
0x00000001bb8e3000 	/usr/lib/libUniversalAccess.dylib
0x00000001b85ae000 	/System/Library/PrivateFrameworks/FamilyControls.framework/Versions/A/FamilyControls
0x00000001b0cbe000 	/System/Library/Frameworks/DirectoryService.framework/Versions/A/DirectoryService
0x00000001b4fb1000 	/System/Library/PrivateFrameworks/LoginUIKit.framework/Versions/A/Frameworks/LoginUICore.framework/Versions/A/LoginUICore
0x00000001ab5bf000 	/usr/lib/libodfde.dylib
0x00000001b85a8000 	/System/Library/PrivateFrameworks/UniversalAccess.framework/Versions/A/Libraries/libUAPreferences.dylib
0x00000001b85d2000 	/System/Library/PrivateFrameworks/CommerceKit.framework/Versions/A/Frameworks/CommerceCore.framework/Versions/A/CommerceCore
0x000000024d0d9000 	/System/Library/PrivateFrameworks/DEPClientLibrary.framework/Versions/A/DEPClientLibrary
0x000000024d0f9000 	/System/Library/PrivateFrameworks/DMCEnrollmentLibrary.framework/Versions/A/DMCEnrollmentLibrary
0x00000001bb9c7000 	/System/Library/PrivateFrameworks/SetupAssistantFramework.framework/Versions/A/SetupAssistantFramework
0x00000001b5676000 	/System/Library/PrivateFrameworks/AuthKitUI.framework/Versions/A/AuthKitUI
0x00000001b4ffb000 	/System/Library/PrivateFrameworks/AppSSO.framework/Versions/A/AppSSO
0x00000001ca698000 	/System/Library/PrivateFrameworks/LocalAuthenticationUI.framework/Versions/A/LocalAuthenticationUI
0x000000026786a000 	/System/Library/PrivateFrameworks/PlatformSSO.framework/Versions/A/PlatformSSO
0x00000001cb085000 	/System/Library/PrivateFrameworks/AOSUI.framework/Versions/A/AOSUI
0x00000001bd458000 	/System/Library/Frameworks/ContactsUI.framework/Versions/A/ContactsUI
0x00000001b1f10000 	/System/Library/PrivateFrameworks/FamilyCircle.framework/Versions/A/FamilyCircle
0x00000001d872a000 	/System/Library/Frameworks/LinkPresentation.framework/Versions/A/LinkPresentation
0x0000000267936000 	/System/Library/PrivateFrameworks/PlatformSSOCore.framework/Versions/A/PlatformSSOCore
0x00000001bd16a000 	/System/Library/PrivateFrameworks/IASUtilities.framework/Versions/A/IASUtilities
0x000000025856e000 	/System/Library/PrivateFrameworks/IASUtilitiesCore.framework/Versions/A/IASUtilitiesCore
0x000000025d553000 	/System/Library/PrivateFrameworks/LocalAuthenticationCoreUI.framework/Versions/A/LocalAuthenticationCoreUI
0x00000001c410c000 	/System/Library/Frameworks/LocalAuthentication.framework/Support/DaemonUtils.framework/Versions/A/DaemonUtils
0x00000001c7378000 	/System/Library/PrivateFrameworks/BridgeXPC.framework/Versions/A/BridgeXPC
0x00000001ab3f3000 	/System/Library/PrivateFrameworks/CoreBrightness.framework/Versions/A/CoreBrightness
0x00000001c4d4a000 	/System/Library/PrivateFrameworks/CoreKDL.framework/Versions/A/CoreKDL
0x00000001c3574000 	/System/Library/PrivateFrameworks/EmbeddedOSSupportHost.framework/Versions/A/EmbeddedOSSupportHost
0x0000000273aec000 	/System/Library/PrivateFrameworks/SystemStatus.framework/Versions/A/SystemStatus
0x00000001d2801000 	/System/Library/PrivateFrameworks/StorageKit.framework/Versions/A/StorageKit
0x00000001fa356000 	/System/Library/Frameworks/DeviceCheck.framework/Versions/A/DeviceCheck
0x00000001fd681000 	/System/Library/Frameworks/FSKit.framework/Versions/A/FSKit
0x000000024d8c9000 	/System/Library/PrivateFrameworks/DiskImages2.framework/Versions/A/DiskImages2
0x000000025d3e0000 	/System/Library/PrivateFrameworks/LiveFS.framework/Versions/A/LiveFS
0x00000002801db000 	/System/Library/PrivateFrameworks/icloudMCCKit.framework/Versions/A/icloudMCCKit
0x0000000244ae4000 	/System/Library/PrivateFrameworks/AppleAccountUI.framework/Versions/A/AppleAccountUI
0x0000000248aa7000 	/System/Library/PrivateFrameworks/CloudSubscriptionFeatures.framework/Versions/A/CloudSubscriptionFeatures
0x00000001e4213000 	/System/Library/PrivateFrameworks/PreferencePanesSupport.framework/Versions/A/PreferencePanesSupport
0x00000001cb235000 	/System/Library/PrivateFrameworks/FindMyDeviceUI.framework/Versions/A/FindMyDeviceUI
0x000000027de13000 	/System/Library/PrivateFrameworks/iCloudQuotaUI.framework/Versions/A/iCloudQuotaUI
0x00000001e43c6000 	/System/Library/PrivateFrameworks/CoreCDPUI.framework/Versions/A/CoreCDPUI
0x00000001c5814000 	/System/Library/PrivateFrameworks/CoreFollowUpUI.framework/Versions/A/CoreFollowUpUI
0x00000001ad629000 	/System/Library/PrivateFrameworks/CoreFollowUp.framework/Versions/A/CoreFollowUp
0x00000001d157c000 	/System/Library/PrivateFrameworks/IMCore.framework/Versions/A/IMCore
0x00000001bb949000 	/System/Library/PrivateFrameworks/CoreCDP.framework/Versions/A/CoreCDP
0x00000001b7cd2000 	/System/Library/PrivateFrameworks/AskPermission.framework/Versions/A/AskPermission
0x00000001c90d0000 	/System/Library/Frameworks/Quartz.framework/Versions/A/Quartz
0x00000001d50a6000 	/System/Library/PrivateFrameworks/CloudPhotoServicesConfiguration.framework/Versions/A/CloudPhotoServicesConfiguration
0x00000001c7ae6000 	/System/Library/PrivateFrameworks/CommerceKit.framework/Versions/A/CommerceKit
0x00000001d69e6000 	/System/Library/PrivateFrameworks/FindMyMac.framework/Versions/A/FindMyMac
0x00000001d68bd000 	/System/Library/Frameworks/PreferencePanes.framework/Versions/A/PreferencePanes
0x00000001ca790000 	/System/Library/Frameworks/AddressBook.framework/Versions/A/AddressBook
0x00000001b6cba000 	/System/Library/PrivateFrameworks/AOSAccounts.framework/Versions/A/AOSAccounts
0x00000001b142d000 	/System/Library/PrivateFrameworks/AppleSRP.framework/Versions/A/AppleSRP
0x00000001c4026000 	/System/Library/Frameworks/SafariServices.framework/Versions/A/SafariServices
0x00000001b57d8000 	/System/Library/PrivateFrameworks/NetFSServer.framework/Versions/A/NetFSServer
0x00000001c691c000 	/System/Library/Frameworks/PDFKit.framework/Versions/A/PDFKit
0x00000001d78de000 	/System/Library/PrivateFrameworks/EmailFoundation.framework/Versions/A/EmailFoundation
0x00000001d691a000 	/System/Library/PrivateFrameworks/EmailCore.framework/Versions/A/EmailCore
0x00000001da70a000 	/System/Library/PrivateFrameworks/EmailAddressing.framework/Versions/A/EmailAddressing
0x00000001da716000 	/System/Library/PrivateFrameworks/Email.framework/Versions/A/Email
0x0000000202b72000 	/System/Library/Frameworks/TabularData.framework/Versions/A/TabularData
0x0000000283aed000 	/usr/lib/swift/libswiftPassKit.dylib
0x00000002463be000 	/System/Library/PrivateFrameworks/BackgroundSystemTasks.framework/Versions/A/BackgroundSystemTasks
0x000000025d5e2000 	/System/Library/PrivateFrameworks/LockdownMode.framework/Versions/A/LockdownMode
0x00000001b1f0a000 	/System/Library/PrivateFrameworks/CommunicationsFilter.framework/Versions/A/CommunicationsFilter
0x00000001e7ed7000 	/System/Library/Frameworks/PassKit.framework/Versions/A/PassKit
0x00000001b90d2000 	/System/Library/PrivateFrameworks/PassKitCore.framework/Versions/A/PassKitCore
0x0000000264e21000 	/System/Library/PrivateFrameworks/PassKitMacHelperTemp.framework/Versions/A/PassKitMacHelperTemp
0x0000000243e23000 	/System/Library/PrivateFrameworks/AppIntentsServices.framework/Versions/A/AppIntentsServices
0x00000001b68d0000 	/System/Library/PrivateFrameworks/CoreRecents.framework/Versions/A/CoreRecents
0x00000001c4159000 	/System/Library/PrivateFrameworks/BiometricKit.framework/Versions/A/BiometricKit
0x000000026a069000 	/System/Library/PrivateFrameworks/SEService.framework/Versions/A/SEService
0x00000001b74ce000 	/System/Library/Frameworks/EventKit.framework/Versions/A/EventKit
0x00000001c9175000 	/System/Library/PrivateFrameworks/NearField.framework/Versions/A/NearField
0x00000001caead000 	/System/Library/PrivateFrameworks/FTClientServices.framework/Versions/A/FTClientServices
0x00000001e3c34000 	/System/Library/PrivateFrameworks/DiagnosticRequest.framework/Versions/A/DiagnosticRequest
0x0000000282aea000 	/usr/lib/libSESShared.dylib
0x000000026a20a000 	/System/Library/PrivateFrameworks/STSXPCHelperClient.framework/Versions/A/STSXPCHelperClient
0x00000002738bf000 	/System/Library/PrivateFrameworks/Symptoms.framework/Versions/A/Frameworks/SymptomPresentationFeed.framework/Versions/A/SymptomPresentationFeed
0x0000000245397000 	/System/Library/PrivateFrameworks/AppleMediaServicesKitInternal.framework/Versions/A/AppleMediaServicesKitInternal
0x000000027363a000 	/System/Library/PrivateFrameworks/SymptomShared.framework/Versions/A/SymptomShared
0x0000000247b11000 	/System/Library/PrivateFrameworks/CalendarDatabase.framework/Versions/A/CalendarDatabase
0x0000000247a65000 	/System/Library/PrivateFrameworks/CalendarDaemon.framework/Versions/A/CalendarDaemon
0x00000001b6925000 	/System/Library/PrivateFrameworks/CalendarFoundation.framework/Versions/A/CalendarFoundation
0x00000001b68e1000 	/System/Library/PrivateFrameworks/iCalendar.framework/Versions/A/iCalendar
0x000000024d360000 	/System/Library/PrivateFrameworks/DataAccessExpress.framework/Versions/A/DataAccessExpress
0x00000001bcffc000 	/System/Library/PrivateFrameworks/CoreDAV.framework/Versions/A/CoreDAV
0x00000001b73a3000 	/System/Library/PrivateFrameworks/CalDAV.framework/Versions/A/CalDAV
0x00000001c1515000 	/System/Library/PrivateFrameworks/TelephonyUtilities.framework/Versions/A/TelephonyUtilities
0x00000001c58df000 	/System/Library/Frameworks/CallKit.framework/Versions/A/CallKit
0x00000001ed525000 	/System/Library/PrivateFrameworks/IMTransferServices.framework/Versions/A/IMTransferServices
0x00000001c3e91000 	/System/Library/PrivateFrameworks/IncomingCallFilter.framework/Versions/A/IncomingCallFilter
0x000000026272c000 	/System/Library/PrivateFrameworks/NeighborhoodActivityConduit.framework/Versions/A/NeighborhoodActivityConduit
0x0000000282912000 	/usr/lib/libBASupport.dylib
0x00000001d1326000 	/System/Library/PrivateFrameworks/SpotlightReceiver.framework/Versions/A/SpotlightReceiver
0x00000001cab4e000 	/usr/lib/libnfshared.dylib
0x00000001ea705000 	/System/Library/PrivateFrameworks/PassKitUIFoundation.framework/Versions/A/PassKitUIFoundation
0x00000001b0d1f000 	/System/Library/Frameworks/MapKit.framework/Versions/A/MapKit
0x00000001fd645000 	/System/Library/Frameworks/ExtensionKit.framework/Versions/A/ExtensionKit
0x0000000255990000 	/System/Library/PrivateFrameworks/GeoAnalytics.framework/Versions/A/GeoAnalytics
0x00000001c4e9f000 	/System/Library/PrivateFrameworks/SearchFoundation.framework/Versions/A/SearchFoundation
0x00000001cab84000 	/System/Library/PrivateFrameworks/Navigation.framework/Versions/A/Navigation
0x00000001d3bc6000 	/System/Library/PrivateFrameworks/VectorKit.framework/Versions/A/VectorKit
0x00000001bd232000 	/System/Library/PrivateFrameworks/VirtualGarage.framework/Versions/A/VirtualGarage
0x00000001cacfd000 	/System/Library/Frameworks/ExternalAccessory.framework/ExternalAccessory
0x00000001cad17000 	/System/Library/PrivateFrameworks/IAP.framework/Versions/A/IAP
0x00000001b0fd2000 	/System/Library/PrivateFrameworks/IOPlatformPluginFamily.framework/Versions/A/IOPlatformPluginFamily
0x000000024627f000 	/System/Library/PrivateFrameworks/AvatarKit.framework/Versions/A/AvatarKit
0x0000000246337000 	/System/Library/PrivateFrameworks/AvatarPersistence.framework/Versions/A/AvatarPersistence
0x0000000269721000 	/System/Library/PrivateFrameworks/RemoteUI.framework/Versions/A/RemoteUI
0x00000001b10d6000 	/usr/lib/libCTGreenTeaLogger.dylib
0x0000000202d9c000 	/System/Library/Frameworks/TipKit.framework/Versions/A/TipKit
0x00000001e5e8e000 	/System/Library/PrivateFrameworks/AppleCVA.framework/Versions/A/AppleCVA
0x0000000246336000 	/System/Library/PrivateFrameworks/AvatarKitContent.framework/Versions/A/AvatarKitContent
0x00000001b10fe000 	/System/Library/PrivateFrameworks/CoreAppleCVA.framework/Versions/A/CoreAppleCVA
0x000000025c41e000 	/System/Library/PrivateFrameworks/LiftUI.framework/Versions/A/LiftUI
0x0000000248a16000 	/System/Library/PrivateFrameworks/CloudSettings.framework/Versions/A/CloudSettings
0x00000001c3abb000 	/System/Library/PrivateFrameworks/CoreRoutine.framework/Versions/A/CoreRoutine
0x00000001d2356000 	/System/Library/PrivateFrameworks/Categories.framework/Versions/A/Categories
0x0000000248f16000 	/System/Library/PrivateFrameworks/Coherence.framework/Versions/A/Coherence
0x00000001c1410000 	/System/Library/PrivateFrameworks/CoreParsec.framework/Versions/A/CoreParsec
0x00000002654b0000 	/System/Library/PrivateFrameworks/PegasusAPI.framework/Versions/A/PegasusAPI
0x000000026617e000 	/System/Library/PrivateFrameworks/PegasusConfiguration.framework/Versions/A/PegasusConfiguration
0x000000025d5b9000 	/System/Library/PrivateFrameworks/LocalStatusKit.framework/Versions/A/LocalStatusKit
0x00000001c5a93000 	/System/Library/PrivateFrameworks/ContextKit.framework/Versions/A/ContextKit
0x00000002498d2000 	/System/Library/PrivateFrameworks/ContextKitCore.framework/Versions/A/ContextKitCore
0x00000001caeb1000 	/System/Library/PrivateFrameworks/CharacterPicker.framework/Versions/A/CharacterPicker
0x00000001c3f98000 	/System/Library/PrivateFrameworks/ContactsDonation.framework/Versions/A/ContactsDonation
0x00000001bd354000 	/System/Library/PrivateFrameworks/ContactsUICore.framework/Versions/A/ContactsUICore
0x00000001c389e000 	/System/Library/PrivateFrameworks/DataDetectors.framework/Versions/A/DataDetectors
0x00000001b738f000 	/System/Library/Frameworks/MediaLibrary.framework/Versions/A/MediaLibrary
0x00000001b1ef9000 	/System/Library/PrivateFrameworks/PersonaKit.framework/Versions/A/PersonaKit
0x00000001bd342000 	/System/Library/PrivateFrameworks/PersonaUI.framework/Versions/A/PersonaUI
0x0000000258e2f000 	/System/Library/PrivateFrameworks/InputToolKitUI.framework/Versions/A/InputToolKitUI
0x0000000258e1a000 	/System/Library/PrivateFrameworks/InputToolKit.framework/Versions/A/InputToolKit
0x0000000272f12000 	/System/Library/PrivateFrameworks/Stickers.framework/Versions/A/Stickers
0x0000000258d88000 	/System/Library/PrivateFrameworks/InputAnalytics.framework/Versions/A/InputAnalytics
0x00000001cca28000 	/System/Library/PrivateFrameworks/EmojiFoundation.framework/Versions/A/EmojiFoundation
0x000000024ed02000 	/System/Library/PrivateFrameworks/FeedbackService.framework/Versions/A/FeedbackService
0x00000001b1b75000 	/System/Library/PrivateFrameworks/AddressBookCore.framework/Versions/A/AddressBookCore
0x00000001c5794000 	/System/Library/PrivateFrameworks/IntlPreferences.framework/Versions/A/IntlPreferences
0x00000001ca913000 	/System/Library/PrivateFrameworks/ToneKit.framework/Versions/A/ToneKit
0x00000001c57da000 	/System/Library/PrivateFrameworks/ToneLibrary.framework/Versions/A/ToneLibrary
0x000000024976a000 	/System/Library/PrivateFrameworks/ContactsAccounts.framework/Versions/A/ContactsAccounts
0x00000001d62db000 	/System/Library/PrivateFrameworks/Transparency.framework/Versions/A/Transparency
0x00000001c8fed000 	/System/Library/PrivateFrameworks/Lookup.framework/Versions/A/Lookup
0x0000000200f70000 	/System/Library/Frameworks/QuickLookUI.framework/Versions/A/QuickLookUI
0x0000000201950000 	/System/Library/Frameworks/ScreenCaptureKit.framework/Versions/A/ScreenCaptureKit
0x00000001c6430000 	/System/Library/Frameworks/Quartz.framework/Versions/A/Frameworks/QuartzComposer.framework/Versions/A/QuartzComposer
0x00000001c576b000 	/System/Library/Frameworks/Quartz.framework/Versions/A/Frameworks/QuartzFilters.framework/Versions/A/QuartzFilters
0x00000001c4851000 	/System/Library/Frameworks/Quartz.framework/Versions/A/Frameworks/ImageKit.framework/Versions/A/ImageKit
0x00000001fbcc5000 	/System/Library/Frameworks/OpenCL.framework/Versions/A/OpenCL
0x00000001c2f9d000 	/System/Library/PrivateFrameworks/CorePDF.framework/Versions/A/CorePDF
0x00000001aeec2000 	/System/Library/Frameworks/QuickLook.framework/Versions/A/QuickLook
0x00000001b8fd7000 	/System/Library/PrivateFrameworks/DisplayServices.framework/Versions/A/DisplayServices
0x00000001c56db000 	/System/Library/Frameworks/ImageCaptureCore.framework/Versions/A/ImageCaptureCore
0x000000027a3b1000 	/System/Library/PrivateFrameworks/VisionKitCore.framework/Versions/A/VisionKitCore
0x00000001c13e0000 	/System/Library/PrivateFrameworks/QuickLookSupport.framework/Versions/A/QuickLookSupport
0x000000025fc42000 	/System/Library/PrivateFrameworks/MediaAnalysisServices.framework/Versions/A/MediaAnalysisServices
0x00000001c7fdc000 	/System/Library/PrivateFrameworks/PhotoLibraryServices.framework/Versions/A/PhotoLibraryServices
0x00000001c5324000 	/System/Library/Frameworks/Photos.framework/Versions/A/Photos
0x00000001d8b0b000 	/System/Library/PrivateFrameworks/PhotosFormats.framework/Versions/A/PhotosFormats
0x00000001d50d8000 	/System/Library/PrivateFrameworks/CloudPhotoLibrary.framework/Versions/A/CloudPhotoLibrary
0x00000001de0fc000 	/System/Library/PrivateFrameworks/CloudPhotoServices.framework/Versions/A/CloudPhotoServices
0x00000001da893000 	/System/Library/PrivateFrameworks/CoreMediaStream.framework/Versions/A/CoreMediaStream
0x00000001b2525000 	/System/Library/PrivateFrameworks/CPAnalytics.framework/Versions/A/CPAnalytics
0x00000001d6f80000 	/System/Library/PrivateFrameworks/MediaConversionService.framework/Versions/A/MediaConversionService
0x00000001b8c44000 	/System/Library/PrivateFrameworks/PhotoFoundation.framework/Versions/A/PhotoFoundation
0x0000000266716000 	/System/Library/PrivateFrameworks/PhotoLibraryServicesCore.framework/Versions/A/PhotoLibraryServicesCore
0x00000001d0cd7000 	/System/Library/PrivateFrameworks/MMCS.framework/Versions/A/MMCS
0x00000001b71f8000 	/System/Library/PrivateFrameworks/ChunkingLibrary.framework/Versions/A/ChunkingLibrary
0x00000001b13d8000 	/System/Library/PrivateFrameworks/AssetCacheServices.framework/Versions/A/AssetCacheServices
0x00000001b3100000 	/System/Library/PrivateFrameworks/AVFoundationCF.framework/Versions/A/AVFoundationCF
0x00000001ed422000 	/usr/lib/swift/libswiftDemangle.dylib
0x00000001c3b1b000 	/System/Library/PrivateFrameworks/MediaStream.framework/Versions/A/MediaStream
0x00000001d749a000 	/System/Library/PrivateFrameworks/NeutrinoCore.framework/Versions/A/NeutrinoCore
0x00000001a2640000 	/System/Library/PrivateFrameworks/NLP.framework/Versions/A/NLP
0x00000001dcea8000 	/System/Library/PrivateFrameworks/PhotoImaging.framework/Versions/A/PhotoImaging
0x00000001de0bd000 	/System/Library/PrivateFrameworks/PhotosImagingFoundation.framework/Versions/A/PhotosImagingFoundation
0x00000002671f1000 	/System/Library/PrivateFrameworks/PhotosIntelligenceCore.framework/Versions/A/PhotosIntelligenceCore
0x00000001b3597000 	/System/Library/PrivateFrameworks/EmbeddedAcousticRecognition.framework/Versions/A/EmbeddedAcousticRecognition
0x00000001d533f000 	/System/Library/PrivateFrameworks/SDAPI.framework/Versions/A/SDAPI
0x00000001de10a000 	/System/Library/PrivateFrameworks/AutoLoop.framework/Versions/A/AutoLoop
0x0000000267c5a000 	/System/Library/PrivateFrameworks/Portrait.framework/Versions/A/Portrait
0x0000000244b8d000 	/System/Library/PrivateFrameworks/AppleDepth.framework/Versions/A/AppleDepth
0x000000024f898000 	/System/Library/PrivateFrameworks/FusionTracker.framework/Versions/A/FusionTracker
0x0000000244c7b000 	/System/Library/PrivateFrameworks/AppleDepthCore.framework/Versions/A/AppleDepthCore
0x00000001c5ef0000 	/System/Library/PrivateFrameworks/iTunesCloud.framework/Versions/A/iTunesCloud
0x00000001ce79c000 	/System/Library/PrivateFrameworks/DAAPKit.framework/Versions/A/DAAPKit
0x0000000283b71000 	/usr/lib/swift/libswiftVideoToolbox.dylib
0x00000001c16f1000 	/System/Library/PrivateFrameworks/DeviceManagement.framework/Versions/A/DeviceManagement
0x00000001e3b93000 	/System/Library/PrivateFrameworks/ScreenTimeUI.framework/Versions/A/ScreenTimeUI
0x00000001c3898000 	/System/Library/PrivateFrameworks/QuickLookNonBaseSystem.framework/Versions/A/QuickLookNonBaseSystem
0x00000001c4067000 	/System/Library/PrivateFrameworks/Catalyst.framework/Versions/A/Catalyst
0x000000025f3de000 	/System/Library/PrivateFrameworks/ManagedSettingsObjC.framework/Versions/A/ManagedSettingsObjC
0x00000001c5981000 	/System/Library/PrivateFrameworks/ScreenTimeCore.framework/Versions/A/ScreenTimeCore
0x00000001d806e000 	/System/Library/PrivateFrameworks/ScreenTimeServiceUI.framework/Versions/A/ScreenTimeServiceUI
0x00000001d0e62000 	/System/Library/PrivateFrameworks/ConfigurationEngineModel.framework/Versions/A/ConfigurationEngineModel
0x00000001d3b82000 	/System/Library/PrivateFrameworks/UsageTracking.framework/Versions/A/UsageTracking
0x00000001fd446000 	/System/Library/Frameworks/DeviceActivity.framework/Versions/A/DeviceActivity
0x00000001d3b52000 	/System/Library/PrivateFrameworks/KnowledgeMonitor.framework/Versions/A/KnowledgeMonitor
0x00000001ea6aa000 	/System/Library/PrivateFrameworks/BluetoothManager.framework/Versions/A/BluetoothManager
0x00000001fe5a1000 	/System/Library/Frameworks/ManagedSettings.framework/Versions/A/ManagedSettings
0x000000025f417000 	/System/Library/PrivateFrameworks/ManagedSettingsSupport.framework/Versions/A/ManagedSettingsSupport
0x00000001e7fa7000 	/System/Library/Frameworks/ReplayKit.framework/Versions/A/ReplayKit
0x00000001b9f70000 	/System/Library/PrivateFrameworks/MarkupUI.framework/Versions/A/MarkupUI
0x00000001c3870000 	/System/Library/PrivateFrameworks/SidecarCore.framework/Versions/A/SidecarCore
0x00000001c62f1000 	/System/Library/PrivateFrameworks/AnnotationKit.framework/Versions/A/AnnotationKit
0x0000000202efc000 	/System/Library/Frameworks/Translation.framework/Versions/A/Translation
0x00000001dfad2000 	/System/Library/PrivateFrameworks/RevealCore.framework/Versions/A/RevealCore
0x00000001dfac6000 	/System/Library/PrivateFrameworks/Reveal.framework/Versions/A/Reveal
0x00000002771b9000 	/System/Library/PrivateFrameworks/TranslationUIServices.framework/Versions/A/TranslationUIServices
0x00000001c4a97000 	/System/Library/Frameworks/PencilKit.framework/Versions/A/PencilKit
0x00000001c4c4c000 	/System/Library/PrivateFrameworks/SidecarUI.framework/Versions/A/SidecarUI
0x00000001c4444000 	/System/Library/PrivateFrameworks/CoreHandwriting.framework/Versions/A/CoreHandwriting
0x000000019c807000 	/usr/lib/libmecabra.dylib
0x00000001bd7cb000 	/System/Library/PrivateFrameworks/Calculate.framework/Versions/A/Calculate
0x00000001aad67000 	/usr/lib/libChineseTokenizer.dylib
0x00000001f8c05000 	/System/Library/PrivateFrameworks/ScreenReaderCore.framework/Versions/A/ScreenReaderCore
0x00000002732e9000 	/System/Library/PrivateFrameworks/StocksKit.framework/Versions/A/StocksKit
0x00000001bc944000 	/System/Library/PrivateFrameworks/OAuth.framework/Versions/A/OAuth
0x0000000272f96000 	/System/Library/PrivateFrameworks/StocksCore.framework/Versions/A/StocksCore
0x0000000273ffa000 	/System/Library/PrivateFrameworks/TeaFoundation.framework/Versions/A/TeaFoundation
0x00000002741e3000 	/System/Library/PrivateFrameworks/TeaSettings.framework/Versions/A/TeaSettings
0x00000001ee7ec000 	/System/Library/PrivateFrameworks/NewsCore.framework/Versions/A/NewsCore
0x0000000273f97000 	/System/Library/PrivateFrameworks/TeaDB.framework/Versions/A/TeaDB
0x00000001eb493000 	/System/Library/PrivateFrameworks/RemoteConfiguration.framework/Versions/A/RemoteConfiguration
0x00000001ee426000 	/System/Library/PrivateFrameworks/NewsTransport.framework/Versions/A/NewsTransport
0x00000001ee7dc000 	/System/Library/PrivateFrameworks/NewsFoundation.framework/Versions/A/NewsFoundation
0x0000000262c74000 	/System/Library/PrivateFrameworks/NewsURLBucket.framework/Versions/A/NewsURLBucket
0x00000001c7d10000 	/System/Library/PrivateFrameworks/MobileInstallation.framework/Versions/A/MobileInstallation
0x0000000276200000 	/System/Library/PrivateFrameworks/TipKitCore.framework/Versions/A/TipKitCore
0x00000001ccaab000 	/System/Library/PrivateFrameworks/CoreCDPInternal.framework/Versions/A/CoreCDPInternal
0x00000001bc896000 	/System/Library/PrivateFrameworks/AccountsDaemon.framework/Versions/A/AccountsDaemon
0x0000000269363000 	/System/Library/PrivateFrameworks/RegulatoryDomain.framework/Versions/A/RegulatoryDomain
0x00000001e43c3000 	/System/Library/PrivateFrameworks/MachineSettings.framework/Versions/A/MachineSettings
0x00000001d6840000 	/System/Library/PrivateFrameworks/BezelServices.framework/Versions/A/BezelServices
0x00000001ce825000 	/System/Library/PrivateFrameworks/SPOwner.framework/Versions/A/SPOwner
0x00000001c7b4b000 	/System/Library/PrivateFrameworks/FMCore.framework/Versions/A/FMCore
0x000000027dd70000 	/System/Library/PrivateFrameworks/iCloudQuota.framework/Versions/A/iCloudQuota
0x00000001bd2c7000 	/System/Library/PrivateFrameworks/CoreRecognition.framework/Versions/A/CoreRecognition
0x00000001d68f5000 	/System/Library/PrivateFrameworks/InAppMessages.framework/Versions/A/InAppMessages
0x00000001f7950000 	/System/Library/PrivateFrameworks/JetUI.framework/Versions/A/JetUI
0x000000025c17a000 	/System/Library/PrivateFrameworks/JetPack.framework/Versions/A/JetPack
0x00000001d68ec000 	/System/Library/PrivateFrameworks/InAppMessagesCore.framework/Versions/A/InAppMessagesCore
0x000000027d468000 	/System/Library/PrivateFrameworks/_JetEngine_SwiftUI.framework/Versions/A/_JetEngine_SwiftUI
0x00000002738e7000 	/System/Library/PrivateFrameworks/Synapse.framework/Versions/A/Synapse
0x0000000247901000 	/System/Library/PrivateFrameworks/CSExattrCrypto.framework/Versions/A/CSExattrCrypto
0x00000001b8c55000 	/System/Library/PrivateFrameworks/IMSharedUtilities.framework/Versions/A/IMSharedUtilities
0x00000001d1c10000 	/System/Library/Frameworks/InstantMessage.framework/Versions/A/InstantMessage
0x00000001ca691000 	/System/Library/PrivateFrameworks/IDSKVStore.framework/Versions/A/IDSKVStore
0x00000001ca4d1000 	/System/Library/PrivateFrameworks/IMDPersistence.framework/Versions/A/IMDPersistence
0x0000000283a8d000 	/usr/lib/swift/libswiftAppleArchive.dylib
0x00000002788ee000 	/System/Library/PrivateFrameworks/UserSafety.framework/Versions/A/UserSafety
0x00000001e98fc000 	/System/Library/PrivateFrameworks/BlastDoor.framework/Versions/A/BlastDoor
0x00000002019d4000 	/System/Library/Frameworks/SensitiveContentAnalysis.framework/Versions/A/SensitiveContentAnalysis
0x000000025d260000 	/System/Library/PrivateFrameworks/LinkPresentationStyleSheetParsing.framework/Versions/A/LinkPresentationStyleSheetParsing
0x00000001c3ef0000 	/System/Library/PrivateFrameworks/CoreSDB.framework/Versions/A/CoreSDB
0x0000000245cd5000 	/System/Library/PrivateFrameworks/AskToCore.framework/Versions/A/AskToCore
0x00000001c8cda000 	/System/Library/PrivateFrameworks/StoreFoundation.framework/Versions/A/StoreFoundation
0x00000001c7b45000 	/System/Library/PrivateFrameworks/ServerInformation.framework/Versions/A/ServerInformation
0x00000001c75b6000 	/System/Library/PrivateFrameworks/Install.framework/Frameworks/DistributionKit.framework/Versions/A/DistributionKit
0x00000001c11ad000 	/System/Library/PrivateFrameworks/PackageKit.framework/Versions/A/PackageKit
0x00000001c75d9000 	/System/Library/PrivateFrameworks/OSPersonalization.framework/Versions/A/OSPersonalization
0x00000001c9246000 	/System/Library/PrivateFrameworks/BridgeOSSoftwareUpdate.framework/Versions/A/BridgeOSSoftwareUpdate
0x00000001c436c000 	/System/Library/PrivateFrameworks/StorageManagement.framework/Versions/A/StorageManagement
0x00000001d7bf7000 	/usr/lib/libauthinstall.dylib
0x00000001c924f000 	/System/Library/PrivateFrameworks/InstallerDiagnostics.framework/Versions/A/InstallerDiagnostics
0x00000001d822a000 	/usr/lib/libcrypto.42.dylib
0x00000001c9234000 	/System/Library/PrivateFrameworks/GPUInfo.framework/Versions/A/GPUInfo
0x00000001d69ec000 	/System/Library/PrivateFrameworks/MobileActivationMacOS.framework/Versions/A/MobileActivationMacOS
0x00000001b24cc000 	/System/Library/PrivateFrameworks/GenerationalStorage.framework/Versions/A/GenerationalStorage
0x00000001ada2c000 	/System/Library/PrivateFrameworks/CacheDelete.framework/Versions/A/CacheDelete
0x00000001b590a000 	/System/Library/Frameworks/QuickLookThumbnailing.framework/Versions/A/QuickLookThumbnailing
0x00000001b22fe000 	/System/Library/Frameworks/FileProvider.framework/Versions/A/FileProvider
0x00000001a0aa3000 	/System/Library/PrivateFrameworks/DesktopServicesPriv.framework/Versions/A/DesktopServicesPriv
0x00000001a2d65000 	/System/Library/Frameworks/Accounts.framework/Versions/A/Accounts
0x00000001c9293000 	/System/Library/PrivateFrameworks/AOSKit.framework/Versions/A/AOSKit
0x00000001aae97000 	/System/Library/PrivateFrameworks/AppSSOCore.framework/Versions/A/AppSSOCore
0x00000001b4fb7000 	/System/Library/PrivateFrameworks/AppSupport.framework/Versions/A/AppSupport
0x00000001c3376000 	/System/Library/Frameworks/AVFoundation.framework/Versions/A/AVFoundation
0x00000001b582d000 	/System/Library/PrivateFrameworks/DuetActivityScheduler.framework/Versions/A/DuetActivityScheduler
0x00000001c3e97000 	/System/Library/PrivateFrameworks/FTServices.framework/Versions/A/FTServices
0x00000001d5011000 	/System/Library/PrivateFrameworks/NetworkServiceProxy.framework/Versions/A/NetworkServiceProxy
0x00000001b57f3000 	/System/Library/PrivateFrameworks/StreamingZip.framework/Versions/A/StreamingZip
0x00000001b48e3000 	/System/Library/PrivateFrameworks/CoreWiFi.framework/Versions/A/CoreWiFi
0x00000001ad958000 	/System/Library/PrivateFrameworks/MobileAsset.framework/Versions/A/MobileAsset
0x00000001b34a4000 	/System/Library/PrivateFrameworks/Rapport.framework/Versions/A/Rapport
0x000000027364a000 	/System/Library/PrivateFrameworks/Symptoms.framework/Versions/A/Frameworks/SymptomAnalytics.framework/Versions/A/SymptomAnalytics
0x00000001b1044000 	/usr/lib/libnetworkextension.dylib
0x0000000283373000 	/usr/lib/libmrc.dylib
0x000000025869b000 	/System/Library/PrivateFrameworks/IPConfiguration.framework/Versions/A/IPConfiguration
0x00000001e420b000 	/System/Library/PrivateFrameworks/Netrb.framework/Versions/A/Netrb
0x00000001ef18e000 	/System/Library/PrivateFrameworks/WiFiPeerToPeer.framework/Versions/A/WiFiPeerToPeer
0x00000001cae31000 	/System/Library/PrivateFrameworks/SoftwareUpdateCoreSupport.framework/Versions/A/SoftwareUpdateCoreSupport
0x00000001d27d2000 	/System/Library/PrivateFrameworks/SoftwareUpdateCoreConnect.framework/Versions/A/SoftwareUpdateCoreConnect
0x00000001b4e6f000 	/System/Library/PrivateFrameworks/RemoteServiceDiscovery.framework/Versions/A/RemoteServiceDiscovery
0x00000001caab7000 	/System/Library/PrivateFrameworks/MSUDataAccessor.framework/Versions/A/MSUDataAccessor
0x00000001c62ac000 	/usr/lib/libbootpolicy.dylib
0x00000001b4e85000 	/System/Library/PrivateFrameworks/RemoteXPC.framework/Versions/A/RemoteXPC
0x00000001d1c20000 	/usr/lib/libFDR.dylib
0x00000001d7cca000 	/usr/lib/libamsupport.dylib
0x0000000282ac6000 	/usr/lib/libReverseProxyDevice.dylib
0x0000000244cfb000 	/System/Library/PrivateFrameworks/AppleDeviceQuerySupport.framework/Versions/A/AppleDeviceQuerySupport
0x00000001dabb7000 	/usr/lib/libpartition2_dynamic.dylib
0x00000001a9491000 	/System/Library/Frameworks/UserNotifications.framework/Versions/A/UserNotifications
0x00000001ea4c0000 	/System/Library/Frameworks/CryptoKit.framework/Versions/A/CryptoKit
0x00000001b57cb000 	/System/Library/PrivateFrameworks/CryptoKitCBridging.framework/Versions/A/CryptoKitCBridging
0x00000001b301a000 	/System/Library/Frameworks/CryptoTokenKit.framework/Versions/A/CryptoTokenKit
0x00000001de714000 	/usr/lib/swift/libswiftCryptoTokenKit.dylib
0x00000001b307e000 	/System/Library/Frameworks/LocalAuthentication.framework/Versions/A/LocalAuthentication
0x000000025d435000 	/System/Library/PrivateFrameworks/LocalAuthenticationCore.framework/Versions/A/LocalAuthenticationCore
0x00000001b30d3000 	/System/Library/Frameworks/LocalAuthentication.framework/Support/SharedUtils.framework/Versions/A/SharedUtils
0x00000001adac4000 	/usr/lib/libTelephonyUtilDynamic.dylib
0x00000001b20a7000 	/System/Library/PrivateFrameworks/SymptomDiagnosticReporter.framework/Versions/A/SymptomDiagnosticReporter
0x000000024d017000 	/System/Library/PrivateFrameworks/CryptoKitPrivate.framework/Versions/A/CryptoKitPrivate
0x00000001a4e79000 	/System/Library/PrivateFrameworks/ApplePushService.framework/Versions/A/ApplePushService
0x00000001c35a1000 	/System/Library/PrivateFrameworks/FindMyDevice.framework/Versions/A/FindMyDevice
0x00000001a2dea000 	/System/Library/PrivateFrameworks/CommonUtilities.framework/Versions/A/CommonUtilities
0x00000001d9641000 	/System/Library/PrivateFrameworks/DeviceIdentity.framework/Versions/A/DeviceIdentity
0x00000001ab5c1000 	/System/Library/PrivateFrameworks/Bom.framework/Versions/A/Bom
0x00000001ad588000 	/usr/lib/libParallelCompression.dylib
0x00000001ad57a000 	/System/Library/PrivateFrameworks/MultiverseSupport.framework/Versions/A/MultiverseSupport
0x00000001b90b2000 	/System/Library/PrivateFrameworks/FMCoreLite.framework/Versions/A/FMCoreLite
0x00000001a91ed000 	/System/Library/PrivateFrameworks/AuthKit.framework/Versions/A/AuthKit
0x00000001b21da000 	/System/Library/PrivateFrameworks/DiskManagement.framework/Versions/A/DiskManagement
0x00000001b20e6000 	/System/Library/PrivateFrameworks/AppleIDAuthSupport.framework/Versions/A/AppleIDAuthSupport
0x0000000241957000 	/System/Library/PrivateFrameworks/AAAFoundation.framework/Versions/A/AAAFoundation
0x00000001ada78000 	/System/Library/PrivateFrameworks/KeychainCircle.framework/Versions/A/KeychainCircle
0x00000001bdca5000 	/System/Library/PrivateFrameworks/URLFormatting.framework/Versions/A/URLFormatting
0x00000001b4f23000 	/usr/lib/libcsfde.dylib
0x00000001ab021000 	/usr/lib/libCoreStorage.dylib
0x00000001aee37000 	/System/Library/PrivateFrameworks/ProtectedCloudStorage.framework/Versions/A/ProtectedCloudStorage
0x00000001b4f1e000 	/System/Library/PrivateFrameworks/EFILogin.framework/Versions/A/EFILogin
0x00000001bcf4d000 	/System/Library/PrivateFrameworks/CloudServices.framework/Versions/A/CloudServices
0x00000001b24f3000 	/System/Library/PrivateFrameworks/OctagonTrust.framework/Versions/A/OctagonTrust
0x00000001b2c0d000 	/System/Library/PrivateFrameworks/AVFCore.framework/Versions/A/AVFCore
0x00000001bb9d7000 	/System/Library/PrivateFrameworks/AVFCapture.framework/Versions/A/AVFCapture
0x00000001ac297000 	/System/Library/Frameworks/MediaToolbox.framework/Versions/A/MediaToolbox
0x00000001b22cf000 	/System/Library/PrivateFrameworks/CoreAVCHD.framework/Versions/A/CoreAVCHD
0x00000001b22cb000 	/System/Library/PrivateFrameworks/Mangrove.framework/Versions/A/Mangrove
0x00000002477f1000 	/System/Library/PrivateFrameworks/CMPhoto.framework/Versions/A/CMPhoto
0x00000001b2a2a000 	/System/Library/Frameworks/CoreTelephony.framework/Versions/A/CoreTelephony
0x00000001b22be000 	/System/Library/PrivateFrameworks/CoreAUC.framework/Versions/A/CoreAUC
0x000000024513d000 	/System/Library/PrivateFrameworks/AppleJPEGXL.framework/Versions/A/AppleJPEGXL
0x000000024761d000 	/System/Library/PrivateFrameworks/CMImaging.framework/Versions/A/CMImaging
0x00000001bbbef000 	/System/Library/PrivateFrameworks/Quagga.framework/Versions/A/Quagga
0x00000001bbd22000 	/System/Library/PrivateFrameworks/CMCapture.framework/Versions/A/CMCapture
0x00000001ad65c000 	/System/Library/Frameworks/CoreMediaIO.framework/Versions/A/CoreMediaIO
0x00000001b5956000 	/System/Library/PrivateFrameworks/Espresso.framework/Versions/A/Espresso
0x00000001f8fc1000 	/System/Library/PrivateFrameworks/ANECompiler.framework/Versions/A/ANECompiler
0x00000001b793c000 	/System/Library/PrivateFrameworks/AppleNeuralEngine.framework/Versions/A/AppleNeuralEngine
0x00000001ff260000 	/System/Library/Frameworks/MetalPerformanceShadersGraph.framework/Versions/A/MetalPerformanceShadersGraph
0x000000025df2d000 	/System/Library/PrivateFrameworks/MLCompilerServices.framework/Versions/A/MLCompilerServices
0x00000001b6812000 	/System/Library/PrivateFrameworks/ANEServices.framework/Versions/A/ANEServices
0x00000001c9008000 	/usr/lib/libncurses.5.4.dylib
0x000000019f3ef000 	/usr/lib/libsandbox.1.dylib
0x00000001ab019000 	/usr/lib/libMatch.1.dylib
0x000000025ded1000 	/System/Library/PrivateFrameworks/MLCompilerRuntime.framework/Versions/A/MLCompilerRuntime
0x0000000247553000 	/System/Library/PrivateFrameworks/CMCaptureDevice.framework/Versions/A/CMCaptureDevice
0x0000000248343000 	/System/Library/PrivateFrameworks/CinematicFraming.framework/Versions/A/CinematicFraming
0x00000001c2f9f000 	/System/Library/Frameworks/CoreMotion.framework/Versions/A/CoreMotion
0x00000001d1cc9000 	/System/Library/PrivateFrameworks/TimeSync.framework/Versions/A/TimeSync
0x000000024dab7000 	/System/Library/PrivateFrameworks/DistributedSensing.framework/Versions/A/DistributedSensing
0x00000001cdb98000 	/System/Library/PrivateFrameworks/MobileBluetooth.framework/Versions/A/MobileBluetooth
0x00000001ad230000 	/System/Library/PrivateFrameworks/LocationSupport.framework/Versions/A/LocationSupport
0x00000001d378b000 	/System/Library/PrivateFrameworks/IOKitten.framework/Versions/A/IOKitten
0x00000001a0d0e000 	/System/Library/PrivateFrameworks/CoreDuet.framework/Versions/A/CoreDuet
0x00000001b423c000 	/System/Library/PrivateFrameworks/CoreDuetContext.framework/Versions/A/CoreDuetContext
0x00000001ce745000 	/System/Library/PrivateFrameworks/BiomeFoundation.framework/Versions/A/BiomeFoundation
0x0000000246482000 	/System/Library/PrivateFrameworks/BiomeLibrary.framework/Versions/A/BiomeLibrary
0x00000001d1d47000 	/System/Library/PrivateFrameworks/BiomeStreams.framework/Versions/A/BiomeStreams
0x00000001d8075000 	/System/Library/PrivateFrameworks/BiomePubSub.framework/Versions/A/BiomePubSub
0x00000001a4ee1000 	/System/Library/Frameworks/CloudKit.framework/Versions/A/CloudKit
0x00000001b4292000 	/System/Library/Frameworks/Intents.framework/Versions/A/Intents
0x00000001b69ba000 	/System/Library/PrivateFrameworks/CoreDuetDaemonProtocol.framework/Versions/A/CoreDuetDaemonProtocol
0x00000001b6840000 	/System/Library/PrivateFrameworks/ProactiveSupport.framework/Versions/A/ProactiveSupport
0x0000000267bc1000 	/System/Library/PrivateFrameworks/PoirotSchematizer.framework/Versions/A/PoirotSchematizer
0x0000000246b1c000 	/System/Library/PrivateFrameworks/BiomeSync.framework/Versions/A/BiomeSync
0x0000000246463000 	/System/Library/PrivateFrameworks/BiomeFlexibleStorage.framework/Versions/A/BiomeFlexibleStorage
0x0000000246447000 	/System/Library/PrivateFrameworks/BiomeDSL.framework/Versions/A/BiomeDSL
0x00000001d80d2000 	/System/Library/PrivateFrameworks/BiomeStorage.framework/Versions/A/BiomeStorage
0x0000000267c2e000 	/System/Library/PrivateFrameworks/PoirotUDFs.framework/Versions/A/PoirotUDFs
0x0000000267b90000 	/System/Library/PrivateFrameworks/PoirotSQLite.framework/Versions/A/PoirotSQLite
0x00000001b52bf000 	/System/Library/PrivateFrameworks/InternationalTextSearch.framework/Versions/A/InternationalTextSearch
0x000000025ba59000 	/System/Library/PrivateFrameworks/IntelligencePlatformLibrary.framework/Versions/A/IntelligencePlatformLibrary
0x0000000247f08000 	/System/Library/PrivateFrameworks/CascadeSets.framework/Versions/A/CascadeSets
0x00000001ae516000 	/System/Library/PrivateFrameworks/IDS.framework/Versions/A/IDS
0x00000001ad1b6000 	/System/Library/PrivateFrameworks/IMFoundation.framework/Versions/A/IMFoundation
0x00000001bd27c000 	/System/Library/PrivateFrameworks/Marco.framework/Versions/A/Marco
0x00000001ae6e3000 	/System/Library/PrivateFrameworks/IDSFoundation.framework/Versions/A/IDSFoundation
0x00000001b9f9c000 	/System/Library/PrivateFrameworks/Engram.framework/Versions/A/Engram
0x00000001b9f3c000 	/usr/lib/libtidy.A.dylib
0x00000001d1830000 	/System/Library/PrivateFrameworks/FTAWD.framework/Versions/A/FTAWD
0x0000000201a94000 	/System/Library/Frameworks/SharedWithYouCore.framework/Versions/A/SharedWithYouCore
0x00000001b538a000 	/System/Library/PrivateFrameworks/AppleAccount.framework/Versions/A/AppleAccount
0x00000001b58b0000 	/System/Library/PrivateFrameworks/C2.framework/Versions/A/C2
0x00000001a66d3000 	/System/Library/Frameworks/CoreLocation.framework/Versions/A/CoreLocation
0x00000002486f1000 	/System/Library/PrivateFrameworks/CloudAssets.framework/Versions/A/CloudAssets
0x00000001b58a7000 	/System/Library/Frameworks/PushKit.framework/Versions/A/PushKit
0x00000001e01e8000 	/usr/lib/swift/libswiftAVFoundation.dylib
0x00000001ca478000 	/usr/lib/swift/libswiftCoreLocation.dylib
0x00000001ca48e000 	/usr/lib/swift/libswiftCoreMIDI.dylib
0x00000001de716000 	/usr/lib/swift/libswiftCoreMedia.dylib
0x00000001ae977000 	/System/Library/PrivateFrameworks/Sharing.framework/Versions/A/Sharing
0x00000001b48e2000 	/System/Library/PrivateFrameworks/Apple80211.framework/Versions/A/Apple80211
0x00000001a87a8000 	/System/Library/Frameworks/CoreWLAN.framework/Versions/A/CoreWLAN
0x00000001b89a7000 	/System/Library/PrivateFrameworks/AssistantServices.framework/Versions/A/AssistantServices
0x00000001b32a7000 	/System/Library/PrivateFrameworks/SAObjects.framework/Versions/A/SAObjects
0x00000001b85df000 	/System/Library/PrivateFrameworks/MediaRemote.framework/Versions/A/MediaRemote
0x00000001c96ea000 	/System/Library/PrivateFrameworks/SiriInstrumentation.framework/Versions/A/SiriInstrumentation
0x000000026b45e000 	/System/Library/PrivateFrameworks/SiriAnalytics.framework/Versions/A/SiriAnalytics
0x0000000271014000 	/System/Library/PrivateFrameworks/SiriTTSService.framework/Versions/A/SiriTTSService
0x000000026be1a000 	/System/Library/PrivateFrameworks/SiriCrossDeviceArbitration.framework/Versions/A/SiriCrossDeviceArbitration
0x00000001c7383000 	/System/Library/PrivateFrameworks/FeedbackLogger.framework/Versions/A/FeedbackLogger
0x000000026be6e000 	/System/Library/PrivateFrameworks/SiriCrossDeviceArbitrationFeedback.framework/Versions/A/SiriCrossDeviceArbitrationFeedback
0x0000000255859000 	/System/Library/PrivateFrameworks/GenerativeModels.framework/Versions/A/GenerativeModels
0x00000001bd0e8000 	/System/Library/PrivateFrameworks/MediaServices.framework/Versions/A/MediaServices
0x00000001ab284000 	/System/Library/PrivateFrameworks/PersistentConnection.framework/Versions/A/PersistentConnection
0x00000001af110000 	/System/Library/PrivateFrameworks/GeoServices.framework/Versions/A/GeoServices
0x0000000255a81000 	/System/Library/PrivateFrameworks/GeoServicesCore.framework/Versions/A/GeoServicesCore
0x00000001bdca3000 	/System/Library/PrivateFrameworks/PhoneNumbers.framework/Versions/A/PhoneNumbers
0x000000024d51f000 	/System/Library/PrivateFrameworks/Dendrite.framework/Versions/A/Dendrite
0x0000000245dfb000 	/System/Library/PrivateFrameworks/AtomicsInternal.framework/Versions/A/AtomicsInternal
0x00000001cb288000 	/usr/lib/libtailspin.dylib
0x00000001de212000 	/System/Library/PrivateFrameworks/Osprey.framework/Versions/A/Osprey
0x0000000270693000 	/System/Library/PrivateFrameworks/SiriTTS.framework/Versions/A/SiriTTS
0x00000001c3fb4000 	/System/Library/Frameworks/NaturalLanguage.framework/Versions/A/NaturalLanguage
0x000000026f3cd000 	/System/Library/PrivateFrameworks/SiriPowerInstrumentation.framework/Versions/A/SiriPowerInstrumentation
0x00000001c4dd9000 	/System/Library/PrivateFrameworks/Trial.framework/Versions/A/Trial
0x00000001c4d5b000 	/System/Library/PrivateFrameworks/TrialProto.framework/Versions/A/TrialProto
0x0000000278164000 	/System/Library/PrivateFrameworks/UnifiedAssetFramework.framework/Versions/A/UnifiedAssetFramework
0x00000001ef112000 	/usr/lib/swift/libswiftNaturalLanguage.dylib
0x0000000273f95000 	/System/Library/PrivateFrameworks/TailspinSymbolication.framework/Versions/A/TailspinSymbolication
0x000000024d22e000 	/System/Library/PrivateFrameworks/Darwinup.framework/Versions/A/Darwinup
0x00000001d6fed000 	/System/Library/PrivateFrameworks/SignpostSupport.framework/Versions/A/SignpostSupport
0x00000001c3e7d000 	/System/Library/PrivateFrameworks/FeatureFlagsSupport.framework/Versions/A/FeatureFlagsSupport
0x00000001d6750000 	/System/Library/PrivateFrameworks/ktrace.framework/Versions/A/ktrace
0x00000001d726d000 	/System/Library/PrivateFrameworks/SampleAnalysis.framework/Versions/A/SampleAnalysis
0x00000001dfaae000 	/System/Library/PrivateFrameworks/kperfdata.framework/Versions/A/kperfdata
0x00000001aeff1000 	/usr/lib/libdscsym.dylib
0x00000001dff46000 	/System/Library/PrivateFrameworks/BulkSymbolication.framework/Versions/A/BulkSymbolication
0x00000001a537c000 	/System/Library/Frameworks/CoreML.framework/Versions/A/CoreML
0x00000001ed3ec000 	/usr/lib/libedit.3.dylib
0x00000001a8dee000 	/System/Library/Frameworks/MLCompute.framework/Versions/A/MLCompute
0x000000025dd80000 	/System/Library/PrivateFrameworks/MLAssetIO.framework/Versions/A/MLAssetIO
0x0000000283acf000 	/usr/lib/swift/libswiftMLCompute.dylib
0x000000019d8c5000 	/System/Library/PrivateFrameworks/LanguageModeling.framework/Versions/A/LanguageModeling
0x00000001a242c000 	/System/Library/PrivateFrameworks/Montreal.framework/Versions/A/Montreal
0x00000001a971c000 	/usr/lib/libcmph.dylib
0x000000025591b000 	/System/Library/PrivateFrameworks/GenerativeModelsFoundation.framework/Versions/A/GenerativeModelsFoundation
0x000000027652b000 	/System/Library/PrivateFrameworks/TokenGeneration.framework/Versions/A/TokenGeneration
0x00000002556f2000 	/System/Library/PrivateFrameworks/GenerativeFunctions.framework/Versions/A/GenerativeFunctions
0x0000000255743000 	/System/Library/PrivateFrameworks/GenerativeFunctionsFoundation.framework/Versions/A/GenerativeFunctionsFoundation
0x0000000260cd4000 	/System/Library/PrivateFrameworks/ModelCatalog.framework/Versions/A/ModelCatalog
0x000000026ad5b000 	/System/Library/PrivateFrameworks/SensitiveContentAnalysisML.framework/Versions/A/SensitiveContentAnalysisML
0x00000002557f2000 	/System/Library/PrivateFrameworks/GenerativeFunctionsInstrumentation.framework/Versions/A/GenerativeFunctionsInstrumentation
0x0000000268c53000 	/System/Library/PrivateFrameworks/PromptKit.framework/Versions/A/PromptKit
0x000000026877d000 	/System/Library/PrivateFrameworks/ProactiveDaemonSupport.framework/Versions/A/ProactiveDaemonSupport
0x00000002766e3000 	/System/Library/PrivateFrameworks/TokenGenerationCore.framework/Versions/A/TokenGenerationCore
0x00000002797db000 	/System/Library/PrivateFrameworks/VectorSearch.framework/Versions/A/VectorSearch
0x0000000260f99000 	/System/Library/PrivateFrameworks/ModelManagerServices.framework/Versions/A/ModelManagerServices
0x0000000244d5d000 	/System/Library/PrivateFrameworks/AppleFlatBuffers.framework/Versions/A/AppleFlatBuffers
0x00000001bd692000 	/System/Library/PrivateFrameworks/ProactiveEventTracker.framework/Versions/A/ProactiveEventTracker
0x0000000241973000 	/System/Library/PrivateFrameworks/AAAFoundationSwift.framework/Versions/A/AAAFoundationSwift
0x00000001b55df000 	/System/Library/PrivateFrameworks/AppleIDSSOAuthentication.framework/Versions/A/AppleIDSSOAuthentication
0x00000001d0fbb000 	/usr/lib/swift/libswiftCompression.dylib
0x000000026aee6000 	/System/Library/PrivateFrameworks/SentencePieceInternal.framework/Versions/A/SentencePieceInternal
0x00000001b1472000 	/System/Library/Frameworks/Vision.framework/Versions/A/Vision
0x000000024cc82000 	/System/Library/PrivateFrameworks/CoreSceneUnderstanding.framework/Versions/A/CoreSceneUnderstanding
0x000000027a366000 	/System/Library/PrivateFrameworks/VisionCore.framework/Versions/A/VisionCore
0x00000001ccb89000 	/System/Library/Frameworks/Vision.framework/libfaceCore.dylib
0x00000001cd683000 	/System/Library/PrivateFrameworks/Futhark.framework/Versions/A/Futhark
0x00000001d0d83000 	/System/Library/PrivateFrameworks/InertiaCam.framework/Versions/A/InertiaCam
0x00000001cd436000 	/System/Library/PrivateFrameworks/TextRecognition.framework/Versions/A/TextRecognition
0x00000001aaeb7000 	/System/Library/PrivateFrameworks/CVNLP.framework/Versions/A/CVNLP
0x0000000254474000 	/System/Library/PrivateFrameworks/GRDBInternal.framework/Versions/A/GRDBInternal
0x00000001b76aa000 	/System/Library/PrivateFrameworks/RTCReporting.framework/Versions/A/RTCReporting
0x00000001b5896000 	/System/Library/PrivateFrameworks/IntentsFoundation.framework/Versions/A/IntentsFoundation
0x00000001ae29f000 	/System/Library/Frameworks/NetworkExtension.framework/Versions/A/NetworkExtension
0x00000001c8b89000 	/System/Library/PrivateFrameworks/CaptiveNetwork.framework/Versions/A/CaptiveNetwork
0x00000001b4e2f000 	/System/Library/PrivateFrameworks/EAP8021X.framework/Versions/A/EAP8021X
0x00000001d7239000 	/System/Library/PrivateFrameworks/UIKitServices.framework/Versions/A/UIKitServices
0x000000010e89c000 	/System/Library/Extensions/AGXMetal13_3.bundle/Contents/MacOS/AGXMetal13_3
0x00000001bcf9a000 	/System/Library/PrivateFrameworks/IOGPU.framework/Versions/A/IOGPU
0x00000001ca45d000 	/System/Library/Frameworks/Accelerate.framework/Versions/A/Frameworks/vImage.framework/Versions/A/Libraries/libCGInterfaces.dylib
0x0000000242f61000 	/System/Library/PrivateFrameworks/AccessibilityBundles.framework/Versions/A/AccessibilityBundles
0x00000001cd774000 	/System/Library/CoreServices/RawCamera.bundle/Contents/MacOS/RawCamera
0x0000000111d60000 	/Applications/REAPER.app/Contents/Plugins/elastique3.dylib
0x0000000111cf0000 	/Applications/REAPER.app/Contents/Plugins/soundtouch.dylib
0x0000000111cbc000 	/Applications/REAPER.app/Contents/Plugins/rubberband.dylib
0x0000000111ea8000 	/Applications/REAPER.app/Contents/Plugins/jsfx.dylib
0x0000000113fc4000 	/Applications/REAPER.app/Contents/Plugins/reaper_wave.dylib
0x0000000113f4c000 	/Applications/REAPER.app/Contents/Plugins/reaper_mp3dec.dylib
0x0000000117d3c000 	/Applications/REAPER.app/Contents/Plugins/libmp3lame.dylib
0x0000000117dc8000 	/Applications/REAPER.app/Contents/Plugins/reaper_midi.dylib
0x0000000117f44000 	/Applications/REAPER.app/Contents/Plugins/reaper_wavpack.dylib
0x0000000117c80000 	/Applications/REAPER.app/Contents/Plugins/reaper_opus.dylib
0x0000000117f8c000 	/Applications/REAPER.app/Contents/Plugins/reaper_flac.dylib
0x00000001214d8000 	/Applications/REAPER.app/Contents/Plugins/reaper_rex.dylib
0x0000000117d10000 	/Applications/REAPER.app/Contents/Plugins/reaper_ddp.dylib
0x00000001215ec000 	/Applications/REAPER.app/Contents/Plugins/reaper_explorer.dylib
0x0000000117fd8000 	/Applications/REAPER.app/Contents/Plugins/reaper_cd.dylib
0x00000001fd4fc000 	/System/Library/Frameworks/DiscRecordingUI.framework/Versions/A/DiscRecordingUI
0x0000000121660000 	/Applications/REAPER.app/Contents/Plugins/reaper_ogg.dylib
0x0000000121754000 	/Applications/REAPER.app/Contents/Plugins/reaper_csurf.dylib
0x0000000125e00000 	/Applications/REAPER.app/Contents/Plugins/reaper_video.dylib
0x00000001214b8000 	/Applications/REAPER.app/Contents/Plugins/reap_osx_modern.dylib
0x00000001c3377000 	/System/Library/Frameworks/AVKit.framework/Versions/A/AVKit
0x0000000242e12000 	/System/Library/PrivateFrameworks/AVKitCore.framework/Versions/A/AVKitCore
0x00000001d8c35000 	/System/Library/PrivateFrameworks/PIP.framework/Versions/A/PIP
0x0000000122340000 	/opt/homebrew/Cellar/ffmpeg/8.1.2_1/lib/libavutil.60.26.102.dylib
0x00000001224f0000 	/opt/homebrew/Cellar/openssl@3/3.6.3/lib/libssl.3.dylib
0x000000013f864000 	/opt/homebrew/Cellar/openssl@3/3.6.3/lib/libcrypto.3.dylib
0x00000001389d0000 	/opt/homebrew/Cellar/ffmpeg/8.1.2_1/lib/libswscale.9.5.102.dylib
0x0000000121508000 	/opt/homebrew/Cellar/ffmpeg/8.1.2_1/lib/libswresample.6.3.102.dylib
0x000000016095c000 	/opt/homebrew/Cellar/ffmpeg/8.1.2_1/lib/libavcodec.62.28.102.dylib
0x0000000138c5c000 	/opt/homebrew/Cellar/libvpx/1.16.0/lib/libvpx.12.dylib
0x0000000138e10000 	/opt/homebrew/Cellar/dav1d/1.5.4/lib/libdav1d.7.dylib
0x0000000121564000 	/opt/homebrew/Cellar/lame/4.0/lib/libmp3lame.0.dylib
0x0000000125fa4000 	/opt/homebrew/Cellar/opus/1.6.1/lib/libopus.0.dylib
0x00000001602f4000 	/opt/homebrew/Cellar/svt-av1/4.2.0/lib/libSvtAv1Enc.4.2.0.dylib
0x000000013fd10000 	/opt/homebrew/Cellar/x264/r3222/lib/libx264.165.dylib
0x0000000162094000 	/opt/homebrew/Cellar/x265/4.2/lib/libx265.216.dylib
0x0000000125f48000 	/opt/homebrew/Cellar/mpg123/1.33.6/lib/libmpg123.0.dylib
0x0000000160628000 	/opt/homebrew/Cellar/ffmpeg/8.1.2_1/lib/libavformat.62.12.102.dylib
0x0000000138f08000 	/Applications/VLC.app/Contents/MacOS/lib/libvlccore.9.dylib
0x000000016359c000 	/Applications/VLC.app/Contents/MacOS/plugins/libavcodec_plugin.dylib
0x0000000121528000 	/Applications/VLC.app/Contents/MacOS/lib/libvlc.5.dylib
0x0000000121480000 	/Applications/VLC.app/Contents/MacOS/plugins/libi420_rgb_plugin.dylib
0x0000000121498000 	/Applications/VLC.app/Contents/MacOS/plugins/libi420_10_p010_plugin.dylib
0x00000001215b8000 	/Applications/VLC.app/Contents/MacOS/plugins/libscaletempo_pitch_plugin.dylib
0x00000001215cc000 	/Applications/VLC.app/Contents/MacOS/plugins/libi420_yuy2_plugin.dylib
0x00000001217b8000 	/Applications/VLC.app/Contents/MacOS/plugins/libi422_yuy2_plugin.dylib
0x00000001217cc000 	/Applications/VLC.app/Contents/MacOS/plugins/libyuy2_i420_plugin.dylib
0x00000001217e0000 	/Applications/VLC.app/Contents/MacOS/plugins/libi420_nv12_plugin.dylib
0x00000001225d0000 	/Applications/VLC.app/Contents/MacOS/plugins/libyuy2_i422_plugin.dylib
0x00000001225e4000 	/Applications/VLC.app/Contents/MacOS/plugins/libkeychain_plugin.dylib
0x0000000125f90000 	/Applications/VLC.app/Contents/MacOS/plugins/libi422_i420_plugin.dylib
0x0000000138aac000 	/Applications/VLC.app/Contents/MacOS/plugins/libgrey_yuv_plugin.dylib
0x0000000138ac0000 	/Applications/VLC.app/Contents/MacOS/plugins/libchain_plugin.dylib
0x0000000138ad4000 	/Applications/VLC.app/Contents/MacOS/plugins/libscale_plugin.dylib
0x0000000138ae8000 	/Applications/VLC.app/Contents/MacOS/plugins/libyuvp_plugin.dylib
0x0000000160000000 	/Applications/VLC.app/Contents/MacOS/plugins/libdav1d_plugin.dylib
0x0000000138afc000 	/Applications/VLC.app/Contents/MacOS/plugins/libyuv_plugin.dylib
0x0000000138b10000 	/Applications/VLC.app/Contents/MacOS/plugins/libscaletempo_plugin.dylib
0x0000000160110000 	/Applications/VLC.app/Contents/MacOS/plugins/libswscale_plugin.dylib
0x00000001fbb3f000 	/System/Library/Frameworks/OpenGL.framework/Versions/A/Resources/GLEngine.bundle/GLEngine
0x00000001fb9e4000 	/System/Library/Frameworks/OpenGL.framework/Versions/A/Libraries/libGLProgrammability.dylib
0x000000013ff44000 	/System/Library/Extensions/AppleMetalOpenGLRenderer.bundle/Contents/MacOS/AppleMetalOpenGLRenderer
0x00000001fbca0000 	/System/Library/Frameworks/OpenGL.framework/Versions/A/Resources/GLRendererFloat.bundle/GLRendererFloat
0x000000016195c000 	/Users/jonathankawchuk/Library/Application Support/REAPER/UserPlugins/reaper_command_palette.dylib
0x0000000162ca4000 	/Users/jonathankawchuk/Library/Application Support/REAPER/UserPlugins/reaper_csurf_integrator.dylib
0x0000000138b64000 	/Users/jonathankawchuk/Library/Application Support/REAPER/UserPlugins/reaper_ptx_import.dylib
0x0000000138b24000 	/Users/jonathankawchuk/Library/Application Support/REAPER/UserPlugins/reaper_pt_spot.dylib
0x0000000138b84000 	/Users/jonathankawchuk/Library/Application Support/REAPER/UserPlugins/reaper_drivenbymoss.dylib
0x0000000162ef8000 	/Users/jonathankawchuk/Library/Application Support/REAPER/UserPlugins/reaper_imgui-arm64.dylib
0x0000000165cec000 	/Users/jonathankawchuk/Library/Application Support/REAPER/UserPlugins/reaper_sws-arm64.dylib
0x0000000138c20000 	/Users/jonathankawchuk/Library/Application Support/REAPER/UserPlugins/reaper_reatc-arm64.dylib
0x000000016086c000 	/Users/jonathankawchuk/Library/Application Support/REAPER/UserPlugins/reaper_helgobox-arm64.dylib
0x0000000300000000 	/Users/jonathankawchuk/Library/Application Support/REAPER/UserPlugins/FX/helgobox-arm64.vst.dylib
0x000000016dc6c000 	/Users/jonathankawchuk/Library/Application Support/REAPER/Helgoboss/App/bin/Contents/Frameworks/FlutterMacOS.framework/FlutterMacOS
0x00000001627e0000 	/Users/jonathankawchuk/Library/Application Support/REAPER/UserPlugins/reaper_js_ReaScriptAPI64ARM.dylib
0x0000000160298000 	/Users/jonathankawchuk/Library/Application Support/REAPER/Helgoboss/App/bin/Contents/Frameworks/cryptography_flutter.framework/cryptography_flutter
0x00000001629c0000 	/Users/jonathankawchuk/Library/Application Support/REAPER/UserPlugins/reaper_reamo.dylib
0x0000000138c30000 	/Users/jonathankawchuk/Library/Application Support/REAPER/Helgoboss/App/bin/Contents/Frameworks/device_info_plus.framework/device_info_plus
0x0000000163294000 	/Users/jonathankawchuk/Library/Application Support/REAPER/UserPlugins/reaper_reapack-arm64.dylib
0x000000016022c000 	/Users/jonathankawchuk/Library/Application Support/REAPER/Helgoboss/App/bin/Contents/Frameworks/desktop_drop.framework/desktop_drop
0x000000013ffe0000 	/Users/jonathankawchuk/Library/Application Support/REAPER/Helgoboss/App/bin/Contents/Frameworks/native_context_menu.framework/native_context_menu
0x0000000164b4c000 	/Users/jonathankawchuk/Library/Application Support/REAPER/UserPlugins/reaper_ReacomaExtension.dylib
0x0000000160254000 	/Users/jonathankawchuk/Library/Application Support/REAPER/Helgoboss/App/bin/Contents/Frameworks/path_provider_foundation.framework/path_provider_foundation
0x00000001602d0000 	/Users/jonathankawchuk/Library/Application Support/REAPER/Helgoboss/App/bin/Contents/Frameworks/screen_retriever.framework/screen_retriever
0x0000000160928000 	/Users/jonathankawchuk/Library/Application Support/REAPER/Helgoboss/App/bin/Contents/Frameworks/url_launcher_macos.framework/url_launcher_macos
0x00000001601d8000 	/Users/jonathankawchuk/Library/Application Support/REAPER/Helgoboss/App/bin/Contents/Frameworks/window_manager.framework/window_manager
0x000000016020c000 	/Users/jonathankawchuk/Library/Application Support/REAPER/Helgoboss/App/bin/Contents/Frameworks/pointer_lock.framework/pointer_lock
0x0000000161e7c000 	/Users/jonathankawchuk/Library/Application Support/REAPER/Helgoboss/App/bin/Contents/MacOS/helgobox
0x00000001d6354000 	/usr/lib/swift/libswiftAppKit.dylib
0x0000000274550000 	/System/Library/PrivateFrameworks/TextInputUI.framework/Versions/A/TextInputUI
0x0000000274574000 	/System/Library/PrivateFrameworks/TextInputUIMacHelper.framework/Versions/A/TextInputUIMacHelper
0x000000026a37a000 	/System/Library/PrivateFrameworks/Sage.framework/Versions/A/Sage
0x0000000164f5c000 	/Users/jonathankawchuk/Library/Application Support/REAPER/UserPlugins/java-runtime/lib/libjli.dylib
0x000000030aa88000 	/Users/jonathankawchuk/Library/Application Support/REAPER/UserPlugins/java-runtime/lib/server/libjvm.dylib
0x0000000163580000 	/Users/jonathankawchuk/Library/Application Support/REAPER/UserPlugins/java-runtime/lib/libjimage.dylib
0x0000000164fb4000 	/Users/jonathankawchuk/Library/Application Support/REAPER/UserPlugins/java-runtime/lib/libjava.dylib
0x0000000165c84000 	/Users/jonathankawchuk/Library/Application Support/REAPER/UserPlugins/java-runtime/lib/libnio.dylib
0x0000000165c64000 	/Users/jonathankawchuk/Library/Application Support/REAPER/UserPlugins/java-runtime/lib/libnet.dylib
0x0000000167548000 	/Users/jonathankawchuk/Library/Application Support/REAPER/UserPlugins/java-runtime/lib/libzip.dylib
0x0000000165ca4000 	/Users/jonathankawchuk/Library/Application Support/REAPER/UserPlugins/java-runtime/lib/libverify.dylib
0x000000016dab0000 	/Users/jonathankawchuk/Library/Application Support/REAPER/UserPlugins/java-runtime/lib/libawt.dylib
0x00000001fe4b4000 	/System/Library/Frameworks/JavaRuntimeSupport.framework/Versions/A/JavaRuntimeSupport
0x0000000329e54000 	/Users/jonathankawchuk/Library/Application Support/REAPER/UserPlugins/java-runtime/lib/libawt_lwawt.dylib
0x00000001675a0000 	/Users/jonathankawchuk/Library/Application Support/REAPER/UserPlugins/java-runtime/lib/libosxapp.dylib
0x00000001c17b5000 	/System/Library/Frameworks/ExceptionHandling.framework/Versions/A/ExceptionHandling
0x0000000329f8c000 	/Users/jonathankawchuk/Library/Application Support/REAPER/UserPlugins/java-runtime/lib/libfontmanager.dylib
0x000000016eedc000 	/Users/jonathankawchuk/Library/Application Support/REAPER/UserPlugins/java-runtime/lib/libfreetype.dylib
0x0000000167700000 	/Applications/REAPER.app/Contents/Plugins/FX/reasurround2.vst.dylib
0x000000032acb8000 	/Library/Audio/Plug-Ins/VST3/dpMeter5.vst3/Contents/MacOS/dpMeter5
0x000000032e9a0000 	/Library/Audio/Plug-Ins/VST3/SonoBus.vst3/Contents/MacOS/SonoBus
0x00000001fcd95000 	/System/Library/Frameworks/CoreAudioKit.framework/Versions/A/CoreAudioKit
0x00000001fc562000 	/System/Library/Frameworks/AudioVideoBridging.framework/Versions/A/AudioVideoBridging
0x00000001e7d26000 	/System/Library/Frameworks/ScriptingBridge.framework/Versions/A/ScriptingBridge
0x000000032ae2c000 	/System/Library/Components/CoreAudio.component/Contents/MacOS/CoreAudio
0x000000032c700000 	/Library/Audio/Plug-Ins/Components/MusePlugin.component/Contents/MacOS/MusePlugin
0x000000010e76c000 	/private/var/folders/6g/_dyszwd54rd36jmvjmmd4htw0000gn/T/usb4java2249195059140443880.tmp/libusb4java.dylib
0x000000010e5f8000 	/Users/jonathankawchuk/Library/Application Support/REAPER/UserPlugins/java-runtime/lib/libosxui.dylib
0x000000010f220000 	/System/Library/Extensions/IOUSBHostFamily.kext/Contents/PlugIns/IOUSBLib.bundle/Contents/MacOS/IOUSBLib
0x00000001f86fa000 	/System/Library/PrivateFrameworks/VoiceShortcutClient.framework/Versions/A/VoiceShortcutClient
0x00000001caf54000 	/System/Library/PrivateFrameworks/ChronoServices.framework/Versions/A/ChronoServices
0x00000002699ef000 	/System/Library/PrivateFrameworks/ReplicatorEngine.framework/Versions/A/ReplicatorEngine
0x0000000269ba2000 	/System/Library/PrivateFrameworks/ReplicatorServices.framework/Versions/A/ReplicatorServices
0x0000000273b63000 	/System/Library/PrivateFrameworks/SystemWake.framework/Versions/A/SystemWake
0x0000000116a00000 	/Library/Audio/Plug-Ins/VST/Cthulhu.vst/Contents/MacOS/Cthulhu
0x0000000305f74000 	/Library/Audio/Plug-Ins/Components/Trackspacer25.component/Contents/MacOS/Trackspacer25
0x00000003da324000 	/Library/Audio/Plug-Ins/VST3/Kontakt 7.vst3/Contents/MacOS/Kontakt 7
0x00000001fbecc000 	/System/Library/Frameworks/AGL.framework/Versions/A/AGL
0x00000003043d4000 	/System/Library/Frameworks/Security.framework/Versions/A/PlugIns/csparser.bundle/Contents/MacOS/csparser
0x000000010f610000 	/System/Library/TextEncodings/Unicode Encodings.bundle/Contents/MacOS/Unicode Encodings
0x00000003a91d0000 	/Library/Application Support/Native Instruments/Kontakt 7/sqlite3.dylib
0x000000037da40000 	/Library/Application Support/Native Instruments/Kontakt 7/REX Shared Library.framework/Versions/A/REX Shared Library
0x0000000282761000 	/usr/lib/i18n/libiconv_std.dylib
0x0000000282757000 	/usr/lib/i18n/libUTF8.dylib
0x0000000282753000 	/usr/lib/i18n/libUTF1632.dylib
0x0000000282766000 	/usr/lib/i18n/libmapper_none.dylib
0x0000000422acc000 	/Library/Audio/Plug-Ins/VST3/Vienna Synchron Player.vst3/Contents/MacOS/ViennaSynchronPlayer
0x00000003da064000 	/Library/PrivilegedHelperTools/licenseDaemon.app/Contents/PlugIns/__Pace_Eden/libpacefusion_shared.dylib
0x0000000438000000 	/Library/Audio/Plug-Ins/VST3/UVIWorkstation.vst3/Contents/MacOS/UVIWorkstation
0x0000000422000000 	/Library/Audio/Plug-Ins/VST3/UVIWorkstation.vst3/Contents/Frameworks/libsndfile.1.0.37.dylib
0x0000000407c34000 	/Library/Audio/Plug-Ins/VST3/UVIWorkstation.vst3/Contents/Frameworks/REX Shared Library.framework/Versions/A/REX Shared Library
0x0000000452300000 	/Library/Audio/Plug-Ins/VST3/Air.vst3/Contents/MacOS/Air
0x0000000426d84000 	/Library/Audio/Plug-Ins/VST3/Neutron 3.vst3/Contents/MacOS/PluginHooksVST3
0x0000000453000000 	/Library/Audio/Plug-Ins/VST3/Neutron 3.vst3/Contents/Resources/iZNeutron3.bundle/Contents/MacOS/iZNeutron3
0x0000000451e60000 	/Library/Audio/Plug-Ins/VST3/Neutron 3.vst3/Contents/Resources/iZNeutron3.bundle/Contents/MacOS/libmp3lame.dylib
0x00000004526dc000 	/Library/Audio/Plug-Ins/VST3/Neutron 3.vst3/Contents/Resources/iZNeutron3.bundle/Contents/MacOS/libtag.dylib
0x00000004225d0000 	/Library/Application Support/iZotope/Meter Tap 4/Meter Tap 4.bundle/Contents/MacOS/Meter Tap 4
0x000000047d0ec000 	/Library/Audio/Plug-Ins/VST3/DecentSampler.vst3/Contents/MacOS/DecentSampler
0x00000004242d4000 	/Applications/REAPER.app/Contents/Plugins/FX/reatune.vst.dylib
0x00000004aae24000 	/Library/Audio/Plug-Ins/VST3/Serum2.vst3/Contents/MacOS/Serum2
0x00000004f502c000 	/Library/Audio/Plug-Ins/VST3/Dodo MIDI.vst3/Contents/MacOS/Dodo MIDI
0x0000000539d98000 	/Library/Audio/Plug-Ins/VST3/Trackspacer25.vst3/Contents/MacOS/Trackspacer25
0x0000000539890000 	/Library/Audio/Plug-Ins/VST3/MeldaProduction/Reverb/MConvolutionEZ.vst3/Contents/MacOS/MConvolutionEZ.bin
0x000000053ac48000 	/Library/Application Support/MeldaProduction/LIB/libMeldaProductionAudioPluginKernelV11.dylib
0x000000053eaac000 	/Applications/REAPER.app/Contents/Plugins/FX/reaverb.vst.dylib
0x000000053ea60000 	/Library/Audio/Plug-Ins/VST3/Kilohearts/kHs Compressor.vst3/Contents/MacOS/kHs Compressor
0x0000000562e44000 	/Library/Application Support/Kilohearts/HeartCore.core/Contents/MacOS/HeartCore
0x0000000565e44000 	/Library/Audio/Plug-Ins/Components/LittlePlate.component/Contents/MacOS/LittlePlate
0x0000000116f8c000 	/Library/Frameworks/PACEEdenExperience.framework/Versions/A/WrapPersist.bundle/Contents/MacOS/WrapPersist
0x00000001d2368000 	/System/Library/PrivateFrameworks/TextToSpeech.framework/Versions/A/TextToSpeech
0x00000001d7735000 	/System/Library/PrivateFrameworks/AXAssetLoader.framework/Versions/A/AXAssetLoader
0x00000002834cf000 	/usr/lib/libnwswifttls.dylib
0x00000001c4369000 	/usr/lib/log/liblog_network.dylib
0x000000084b83c000 	/Library/Audio/Plug-Ins/VST3/Sumu.vst3/Contents/MacOS/sumu

JVMTI agents: none


VM Arguments:
java_command: <unknown>
java_class_path (initial): /Users/jonathankawchuk/Library/Application Support/REAPER/UserPlugins/drivenbymoss-libs/DrivenByMoss4Reaper-26.6.4.jar:/Users/jonathankawchuk/Library/Application Support/REAPER/UserPlugins/drivenbymoss-libs/slf4j-ext-2.0.13.jar:/Users/jonathankawchuk/Library/Application Support/REAPER/UserPlugins/drivenbymoss-libs/jackson-databind-2.22.1.jar:/Users/jonathankawchuk/Library/Application Support/REAPER/UserPlugins/drivenbymoss-libs/jna-platform-5.19.1.jar:/Users/jonathankawchuk/Library/Application Support/REAPER/UserPlugins/drivenbymoss-libs/libusb4java-1.0.24-darwin.jar:/Users/jonathankawchuk/Library/Application Support/REAPER/UserPlugins/drivenbymoss-libs/usb4java-1.3.0.jar:/Users/jonathankawchuk/Library/Application Support/REAPER/UserPlugins/drivenbymoss-libs/purejavahidapi-0.0.21.jar:/Users/jonathankawchuk/Library/Application Support/REAPER/UserPlugins/drivenbymoss-libs/svg-salamander-1.1.2.2.jar:/Users/jonathankawchuk/Library/Application Support/REAPER/UserPlugins/drivenbymoss-libs/jackson-core-2.22.1.jar:/Users/jonathankawchuk/Library/Application Support/REAPER/UserPlugins/drivenbymoss-libs/inieditor-r6.jar:/Users/jonathankawchuk/Library/Application Support/REAPER/UserPlugins/drivenbymoss-libs/jackson-annotations-2.22.jar:/Users/jonathankawchuk/Library/Application Support/REAPER/UserPlugins/drivenbymoss-libs/slf4j-api-2.0.13.jar:/Users/jonathankawchuk/Library/Application Support/REAPER/UserPlugins/drivenbymoss-libs/nativefilechooser-1.3.1.jar:/Users/jonathankawchuk/Library/Application Support/REAPER/UserPlugins/drivenbymoss-libs/jamepad-2.30.0.0.jar:/Users/jonathankawchuk/Library/Application Support/REAPER/UserPlugins/drivenbymoss-libs/jna-5.19.1.jar:/Users/jonathankawchuk/Library/Application Support/REAPER/UserPlugins/drivenbymoss-libs/javaosc-core-0.9.jar:/Users/jonathankawchuk/Library/Application Support/REAPER/UserPlugins/drivenbymoss-libs/commons-lang3-3.8.1.jar:/Users/jonathankawchuk/Library/Application Support/REAPER/UserPlugins/drivenbymoss-libs/gdx-jnigen-loader-2.2.0.jar
Launcher Type: generic

[Global flags]
     intx CICompilerCount                          = 4                                         {product} {ergonomic}
     uint ConcGCThreads                            = 2                                         {product} {ergonomic}
     uint G1ConcRefinementThreads                  = 8                                         {product} {ergonomic}
   size_t G1HeapRegionSize                         = 2097152                                   {product} {ergonomic}
   size_t InitialHeapSize                          = 268435456                                 {product} {ergonomic}
   size_t MarkStackSize                            = 4194304                                   {product} {ergonomic}
   size_t MarkStackSizeMax                         = 536870912                                 {product} {ergonomic}
   size_t MaxHeapSize                              = 4294967296                                {product} {ergonomic}
   size_t MaxNewSize                               = 2575302656                                {product} {ergonomic}
   size_t MinHeapDeltaBytes                        = 2097152                                   {product} {ergonomic}
   size_t MinHeapSize                              = 8388608                                   {product} {ergonomic}
    uintx NonNMethodCodeHeapSize                   = 5849088                                {pd product} {ergonomic}
    uintx NonProfiledCodeHeapSize                  = 122912768                              {pd product} {ergonomic}
    uintx ProfiledCodeHeapSize                     = 122912768                              {pd product} {ergonomic}
    uintx ReservedCodeCacheSize                    = 251674624                              {pd product} {ergonomic}
     bool SegmentedCodeCache                       = true                                      {product} {ergonomic}
   size_t SoftMaxHeapSize                          = 4294967296                             {manageable} {ergonomic}
     bool UseCompressedOops                        = true                           {product lp64_product} {ergonomic}
     bool UseG1GC                                  = true                                      {product} {ergonomic}
     bool UseNUMA                                  = false                                     {product} {ergonomic}
     bool UseNUMAInterleaving                      = false                                     {product} {ergonomic}

Logging:
Log output configuration:
 #0: 
[error occurred during error reporting (printing log configuration), id 0xb, SIGSEGV (0xb) at pc=0x000000030b1d2a08]
Release file:
JAVA_VERSION="25.0.3" 
MODULES="java.base java.datatransfer java.xml java.prefs java.desktop java.instrument java.logging java.management java.security.sasl java.naming java.transaction.xa java.sql jdk.accessibility" 

Environment Variables:
PATH=/usr/bin:/bin:/usr/sbin:/sbin:/usr/local/bin:/Users/jonathankawchuk/flucoma-cli/bin
SHELL=/bin/zsh
TMPDIR=/var/folders/6g/_dyszwd54rd36jmvjmmd4htw0000gn/T/

Active Locale:
LC_ALL=C/UTF-8/C/C/C/C
LC_COLLATE=C
LC_CTYPE=UTF-8
LC_MESSAGES=C
LC_MONETARY=C
LC_NUMERIC=C
LC_TIME=C

Signal Handlers:
   SIGSEGV: crash_handler in libjvm.dylib, mask=11100110000111110111111111111111, flags=SA_ONSTACK|SA_RESTART|SA_SIGINFO, unblocked
    SIGBUS: crash_handler in libjvm.dylib, mask=11100110000111110111111111111111, flags=SA_RESTART|SA_SIGINFO, unblocked
    SIGFPE: crash_handler in libjvm.dylib, mask=11100110000111110111111111111111, flags=SA_RESTART|SA_SIGINFO, unblocked
   SIGPIPE: javaSignalHandler in libjvm.dylib, mask=11100110000111110111111111111111, flags=SA_RESTART|SA_SIGINFO, blocked
  chained to: javaSignalHandler in libjvm.dylib, mask=11100110000111110111111111111111, flags=SA_RESTART|SA_SIGINFO
   SIGXFSZ: javaSignalHandler in libjvm.dylib, mask=11100110000111110111111111111111, flags=SA_RESTART|SA_SIGINFO, blocked
    SIGILL: crash_handler in libjvm.dylib, mask=11100110000111110111111111111111, flags=SA_RESTART|SA_SIGINFO, unblocked
   SIGUSR2: SR_handler in libjvm.dylib, mask=00000000000000000000000000000000, flags=SA_RESTART|SA_SIGINFO, blocked
    SIGHUP: UserHandler in libjvm.dylib, mask=11100110000111110111111111111111, flags=SA_RESTART|SA_SIGINFO, blocked
    SIGINT: UserHandler in libjvm.dylib, mask=11100110000111110111111111111111, flags=SA_RESTART|SA_SIGINFO, blocked
   SIGTERM: UserHandler in libjvm.dylib, mask=11100110000111110111111111111111, flags=SA_RESTART|SA_SIGINFO, blocked
   SIGQUIT: UserHandler in libjvm.dylib, mask=11100110000111110111111111111111, flags=SA_RESTART|SA_SIGINFO, blocked
   SIGTRAP: crash_handler in libjvm.dylib, mask=11100110000111110111111111111111, flags=SA_RESTART|SA_SIGINFO, unblocked


Compilation memory statistics disabled.

Periodic native trim disabled

---------------  S Y S T E M  ---------------

OS:
uname: Darwin 24.6.0 Darwin Kernel Version 24.6.0: Wed Oct 15 21:08:19 PDT 2025; root:xnu-11417.140.69.703.14~1/RELEASE_ARM64_T8103 arm64
OS uptime: 1 days 7:23 hours
rlimit (soft/hard): STACK 8176k/65520k , CORE 0k/infinity , NPROC 2666/4000 , NOFILE 10240/10240 , AS infinity/infinity , CPU infinity/infinity , DATA infinity/infinity , FSIZE infinity/infinity , MEMLOCK infinity/infinity , RSS infinity/infinity
load average: 19.53 13.62 10.75

CPU: total 8 (initial active 8) 0x61:0x0:0x1b588bb3:0, fp, asimd, aes, pmull, sha1, sha256, crc32, lse, sha3, sha512
machdep.cpu.brand_string:Apple M1
hw.cachelinesize:128
hw.l1icachesize:131072
hw.l1dcachesize:65536
hw.l2cachesize:4194304

Memory: 16k page, physical 16777216k(2564496k free), swap 14680064k(707648k free)

vm_info: OpenJDK 64-Bit Server VM (25.0.3+9-LTS) for bsd-aarch64 JRE (25.0.3+9-LTS), built on 2026-04-21T00:00:00Z with clang Apple LLVM 15.0.0 (clang-1500.1.0.2.5)

END.
