#
# A fatal error has been detected by the Java Runtime Environment:
#
#  SIGSEGV (0xb) at pc=0x0000000193086364, pid=55833, tid=189191
#
# JRE version: OpenJDK Runtime Environment Temurin-25.0.3+9 (25.0.3+9) (build 25.0.3+9-LTS)
# Java VM: OpenJDK 64-Bit Server VM Temurin-25.0.3+9 (25.0.3+9-LTS, mixed mode, tiered, compressed oops, compressed class ptrs, g1 gc, bsd-aarch64)
# Problematic frame:
# C  [libsystem_pthread.dylib+0x1364]  pthread_mutex_lock+0xc
#
# No core dump will be written. Core dumps have been disabled. To enable core dumping, try "ulimit -c unlimited" before starting Java again
#
# If you would like to submit a bug report, please visit:
#   https://github.com/adoptium/adoptium-support/issues
#

---------------  S U M M A R Y ------------

Command Line: 

Host: "MacBookPro17,1" arm64, 8 cores, 16G, Darwin 24.6.0, macOS 15.7.2 (24G325)
Time: Tue Sep 22 14:49:49 2026 EDT elapsed time: 1811.355159 seconds (0d 0h 30m 11s)

---------------  T H R E A D  ---------------

Current thread is native thread

Stack: [0x000000016ff4c000,0x000000016ffcf000],  sp=0x000000016ffceef0,  free space=523k
Native frames: (J=compiled Java code, j=interpreted, Vv=VM code, C=native code)
C  [libsystem_pthread.dylib+0x1364]  pthread_mutex_lock+0xc
C  [DecentSampler+0x84aa58]  GetPluginFactory+0x845adc
C  [DecentSampler+0x84bc88]  GetPluginFactory+0x846d0c
C  [DecentSampler+0x82aa08]  GetPluginFactory+0x825a8c
C  [libsystem_pthread.dylib+0x6bc8]  _pthread_start+0x88

siginfo: si_signo: 11 (SIGSEGV), si_code: 2 (SEGV_ACCERR), si_addr: 0x0000000000000000

Registers:
 x0=0x0000000000000000  x1=0x0000600001adcf00  x2=0x00000000000120a9  x3=0x0000000fffffc088
 x4=0x00442a0100442a00  x5=0x0044290000442a00  x6=0x0000000000000000  x7=0x0000000004f276af
 x8=0x00000003859d1000  x9=0x0000290000002902 x10=0x0000290000002900 x11=0x0000290000002902
x12=0x0000000000002900 x13=0x0000290000002900 x14=0x0000000000000300 x15=0x0000000000000000
x16=0x0000000193086358 x17=0x0000000202077a78 x18=0x0000000000000000 x19=0x0000000000000000
x20=0x0000600001adcf00 x21=0x0000000361eef578 x22=0x0000000361eef520 x23=0x0000000361eef460
x24=0x00000003859d1000 x25=0x00000003859cf000 x26=0x00000003859d1640 x27=0x0000000012296403
x28=0x00000000fffffffb  fp=0x000000016ffceef0  lr=0x00000003854cea58  sp=0x000000016ffceef0
pc=0x0000000193086364 cpsr=0x0000000060001000

Top of Stack: (sp=0x000000016ffceef0)
0x000000016ffceef0:   000000016ffcef20 00000003854cea58    ..o....X.L.....
0x000000016ffcef00:   0000000361eef520 0000000361eef578    ..a....x..a....
0x000000016ffcef10:   0000600001adcf00 0000000361eef340   .....`..@..a....
0x000000016ffcef20:   000000016ffcef80 00000003854cfc88   ...o......L.....
0x000000016ffcef30:   0000000000000000 0000000000000000   ................
0x000000016ffcef40:   0000000000000000 0000000000000000   ................
0x000000016ffcef50:   0000000000000000 0000000000000000   ................
0x000000016ffcef60:   0000600000634080 0000000322ff8040   .@c..`..@.."....
0x000000016ffcef70:   0000000000000001 0000000361eef340   ........@..a....
0x000000016ffcef80:   000000016ffcefc0 00000003854aea08   ...o......J.....
0x000000016ffcef90:   0000000000000000 0000600001c40060   ........`....`..
0x000000016ffcefa0:   0000000000000000 0000000000000000   ................
0x000000016ffcefb0:   0000000000000000 000000016ffcf000   ...........o....
0x000000016ffcefc0:   000000016ffcefe0 000000019308bbc8   ...o............
0x000000016ffcefd0:   0000000000000000 0000000000000000   ................
0x000000016ffcefe0:   0000000000000000 0000000193086b80   .........k......
0x000000016ffceff0:   0000000000000000 0000000000000000   ................
0x000000016ffcf000:   1f44556b59d2b7ca 0000000000000000   ...YkUD.........
0x000000016ffcf010:   0000000371883000 000000037ec33010   .0.q.....0.~....
0x000000016ffcf020:   0000000000000000 0000000000000000   ................
0x000000016ffcf030:   0000000000000001 0000000a0000001f   ................
0x000000016ffcf040:   0000000000000000 0001000c00000000   ................
0x000000016ffcf050:   2e3876204543554a 6954203a32312e30   JUCE v8.0.12: Ti
0x000000016ffcf060:   000000000072656d 0000000000000000   mer.............
0x000000016ffcf070:   0000000000000000 0000000000000000   ................
0x000000016ffcf080:   0000000000000000 0000000000000000   ................
0x000000016ffcf090:   00000003854ae850 000000016f7ab4a8   P.J.......zo....
0x000000016ffcf0a0:   0003000000000000 0000000200000000   ................
0x000000016ffcf0b0:   000000016ffcf000 000000016ff4c000   ...o.......o....
0x000000016ffcf0c0:   000000016ff48000 000000000008c000   ...o............
0x000000016ffcf0d0:   0000000000004000 0000000000bcc54a   .@......J.......
0x000000016ffcf0e0:   000000016ffcf000 000000016ffcf0ac   ...o.......o....

Instructions: (pc=0x0000000193086364)
  0x0000000193086264:   fd 43 00 91 f4 03 01 aa f3 03 00 aa 40 fd 36 d0
  0x0000000193086274:   00 d0 00 91 a1 00 a0 52 32 29 00 94 48 fd 36 d0
  0x0000000193086284:   08 e1 00 91 09 59 73 f8 69 00 00 b5 e9 03 34 aa
  0x0000000193086294:   09 59 33 f8 28 fd 36 d0 09 39 40 b9 3f 01 13 6b
  0x00000001930862a4:   4a 00 00 54 13 39 00 b9 40 fd 36 d0 00 d0 00 91
  0x00000001930862b4:   28 29 00 94 00 00 80 52 fd 7b 41 a9 f4 4f c2 a8
  0x00000001930862c4:   ff 23 03 d5 c0 03 5f d6 c0 02 80 52 c0 03 5f d6
  0x00000001930862d4:   7f 23 03 d5 f6 57 bd a9 f4 4f 01 a9 fd 7b 02 a9
  0x00000001930862e4:   fd 83 00 91 f4 03 01 aa f3 03 00 aa 40 fd 36 d0
  0x00000001930862f4:   00 d0 00 91 a1 00 a0 52 12 29 00 94 08 20 80 52
  0x0000000193086304:   49 fd 36 d0 29 e1 00 91 2a 79 68 f8 ca 00 00 b4
  0x0000000193086314:   08 05 00 91 1f 01 0c f1 81 ff ff 54 75 04 80 52
  0x0000000193086324:   05 00 00 14 15 00 80 52 ea 03 34 aa 2a 79 28 f8
  0x0000000193086334:   68 02 00 f9 40 fd 36 d0 00 d0 00 91 05 29 00 94
  0x0000000193086344:   e0 03 15 aa fd 7b 42 a9 f4 4f 41 a9 f6 57 c3 a8
  0x0000000193086354:   ff 0f 5f d6 7f 23 03 d5 fd 7b bf a9 fd 03 00 91
=>0x0000000193086364:   08 00 40 f9 49 8b 8a 52 a9 aa a9 72 1f 01 09 eb
  0x0000000193086374:   61 04 00 54 08 0c 40 b9 09 09 1a 12 3f 01 01 71
  0x0000000193086384:   c0 04 00 54 88 05 70 37 08 9c 00 91 08 f1 7d 92
  0x0000000193086394:   09 01 40 f9 69 02 08 37 0a 7c 00 91 4a f1 7d 92
  0x00000001930863a4:   6b d0 3b d5 6b 81 5f f8 ec 03 09 2a ac 01 08 37
  0x00000001930863b4:   29 7d 60 92 2d 01 0c aa ac 01 7f b2 e9 03 0d aa
  0x00000001930863c4:   0c 7d e9 c8 ec 03 09 2a 3f 01 0d eb 01 ff ff 54
  0x00000001930863d4:   4b 01 00 f9 00 00 80 52 fd 7b c1 a8 ff 0f 5f d6
  0x00000001930863e4:   01 00 80 52 fd 7b c1 a8 ff 23 03 d5 d0 07 1e ca
  0x00000001930863f4:   50 00 f0 b6 20 8e 38 d4 da 00 00 14 01 00 80 52
  0x0000000193086404:   fd 7b c1 a8 ff 23 03 d5 d0 07 1e ca 50 00 f0 b6
  0x0000000193086414:   20 8e 38 d4 12 00 00 14 01 00 80 52 fd 7b c1 a8
  0x0000000193086424:   ff 23 03 d5 d0 07 1e ca 50 00 f0 b6 20 8e 38 d4
  0x0000000193086434:   62 23 00 14 02 00 80 52 68 d0 3b d5 08 19 40 b9
  0x0000000193086444:   01 75 1e 12 08 60 00 91 01 7d e2 88 5f 00 00 71
  0x0000000193086454:   20 fc ff 54 b3 22 00 94 df ff ff 17 7f 23 03 d5



---------------  P R O C E S S  ---------------

VM state: at safepoint (shutting down)

VM Mutex/Monitor currently owned by a thread:  ([mutex/lock_event])
[0x00000001730d68c0] Threads_lock - owner thread: 0x0000000121706200
[0x00000001730d6a40] Heap_lock - owner thread: 0x00000003fcc72400

Heap address: 0x0000000700000000, size: 4096 MB, Compressed Oops mode: Zero based, Oop shift amount: 3

CDS archive(s) not mapped
Compressed class space mapped at: 0x00001e0000000000-0x00001e0040000000, reserved size: 1073741824
UseCompressedClassPointers 1, UseCompactObjectHeaders 0
Narrow klass pointer bits 32, Max shift 3
Narrow klass base: 0x00001e0000000000, Narrow klass shift: 0
Encoding Range: [0x00001e0000000000 - 0x00001e0100000000), (4294967296 bytes)
Klass Range:    [0x00001e0000000000 - 0x00001e0040000000), (1073741824 bytes)
Klass ID Range:  [8 - 1073741817) (1073741809)
Protection zone: [0x00001e0000000000 - 0x00001e0000010000), (65536 bytes)

GC Precious Log:
<Skipped>

Heap:
 garbage-first heap   total reserved 4194304K, committed 262144K, used 51217K [0x0000000700000000, 0x0000000800000000)
  region size 2048K, 24 young (49152K), 3 survivors (6144K)

Heap Regions: E=young(eden), S=young(survivor), O=old, HS=humongous(starts), HC=humongous(continues), CS=collection set, F=free, TAMS=top-at-mark-start, PB=parsable bottom
|   0|0x0000000700000000, 0x0000000700200000, 0x0000000700200000|100%| O|  |TAMS 0x0000000700000000| PB 0x0000000700000000| Untracked |  0
|   1|0x0000000700200000, 0x0000000700400000, 0x0000000700400000|100%| O|  |TAMS 0x0000000700200000| PB 0x0000000700200000| Untracked |  0
|   2|0x0000000700400000, 0x0000000700600000, 0x0000000700600000|100%| O|  |TAMS 0x0000000700400000| PB 0x0000000700400000| Untracked |  0
|   3|0x0000000700600000, 0x000000070078d830, 0x0000000700800000| 77%| O|  |TAMS 0x0000000700600000| PB 0x0000000700600000| Untracked |  0
|   4|0x0000000700800000, 0x0000000700800000, 0x0000000700a00000|  0%| F|  |TAMS 0x0000000700800000| PB 0x0000000700800000| Untracked |  0
|   5|0x0000000700a00000, 0x0000000700a00000, 0x0000000700c00000|  0%| F|  |TAMS 0x0000000700a00000| PB 0x0000000700a00000| Untracked |  0
|   6|0x0000000700c00000, 0x0000000700c00000, 0x0000000700e00000|  0%| F|  |TAMS 0x0000000700c00000| PB 0x0000000700c00000| Untracked |  0
|   7|0x0000000700e00000, 0x0000000700e00000, 0x0000000701000000|  0%| F|  |TAMS 0x0000000700e00000| PB 0x0000000700e00000| Untracked |  0
|   8|0x0000000701000000, 0x0000000701000000, 0x0000000701200000|  0%| F|  |TAMS 0x0000000701000000| PB 0x0000000701000000| Untracked |  0
|   9|0x0000000701200000, 0x0000000701200000, 0x0000000701400000|  0%| F|  |TAMS 0x0000000701200000| PB 0x0000000701200000| Untracked |  0
|  10|0x0000000701400000, 0x0000000701400000, 0x0000000701600000|  0%| F|  |TAMS 0x0000000701400000| PB 0x0000000701400000| Untracked |  0
|  11|0x0000000701600000, 0x0000000701600000, 0x0000000701800000|  0%| F|  |TAMS 0x0000000701600000| PB 0x0000000701600000| Untracked |  0
|  12|0x0000000701800000, 0x0000000701800000, 0x0000000701a00000|  0%| F|  |TAMS 0x0000000701800000| PB 0x0000000701800000| Untracked |  0
|  13|0x0000000701a00000, 0x0000000701a00000, 0x0000000701c00000|  0%| F|  |TAMS 0x0000000701a00000| PB 0x0000000701a00000| Untracked |  0
|  14|0x0000000701c00000, 0x0000000701c00000, 0x0000000701e00000|  0%| F|  |TAMS 0x0000000701c00000| PB 0x0000000701c00000| Untracked |  0
|  15|0x0000000701e00000, 0x0000000701e00000, 0x0000000702000000|  0%| F|  |TAMS 0x0000000701e00000| PB 0x0000000701e00000| Untracked |  0
|  16|0x0000000702000000, 0x0000000702000000, 0x0000000702200000|  0%| F|  |TAMS 0x0000000702000000| PB 0x0000000702000000| Untracked |  0
|  17|0x0000000702200000, 0x0000000702200000, 0x0000000702400000|  0%| F|  |TAMS 0x0000000702200000| PB 0x0000000702200000| Untracked |  0
|  18|0x0000000702400000, 0x0000000702400000, 0x0000000702600000|  0%| F|  |TAMS 0x0000000702400000| PB 0x0000000702400000| Untracked |  0
|  19|0x0000000702600000, 0x0000000702600000, 0x0000000702800000|  0%| F|  |TAMS 0x0000000702600000| PB 0x0000000702600000| Untracked |  0
|  20|0x0000000702800000, 0x0000000702800000, 0x0000000702a00000|  0%| F|  |TAMS 0x0000000702800000| PB 0x0000000702800000| Untracked |  0
|  21|0x0000000702a00000, 0x0000000702a00000, 0x0000000702c00000|  0%| F|  |TAMS 0x0000000702a00000| PB 0x0000000702a00000| Untracked |  0
|  22|0x0000000702c00000, 0x0000000702c00000, 0x0000000702e00000|  0%| F|  |TAMS 0x0000000702c00000| PB 0x0000000702c00000| Untracked |  0
|  23|0x0000000702e00000, 0x0000000702e00000, 0x0000000703000000|  0%| F|  |TAMS 0x0000000702e00000| PB 0x0000000702e00000| Untracked |  0
|  24|0x0000000703000000, 0x0000000703000000, 0x0000000703200000|  0%| F|  |TAMS 0x0000000703000000| PB 0x0000000703000000| Untracked |  0
|  25|0x0000000703200000, 0x0000000703200000, 0x0000000703400000|  0%| F|  |TAMS 0x0000000703200000| PB 0x0000000703200000| Untracked |  0
|  26|0x0000000703400000, 0x0000000703400000, 0x0000000703600000|  0%| F|  |TAMS 0x0000000703400000| PB 0x0000000703400000| Untracked |  0
|  27|0x0000000703600000, 0x0000000703600000, 0x0000000703800000|  0%| F|  |TAMS 0x0000000703600000| PB 0x0000000703600000| Untracked |  0
|  28|0x0000000703800000, 0x0000000703800000, 0x0000000703a00000|  0%| F|  |TAMS 0x0000000703800000| PB 0x0000000703800000| Untracked |  0
|  29|0x0000000703a00000, 0x0000000703a00000, 0x0000000703c00000|  0%| F|  |TAMS 0x0000000703a00000| PB 0x0000000703a00000| Untracked |  0
|  30|0x0000000703c00000, 0x0000000703c00000, 0x0000000703e00000|  0%| F|  |TAMS 0x0000000703c00000| PB 0x0000000703c00000| Untracked |  0
|  31|0x0000000703e00000, 0x0000000703e00000, 0x0000000704000000|  0%| F|  |TAMS 0x0000000703e00000| PB 0x0000000703e00000| Untracked |  0
|  32|0x0000000704000000, 0x0000000704000000, 0x0000000704200000|  0%| F|  |TAMS 0x0000000704000000| PB 0x0000000704000000| Untracked |  0
|  33|0x0000000704200000, 0x0000000704200000, 0x0000000704400000|  0%| F|  |TAMS 0x0000000704200000| PB 0x0000000704200000| Untracked |  0
|  34|0x0000000704400000, 0x0000000704400000, 0x0000000704600000|  0%| F|  |TAMS 0x0000000704400000| PB 0x0000000704400000| Untracked |  0
|  35|0x0000000704600000, 0x0000000704600000, 0x0000000704800000|  0%| F|  |TAMS 0x0000000704600000| PB 0x0000000704600000| Untracked |  0
|  36|0x0000000704800000, 0x0000000704800000, 0x0000000704a00000|  0%| F|  |TAMS 0x0000000704800000| PB 0x0000000704800000| Untracked |  0
|  37|0x0000000704a00000, 0x0000000704a00000, 0x0000000704c00000|  0%| F|  |TAMS 0x0000000704a00000| PB 0x0000000704a00000| Untracked |  0
|  38|0x0000000704c00000, 0x0000000704c00000, 0x0000000704e00000|  0%| F|  |TAMS 0x0000000704c00000| PB 0x0000000704c00000| Untracked |  0
|  39|0x0000000704e00000, 0x0000000704e00000, 0x0000000705000000|  0%| F|  |TAMS 0x0000000704e00000| PB 0x0000000704e00000| Untracked |  0
|  40|0x0000000705000000, 0x0000000705000000, 0x0000000705200000|  0%| F|  |TAMS 0x0000000705000000| PB 0x0000000705000000| Untracked |  0
|  41|0x0000000705200000, 0x0000000705200000, 0x0000000705400000|  0%| F|  |TAMS 0x0000000705200000| PB 0x0000000705200000| Untracked |  0
|  42|0x0000000705400000, 0x0000000705400000, 0x0000000705600000|  0%| F|  |TAMS 0x0000000705400000| PB 0x0000000705400000| Untracked |  0
|  43|0x0000000705600000, 0x0000000705600000, 0x0000000705800000|  0%| F|  |TAMS 0x0000000705600000| PB 0x0000000705600000| Untracked |  0
|  44|0x0000000705800000, 0x0000000705800000, 0x0000000705a00000|  0%| F|  |TAMS 0x0000000705800000| PB 0x0000000705800000| Untracked |  0
|  45|0x0000000705a00000, 0x0000000705a00000, 0x0000000705c00000|  0%| F|  |TAMS 0x0000000705a00000| PB 0x0000000705a00000| Untracked |  0
|  46|0x0000000705c00000, 0x0000000705c00000, 0x0000000705e00000|  0%| F|  |TAMS 0x0000000705c00000| PB 0x0000000705c00000| Untracked |  0
|  47|0x0000000705e00000, 0x0000000705e00000, 0x0000000706000000|  0%| F|  |TAMS 0x0000000705e00000| PB 0x0000000705e00000| Untracked |  0
|  48|0x0000000706000000, 0x0000000706000000, 0x0000000706200000|  0%| F|  |TAMS 0x0000000706000000| PB 0x0000000706000000| Untracked |  0
|  49|0x0000000706200000, 0x0000000706200000, 0x0000000706400000|  0%| F|  |TAMS 0x0000000706200000| PB 0x0000000706200000| Untracked |  0
|  50|0x0000000706400000, 0x0000000706400000, 0x0000000706600000|  0%| F|  |TAMS 0x0000000706400000| PB 0x0000000706400000| Untracked |  0
|  51|0x0000000706600000, 0x0000000706600000, 0x0000000706800000|  0%| F|  |TAMS 0x0000000706600000| PB 0x0000000706600000| Untracked |  0
|  52|0x0000000706800000, 0x0000000706800000, 0x0000000706a00000|  0%| F|  |TAMS 0x0000000706800000| PB 0x0000000706800000| Untracked |  0
|  53|0x0000000706a00000, 0x0000000706a00000, 0x0000000706c00000|  0%| F|  |TAMS 0x0000000706a00000| PB 0x0000000706a00000| Untracked |  0
|  54|0x0000000706c00000, 0x0000000706c00000, 0x0000000706e00000|  0%| F|  |TAMS 0x0000000706c00000| PB 0x0000000706c00000| Untracked |  0
|  55|0x0000000706e00000, 0x0000000706e00000, 0x0000000707000000|  0%| F|  |TAMS 0x0000000706e00000| PB 0x0000000706e00000| Untracked |  0
|  56|0x0000000707000000, 0x0000000707000000, 0x0000000707200000|  0%| F|  |TAMS 0x0000000707000000| PB 0x0000000707000000| Untracked |  0
|  57|0x0000000707200000, 0x0000000707200000, 0x0000000707400000|  0%| F|  |TAMS 0x0000000707200000| PB 0x0000000707200000| Untracked |  0
|  58|0x0000000707400000, 0x0000000707400000, 0x0000000707600000|  0%| F|  |TAMS 0x0000000707400000| PB 0x0000000707400000| Untracked |  0
|  59|0x0000000707600000, 0x0000000707600000, 0x0000000707800000|  0%| F|  |TAMS 0x0000000707600000| PB 0x0000000707600000| Untracked |  0
|  60|0x0000000707800000, 0x0000000707800000, 0x0000000707a00000|  0%| F|  |TAMS 0x0000000707800000| PB 0x0000000707800000| Untracked |  0
|  61|0x0000000707a00000, 0x0000000707a00000, 0x0000000707c00000|  0%| F|  |TAMS 0x0000000707a00000| PB 0x0000000707a00000| Untracked |  0
|  62|0x0000000707c00000, 0x0000000707c00000, 0x0000000707e00000|  0%| F|  |TAMS 0x0000000707c00000| PB 0x0000000707c00000| Untracked |  0
|  63|0x0000000707e00000, 0x0000000707e00000, 0x0000000708000000|  0%| F|  |TAMS 0x0000000707e00000| PB 0x0000000707e00000| Untracked |  0
|  64|0x0000000708000000, 0x0000000708000000, 0x0000000708200000|  0%| F|  |TAMS 0x0000000708000000| PB 0x0000000708000000| Untracked |  0
|  65|0x0000000708200000, 0x0000000708200000, 0x0000000708400000|  0%| F|  |TAMS 0x0000000708200000| PB 0x0000000708200000| Untracked |  0
|  66|0x0000000708400000, 0x0000000708400000, 0x0000000708600000|  0%| F|  |TAMS 0x0000000708400000| PB 0x0000000708400000| Untracked |  0
|  67|0x0000000708600000, 0x0000000708600000, 0x0000000708800000|  0%| F|  |TAMS 0x0000000708600000| PB 0x0000000708600000| Untracked |  0
|  68|0x0000000708800000, 0x0000000708800000, 0x0000000708a00000|  0%| F|  |TAMS 0x0000000708800000| PB 0x0000000708800000| Untracked |  0
|  69|0x0000000708a00000, 0x0000000708a00000, 0x0000000708c00000|  0%| F|  |TAMS 0x0000000708a00000| PB 0x0000000708a00000| Untracked |  0
|  70|0x0000000708c00000, 0x0000000708c00000, 0x0000000708e00000|  0%| F|  |TAMS 0x0000000708c00000| PB 0x0000000708c00000| Untracked |  0
|  71|0x0000000708e00000, 0x0000000708e00000, 0x0000000709000000|  0%| F|  |TAMS 0x0000000708e00000| PB 0x0000000708e00000| Untracked |  0
|  72|0x0000000709000000, 0x0000000709000000, 0x0000000709200000|  0%| F|  |TAMS 0x0000000709000000| PB 0x0000000709000000| Untracked |  0
|  73|0x0000000709200000, 0x0000000709200000, 0x0000000709400000|  0%| F|  |TAMS 0x0000000709200000| PB 0x0000000709200000| Untracked |  0
|  74|0x0000000709400000, 0x0000000709400000, 0x0000000709600000|  0%| F|  |TAMS 0x0000000709400000| PB 0x0000000709400000| Untracked |  0
|  75|0x0000000709600000, 0x0000000709600000, 0x0000000709800000|  0%| F|  |TAMS 0x0000000709600000| PB 0x0000000709600000| Untracked |  0
|  76|0x0000000709800000, 0x0000000709800000, 0x0000000709a00000|  0%| F|  |TAMS 0x0000000709800000| PB 0x0000000709800000| Untracked |  0
|  77|0x0000000709a00000, 0x0000000709a00000, 0x0000000709c00000|  0%| F|  |TAMS 0x0000000709a00000| PB 0x0000000709a00000| Untracked |  0
|  78|0x0000000709c00000, 0x0000000709c00000, 0x0000000709e00000|  0%| F|  |TAMS 0x0000000709c00000| PB 0x0000000709c00000| Untracked |  0
|  79|0x0000000709e00000, 0x0000000709e00000, 0x000000070a000000|  0%| F|  |TAMS 0x0000000709e00000| PB 0x0000000709e00000| Untracked |  0
|  80|0x000000070a000000, 0x000000070a000000, 0x000000070a200000|  0%| F|  |TAMS 0x000000070a000000| PB 0x000000070a000000| Untracked |  0
|  81|0x000000070a200000, 0x000000070a200000, 0x000000070a400000|  0%| F|  |TAMS 0x000000070a200000| PB 0x000000070a200000| Untracked |  0
|  82|0x000000070a400000, 0x000000070a400000, 0x000000070a600000|  0%| F|  |TAMS 0x000000070a400000| PB 0x000000070a400000| Untracked |  0
|  83|0x000000070a600000, 0x000000070a600000, 0x000000070a800000|  0%| F|  |TAMS 0x000000070a600000| PB 0x000000070a600000| Untracked |  0
|  84|0x000000070a800000, 0x000000070a800000, 0x000000070aa00000|  0%| F|  |TAMS 0x000000070a800000| PB 0x000000070a800000| Untracked |  0
|  85|0x000000070aa00000, 0x000000070aa00000, 0x000000070ac00000|  0%| F|  |TAMS 0x000000070aa00000| PB 0x000000070aa00000| Untracked |  0
|  86|0x000000070ac00000, 0x000000070ac00000, 0x000000070ae00000|  0%| F|  |TAMS 0x000000070ac00000| PB 0x000000070ac00000| Untracked |  0
|  87|0x000000070ae00000, 0x000000070ae00000, 0x000000070b000000|  0%| F|  |TAMS 0x000000070ae00000| PB 0x000000070ae00000| Untracked |  0
|  88|0x000000070b000000, 0x000000070b000000, 0x000000070b200000|  0%| F|  |TAMS 0x000000070b000000| PB 0x000000070b000000| Untracked |  0
|  89|0x000000070b200000, 0x000000070b200000, 0x000000070b400000|  0%| F|  |TAMS 0x000000070b200000| PB 0x000000070b200000| Untracked |  0
|  90|0x000000070b400000, 0x000000070b400000, 0x000000070b600000|  0%| F|  |TAMS 0x000000070b400000| PB 0x000000070b400000| Untracked |  0
|  91|0x000000070b600000, 0x000000070b600000, 0x000000070b800000|  0%| F|  |TAMS 0x000000070b600000| PB 0x000000070b600000| Untracked |  0
|  92|0x000000070b800000, 0x000000070b800000, 0x000000070ba00000|  0%| F|  |TAMS 0x000000070b800000| PB 0x000000070b800000| Untracked |  0
|  93|0x000000070ba00000, 0x000000070ba00000, 0x000000070bc00000|  0%| F|  |TAMS 0x000000070ba00000| PB 0x000000070ba00000| Untracked |  0
|  94|0x000000070bc00000, 0x000000070bc00000, 0x000000070be00000|  0%| F|  |TAMS 0x000000070bc00000| PB 0x000000070bc00000| Untracked |  0
|  95|0x000000070be00000, 0x000000070be00000, 0x000000070c000000|  0%| F|  |TAMS 0x000000070be00000| PB 0x000000070be00000| Untracked |  0
|  96|0x000000070c000000, 0x000000070c000000, 0x000000070c200000|  0%| F|  |TAMS 0x000000070c000000| PB 0x000000070c000000| Untracked |  0
|  97|0x000000070c200000, 0x000000070c200000, 0x000000070c400000|  0%| F|  |TAMS 0x000000070c200000| PB 0x000000070c200000| Untracked |  0
|  98|0x000000070c400000, 0x000000070c400000, 0x000000070c600000|  0%| F|  |TAMS 0x000000070c400000| PB 0x000000070c400000| Untracked |  0
|  99|0x000000070c600000, 0x000000070c600000, 0x000000070c800000|  0%| F|  |TAMS 0x000000070c600000| PB 0x000000070c600000| Untracked |  0
| 100|0x000000070c800000, 0x000000070c800000, 0x000000070ca00000|  0%| F|  |TAMS 0x000000070c800000| PB 0x000000070c800000| Untracked |  0
| 101|0x000000070ca00000, 0x000000070ca00000, 0x000000070cc00000|  0%| F|  |TAMS 0x000000070ca00000| PB 0x000000070ca00000| Untracked |  0
| 102|0x000000070cc00000, 0x000000070cc00000, 0x000000070ce00000|  0%| F|  |TAMS 0x000000070cc00000| PB 0x000000070cc00000| Untracked |  0
| 103|0x000000070ce00000, 0x000000070ce00000, 0x000000070d000000|  0%| F|  |TAMS 0x000000070ce00000| PB 0x000000070ce00000| Untracked |  0
| 104|0x000000070d000000, 0x000000070d1eae38, 0x000000070d200000| 95%| E|  |TAMS 0x000000070d000000| PB 0x000000070d000000| Complete |  0
| 105|0x000000070d200000, 0x000000070d400000, 0x000000070d400000|100%| E|CS|TAMS 0x000000070d200000| PB 0x000000070d200000| Complete |  0
| 106|0x000000070d400000, 0x000000070d600000, 0x000000070d600000|100%| E|CS|TAMS 0x000000070d400000| PB 0x000000070d400000| Complete |  0
| 107|0x000000070d600000, 0x000000070d676e30, 0x000000070d800000| 23%| S|CS|TAMS 0x000000070d600000| PB 0x000000070d600000| Complete |  0
| 108|0x000000070d800000, 0x000000070da00000, 0x000000070da00000|100%| S|CS|TAMS 0x000000070d800000| PB 0x000000070d800000| Complete |  0
| 109|0x000000070da00000, 0x000000070dc00000, 0x000000070dc00000|100%| S|CS|TAMS 0x000000070da00000| PB 0x000000070da00000| Complete |  0
| 110|0x000000070dc00000, 0x000000070de00000, 0x000000070de00000|100%| E|CS|TAMS 0x000000070dc00000| PB 0x000000070dc00000| Complete |  0
| 111|0x000000070de00000, 0x000000070e000000, 0x000000070e000000|100%| E|CS|TAMS 0x000000070de00000| PB 0x000000070de00000| Complete |  0
| 112|0x000000070e000000, 0x000000070e200000, 0x000000070e200000|100%| E|CS|TAMS 0x000000070e000000| PB 0x000000070e000000| Complete |  0
| 113|0x000000070e200000, 0x000000070e400000, 0x000000070e400000|100%| E|CS|TAMS 0x000000070e200000| PB 0x000000070e200000| Complete |  0
| 114|0x000000070e400000, 0x000000070e600000, 0x000000070e600000|100%| E|CS|TAMS 0x000000070e400000| PB 0x000000070e400000| Complete |  0
| 115|0x000000070e600000, 0x000000070e800000, 0x000000070e800000|100%| E|CS|TAMS 0x000000070e600000| PB 0x000000070e600000| Complete |  0
| 116|0x000000070e800000, 0x000000070ea00000, 0x000000070ea00000|100%| E|CS|TAMS 0x000000070e800000| PB 0x000000070e800000| Complete |  0
| 117|0x000000070ea00000, 0x000000070ec00000, 0x000000070ec00000|100%| E|CS|TAMS 0x000000070ea00000| PB 0x000000070ea00000| Complete |  0
| 118|0x000000070ec00000, 0x000000070ee00000, 0x000000070ee00000|100%| E|  |TAMS 0x000000070ec00000| PB 0x000000070ec00000| Complete |  0
| 119|0x000000070ee00000, 0x000000070f000000, 0x000000070f000000|100%| E|CS|TAMS 0x000000070ee00000| PB 0x000000070ee00000| Complete |  0
| 120|0x000000070f000000, 0x000000070f200000, 0x000000070f200000|100%| E|CS|TAMS 0x000000070f000000| PB 0x000000070f000000| Complete |  0
| 121|0x000000070f200000, 0x000000070f400000, 0x000000070f400000|100%| E|CS|TAMS 0x000000070f200000| PB 0x000000070f200000| Complete |  0
| 122|0x000000070f400000, 0x000000070f600000, 0x000000070f600000|100%| E|CS|TAMS 0x000000070f400000| PB 0x000000070f400000| Complete |  0
| 123|0x000000070f600000, 0x000000070f800000, 0x000000070f800000|100%| E|CS|TAMS 0x000000070f600000| PB 0x000000070f600000| Complete |  0
| 124|0x000000070f800000, 0x000000070fa00000, 0x000000070fa00000|100%| E|CS|TAMS 0x000000070f800000| PB 0x000000070f800000| Complete |  0
| 125|0x000000070fa00000, 0x000000070fc00000, 0x000000070fc00000|100%| E|CS|TAMS 0x000000070fa00000| PB 0x000000070fa00000| Complete |  0
| 126|0x000000070fc00000, 0x000000070fe00000, 0x000000070fe00000|100%| E|CS|TAMS 0x000000070fc00000| PB 0x000000070fc00000| Complete |  0
| 127|0x000000070fe00000, 0x0000000710000000, 0x0000000710000000|100%| E|CS|TAMS 0x000000070fe00000| PB 0x000000070fe00000| Complete |  0

Card table byte_map: [0x00000001717ac000,0x0000000171fac000] _byte_map_base: 0x000000016dfac000

Marking Bits: (CMBitMap*) 0x000000011e822610
 Bits: [0x0000000317004000, 0x000000031b004000)

Polling page: 0x00000001254c4000

Metaspace:
Metaspace        used 20417K, committed 20672K, reserved 1114112K
 class space     used 2388K, committed 2496K, reserved 1048576K

Usage:
  Non-class:     17.61 MB used.
      Class:      2.33 MB used.
       Both:     19.94 MB used.

Virtual space:
  Non-class space:       64.00 MB reserved,      17.75 MB ( 28%) committed,  1 nodes.
      Class space:        1.00 GB reserved,       2.44 MB ( <1%) committed,  1 nodes.
             Both:        1.06 GB reserved,      20.19 MB (  2%) committed. 

Chunk freelists:
   Non-Class:  14.16 MB
       Class:  13.56 MB
        Both:  27.72 MB

MaxMetaspaceSize: unlimited
CompressedClassSpaceSize: 1.00 GB
Initial GC threshold: 21.00 MB
Current GC threshold: 21.00 MB
CDS: off
 - commit_granule_bytes: 65536.
 - commit_granule_words: 8192.
 - virtual_space_node_default_size: 8388608.
 - enlarge_chunks_in_place: 1.
UseCompressedClassPointers 1, UseCompactObjectHeaders 0
Narrow klass pointer bits 32, Max shift 3
Narrow klass base: 0x00001e0000000000, Narrow klass shift: 0
Encoding Range: [0x00001e0000000000 - 0x00001e0100000000), (4294967296 bytes)
Klass Range:    [0x00001e0000000000 - 0x00001e0040000000), (1073741824 bytes)
Klass ID Range:  [8 - 1073741817) (1073741809)
Protection zone: [0x00001e0000000000 - 0x00001e0000010000), (65536 bytes)


Internal statistics:

num_allocs_failed_limit: 0.
num_arena_births: 174.
num_arena_deaths: 0.
num_vsnodes_births: 2.
num_vsnodes_deaths: 0.
num_space_committed: 323.
num_space_uncommitted: 0.
num_chunks_returned_to_freelist: 0.
num_chunks_taken_from_freelist: 309.
num_chunk_merges: 0.
num_chunk_splits: 175.
num_chunks_enlarged: 107.
num_inconsistent_stats: 0.

CodeHeap 'non-profiled nmethods': size=120032Kb used=652Kb max_used=652Kb free=119379Kb
 bounds [0x000000030facc000, 0x000000030fd3c000, 0x0000000317004000]
CodeHeap 'profiled nmethods': size=120032Kb used=2947Kb max_used=2947Kb free=117084Kb
 bounds [0x0000000308000000, 0x00000003082f0000, 0x000000030f538000]
CodeHeap 'non-nmethods': size=5712Kb used=1501Kb max_used=1567Kb free=4210Kb
 bounds [0x000000030f538000, 0x000000030f7a8000, 0x000000030facc000]
CodeCache: size=245776Kb, used=5100Kb, max_used=5166Kb, free=240673Kb
 total_blobs=2916, nmethods=2172, adapters=652, full_count=0
Compilation: enabled, stopped_count=0, restarted_count=0

Compilation events (20 events):
Event: 1695.984 Thread 0x000000013c4f8c00 2169   !   4       java.util.concurrent.locks.AbstractQueuedSynchronizer::acquire (448 bytes)
Event: 1696.075 Thread 0x000000013c4f8c00 nmethod 2169 0x000000030fb6da88 code [0x000000030fb6db80, 0x000000030fb6e9e0]
Event: 1708.720 Thread 0x000000013c483000 2170       3       javax.swing.Timer::post (27 bytes)
Event: 1708.720 Thread 0x000000013c4f8c00 2171       4       java.util.concurrent.atomic.AtomicBoolean::compareAndSet (26 bytes)
Event: 1708.729 Thread 0x000000013c4f8c00 nmethod 2171 0x000000030fb6ea08 code [0x000000030fb6eb00, 0x000000030fb6ebf0]
Event: 1708.729 Thread 0x000000013c4f8c00 2172       4       java.lang.invoke.VarHandleGuards::guard_LII_Z (86 bytes)
Event: 1708.730 Thread 0x000000013c483000 nmethod 2170 0x00000003082df148 code [0x00000003082df240, 0x00000003082dfd00]
Event: 1708.738 Thread 0x000000013c4f8c00 nmethod 2172 0x000000030fb6ec08 code [0x000000030fb6ed00, 0x000000030fb6efe8]
Event: 1769.997 Thread 0x000000013c483000 2173       3       java.io.BufferedWriter::newLine (8 bytes)
Event: 1770.018 Thread 0x000000013c483000 nmethod 2173 0x00000003082dfd48 code [0x00000003082dfe40, 0x00000003082e0300]
Event: 1770.049 Thread 0x000000013c4f8c00 2174       4       java.lang.Thread::isVirtual (5 bytes)
Event: 1770.051 Thread 0x000000013c483000 2175       3       sun.util.calendar.CalendarUtils::isGregorianLeapYear (40 bytes)
Event: 1770.051 Thread 0x000000013c483000 nmethod 2175 0x00000003082e0348 code [0x00000003082e0440, 0x00000003082e0650]
Event: 1770.066 Thread 0x000000013c4f8c00 nmethod 2174 0x000000030fb6f008 code [0x000000030fb6f100, 0x000000030fb6f1b8]
Event: 1776.490 Thread 0x000000013c483000 2177       3       jdk.internal.util.DecimalDigits::uncheckedGetCharsLatin1 (105 bytes)
Event: 1776.492 Thread 0x000000013c483000 nmethod 2177 0x00000003082e0688 code [0x00000003082e0780, 0x00000003082e0b90]
Event: 1776.492 Thread 0x000000013c483000 2176       3       jdk.internal.util.DecimalDigits::uncheckedPutPairLatin1 (31 bytes)
Event: 1776.493 Thread 0x000000013c483000 nmethod 2176 0x00000003082e0bc8 code [0x00000003082e0cc0, 0x00000003082e0e80]
Event: 1795.480 Thread 0x000000013c4f8c00 2178       4       java.util.concurrent.ScheduledThreadPoolExecutor::canRunInCurrentRunState (61 bytes)
Event: 1795.490 Thread 0x000000013c4f8c00 nmethod 2178 0x000000030fb6f1c8 code [0x000000030fb6f2c0, 0x000000030fb6f3a0]

GC Heap Usage History (4 events):
Event: 850.683 {heap Before GC invocations=0 (full 0):
 garbage-first heap   total reserved 4194304K, committed 262144K, used 47104K [0x0000000700000000, 0x0000000800000000)
  region size 2048K, 24 young (49152K), 0 survivors (0K)
}
Event: 850.776 {heap After GC invocations=1 (full 0):
 garbage-first heap   total reserved 4194304K, committed 262144K, used 7477K [0x0000000700000000, 0x0000000800000000)
  region size 2048K, 3 young (6144K), 3 survivors (6144K)
}
Event: 1144.621 {heap Before GC invocations=1 (full 0):
 garbage-first heap   total reserved 4194304K, committed 262144K, used 42293K [0x0000000700000000, 0x0000000800000000)
  region size 2048K, 21 young (43008K), 3 survivors (6144K)
}
Event: 1144.638 {heap After GC invocations=2 (full 0):
 garbage-first heap   total reserved 4194304K, committed 262144K, used 12305K [0x0000000700000000, 0x0000000800000000)
  region size 2048K, 3 young (6144K), 3 survivors (6144K)
}

Metaspace Usage History (4 events):
Event: 850.683 {metaspace Before GC invocations=0 (full 0):
 Metaspace       used 20397K, committed 20672K, reserved 1114112K
  class space    used 2388K, committed 2496K, reserved 1048576K
}
Event: 850.776 {metaspace After GC invocations=1 (full 0):
 Metaspace       used 20397K, committed 20672K, reserved 1114112K
  class space    used 2388K, committed 2496K, reserved 1048576K
}
Event: 1144.622 {metaspace Before GC invocations=1 (full 0):
 Metaspace       used 20411K, committed 20672K, reserved 1114112K
  class space    used 2388K, committed 2496K, reserved 1048576K
}
Event: 1144.638 {metaspace After GC invocations=2 (full 0):
 Metaspace       used 20411K, committed 20672K, reserved 1114112K
  class space    used 2388K, committed 2496K, reserved 1048576K
}

Dll operation events (11 events):
Event: 0.013 Loaded shared library /Users/jonathankawchuk/Library/Application Support/REAPER/UserPlugins/java-runtime/lib/libjava.dylib
Event: 0.114 Loaded shared library /Users/jonathankawchuk/Library/Application Support/REAPER/UserPlugins/java-runtime/lib/libnio.dylib
Event: 0.126 Loaded shared library /Users/jonathankawchuk/Library/Application Support/REAPER/UserPlugins/java-runtime/lib/libzip.dylib
Event: 0.175 Loaded shared library /Users/jonathankawchuk/Library/Application Support/REAPER/UserPlugins/java-runtime/lib/libverify.dylib
Event: 0.225 Loaded shared library /Users/jonathankawchuk/Library/Application Support/REAPER/UserPlugins/java-runtime/lib/libjimage.dylib
Event: 0.232 Loaded shared library /Users/jonathankawchuk/Library/Application Support/REAPER/UserPlugins/java-runtime/lib/libawt.dylib
Event: 0.253 Loaded shared library /Users/jonathankawchuk/Library/Application Support/REAPER/UserPlugins/java-runtime/lib/libawt_lwawt.dylib
Event: 0.264 Loaded shared library /Users/jonathankawchuk/Library/Application Support/REAPER/UserPlugins/java-runtime/lib/libfontmanager.dylib
Event: 1.921 Loaded shared library /Users/jonathankawchuk/Library/Application Support/REAPER/UserPlugins/java-runtime/lib/libnet.dylib
Event: 2.117 Loaded shared library /private/var/folders/6g/_dyszwd54rd36jmvjmmd4htw0000gn/T/usb4java17536947026504673535.tmp/libusb4java.dylib
Event: 2.164 Loaded shared library /Users/jonathankawchuk/Library/Application Support/REAPER/UserPlugins/java-runtime/lib/libosxui.dylib

Deoptimization events (20 events):
Event: 1138.109 Thread 0x000000013c50ba00 Uncommon trap: trap_request=0xffffff45 fr.pc=0x000000030fb49418 relative=0x00000000000001d8
Event: 1138.109 Thread 0x000000013c50ba00 Uncommon trap: reason=unstable_if action=reinterpret pc=0x000000030fb49418 method=java.awt.EventQueue.getNextEventPrivate()Ljava/awt/AWTEvent; @ 45 c2
Event: 1138.109 Thread 0x000000013c50ba00 DEOPT PACKING pc=0x000000030fb49418 sp=0x0000000323a92710
Event: 1138.109 Thread 0x000000013c50ba00 DEOPT UNPACKING pc=0x000000030f64951c sp=0x0000000323a92690 mode 2
Event: 1210.899 Thread 0x000000013c50ba00 Uncommon trap: trap_request=0xffffff45 fr.pc=0x000000030fb6701c relative=0x000000000000079c
Event: 1210.899 Thread 0x000000013c50ba00 Uncommon trap: reason=unstable_if action=reinterpret pc=0x000000030fb6701c method=de.mossgrabers.reaper.MainApp.lambda$updateModel$0(Ljava/lang/String;)V @ 40 c2
Event: 1210.899 Thread 0x000000013c50ba00 DEOPT PACKING pc=0x000000030fb6701c sp=0x0000000323a926a0
Event: 1210.899 Thread 0x000000013c50ba00 DEOPT UNPACKING pc=0x000000030f64951c sp=0x0000000323a92620 mode 2
Event: 1639.373 Thread 0x000000013b757800 Uncommon trap: trap_request=0xffffff45 fr.pc=0x000000030fb47cd8 relative=0x00000000000000d8
Event: 1639.374 Thread 0x000000013b757800 Uncommon trap: reason=unstable_if action=reinterpret pc=0x000000030fb47cd8 method=java.util.concurrent.locks.ReentrantLock$NonfairSync.tryAcquire(I)Z @ 4 c2
Event: 1639.374 Thread 0x000000013b757800 DEOPT PACKING pc=0x000000030fb47cd8 sp=0x000000016f7c0600
Event: 1639.374 Thread 0x000000013b757800 DEOPT UNPACKING pc=0x000000030f64951c sp=0x000000016f7c0580 mode 2
Event: 1639.375 Thread 0x000000013b757800 Uncommon trap: trap_request=0xffffff45 fr.pc=0x000000030fb65f4c relative=0x000000000000064c
Event: 1639.375 Thread 0x000000013b757800 Uncommon trap: reason=unstable_if action=reinterpret pc=0x000000030fb65f4c method=java.util.concurrent.locks.AbstractQueuedSynchronizer.acquire(Ljava/util/concurrent/locks/AbstractQueuedSynchronizer$Node;IZZZJ)I @ 26 c2
Event: 1639.375 Thread 0x000000013b757800 DEOPT PACKING pc=0x000000030fb65f4c sp=0x000000016f7c05a0
Event: 1639.375 Thread 0x000000013b757800 DEOPT UNPACKING pc=0x000000030f64951c sp=0x000000016f7c04f0 mode 2
Event: 1704.071 Thread 0x000000032680f200 Uncommon trap: trap_request=0xffffff45 fr.pc=0x000000030fb612c4 relative=0x00000000000000c4
Event: 1704.141 Thread 0x000000032680f200 Uncommon trap: reason=unstable_if action=reinterpret pc=0x000000030fb612c4 method=javax.swing.Timer.post()V @ 9 c2
Event: 1704.145 Thread 0x000000032680f200 DEOPT PACKING pc=0x000000030fb612c4 sp=0x0000000323d2a8a0
Event: 1704.151 Thread 0x000000032680f200 DEOPT UNPACKING pc=0x000000030f64951c sp=0x0000000323d2a840 mode 2

Classes loaded (20 events):
Event: 15.827 Loading class java/util/Properties$EntrySet
Event: 15.827 Loading class java/util/Properties$EntrySet done
Event: 15.827 Loading class java/lang/invoke/InnerClassLambdaMetafactory$SerializationSupport
Event: 15.828 Loading class java/lang/invoke/InnerClassLambdaMetafactory$SerializationSupport done
Event: 15.828 Loading class java/lang/invoke/InnerClassLambdaMetafactory$4
Event: 15.828 Loading class java/lang/invoke/InnerClassLambdaMetafactory$4 done
Event: 15.828 Loading class jdk/internal/classfile/impl/AbstractPoolEntry$StringEntryImpl
Event: 15.828 Loading class java/lang/classfile/constantpool/StringEntry
Event: 15.828 Loading class java/lang/classfile/constantpool/ConstantValueEntry
Event: 15.829 Loading class java/lang/classfile/constantpool/ConstantValueEntry done
Event: 15.829 Loading class java/lang/classfile/constantpool/StringEntry done
Event: 15.829 Loading class jdk/internal/classfile/impl/AbstractPoolEntry$StringEntryImpl done
Event: 15.829 Loading class sun/invoke/util/BytecodeDescriptor
Event: 15.829 Loading class sun/invoke/util/BytecodeDescriptor done
Event: 15.829 Loading class jdk/internal/classfile/impl/AbstractPoolEntry$IntegerEntryImpl
Event: 15.830 Loading class java/lang/classfile/constantpool/IntegerEntry
Event: 15.830 Loading class java/lang/classfile/constantpool/IntegerEntry done
Event: 15.830 Loading class jdk/internal/classfile/impl/AbstractPoolEntry$IntegerEntryImpl done
Event: 1810.865 Loading class jdk/internal/misc/Signal$1
Event: 1810.877 Loading class jdk/internal/misc/Signal$1 done

Classes unloaded (0 events):
No events

Classes redefined (0 events):
No events

Internal exceptions (20 events):
Event: 2.245 Thread 0x000000013b757800 Implicit null exception at 0x000000030faf8c24 to 0x000000030faf8c6c
Event: 2.251 Thread 0x000000013b757800 Exception <a 'java/lang/NoSuchMethodError'{0x000000070e8c2ac0}: 'int java.lang.invoke.Invokers$Holder.invokeExact_MT(java.lang.Object, java.lang.Object)'> (0x000000070e8c2ac0) 
thrown [src/hotspot/share/interpreter/linkResolver.cpp, line 804]
Event: 2.253 Thread 0x000000013b757800 Implicit null exception at 0x000000030fb07620 to 0x000000030fb07a74
Event: 2.253 Thread 0x000000013b757800 Implicit null exception at 0x000000030fae8260 to 0x000000030fae868c
Event: 2.297 Thread 0x000000013b757800 Exception <a 'java/lang/NoSuchMethodError'{0x000000070e972e88}: 'java.lang.Object java.lang.invoke.DirectMethodHandle$Holder.newInvokeSpecial(java.lang.Object, int, java.lang.Object)'> (0x000000070e972e88) 
thrown [src/hotspot/share/interpreter/linkResolver.cpp, line 804]
Event: 3.326 Thread 0x000000013b757800 Exception <a 'java/lang/NoSuchMethodError'{0x000000070e6a0828}: 'void java.lang.invoke.DirectMethodHandle$Holder.invokeSpecial(java.lang.Object, java.lang.Object, int, java.lang.Object)'> (0x000000070e6a0828) 
thrown [src/hotspot/share/interpreter/linkResolver.cpp, line 804]
Event: 3.326 Thread 0x000000013b757800 Exception <a 'java/lang/NoSuchMethodError'{0x000000070e6afb90}: 'java.lang.Object java.lang.invoke.DirectMethodHandle$Holder.newInvokeSpecial(java.lang.Object, java.lang.Object, int)'> (0x000000070e6afb90) 
thrown [src/hotspot/share/interpreter/linkResolver.cpp, line 804]
Event: 3.346 Thread 0x000000013b757800 Exception <a 'java/lang/NoSuchMethodError'{0x000000070e7fdd68}: 'void java.lang.invoke.Invokers$Holder.invokeExact_MT(java.lang.Object, java.lang.Object, java.lang.Object, java.lang.Object)'> (0x000000070e7fdd68) 
thrown [src/hotspot/share/interpreter/linkResolver.cpp, line 804]
Event: 3.349 Thread 0x000000013b757800 Exception <a 'java/lang/NoSuchMethodError'{0x000000070e417f40}: 'java.lang.Object java.lang.invoke.DirectMethodHandle$Holder.newInvokeSpecial(java.lang.Object, java.lang.Object, java.lang.Object, int, java.lang.Object)'> (0x000000070e417f40) 
thrown [src/hotspot/share/interpreter/linkResolver.cpp, line 804]
Event: 3.349 Thread 0x000000013b757800 Exception <a 'java/lang/NoSuchMethodError'{0x000000070e4287a8}: 'java.lang.Object java.lang.invoke.Invokers$Holder.linkToTargetMethod(java.lang.Object, java.lang.Object, int, java.lang.Object, java.lang.Object)'> (0x000000070e4287a8) 
thrown [src/hotspot/share/interpreter/linkResolver.cpp, line 804]
Event: 3.356 Thread 0x000000013b757800 Exception <a 'java/lang/NoSuchMethodError'{0x000000070e431130}: 'void java.lang.invoke.DirectMethodHandle$Holder.invokeStatic(java.lang.Object, int, long)'> (0x000000070e431130) 
thrown [src/hotspot/share/interpreter/linkResolver.cpp, line 804]
Event: 3.364 Thread 0x000000013b757800 Exception <a 'java/lang/NoSuchMethodError'{0x000000070e47dba0}: 'java.lang.Object java.lang.invoke.Invokers$Holder.linkToTargetMethod(int, int, int, int, java.lang.Object)'> (0x000000070e47dba0) 
thrown [src/hotspot/share/interpreter/linkResolver.cpp, line 804]
Event: 3.364 Thread 0x000000013b757800 Exception <a 'java/lang/NoSuchMethodError'{0x000000070e485e70}: 'void java.lang.invoke.DirectMethodHandle$Holder.invokeStatic(java.lang.Object, java.lang.Object, long)'> (0x000000070e485e70) 
thrown [src/hotspot/share/interpreter/linkResolver.cpp, line 804]
Event: 3.434 Thread 0x000000013b757800 Exception <a 'java/lang/NoSuchMethodError'{0x000000070e5eccd8}: 'java.lang.Object java.lang.invoke.DirectMethodHandle$Holder.newInvokeSpecial(java.lang.Object, java.lang.Object, int, int)'> (0x000000070e5eccd8) 
thrown [src/hotspot/share/interpreter/linkResolver.cpp, line 804]
Event: 3.451 Thread 0x000000013b757800 Exception <a 'java/lang/NoSuchMethodError'{0x000000070e290c28}: 'void java.lang.invoke.DirectMethodHandle$Holder.invokeStatic(java.lang.Object, java.lang.Object, java.lang.Object, java.lang.Object)'> (0x000000070e290c28) 
thrown [src/hotspot/share/interpreter/linkResolver.cpp, line 804]
Event: 3.471 Thread 0x000000013b757800 Exception <a 'java/lang/NoSuchMethodError'{0x000000070e3620a8}: 'void java.lang.invoke.DirectMethodHandle$Holder.invokeStatic(java.lang.Object, long, long)'> (0x000000070e3620a8) 
thrown [src/hotspot/share/interpreter/linkResolver.cpp, line 804]
Event: 3.472 Thread 0x000000013b757800 Exception <a 'java/lang/NoSuchMethodError'{0x000000070e370f60}: 'java.lang.Object java.lang.invoke.DirectMethodHandle$Holder.newInvokeSpecial(java.lang.Object, long)'> (0x000000070e370f60) 
thrown [src/hotspot/share/interpreter/linkResolver.cpp, line 804]
Event: 3.479 Thread 0x000000013b757800 Exception <a 'java/lang/NoSuchMethodError'{0x000000070e39fcb0}: 'void java.lang.invoke.DirectMethodHandle$Holder.invokeVirtual(java.lang.Object, java.lang.Object)'> (0x000000070e39fcb0) 
thrown [src/hotspot/share/interpreter/linkResolver.cpp, line 804]
Event: 3.481 Thread 0x000000013c50ba00 Exception <a 'java/lang/NoSuchMethodError'{0x000000070ed01030}: 'void java.lang.invoke.DirectMethodHandle$Holder.invokeStatic(java.lang.Object, long)'> (0x000000070ed01030) 
thrown [src/hotspot/share/interpreter/linkResolver.cpp, line 804]
Event: 3.490 Thread 0x000000013c50ba00 Exception <a 'java/lang/NoSuchMethodError'{0x000000070ed717b8}: 'void java.lang.invoke.DirectMethodHandle$Holder.invokeSpecial(java.lang.Object, java.lang.Object, java.lang.Object, java.lang.Object, java.lang.Object)'> (0x000000070ed717b8) 
thrown [src/hotspot/share/interpreter/linkResolver.cpp, line 804]

VM Operations (20 events):
Event: 2.192 Executing non-safepoint VM operation: HandshakeAllThreads (Deoptimize) done
Event: 3.426 Executing non-safepoint VM operation: HandshakeAllThreads (Deoptimize)
Event: 3.426 Executing non-safepoint VM operation: HandshakeAllThreads (Deoptimize) done
Event: 3.440 Executing non-safepoint VM operation: HandshakeAllThreads (Deoptimize)
Event: 3.440 Executing non-safepoint VM operation: HandshakeAllThreads (Deoptimize) done
Event: 3.470 Executing non-safepoint VM operation: HandshakeAllThreads (Deoptimize)
Event: 3.470 Executing non-safepoint VM operation: HandshakeAllThreads (Deoptimize) done
Event: 3.475 Executing non-safepoint VM operation: HandshakeAllThreads (Deoptimize)
Event: 3.475 Executing non-safepoint VM operation: HandshakeAllThreads (Deoptimize) done
Event: 15.829 Executing non-safepoint VM operation: HandshakeAllThreads (Deoptimize)
Event: 15.829 Executing non-safepoint VM operation: HandshakeAllThreads (Deoptimize) done
Event: 60.147 Executing non-safepoint VM operation: HandshakeAllThreads (HandshakeForDeflation)
Event: 60.148 Executing non-safepoint VM operation: HandshakeAllThreads (HandshakeForDeflation) done
Event: 60.148 Executing non-safepoint VM operation: RendezvousGCThreads
Event: 60.148 Executing non-safepoint VM operation: RendezvousGCThreads done
Event: 850.680 Executing safepoint VM operation: G1CollectForAllocation (G1 Evacuation Pause)
Event: 850.777 Executing safepoint VM operation: G1CollectForAllocation (G1 Evacuation Pause) done
Event: 1144.620 Executing safepoint VM operation: G1CollectForAllocation (G1 Evacuation Pause)
Event: 1144.638 Executing safepoint VM operation: G1CollectForAllocation (G1 Evacuation Pause) done
Event: 1810.899 Executing safepoint VM operation: Exit

Memory protections (20 events):
Event: 1.835 Protecting memory [0x0000000323c1c000,0x0000000323c28000] with protection modes 3
Event: 1.835 Protecting memory [0x000000031dc50000,0x000000031dc5c000] with protection modes 3
Event: 1.844 Protecting memory [0x000000031dc50000,0x000000031dc5c000] with protection modes 0
Event: 1.845 Protecting memory [0x0000000323890000,0x000000032389c000] with protection modes 0
Event: 2.125 Protecting memory [0x0000000323b28000,0x0000000323b34000] with protection modes 0
Event: 2.125 Protecting memory [0x0000000323890000,0x000000032389c000] with protection modes 3
Event: 2.125 Protecting memory [0x000000031dc50000,0x000000031dc5c000] with protection modes 3
Event: 2.160 Protecting memory [0x000000031dc50000,0x000000031dc5c000] with protection modes 0
Event: 2.160 Protecting memory [0x0000000323890000,0x000000032389c000] with protection modes 0
Event: 2.182 Protecting memory [0x0000000329458000,0x0000000329464000] with protection modes 0
Event: 2.188 Protecting memory [0x0000000329664000,0x0000000329670000] with protection modes 0
Event: 3.334 Protecting memory [0x0000000370718000,0x0000000370724000] with protection modes 0
Event: 3.391 Protecting memory [0x0000000370924000,0x0000000370930000] with protection modes 0
Event: 3.391 Protecting memory [0x0000000370b30000,0x0000000370b3c000] with protection modes 0
Event: 3.475 Protecting memory [0x0000000370d3c000,0x0000000370d48000] with protection modes 0
Event: 3.642 Protecting memory [0x0000000370b30000,0x0000000370b3c000] with protection modes 3
Event: 3.642 Protecting memory [0x0000000370924000,0x0000000370930000] with protection modes 3
Event: 8.470 Protecting memory [0x0000000370718000,0x0000000370724000] with protection modes 3
Event: 1810.883 Protecting memory [0x000000032af00000,0x000000032af0c000] with protection modes 0
Event: 1810.898 Protecting memory [0x0000000177c08000,0x0000000177c14000] with protection modes 3

Nmethod flushes (0 events):
No events

Events (20 events):
Event: 1.836 Thread 0x0000000121825400 Thread exited: 0x0000000121825400
Event: 1.844 Thread 0x000000013c483000 Thread added: 0x0000000121825400
Event: 1.844 Thread 0x000000013c483000 Thread added: 0x000000013c50ba00
Event: 2.125 Thread 0x000000013b757800 Thread added: 0x000000032680f200
Event: 2.125 Thread 0x000000013c50ba00 Thread exited: 0x000000013c50ba00
Event: 2.125 Thread 0x0000000121825400 Thread exited: 0x0000000121825400
Event: 2.160 Thread 0x000000032680f200 Thread added: 0x0000000121825400
Event: 2.160 Thread 0x000000032680f200 Thread added: 0x000000013c50ba00
Event: 2.182 Thread 0x000000013b757800 Thread added: 0x0000000326958200
Event: 2.188 Thread 0x000000013b757800 Thread added: 0x000000013c4e4000
Event: 3.334 Thread 0x000000013b757800 Thread added: 0x0000000169d05c00
Event: 3.391 Thread 0x000000013c4f8c00 Thread added: 0x00000003269c8000
Event: 3.391 Thread 0x000000013c4f8c00 Thread added: 0x00000003269d4000
Event: 3.475 Thread 0x000000013b757800 Thread added: 0x0000000326943800
Event: 3.642 Thread 0x00000003269d4000 Thread exited: 0x00000003269d4000
Event: 3.642 Thread 0x00000003269c8000 Thread exited: 0x00000003269c8000
Event: 8.470 Thread 0x0000000169d05c00 Thread exited: 0x0000000169d05c00
Event: 1810.883 Thread 0x0000000169cd5600 Thread added: 0x00000003fcc72400
Event: 1810.896 Thread 0x00000003fcc72400 Before exit entered
Event: 1810.898 Thread 0x0000000169cd5600 Thread exited: 0x0000000169cd5600


Dynamic libraries:
0x00000001af8a8000 	/System/Library/Frameworks/Cocoa.framework/Versions/A/Cocoa
0x000000019705a000 	/System/Library/Frameworks/AppKit.framework/Versions/C/AppKit
0x000000019a34a000 	/System/Library/Frameworks/CoreData.framework/Versions/A/CoreData
0x00000001946eb000 	/System/Library/Frameworks/Foundation.framework/Versions/C/Foundation
0x00000001a12e8000 	/usr/lib/libSystem.B.dylib
0x00000001984eb000 	/System/Library/PrivateFrameworks/UIFoundation.framework/Versions/A/UIFoundation
0x0000000241096000 	/System/Library/PrivateFrameworks/CollectionViewCore.framework/Versions/A/CollectionViewCore
0x000000019ee6c000 	/System/Library/PrivateFrameworks/XCTTargetBootstrap.framework/Versions/A/XCTTargetBootstrap
0x00000001a3ae2000 	/System/Library/PrivateFrameworks/InternationalSupport.framework/Versions/A/InternationalSupport
0x00000001a3e39000 	/System/Library/PrivateFrameworks/UserActivity.framework/Versions/A/UserActivity
0x000000026fa1e000 	/System/Library/PrivateFrameworks/UIIntelligenceSupport.framework/Versions/A/UIIntelligenceSupport
0x00000001f9ba8000 	/System/Library/Frameworks/SwiftUICore.framework/Versions/A/SwiftUICore
0x0000000274aa4000 	/System/Library/PrivateFrameworks/WritingTools.framework/Versions/A/WritingTools
0x0000000273ae8000 	/System/Library/PrivateFrameworks/WindowManagement.framework/Versions/A/WindowManagement
0x000000019434e000 	/System/Library/Frameworks/SystemConfiguration.framework/Versions/A/SystemConfiguration
0x00000001a2f17000 	/usr/lib/libspindump.dylib
0x000000019869d000 	/System/Library/Frameworks/UniformTypeIdentifiers.framework/Versions/A/UniformTypeIdentifiers
0x00000001a06d3000 	/usr/lib/libbsm.0.dylib
0x000000019c8ed000 	/usr/lib/libapp_launch_measurement.dylib
0x000000019bc96000 	/System/Library/PrivateFrameworks/CoreAnalytics.framework/Versions/A/CoreAnalytics
0x000000019c8f1000 	/System/Library/PrivateFrameworks/CoreAutoLayout.framework/Versions/A/CoreAutoLayout
0x000000019e486000 	/System/Library/Frameworks/Metal.framework/Versions/A/Metal
0x000000019f6af000 	/usr/lib/liblangid.dylib
0x000000019ee72000 	/System/Library/PrivateFrameworks/CoreSVG.framework/Versions/A/CoreSVG
0x00000001990c2000 	/System/Library/PrivateFrameworks/SkyLight.framework/Versions/A/SkyLight
0x00000001995e9000 	/System/Library/Frameworks/CoreGraphics.framework/Versions/A/CoreGraphics
0x00000001a8fb9000 	/System/Library/Frameworks/Accelerate.framework/Versions/A/Accelerate
0x00000001a2d5a000 	/System/Library/PrivateFrameworks/IconServices.framework/Versions/A/IconServices
0x000000019e463000 	/System/Library/Frameworks/IOSurface.framework/Versions/A/IOSurface
0x000000019bcc7000 	/usr/lib/libDiagnosticMessagesClient.dylib
0x00000001a1232000 	/usr/lib/libz.1.dylib
0x00000001acece000 	/System/Library/Frameworks/ApplicationServices.framework/Versions/A/ApplicationServices
0x000000019ee57000 	/System/Library/PrivateFrameworks/DFRFoundation.framework/Versions/A/DFRFoundation
0x00000001968bf000 	/usr/lib/libicucore.A.dylib
0x00000001a4ec2000 	/System/Library/Frameworks/AudioToolbox.framework/Versions/A/AudioToolbox
0x00000001a3dea000 	/System/Library/PrivateFrameworks/DataDetectorsCore.framework/Versions/A/DataDetectorsCore
0x00000001bf955000 	/System/Library/PrivateFrameworks/TextInput.framework/Versions/A/TextInput
0x000000019900d000 	/usr/lib/libMobileGestalt.dylib
0x000000019eb50000 	/System/Library/Frameworks/Carbon.framework/Versions/A/Frameworks/HIToolbox.framework/Versions/A/HIToolbox
0x000000019c1ce000 	/System/Library/Frameworks/QuartzCore.framework/Versions/A/QuartzCore
0x00000001964ba000 	/System/Library/Frameworks/Security.framework/Versions/A/Security
0x00000001a8916000 	/System/Library/Frameworks/Carbon.framework/Versions/A/Frameworks/SpeechRecognition.framework/Versions/A/SpeechRecognition
0x000000019c5f4000 	/System/Library/PrivateFrameworks/CoreUI.framework/Versions/A/CoreUI
0x0000000195d88000 	/System/Library/Frameworks/CoreAudio.framework/Versions/A/CoreAudio
0x000000019bdb5000 	/System/Library/Frameworks/DiskArbitration.framework/Versions/A/DiskArbitration
0x00000001a3380000 	/System/Library/PrivateFrameworks/MultitouchSupport.framework/Versions/A/MultitouchSupport
0x000000019900b000 	/usr/lib/libenergytrace.dylib
0x00000001b3ef9000 	/System/Library/PrivateFrameworks/RenderBox.framework/Versions/A/RenderBox
0x0000000196f0a000 	/System/Library/Frameworks/IOKit.framework/Versions/A/IOKit
0x00000001a8d0d000 	/System/Library/Frameworks/CoreServices.framework/Versions/A/CoreServices
0x000000019c87e000 	/System/Library/PrivateFrameworks/PerformanceAnalysis.framework/Versions/A/PerformanceAnalysis
0x00000001f3569000 	/System/Library/Frameworks/OpenGL.framework/Versions/A/OpenGL
0x000000019c93b000 	/usr/lib/libxml2.2.dylib
0x00000001a05b7000 	/System/Library/PrivateFrameworks/MobileKeyBag.framework/Versions/A/MobileKeyBag
0x0000000192c90000 	/usr/lib/libobjc.A.dylib
0x0000000192f9e000 	/usr/lib/libc++.1.dylib
0x00000001a8c8e000 	/System/Library/Frameworks/Accessibility.framework/Versions/A/Accessibility
0x0000000199d1a000 	/System/Library/Frameworks/ColorSync.framework/Versions/A/ColorSync
0x00000001930fa000 	/System/Library/Frameworks/CoreFoundation.framework/Versions/A/CoreFoundation
0x000000019f231000 	/System/Library/Frameworks/CoreImage.framework/Versions/A/CoreImage
0x0000000195b69000 	/System/Library/Frameworks/CoreText.framework/Versions/A/CoreText
0x00000001f4ab5000 	/System/Library/Frameworks/CoreTransferable.framework/Versions/A/CoreTransferable
0x00000001f503a000 	/System/Library/Frameworks/DataDetection.framework/Versions/A/DataDetection
0x00000001f503d000 	/System/Library/Frameworks/DeveloperToolsSupport.framework/Versions/A/DeveloperToolsSupport
0x000000019eead000 	/System/Library/Frameworks/ImageIO.framework/Versions/A/ImageIO
0x00000001fa76b000 	/System/Library/Frameworks/Symbols.framework/Versions/A/Symbols
0x00000001e6d16000 	/System/Library/PrivateFrameworks/FeatureFlags.framework/Versions/A/FeatureFlags
0x00000001a12ed000 	/System/Library/PrivateFrameworks/SoftLinking.framework/Versions/A/SoftLinking
0x00000001d25cf000 	/usr/lib/swift/libswiftAccelerate.dylib
0x00000001a4857000 	/usr/lib/swift/libswiftCore.dylib
0x00000001bbff8000 	/usr/lib/swift/libswiftCoreFoundation.dylib
0x00000001bc052000 	/usr/lib/swift/libswiftCoreImage.dylib
0x00000001b9361000 	/usr/lib/swift/libswiftDarwin.dylib
0x000000027b6c1000 	/usr/lib/swift/libswiftDataDetection.dylib
0x00000001aa806000 	/usr/lib/swift/libswiftDispatch.dylib
0x00000001bc053000 	/usr/lib/swift/libswiftIOKit.dylib
0x00000001c8bc3000 	/usr/lib/swift/libswiftMetal.dylib
0x00000001d7b68000 	/usr/lib/swift/libswiftOSLog.dylib
0x00000001ad488000 	/usr/lib/swift/libswiftObjectiveC.dylib
0x000000027b6ee000 	/usr/lib/swift/libswiftObservation.dylib
0x00000001cdf65000 	/usr/lib/swift/libswiftQuartzCore.dylib
0x00000001d25c0000 	/usr/lib/swift/libswiftUniformTypeIdentifiers.dylib
0x00000001bc00a000 	/usr/lib/swift/libswiftXPC.dylib
0x000000027b7d4000 	/usr/lib/swift/libswift_Builtin_float.dylib
0x000000027b7d7000 	/usr/lib/swift/libswift_Concurrency.dylib
0x000000027b936000 	/usr/lib/swift/libswift_StringProcessing.dylib
0x000000027b9c9000 	/usr/lib/swift/libswift_errno.dylib
0x000000027b9cb000 	/usr/lib/swift/libswift_math.dylib
0x000000027b9ce000 	/usr/lib/swift/libswift_signal.dylib
0x000000027b9cf000 	/usr/lib/swift/libswift_stdio.dylib
0x000000027b9d0000 	/usr/lib/swift/libswift_time.dylib
0x00000001ad48c000 	/usr/lib/swift/libswiftos.dylib
0x00000001bf8ac000 	/usr/lib/swift/libswiftsimd.dylib
0x000000027b9d1000 	/usr/lib/swift/libswiftsys_time.dylib
0x000000027b9d2000 	/usr/lib/swift/libswiftunistd.dylib
0x00000001a1516000 	/usr/lib/libcompression.dylib
0x00000001a3a42000 	/System/Library/PrivateFrameworks/TextureIO.framework/Versions/A/TextureIO
0x00000001a29f9000 	/usr/lib/libate.dylib
0x00000001a12e2000 	/usr/lib/system/libcache.dylib
0x00000001a129d000 	/usr/lib/system/libcommonCrypto.dylib
0x00000001a12c8000 	/usr/lib/system/libcompiler_rt.dylib
0x00000001a12bd000 	/usr/lib/system/libcopyfile.dylib
0x0000000192deb000 	/usr/lib/system/libcorecrypto.dylib
0x0000000192ed2000 	/usr/lib/system/libdispatch.dylib
0x0000000193092000 	/usr/lib/system/libdyld.dylib
0x00000001a12d8000 	/usr/lib/system/libkeymgr.dylib
0x00000001a1280000 	/usr/lib/system/libmacho.dylib
0x00000001a06ac000 	/usr/lib/system/libquarantine.dylib
0x00000001a12d5000 	/usr/lib/system/libremovefile.dylib
0x0000000199087000 	/usr/lib/system/libsystem_asl.dylib
0x0000000192d80000 	/usr/lib/system/libsystem_blocks.dylib
0x0000000192f1c000 	/usr/lib/system/libsystem_c.dylib
0x00000001a12cc000 	/usr/lib/system/libsystem_collections.dylib
0x000000019f69c000 	/usr/lib/system/libsystem_configuration.dylib
0x000000019e432000 	/usr/lib/system/libsystem_containermanager.dylib
0x00000001a0dc2000 	/usr/lib/system/libsystem_coreservices.dylib
0x0000000196b8b000 	/usr/lib/system/libsystem_darwin.dylib
0x000000027bb09000 	/usr/lib/system/libsystem_darwindirectory.dylib
0x00000001a12d9000 	/usr/lib/system/libsystem_dnssd.dylib
0x000000027bb0d000 	/usr/lib/system/libsystem_eligibility.dylib
0x0000000192f19000 	/usr/lib/system/libsystem_featureflags.dylib
0x00000001930ca000 	/usr/lib/system/libsystem_info.dylib
0x00000001a1241000 	/usr/lib/system/libsystem_m.dylib
0x0000000192e8a000 	/usr/lib/system/libsystem_malloc.dylib
0x0000000198ff0000 	/usr/lib/system/libsystem_networkextension.dylib
0x0000000196fed000 	/usr/lib/system/libsystem_notify.dylib
0x000000019f6a1000 	/usr/lib/system/libsystem_sandbox.dylib
0x000000027bb15000 	/usr/lib/system/libsystem_sanitizers.dylib
0x00000001a12d1000 	/usr/lib/system/libsystem_secinit.dylib
0x0000000193049000 	/usr/lib/system/libsystem_kernel.dylib
0x00000001930c2000 	/usr/lib/system/libsystem_platform.dylib
0x0000000193085000 	/usr/lib/system/libsystem_pthread.dylib
0x000000019abe4000 	/usr/lib/system/libsystem_symptoms.dylib
0x0000000192dcf000 	/usr/lib/system/libsystem_trace.dylib
0x00000001a12ab000 	/usr/lib/system/libunwind.dylib
0x0000000192d84000 	/usr/lib/system/libxpc.dylib
0x000000019302b000 	/usr/lib/libc++abi.dylib
0x000000027a6de000 	/usr/lib/libRosetta.dylib
0x0000000196e89000 	/System/Library/PrivateFrameworks/CoreServicesInternal.framework/Versions/A/CoreServicesInternal
0x00000001a12b5000 	/usr/lib/liboah.dylib
0x00000001a12ea000 	/usr/lib/libfakelink.dylib
0x00000001ac981000 	/System/Library/PrivateFrameworks/DiskImages.framework/Versions/A/DiskImages
0x00000001b8e8a000 	/System/Library/Frameworks/NetFS.framework/Versions/A/NetFS
0x0000000198c26000 	/System/Library/Frameworks/CFNetwork.framework/Versions/A/CFNetwork
0x000000019c8b5000 	/System/Library/Frameworks/CoreServices.framework/Versions/A/Frameworks/FSEvents.framework/Versions/A/FSEvents
0x0000000196b96000 	/System/Library/Frameworks/CoreServices.framework/Versions/A/Frameworks/CarbonCore.framework/Versions/A/CarbonCore
0x000000019bd2a000 	/System/Library/Frameworks/CoreServices.framework/Versions/A/Frameworks/Metadata.framework/Versions/A/Metadata
0x00000001a0dca000 	/System/Library/Frameworks/CoreServices.framework/Versions/A/Frameworks/OSServices.framework/Versions/A/OSServices
0x00000001a1437000 	/System/Library/Frameworks/CoreServices.framework/Versions/A/Frameworks/SearchKit.framework/Versions/A/SearchKit
0x000000019ab5f000 	/System/Library/Frameworks/CoreServices.framework/Versions/A/Frameworks/AE.framework/Versions/A/AE
0x0000000193639000 	/System/Library/Frameworks/CoreServices.framework/Versions/A/Frameworks/LaunchServices.framework/Versions/A/LaunchServices
0x00000001a284e000 	/System/Library/Frameworks/CoreServices.framework/Versions/A/Frameworks/DictionaryServices.framework/Versions/A/DictionaryServices
0x000000019c8c3000 	/System/Library/Frameworks/CoreServices.framework/Versions/A/Frameworks/SharedFileList.framework/Versions/A/SharedFileList
0x00000001a14cd000 	/usr/lib/libapple_nghttp2.dylib
0x000000019a7c0000 	/usr/lib/libsqlite3.dylib
0x00000001a5505000 	/System/Library/Frameworks/GSS.framework/Versions/A/GSS
0x000000019aaf6000 	/System/Library/PrivateFrameworks/RunningBoardServices.framework/Versions/A/RunningBoardServices
0x000000019abed000 	/System/Library/Frameworks/Network.framework/Versions/A/Network
0x00000001a1284000 	/usr/lib/system/libkxld.dylib
0x000000023cf21000 	/System/Library/PrivateFrameworks/AppleKeyStore.framework/Versions/A/AppleKeyStore
0x000000027a536000 	/usr/lib/libCoreEntitlements.dylib
0x0000000257f0f000 	/System/Library/PrivateFrameworks/MessageSecurity.framework/Versions/A/MessageSecurity
0x000000019a7a5000 	/System/Library/PrivateFrameworks/ProtocolBuffer.framework/Versions/A/ProtocolBuffer
0x00000001a0da9000 	/System/Library/PrivateFrameworks/AppleFSCompression.framework/Versions/A/AppleFSCompression
0x00000001a06bb000 	/usr/lib/libcoretls.dylib
0x00000001a28c4000 	/usr/lib/libcoretls_cfhelpers.dylib
0x00000001a1510000 	/usr/lib/libpam.2.dylib
0x00000001a2938000 	/usr/lib/libxar.1.dylib
0x00000001a133f000 	/usr/lib/libarchive.2.dylib
0x00000001a6c08000 	/System/Library/Frameworks/Combine.framework/Versions/A/Combine
0x00000002410ba000 	/System/Library/PrivateFrameworks/CollectionsInternal.framework/Versions/A/CollectionsInternal
0x0000000260f6a000 	/System/Library/PrivateFrameworks/ReflectionInternal.framework/Versions/A/ReflectionInternal
0x0000000261c41000 	/System/Library/PrivateFrameworks/RuntimeInternal.framework/Versions/A/RuntimeInternal
0x000000027b765000 	/usr/lib/swift/libswiftSystem.dylib
0x000000019f6aa000 	/System/Library/PrivateFrameworks/AppleSystemInfo.framework/Versions/A/AppleSystemInfo
0x00000001bbee3000 	/System/Library/PrivateFrameworks/LoggingSupport.framework/Versions/A/LoggingSupport
0x00000001a9cc7000 	/System/Library/PrivateFrameworks/PowerLog.framework/Versions/A/PowerLog
0x00000001f9a6d000 	/System/Library/Frameworks/SwiftData.framework/Versions/A/SwiftData
0x000000019cac6000 	/System/Library/PrivateFrameworks/UserManagement.framework/Versions/A/UserManagement
0x0000000198b54000 	/usr/lib/libboringssl.dylib
0x000000019abd3000 	/usr/lib/libdns_services.dylib
0x00000001bb092000 	/usr/lib/libquic.dylib
0x00000001a47e6000 	/usr/lib/libusrtcp.dylib
0x00000001df9dd000 	/System/Library/PrivateFrameworks/InternalSwiftProtobuf.framework/Versions/A/InternalSwiftProtobuf
0x000000027b6c2000 	/usr/lib/swift/libswiftDistributed.dylib
0x000000027b75b000 	/usr/lib/swift/libswiftSynchronization.dylib
0x0000000198c25000 	/usr/lib/libnetwork.dylib
0x00000001ccb99000 	/System/Library/PrivateFrameworks/OSAnalytics.framework/Versions/A/OSAnalytics
0x00000001a14a8000 	/System/Library/PrivateFrameworks/AppleSauce.framework/Versions/A/AppleSauce
0x00000001aaf9c000 	/System/Library/PrivateFrameworks/CoreSymbolication.framework/Versions/A/CoreSymbolication
0x00000001db6a6000 	/System/Library/PrivateFrameworks/Symbolication.framework/Versions/A/Symbolication
0x00000001aaf78000 	/System/Library/PrivateFrameworks/DebugSymbols.framework/Versions/A/DebugSymbols
0x000000027a401000 	/usr/lib/libAppleArchive.dylib
0x00000001a0db5000 	/usr/lib/libbz2.1.0.dylib
0x00000001a28a5000 	/usr/lib/liblzma.5.dylib
0x00000001a03a7000 	/System/Library/PrivateFrameworks/IOMobileFramebuffer.framework/Versions/A/IOMobileFramebuffer
0x00000001bbf6c000 	/System/Library/PrivateFrameworks/MallocStackLogging.framework/Versions/A/MallocStackLogging
0x00000001a2a93000 	/System/Library/PrivateFrameworks/CrashReporterSupport.framework/Versions/A/CrashReporterSupport
0x0000000194145000 	/System/Library/PrivateFrameworks/Lexicon.framework/Versions/A/Lexicon
0x000000025024e000 	/System/Library/PrivateFrameworks/IO80211.framework/Versions/A/IO80211
0x00000001aaa9e000 	/System/Library/PrivateFrameworks/FrontBoardServices.framework/Versions/A/FrontBoardServices
0x00000001a05e3000 	/System/Library/Frameworks/SecurityFoundation.framework/Versions/A/SecurityFoundation
0x00000001a0745000 	/usr/lib/libgermantok.dylib
0x000000019f7ce000 	/System/Library/PrivateFrameworks/LinguisticData.framework/Versions/A/LinguisticData
0x000000019aa11000 	/System/Library/PrivateFrameworks/BaseBoard.framework/Versions/A/BaseBoard
0x00000001aab6b000 	/System/Library/PrivateFrameworks/BoardServices.framework/Versions/A/BoardServices
0x00000001a05d4000 	/System/Library/PrivateFrameworks/AssertionServices.framework/Versions/A/AssertionServices
0x00000001ac7bb000 	/System/Library/PrivateFrameworks/BackBoardServices.framework/Versions/A/BackBoardServices
0x000000019e87d000 	/System/Library/PrivateFrameworks/FontServices.framework/libFontParser.dylib
0x000000019909f000 	/System/Library/PrivateFrameworks/TCC.framework/Versions/A/TCC
0x00000001b01b3000 	/System/Library/PrivateFrameworks/IOSurfaceAccelerator.framework/Versions/A/IOSurfaceAccelerator
0x00000001a337e000 	/System/Library/PrivateFrameworks/WatchdogClient.framework/Versions/A/WatchdogClient
0x0000000195690000 	/System/Library/Frameworks/CoreDisplay.framework/Versions/A/CoreDisplay
0x000000019e721000 	/System/Library/Frameworks/CoreMedia.framework/Versions/A/CoreMedia
0x000000019e47c000 	/System/Library/PrivateFrameworks/IOAccelerator.framework/Versions/A/IOAccelerator
0x000000019ca25000 	/System/Library/Frameworks/CoreVideo.framework/Versions/A/CoreVideo
0x00000001a150e000 	/System/Library/Frameworks/MetalPerformanceShaders.framework/Versions/A/MetalPerformanceShaders
0x00000002602a8000 	/System/Library/PrivateFrameworks/ProDisplayLibrary.framework/Versions/A/ProDisplayLibrary
0x00000001a33c6000 	/System/Library/Frameworks/VideoToolbox.framework/Versions/A/VideoToolbox
0x000000019f6a8000 	/System/Library/PrivateFrameworks/AggregateDictionary.framework/Versions/A/AggregateDictionary
0x00000001a28c6000 	/System/Library/PrivateFrameworks/APFS.framework/Versions/A/APFS
0x00000001a2947000 	/usr/lib/libutil.dylib
0x000000026b1cd000 	/System/Library/PrivateFrameworks/SwiftASN1Internal.framework/Versions/A/SwiftASN1Internal
0x000000019bdbe000 	/System/Library/Frameworks/Accelerate.framework/Versions/A/Frameworks/vImage.framework/Versions/A/vImage
0x00000001a8ce8000 	/System/Library/Frameworks/Accelerate.framework/Versions/A/Frameworks/vecLib.framework/Versions/A/vecLib
0x00000001a297f000 	/System/Library/Frameworks/Accelerate.framework/Versions/A/Frameworks/vecLib.framework/Versions/A/libvMisc.dylib
0x0000000193ab1000 	/System/Library/Frameworks/Accelerate.framework/Versions/A/Frameworks/vecLib.framework/Versions/A/libBLAS.dylib
0x00000001a5112000 	/System/Library/Frameworks/ApplicationServices.framework/Versions/A/Frameworks/ATS.framework/Versions/A/ATS
0x0000000199ed0000 	/System/Library/Frameworks/ApplicationServices.framework/Versions/A/Frameworks/HIServices.framework/Versions/A/HIServices
0x00000001a39cb000 	/System/Library/Frameworks/ApplicationServices.framework/Versions/A/Frameworks/PrintCore.framework/Versions/A/PrintCore
0x00000001a54cf000 	/System/Library/Frameworks/ApplicationServices.framework/Versions/A/Frameworks/QD.framework/Versions/A/QD
0x00000001a54c6000 	/System/Library/Frameworks/ApplicationServices.framework/Versions/A/Frameworks/ColorSyncLegacy.framework/Versions/A/ColorSyncLegacy
0x00000001a50e4000 	/System/Library/Frameworks/ApplicationServices.framework/Versions/A/Frameworks/SpeechSynthesis.framework/Versions/A/SpeechSynthesis
0x00000001a0374000 	/System/Library/PrivateFrameworks/CoreEmoji.framework/Versions/A/CoreEmoji
0x0000000247313000 	/System/Library/PrivateFrameworks/FontServices.framework/Versions/A/FontServices
0x00000001a2ecc000 	/System/Library/PrivateFrameworks/OTSVG.framework/Versions/A/OTSVG
0x000000019c5a2000 	/System/Library/Frameworks/ApplicationServices.framework/Versions/A/Frameworks/ATS.framework/Versions/A/Resources/libFontRegistry.dylib
0x000000027aac3000 	/usr/lib/libhvf.dylib
0x000000025c1ac000 	/System/Library/PrivateFrameworks/ParsingInternal.framework/Versions/A/ParsingInternal
0x000000027b70b000 	/usr/lib/swift/libswiftRegexBuilder.dylib
0x000000027b893000 	/usr/lib/swift/libswift_RegexParser.dylib
0x00000001a3247000 	/System/Library/PrivateFrameworks/AppleJPEG.framework/Versions/A/AppleJPEG
0x00000001a2ce8000 	/usr/lib/libexpat.1.dylib
0x00000001a38a1000 	/System/Library/Frameworks/ImageIO.framework/Versions/A/Resources/libPng.dylib
0x00000001a38cc000 	/System/Library/Frameworks/ImageIO.framework/Versions/A/Resources/libTIFF.dylib
0x00000001a39b6000 	/System/Library/Frameworks/ImageIO.framework/Versions/A/Resources/libGIF.dylib
0x00000001a328d000 	/System/Library/Frameworks/ImageIO.framework/Versions/A/Resources/libJP2.dylib
0x00000001a395d000 	/System/Library/Frameworks/ImageIO.framework/Versions/A/Resources/libJPEG.dylib
0x00000001a3954000 	/System/Library/Frameworks/ImageIO.framework/Versions/A/Resources/libRadiance.dylib
0x000000024bfe2000 	/System/Library/PrivateFrameworks/GPUCompiler.framework/Versions/32023/Libraries/libllvm-flatbuffers.dylib
0x00000002473de000 	/System/Library/PrivateFrameworks/FramePacing.framework/Versions/A/FramePacing
0x00000001f355b000 	/System/Library/Frameworks/OpenGL.framework/Versions/A/Libraries/libCoreFSCache.dylib
0x0000000247f53000 	/System/Library/PrivateFrameworks/GPUCompiler.framework/Versions/32023/Libraries/libGPUCompilerUtils.dylib
0x0000000247314000 	/System/Library/PrivateFrameworks/FontServices.framework/libXTFontStaticRegistryData.dylib
0x00000001ae5cb000 	/System/Library/PrivateFrameworks/ASEProcessing.framework/Versions/A/ASEProcessing
0x000000025f415000 	/System/Library/PrivateFrameworks/PhotosensitivityProcessing.framework/Versions/A/PhotosensitivityProcessing
0x00000001a2ec0000 	/System/Library/PrivateFrameworks/GraphVisualizer.framework/Versions/A/GraphVisualizer
0x00000001f35b9000 	/System/Library/Frameworks/OpenGL.framework/Versions/A/Libraries/libGLU.dylib
0x00000001f357d000 	/System/Library/Frameworks/OpenGL.framework/Versions/A/Libraries/libGFXShared.dylib
0x00000001f3745000 	/System/Library/Frameworks/OpenGL.framework/Versions/A/Libraries/libGL.dylib
0x00000001f3586000 	/System/Library/Frameworks/OpenGL.framework/Versions/A/Libraries/libGLImage.dylib
0x00000001f357a000 	/System/Library/Frameworks/OpenGL.framework/Versions/A/Libraries/libCVMSPluginSupport.dylib
0x00000001f3563000 	/System/Library/Frameworks/OpenGL.framework/Versions/A/Libraries/libCoreVMClient.dylib
0x000000019f5ec000 	/System/Library/Frameworks/MetalPerformanceShaders.framework/Versions/A/Frameworks/MPSCore.framework/Versions/A/MPSCore
0x00000001a0d14000 	/System/Library/Frameworks/MetalPerformanceShaders.framework/Versions/A/Frameworks/MPSImage.framework/Versions/A/MPSImage
0x00000001a075d000 	/System/Library/Frameworks/MetalPerformanceShaders.framework/Versions/A/Frameworks/MPSNeuralNetwork.framework/Versions/A/MPSNeuralNetwork
0x00000001a0b94000 	/System/Library/Frameworks/MetalPerformanceShaders.framework/Versions/A/Frameworks/MPSMatrix.framework/Versions/A/MPSMatrix
0x00000001a09a9000 	/System/Library/Frameworks/MetalPerformanceShaders.framework/Versions/A/Frameworks/MPSRayIntersector.framework/Versions/A/MPSRayIntersector
0x00000001a0bc6000 	/System/Library/Frameworks/MetalPerformanceShaders.framework/Versions/A/Frameworks/MPSNDArray.framework/Versions/A/MPSNDArray
0x00000001f6e5b000 	/System/Library/Frameworks/MetalPerformanceShaders.framework/Versions/A/Frameworks/MPSFunctions.framework/Versions/A/MPSFunctions
0x00000001f6e3d000 	/System/Library/Frameworks/MetalPerformanceShaders.framework/Versions/A/Frameworks/MPSBenchmarkLoop.framework/Versions/A/MPSBenchmarkLoop
0x000000019392c000 	/System/Library/PrivateFrameworks/MetalTools.framework/Versions/A/MetalTools
0x00000001c0c55000 	/System/Library/PrivateFrameworks/IOAccelMemoryInfo.framework/Versions/A/IOAccelMemoryInfo
0x00000001ce35a000 	/System/Library/PrivateFrameworks/kperf.framework/Versions/A/kperf
0x00000001bbfd3000 	/System/Library/PrivateFrameworks/GPURawCounter.framework/Versions/A/GPURawCounter
0x00000001a3988000 	/System/Library/Frameworks/ApplicationServices.framework/Versions/A/Frameworks/ATSUI.framework/Versions/A/ATSUI
0x00000001a545a000 	/usr/lib/libcups.2.dylib
0x00000001a54f4000 	/System/Library/Frameworks/Kerberos.framework/Versions/A/Kerberos
0x00000001a515a000 	/usr/lib/libresolv.9.dylib
0x00000001a1324000 	/usr/lib/libiconv.2.dylib
0x00000001a2f1e000 	/System/Library/PrivateFrameworks/Heimdal.framework/Versions/A/Heimdal
0x00000001ad3df000 	/System/Library/Frameworks/Kerberos.framework/Versions/A/Libraries/libHeimdalProxy.dylib
0x00000001a2d03000 	/usr/lib/libheimdal-asn1.dylib
0x000000019c888000 	/System/Library/Frameworks/OpenDirectory.framework/Versions/A/OpenDirectory
0x00000001a5557000 	/System/Library/PrivateFrameworks/CommonAuth.framework/Versions/A/CommonAuth
0x000000019c896000 	/System/Library/Frameworks/OpenDirectory.framework/Versions/A/Frameworks/CFOpenDirectory.framework/Versions/A/CFOpenDirectory
0x00000001a127f000 	/usr/lib/libcharset.1.dylib
0x00000001f3ae1000 	/System/Library/Frameworks/AVFAudio.framework/Versions/A/AVFAudio
0x00000001b58bf000 	/System/Library/PrivateFrameworks/AXCoreUtilities.framework/Versions/A/AXCoreUtilities
0x0000000253b87000 	/System/Library/PrivateFrameworks/IsolatedCoreAudioClient.framework/Versions/A/IsolatedCoreAudioClient
0x00000001a50cb000 	/usr/lib/libAudioStatistics.dylib
0x000000019e6f9000 	/System/Library/PrivateFrameworks/caulk.framework/Versions/A/caulk
0x00000001957b1000 	/System/Library/PrivateFrameworks/AudioToolboxCore.framework/Versions/A/AudioToolboxCore
0x00000001af6d5000 	/System/Library/Frameworks/CoreMIDI.framework/Versions/A/CoreMIDI
0x00000001a506d000 	/System/Library/PrivateFrameworks/AudioSession.framework/Versions/A/AudioSession
0x00000001a6970000 	/System/Library/Frameworks/IOBluetooth.framework/Versions/A/IOBluetooth
0x00000001a2ded000 	/System/Library/PrivateFrameworks/MediaExperience.framework/Versions/A/MediaExperience
0x000000026dc91000 	/System/Library/PrivateFrameworks/Tightbeam.framework/Versions/A/Tightbeam
0x0000000241b78000 	/System/Library/PrivateFrameworks/CoreAudioOrchestration.framework/Versions/A/CoreAudioOrchestration
0x00000001d2c92000 	/System/Library/PrivateFrameworks/AFKUser.framework/Versions/A/AFKUser
0x00000001bbfd7000 	/usr/lib/swift/libswiftCoreAudio.dylib
0x00000001a2f0d000 	/System/Library/PrivateFrameworks/AppServerSupport.framework/Versions/A/AppServerSupport
0x00000001a54d8000 	/System/Library/PrivateFrameworks/perfdata.framework/Versions/A/perfdata
0x00000001bb18b000 	/System/Library/PrivateFrameworks/SystemPolicy.framework/Versions/A/SystemPolicy
0x00000001a5379000 	/usr/lib/libSMC.dylib
0x00000001a386b000 	/usr/lib/libAudioToolboxUtility.dylib
0x00000001a54e6000 	/usr/lib/libperfcheck.dylib
0x000000023da9f000 	/System/Library/PrivateFrameworks/AudioAnalytics.framework/Versions/A/AudioAnalytics
0x00000001df7a4000 	/System/Library/Frameworks/OSLog.framework/Versions/A/OSLog
0x00000001bbf9e000 	/usr/lib/libmis.dylib
0x00000001a4e7b000 	/System/Library/PrivateFrameworks/AudioSession.framework/libSessionUtility.dylib
0x00000001a39bc000 	/System/Library/PrivateFrameworks/CMCaptureCore.framework/Versions/A/CMCaptureCore
0x00000001f518a000 	/System/Library/Frameworks/ExtensionFoundation.framework/Versions/A/ExtensionFoundation
0x00000001ab0a9000 	/System/Library/PrivateFrameworks/CoreTime.framework/Versions/A/CoreTime
0x00000001a2be7000 	/System/Library/PrivateFrameworks/PlugInKit.framework/Versions/A/PlugInKit
0x00000001a9bd0000 	/System/Library/Frameworks/CoreBluetooth.framework/Versions/A/CoreBluetooth
0x00000001ad3e0000 	/System/Library/Frameworks/AudioUnit.framework/Versions/A/AudioUnit
0x00000001a0438000 	/System/Library/PrivateFrameworks/CoreUtils.framework/Versions/A/CoreUtils
0x0000000244b2b000 	/System/Library/PrivateFrameworks/CoreUtilsExtras.framework/Versions/A/CoreUtilsExtras
0x00000001a9009000 	/System/Library/Frameworks/MediaAccessibility.framework/Versions/A/MediaAccessibility
0x00000001c45f5000 	/System/Library/PrivateFrameworks/AttributeGraph.framework/Versions/A/AttributeGraph
0x000000027a37f000 	/usr/lib/libAXSafeCategoryBundle.dylib
0x00000001b597b000 	/usr/lib/libAccessibility.dylib
0x00000001a0282000 	/System/Library/Frameworks/Accelerate.framework/Versions/A/Frameworks/vecLib.framework/Versions/A/libvDSP.dylib
0x00000001a15ec000 	/System/Library/Frameworks/Accelerate.framework/Versions/A/Frameworks/vecLib.framework/Versions/A/libLAPACK.dylib
0x00000001a0748000 	/System/Library/Frameworks/Accelerate.framework/Versions/A/Frameworks/vecLib.framework/Versions/A/libLinearAlgebra.dylib
0x00000001a14e7000 	/System/Library/Frameworks/Accelerate.framework/Versions/A/Frameworks/vecLib.framework/Versions/A/libSparseBLAS.dylib
0x00000001a15e7000 	/System/Library/Frameworks/Accelerate.framework/Versions/A/Frameworks/vecLib.framework/Versions/A/libQuadrature.dylib
0x000000019f7d5000 	/System/Library/Frameworks/Accelerate.framework/Versions/A/Frameworks/vecLib.framework/Versions/A/libBNNS.dylib
0x0000000194252000 	/System/Library/Frameworks/Accelerate.framework/Versions/A/Frameworks/vecLib.framework/Versions/A/libSparse.dylib
0x00000002552fe000 	/System/Library/PrivateFrameworks/MIL.framework/Versions/A/MIL
0x00000001a394f000 	/System/Library/PrivateFrameworks/GPUWrangler.framework/Versions/A/GPUWrangler
0x00000001a392f000 	/System/Library/PrivateFrameworks/IOPresentment.framework/Versions/A/IOPresentment
0x00000001a3957000 	/System/Library/PrivateFrameworks/DSExternalDisplay.framework/Versions/A/DSExternalDisplay
0x00000001dfbab000 	/System/Library/PrivateFrameworks/HIDDisplay.framework/Versions/A/HIDDisplay
0x00000001b4b99000 	/System/Library/PrivateFrameworks/HID.framework/Versions/A/HID
0x00000002714d3000 	/System/Library/PrivateFrameworks/VideoToolboxParavirtualizationSupport.framework/Versions/A/VideoToolboxParavirtualizationSupport
0x00000001a2c9f000 	/System/Library/PrivateFrameworks/AppleVA.framework/Versions/A/AppleVA
0x00000001aac18000 	/System/Library/PrivateFrameworks/GraphicsServices.framework/Versions/A/GraphicsServices
0x00000001a56ca000 	/System/Library/PrivateFrameworks/CorePhoneNumbers.framework/Versions/A/CorePhoneNumbers
0x00000001a9db8000 	/System/Library/PrivateFrameworks/MediaKit.framework/Versions/A/MediaKit
0x00000001a9d03000 	/System/Library/Frameworks/DiscRecording.framework/Versions/A/DiscRecording
0x00000001a54b9000 	/System/Library/PrivateFrameworks/NetAuth.framework/Versions/A/NetAuth
0x000000019ca86000 	/System/Library/PrivateFrameworks/login.framework/Versions/A/Frameworks/loginsupport.framework/Versions/A/loginsupport
0x00000001a2d0d000 	/System/Library/PrivateFrameworks/IconFoundation.framework/Versions/A/IconFoundation
0x00000001a2a8a000 	/usr/lib/libIOReport.dylib
0x000000023d6af000 	/System/Library/PrivateFrameworks/AppleMobileFileIntegrity.framework/Versions/A/AppleMobileFileIntegrity
0x000000027a741000 	/usr/lib/libTLE.dylib
0x00000001f05b7000 	/System/Library/PrivateFrameworks/ConfigProfileHelper.framework/Versions/A/ConfigProfileHelper
0x00000001a06e5000 	/usr/lib/libmecab.dylib
0x00000001943e2000 	/usr/lib/libCRFSuite.dylib
0x000000019f6b1000 	/System/Library/PrivateFrameworks/CoreNLP.framework/Versions/A/CoreNLP
0x00000001a149f000 	/usr/lib/libThaiTokenizer.dylib
0x00000001a06af000 	/usr/lib/libCheckFix.dylib
0x000000019bcc9000 	/System/Library/PrivateFrameworks/MetadataUtilities.framework/Versions/A/MetadataUtilities
0x0000000250b32000 	/System/Library/PrivateFrameworks/InstalledContentLibrary.framework/Versions/A/InstalledContentLibrary
0x0000000196ec9000 	/System/Library/PrivateFrameworks/CoreServicesStore.framework/Versions/A/CoreServicesStore
0x00000001ce464000 	/System/Library/PrivateFrameworks/MobileSystemServices.framework/Versions/A/MobileSystemServices
0x00000001a294b000 	/usr/lib/libxslt.1.dylib
0x00000001a0672000 	/System/Library/PrivateFrameworks/BackgroundTaskManagement.framework/Versions/A/BackgroundTaskManagement
0x00000001acb3f000 	/usr/lib/libcurl.4.dylib
0x000000027a975000 	/usr/lib/libcrypto.46.dylib
0x000000027b49f000 	/usr/lib/libssl.48.dylib
0x00000001ac817000 	/System/Library/Frameworks/LDAP.framework/Versions/A/LDAP
0x00000001ac853000 	/System/Library/PrivateFrameworks/TrustEvaluationAgent.framework/Versions/A/TrustEvaluationAgent
0x00000001a5177000 	/usr/lib/libsasl2.2.dylib
0x00000001b9360000 	/usr/lib/swift/libswiftCoreGraphics.dylib
0x00000001a9638000 	/usr/lib/swift/libswiftFoundation.dylib
0x00000001f0041000 	/usr/lib/swift/libswiftSwiftOnoneSupport.dylib
0x00000001dbe57000 	/System/Library/PrivateFrameworks/CoreMaterial.framework/Versions/A/CoreMaterial
0x0000000261d38000 	/System/Library/PrivateFrameworks/SFSymbols.framework/Versions/A/SFSymbols
0x00000001a8903000 	/System/Library/PrivateFrameworks/SpeechRecognitionCore.framework/Versions/A/SpeechRecognitionCore
0x00000001babae000 	/System/Library/Frameworks/Carbon.framework/Versions/A/Carbon
0x00000001b1be4000 	/System/Library/Frameworks/Carbon.framework/Versions/A/Frameworks/CommonPanels.framework/Versions/A/CommonPanels
0x00000001acb2a000 	/System/Library/Frameworks/Carbon.framework/Versions/A/Frameworks/Help.framework/Versions/A/Help
0x00000001b1be8000 	/System/Library/Frameworks/Carbon.framework/Versions/A/Frameworks/ImageCapture.framework/Versions/A/ImageCapture
0x00000001b1bc4000 	/System/Library/Frameworks/Carbon.framework/Versions/A/Frameworks/OpenScripting.framework/Versions/A/OpenScripting
0x00000001b1be3000 	/System/Library/Frameworks/Carbon.framework/Versions/A/Frameworks/Ink.framework/Versions/A/Ink
0x00000001b1be0000 	/System/Library/Frameworks/Carbon.framework/Versions/A/Frameworks/SecurityHI.framework/Versions/A/SecurityHI
0x000000019c74d000 	/System/Library/PrivateFrameworks/ViewBridge.framework/Versions/A/ViewBridge
0x00000001054b0000 	/usr/lib/libobjc-trampolines.dylib
0x000000027a383000 	/usr/lib/libAccessibilityBaseImplementations.dylib
0x0000000274aa9000 	/System/Library/PrivateFrameworks/WritingToolsUI.framework/Versions/A/WritingToolsUI
0x000000024d13d000 	/System/Library/PrivateFrameworks/GenerativeAssistantSettings.framework/Versions/A/GenerativeAssistantSettings
0x000000026bed3000 	/System/Library/PrivateFrameworks/TextComposer.framework/Versions/A/TextComposer
0x00000001bbfff000 	/usr/lib/swift/libswiftIntents.dylib
0x000000027b71d000 	/usr/lib/swift/libswiftSpatial.dylib
0x00000001f3c3a000 	/System/Library/Frameworks/AppIntents.framework/Versions/A/AppIntents
0x00000001c2ecd000 	/System/Library/Frameworks/SwiftUI.framework/Versions/A/SwiftUI
0x00000001b943c000 	/System/Library/Frameworks/WebKit.framework/Versions/A/WebKit
0x0000000238bc6000 	/System/Library/Frameworks/_AuthenticationServices_SwiftUI.framework/Versions/A/_AuthenticationServices_SwiftUI
0x000000023b7a6000 	/System/Library/PrivateFrameworks/Anvil.framework/Versions/A/Anvil
0x00000001c2542000 	/System/Library/PrivateFrameworks/AppStoreDaemon.framework/Versions/A/AppStoreDaemon
0x00000001af8f0000 	/System/Library/PrivateFrameworks/AppleMediaServices.framework/Versions/A/AppleMediaServices
0x00000001befc1000 	/System/Library/PrivateFrameworks/AppleMediaServicesUI.framework/Versions/A/AppleMediaServicesUI
0x000000024d117000 	/System/Library/PrivateFrameworks/GenerativeAssistantCommon.framework/Versions/A/GenerativeAssistantCommon
0x00000001ef659000 	/System/Library/PrivateFrameworks/JetEngine.framework/Versions/A/JetEngine
0x0000000254c5f000 	/System/Library/PrivateFrameworks/LinkMetadata.framework/Versions/A/LinkMetadata
0x00000001bc881000 	/System/Library/PrivateFrameworks/OnBoardingKit.framework/Versions/A/OnBoardingKit
0x0000000262bb3000 	/System/Library/PrivateFrameworks/Settings.framework/Versions/A/Settings
0x00000001a10ef000 	/System/Library/Frameworks/CoreSpotlight.framework/Versions/A/CoreSpotlight
0x0000000254ea0000 	/System/Library/PrivateFrameworks/LinkServices.framework/Versions/A/LinkServices
0x00000002457bc000 	/System/Library/PrivateFrameworks/DoNotDisturb.framework/Versions/A/DoNotDisturb
0x00000001c0d65000 	/System/Library/PrivateFrameworks/IntentsCore.framework/Versions/A/IntentsCore
0x000000023de8c000 	/System/Library/PrivateFrameworks/AvailabilityKit.framework/Versions/A/AvailabilityKit
0x000000023b9f6000 	/System/Library/PrivateFrameworks/AppIntentSchemas.framework/Versions/A/AppIntentSchemas
0x000000026a9e9000 	/System/Library/PrivateFrameworks/StatusKit.framework/Versions/A/StatusKit
0x0000000260ee5000 	/System/Library/PrivateFrameworks/RecapPerformanceTesting.framework/Versions/A/RecapPerformanceTesting
0x00000001bc871000 	/System/Library/PrivateFrameworks/SignpostCollection.framework/Versions/A/SignpostCollection
0x000000027a740000 	/usr/lib/libSpatial.dylib
0x00000001af2e6000 	/System/Library/Frameworks/WebKit.framework/Versions/A/Frameworks/WebKitLegacy.framework/Versions/A/WebKitLegacy
0x00000001ad22c000 	/System/Library/PrivateFrameworks/CorePrediction.framework/Versions/A/CorePrediction
0x000000019d740000 	/System/Library/Frameworks/WebKit.framework/Versions/A/Frameworks/WebCore.framework/Versions/A/Frameworks/libwebrtc.dylib
0x00000001b93c8000 	/System/Library/PrivateFrameworks/SafariSafeBrowsing.framework/Versions/A/SafariSafeBrowsing
0x00000001a5200000 	/System/Library/Frameworks/SecurityInterface.framework/Versions/A/SecurityInterface
0x00000001bc880000 	/System/Library/PrivateFrameworks/WebInspectorUI.framework/Versions/A/WebInspectorUI
0x00000001b1beb000 	/System/Library/Frameworks/JavaScriptCore.framework/Versions/A/JavaScriptCore
0x00000001b59ac000 	/System/Library/Frameworks/WebKit.framework/Versions/A/Frameworks/WebCore.framework/Versions/A/WebCore
0x00000001f4618000 	/System/Library/Frameworks/BrowserEngineCore.framework/Versions/A/BrowserEngineCore
0x0000000238724000 	/System/Library/Frameworks/WebKit.framework/Versions/A/Frameworks/WebCore.framework/Versions/A/Frameworks/libANGLE-shared.dylib
0x00000002736a0000 	/System/Library/PrivateFrameworks/WebGPU.framework/Versions/A/WebGPU
0x00000001be653000 	/System/Library/Frameworks/SceneKit.framework/Versions/A/SceneKit
0x00000001cec8b000 	/System/Library/Frameworks/ModelIO.framework/Versions/A/ModelIO
0x00000001a6b3b000 	/System/Library/Frameworks/MetalKit.framework/Versions/A/MetalKit
0x00000001a8c1a000 	/System/Library/Frameworks/GLKit.framework/Versions/A/GLKit
0x000000027bc56000 	/usr/lib/usd/libusd_ms.dylib
0x000000026fce8000 	/System/Library/PrivateFrameworks/USDLib_FormatLoaderProxy.framework/Versions/A/USDLib_FormatLoaderProxy
0x00000001bba87000 	/System/Library/PrivateFrameworks/CoreOptimization.framework/Versions/A/CoreOptimization
0x000000023dd5f000 	/System/Library/PrivateFrameworks/AuthenticationServicesCore.framework/Versions/A/AuthenticationServicesCore
0x00000001c57ea000 	/System/Library/Frameworks/AuthenticationServices.framework/Versions/A/AuthenticationServices
0x00000001a2bc3000 	/System/Library/PrivateFrameworks/SharedWebCredentials.framework/Versions/A/SharedWebCredentials
0x00000001bd6bd000 	/System/Library/PrivateFrameworks/SafariCore.framework/Versions/A/SafariCore
0x00000001c533c000 	/System/Library/PrivateFrameworks/SafariFoundation.framework/Versions/A/SafariFoundation
0x000000023ede9000 	/System/Library/PrivateFrameworks/CBORLibrary.framework/Versions/A/CBORLibrary
0x000000023fb91000 	/System/Library/PrivateFrameworks/Chirp.framework/Versions/A/Chirp
0x00000001f08ec000 	/System/Library/PrivateFrameworks/RemoteManagement.framework/Versions/A/RemoteManagement
0x000000026123b000 	/System/Library/PrivateFrameworks/RemoteManagementModel.framework/Versions/A/RemoteManagementModel
0x00000002612c8000 	/System/Library/PrivateFrameworks/RemoteManagementStore.framework/Versions/A/RemoteManagementStore
0x00000001a6b59000 	/usr/lib/libxcselect.dylib
0x00000001c52ab000 	/System/Library/PrivateFrameworks/DifferentialPrivacy.framework/Versions/A/DifferentialPrivacy
0x00000001a98e9000 	/System/Library/Frameworks/Contacts.framework/Versions/A/Contacts
0x000000027050c000 	/System/Library/PrivateFrameworks/VDAF.framework/Versions/A/VDAF
0x00000001a9706000 	/System/Library/PrivateFrameworks/ContactsPersistence.framework/Versions/A/ContactsPersistence
0x00000001a891d000 	/System/Library/PrivateFrameworks/AppleLDAP.framework/Versions/A/AppleLDAP
0x00000001aced3000 	/System/Library/Frameworks/ClassKit.framework/Versions/A/ClassKit
0x00000001af012000 	/System/Library/PrivateFrameworks/CoreSuggestions.framework/Versions/A/CoreSuggestions
0x00000001a9639000 	/System/Library/PrivateFrameworks/ContactsFoundation.framework/Versions/A/ContactsFoundation
0x00000001aabda000 	/System/Library/PrivateFrameworks/vCard.framework/Versions/A/vCard
0x00000002413b4000 	/System/Library/PrivateFrameworks/ContactsMetrics.framework/Versions/A/ContactsMetrics
0x00000001a2fdf000 	/System/Library/PrivateFrameworks/login.framework/Versions/A/login
0x0000000256fe8000 	/System/Library/PrivateFrameworks/ManagedOrganizationContacts.framework/Versions/A/ManagedOrganizationContacts
0x000000019ceac000 	/System/Library/PrivateFrameworks/CloudDocs.framework/Versions/A/CloudDocs
0x00000001ae601000 	/System/Library/PrivateFrameworks/ConfigurationProfiles.framework/Versions/A/ConfigurationProfiles
0x0000000244d3b000 	/System/Library/PrivateFrameworks/DMCUtilities.framework/Versions/A/DMCUtilities
0x000000025527b000 	/System/Library/PrivateFrameworks/MDMClientLibrary.framework/Versions/A/MDMClientLibrary
0x00000002612bc000 	/System/Library/PrivateFrameworks/RemoteManagementProtocol.framework/Versions/A/RemoteManagementProtocol
0x000000027a54c000 	/usr/lib/libEndpointSecuritySystem.dylib
0x00000001a9043000 	/System/Library/PrivateFrameworks/SystemAdministration.framework/Versions/A/SystemAdministration
0x00000001b34f1000 	/System/Library/PrivateFrameworks/PowerlogControl.framework/Versions/A/PowerlogControl
0x00000001a06a1000 	/System/Library/Frameworks/ServiceManagement.framework/Versions/A/ServiceManagement
0x00000001b34f3000 	/usr/lib/libUniversalAccess.dylib
0x00000001b01be000 	/System/Library/PrivateFrameworks/FamilyControls.framework/Versions/A/FamilyControls
0x00000001a88ce000 	/System/Library/Frameworks/DirectoryService.framework/Versions/A/DirectoryService
0x00000001acbc1000 	/System/Library/PrivateFrameworks/LoginUIKit.framework/Versions/A/Frameworks/LoginUICore.framework/Versions/A/LoginUICore
0x00000001a31cf000 	/usr/lib/libodfde.dylib
0x00000001b01b8000 	/System/Library/PrivateFrameworks/UniversalAccess.framework/Versions/A/Libraries/libUAPreferences.dylib
0x00000001b01e2000 	/System/Library/PrivateFrameworks/CommerceKit.framework/Versions/A/Frameworks/CommerceCore.framework/Versions/A/CommerceCore
0x0000000244ce9000 	/System/Library/PrivateFrameworks/DEPClientLibrary.framework/Versions/A/DEPClientLibrary
0x0000000244d09000 	/System/Library/PrivateFrameworks/DMCEnrollmentLibrary.framework/Versions/A/DMCEnrollmentLibrary
0x00000001b35d7000 	/System/Library/PrivateFrameworks/SetupAssistantFramework.framework/Versions/A/SetupAssistantFramework
0x00000001ad286000 	/System/Library/PrivateFrameworks/AuthKitUI.framework/Versions/A/AuthKitUI
0x00000001acc0b000 	/System/Library/PrivateFrameworks/AppSSO.framework/Versions/A/AppSSO
0x00000001c22a8000 	/System/Library/PrivateFrameworks/LocalAuthenticationUI.framework/Versions/A/LocalAuthenticationUI
0x000000025f47a000 	/System/Library/PrivateFrameworks/PlatformSSO.framework/Versions/A/PlatformSSO
0x00000001c2c95000 	/System/Library/PrivateFrameworks/AOSUI.framework/Versions/A/AOSUI
0x00000001b5068000 	/System/Library/Frameworks/ContactsUI.framework/Versions/A/ContactsUI
0x00000001a9b20000 	/System/Library/PrivateFrameworks/FamilyCircle.framework/Versions/A/FamilyCircle
0x00000001d033a000 	/System/Library/Frameworks/LinkPresentation.framework/Versions/A/LinkPresentation
0x000000025f546000 	/System/Library/PrivateFrameworks/PlatformSSOCore.framework/Versions/A/PlatformSSOCore
0x00000001b4d7a000 	/System/Library/PrivateFrameworks/IASUtilities.framework/Versions/A/IASUtilities
0x000000025017e000 	/System/Library/PrivateFrameworks/IASUtilitiesCore.framework/Versions/A/IASUtilitiesCore
0x0000000255163000 	/System/Library/PrivateFrameworks/LocalAuthenticationCoreUI.framework/Versions/A/LocalAuthenticationCoreUI
0x00000001bbd1c000 	/System/Library/Frameworks/LocalAuthentication.framework/Support/DaemonUtils.framework/Versions/A/DaemonUtils
0x00000001bef88000 	/System/Library/PrivateFrameworks/BridgeXPC.framework/Versions/A/BridgeXPC
0x00000001a3003000 	/System/Library/PrivateFrameworks/CoreBrightness.framework/Versions/A/CoreBrightness
0x00000001bc95a000 	/System/Library/PrivateFrameworks/CoreKDL.framework/Versions/A/CoreKDL
0x00000001bb184000 	/System/Library/PrivateFrameworks/EmbeddedOSSupportHost.framework/Versions/A/EmbeddedOSSupportHost
0x000000026b6fc000 	/System/Library/PrivateFrameworks/SystemStatus.framework/Versions/A/SystemStatus
0x00000001ca411000 	/System/Library/PrivateFrameworks/StorageKit.framework/Versions/A/StorageKit
0x00000001f1f66000 	/System/Library/Frameworks/DeviceCheck.framework/Versions/A/DeviceCheck
0x00000001f5291000 	/System/Library/Frameworks/FSKit.framework/Versions/A/FSKit
0x00000002454d9000 	/System/Library/PrivateFrameworks/DiskImages2.framework/Versions/A/DiskImages2
0x0000000254ff0000 	/System/Library/PrivateFrameworks/LiveFS.framework/Versions/A/LiveFS
0x0000000277deb000 	/System/Library/PrivateFrameworks/icloudMCCKit.framework/Versions/A/icloudMCCKit
0x000000023c6f4000 	/System/Library/PrivateFrameworks/AppleAccountUI.framework/Versions/A/AppleAccountUI
0x00000002406b7000 	/System/Library/PrivateFrameworks/CloudSubscriptionFeatures.framework/Versions/A/CloudSubscriptionFeatures
0x00000001dbe23000 	/System/Library/PrivateFrameworks/PreferencePanesSupport.framework/Versions/A/PreferencePanesSupport
0x00000001c2e45000 	/System/Library/PrivateFrameworks/FindMyDeviceUI.framework/Versions/A/FindMyDeviceUI
0x0000000275a23000 	/System/Library/PrivateFrameworks/iCloudQuotaUI.framework/Versions/A/iCloudQuotaUI
0x00000001dbfd6000 	/System/Library/PrivateFrameworks/CoreCDPUI.framework/Versions/A/CoreCDPUI
0x00000001bd424000 	/System/Library/PrivateFrameworks/CoreFollowUpUI.framework/Versions/A/CoreFollowUpUI
0x00000001a5239000 	/System/Library/PrivateFrameworks/CoreFollowUp.framework/Versions/A/CoreFollowUp
0x00000001c918c000 	/System/Library/PrivateFrameworks/IMCore.framework/Versions/A/IMCore
0x00000001b3559000 	/System/Library/PrivateFrameworks/CoreCDP.framework/Versions/A/CoreCDP
0x00000001af8e2000 	/System/Library/PrivateFrameworks/AskPermission.framework/Versions/A/AskPermission
0x00000001c0ce0000 	/System/Library/Frameworks/Quartz.framework/Versions/A/Quartz
0x00000001cccb6000 	/System/Library/PrivateFrameworks/CloudPhotoServicesConfiguration.framework/Versions/A/CloudPhotoServicesConfiguration
0x00000001bf6f6000 	/System/Library/PrivateFrameworks/CommerceKit.framework/Versions/A/CommerceKit
0x00000001ce5f6000 	/System/Library/PrivateFrameworks/FindMyMac.framework/Versions/A/FindMyMac
0x00000001ce4cd000 	/System/Library/Frameworks/PreferencePanes.framework/Versions/A/PreferencePanes
0x00000001c23a0000 	/System/Library/Frameworks/AddressBook.framework/Versions/A/AddressBook
0x00000001ae8ca000 	/System/Library/PrivateFrameworks/AOSAccounts.framework/Versions/A/AOSAccounts
0x00000001a903d000 	/System/Library/PrivateFrameworks/AppleSRP.framework/Versions/A/AppleSRP
0x00000001bbc36000 	/System/Library/Frameworks/SafariServices.framework/Versions/A/SafariServices
0x00000001ad3e8000 	/System/Library/PrivateFrameworks/NetFSServer.framework/Versions/A/NetFSServer
0x00000001be52c000 	/System/Library/Frameworks/PDFKit.framework/Versions/A/PDFKit
0x00000001cf4ee000 	/System/Library/PrivateFrameworks/EmailFoundation.framework/Versions/A/EmailFoundation
0x00000001ce52a000 	/System/Library/PrivateFrameworks/EmailCore.framework/Versions/A/EmailCore
0x00000001d231a000 	/System/Library/PrivateFrameworks/EmailAddressing.framework/Versions/A/EmailAddressing
0x00000001d2326000 	/System/Library/PrivateFrameworks/Email.framework/Versions/A/Email
0x00000001fa782000 	/System/Library/Frameworks/TabularData.framework/Versions/A/TabularData
0x000000027b6fd000 	/usr/lib/swift/libswiftPassKit.dylib
0x000000023dfce000 	/System/Library/PrivateFrameworks/BackgroundSystemTasks.framework/Versions/A/BackgroundSystemTasks
0x00000002551f2000 	/System/Library/PrivateFrameworks/LockdownMode.framework/Versions/A/LockdownMode
0x00000001a9b1a000 	/System/Library/PrivateFrameworks/CommunicationsFilter.framework/Versions/A/CommunicationsFilter
0x00000001dfae7000 	/System/Library/Frameworks/PassKit.framework/Versions/A/PassKit
0x00000001b0ce2000 	/System/Library/PrivateFrameworks/PassKitCore.framework/Versions/A/PassKitCore
0x000000025ca31000 	/System/Library/PrivateFrameworks/PassKitMacHelperTemp.framework/Versions/A/PassKitMacHelperTemp
0x000000023ba33000 	/System/Library/PrivateFrameworks/AppIntentsServices.framework/Versions/A/AppIntentsServices
0x00000001ae4e0000 	/System/Library/PrivateFrameworks/CoreRecents.framework/Versions/A/CoreRecents
0x00000001bbd69000 	/System/Library/PrivateFrameworks/BiometricKit.framework/Versions/A/BiometricKit
0x0000000261c79000 	/System/Library/PrivateFrameworks/SEService.framework/Versions/A/SEService
0x00000001af0de000 	/System/Library/Frameworks/EventKit.framework/Versions/A/EventKit
0x00000001c0d85000 	/System/Library/PrivateFrameworks/NearField.framework/Versions/A/NearField
0x00000001c2abd000 	/System/Library/PrivateFrameworks/FTClientServices.framework/Versions/A/FTClientServices
0x00000001db844000 	/System/Library/PrivateFrameworks/DiagnosticRequest.framework/Versions/A/DiagnosticRequest
0x000000027a6fa000 	/usr/lib/libSESShared.dylib
0x0000000261e1a000 	/System/Library/PrivateFrameworks/STSXPCHelperClient.framework/Versions/A/STSXPCHelperClient
0x000000026b4cf000 	/System/Library/PrivateFrameworks/Symptoms.framework/Versions/A/Frameworks/SymptomPresentationFeed.framework/Versions/A/SymptomPresentationFeed
0x000000023cfa7000 	/System/Library/PrivateFrameworks/AppleMediaServicesKitInternal.framework/Versions/A/AppleMediaServicesKitInternal
0x000000026b24a000 	/System/Library/PrivateFrameworks/SymptomShared.framework/Versions/A/SymptomShared
0x000000023f721000 	/System/Library/PrivateFrameworks/CalendarDatabase.framework/Versions/A/CalendarDatabase
0x000000023f675000 	/System/Library/PrivateFrameworks/CalendarDaemon.framework/Versions/A/CalendarDaemon
0x00000001ae535000 	/System/Library/PrivateFrameworks/CalendarFoundation.framework/Versions/A/CalendarFoundation
0x00000001ae4f1000 	/System/Library/PrivateFrameworks/iCalendar.framework/Versions/A/iCalendar
0x0000000244f70000 	/System/Library/PrivateFrameworks/DataAccessExpress.framework/Versions/A/DataAccessExpress
0x00000001b4c0c000 	/System/Library/PrivateFrameworks/CoreDAV.framework/Versions/A/CoreDAV
0x00000001aefb3000 	/System/Library/PrivateFrameworks/CalDAV.framework/Versions/A/CalDAV
0x00000001b9125000 	/System/Library/PrivateFrameworks/TelephonyUtilities.framework/Versions/A/TelephonyUtilities
0x00000001bd4ef000 	/System/Library/Frameworks/CallKit.framework/Versions/A/CallKit
0x00000001e5135000 	/System/Library/PrivateFrameworks/IMTransferServices.framework/Versions/A/IMTransferServices
0x00000001bbaa1000 	/System/Library/PrivateFrameworks/IncomingCallFilter.framework/Versions/A/IncomingCallFilter
0x000000025a33c000 	/System/Library/PrivateFrameworks/NeighborhoodActivityConduit.framework/Versions/A/NeighborhoodActivityConduit
0x000000027a522000 	/usr/lib/libBASupport.dylib
0x00000001c8f36000 	/System/Library/PrivateFrameworks/SpotlightReceiver.framework/Versions/A/SpotlightReceiver
0x00000001c275e000 	/usr/lib/libnfshared.dylib
0x00000001e2315000 	/System/Library/PrivateFrameworks/PassKitUIFoundation.framework/Versions/A/PassKitUIFoundation
0x00000001a892f000 	/System/Library/Frameworks/MapKit.framework/Versions/A/MapKit
0x00000001f5255000 	/System/Library/Frameworks/ExtensionKit.framework/Versions/A/ExtensionKit
0x000000024d5a0000 	/System/Library/PrivateFrameworks/GeoAnalytics.framework/Versions/A/GeoAnalytics
0x00000001bcaaf000 	/System/Library/PrivateFrameworks/SearchFoundation.framework/Versions/A/SearchFoundation
0x00000001c2794000 	/System/Library/PrivateFrameworks/Navigation.framework/Versions/A/Navigation
0x00000001cb7d6000 	/System/Library/PrivateFrameworks/VectorKit.framework/Versions/A/VectorKit
0x00000001b4e42000 	/System/Library/PrivateFrameworks/VirtualGarage.framework/Versions/A/VirtualGarage
0x00000001c290d000 	/System/Library/Frameworks/ExternalAccessory.framework/ExternalAccessory
0x00000001c2927000 	/System/Library/PrivateFrameworks/IAP.framework/Versions/A/IAP
0x00000001a8be2000 	/System/Library/PrivateFrameworks/IOPlatformPluginFamily.framework/Versions/A/IOPlatformPluginFamily
0x000000023de8f000 	/System/Library/PrivateFrameworks/AvatarKit.framework/Versions/A/AvatarKit
0x000000023df47000 	/System/Library/PrivateFrameworks/AvatarPersistence.framework/Versions/A/AvatarPersistence
0x0000000261331000 	/System/Library/PrivateFrameworks/RemoteUI.framework/Versions/A/RemoteUI
0x00000001a8ce6000 	/usr/lib/libCTGreenTeaLogger.dylib
0x00000001fa9ac000 	/System/Library/Frameworks/TipKit.framework/Versions/A/TipKit
0x00000001dda9e000 	/System/Library/PrivateFrameworks/AppleCVA.framework/Versions/A/AppleCVA
0x000000023df46000 	/System/Library/PrivateFrameworks/AvatarKitContent.framework/Versions/A/AvatarKitContent
0x00000001a8d0e000 	/System/Library/PrivateFrameworks/CoreAppleCVA.framework/Versions/A/CoreAppleCVA
0x000000025402e000 	/System/Library/PrivateFrameworks/LiftUI.framework/Versions/A/LiftUI
0x0000000240626000 	/System/Library/PrivateFrameworks/CloudSettings.framework/Versions/A/CloudSettings
0x00000001bb6cb000 	/System/Library/PrivateFrameworks/CoreRoutine.framework/Versions/A/CoreRoutine
0x00000001c9f66000 	/System/Library/PrivateFrameworks/Categories.framework/Versions/A/Categories
0x0000000240b26000 	/System/Library/PrivateFrameworks/Coherence.framework/Versions/A/Coherence
0x00000001b9020000 	/System/Library/PrivateFrameworks/CoreParsec.framework/Versions/A/CoreParsec
0x000000025d0c0000 	/System/Library/PrivateFrameworks/PegasusAPI.framework/Versions/A/PegasusAPI
0x000000025dd8e000 	/System/Library/PrivateFrameworks/PegasusConfiguration.framework/Versions/A/PegasusConfiguration
0x00000002551c9000 	/System/Library/PrivateFrameworks/LocalStatusKit.framework/Versions/A/LocalStatusKit
0x00000001bd6a3000 	/System/Library/PrivateFrameworks/ContextKit.framework/Versions/A/ContextKit
0x00000002414e2000 	/System/Library/PrivateFrameworks/ContextKitCore.framework/Versions/A/ContextKitCore
0x00000001c2ac1000 	/System/Library/PrivateFrameworks/CharacterPicker.framework/Versions/A/CharacterPicker
0x00000001bbba8000 	/System/Library/PrivateFrameworks/ContactsDonation.framework/Versions/A/ContactsDonation
0x00000001b4f64000 	/System/Library/PrivateFrameworks/ContactsUICore.framework/Versions/A/ContactsUICore
0x00000001bb4ae000 	/System/Library/PrivateFrameworks/DataDetectors.framework/Versions/A/DataDetectors
0x00000001aef9f000 	/System/Library/Frameworks/MediaLibrary.framework/Versions/A/MediaLibrary
0x00000001a9b09000 	/System/Library/PrivateFrameworks/PersonaKit.framework/Versions/A/PersonaKit
0x00000001b4f52000 	/System/Library/PrivateFrameworks/PersonaUI.framework/Versions/A/PersonaUI
0x0000000250a3f000 	/System/Library/PrivateFrameworks/InputToolKitUI.framework/Versions/A/InputToolKitUI
0x0000000250a2a000 	/System/Library/PrivateFrameworks/InputToolKit.framework/Versions/A/InputToolKit
0x000000026ab22000 	/System/Library/PrivateFrameworks/Stickers.framework/Versions/A/Stickers
0x0000000250998000 	/System/Library/PrivateFrameworks/InputAnalytics.framework/Versions/A/InputAnalytics
0x00000001c4638000 	/System/Library/PrivateFrameworks/EmojiFoundation.framework/Versions/A/EmojiFoundation
0x0000000246912000 	/System/Library/PrivateFrameworks/FeedbackService.framework/Versions/A/FeedbackService
0x00000001a9785000 	/System/Library/PrivateFrameworks/AddressBookCore.framework/Versions/A/AddressBookCore
0x00000001bd3a4000 	/System/Library/PrivateFrameworks/IntlPreferences.framework/Versions/A/IntlPreferences
0x00000001c2523000 	/System/Library/PrivateFrameworks/ToneKit.framework/Versions/A/ToneKit
0x00000001bd3ea000 	/System/Library/PrivateFrameworks/ToneLibrary.framework/Versions/A/ToneLibrary
0x000000024137a000 	/System/Library/PrivateFrameworks/ContactsAccounts.framework/Versions/A/ContactsAccounts
0x00000001cdeeb000 	/System/Library/PrivateFrameworks/Transparency.framework/Versions/A/Transparency
0x00000001c0bfd000 	/System/Library/PrivateFrameworks/Lookup.framework/Versions/A/Lookup
0x00000001f8b80000 	/System/Library/Frameworks/QuickLookUI.framework/Versions/A/QuickLookUI
0x00000001f9560000 	/System/Library/Frameworks/ScreenCaptureKit.framework/Versions/A/ScreenCaptureKit
0x00000001be040000 	/System/Library/Frameworks/Quartz.framework/Versions/A/Frameworks/QuartzComposer.framework/Versions/A/QuartzComposer
0x00000001bd37b000 	/System/Library/Frameworks/Quartz.framework/Versions/A/Frameworks/QuartzFilters.framework/Versions/A/QuartzFilters
0x00000001bc461000 	/System/Library/Frameworks/Quartz.framework/Versions/A/Frameworks/ImageKit.framework/Versions/A/ImageKit
0x00000001f38d5000 	/System/Library/Frameworks/OpenCL.framework/Versions/A/OpenCL
0x00000001babad000 	/System/Library/PrivateFrameworks/CorePDF.framework/Versions/A/CorePDF
0x00000001a6ad2000 	/System/Library/Frameworks/QuickLook.framework/Versions/A/QuickLook
0x00000001b0be7000 	/System/Library/PrivateFrameworks/DisplayServices.framework/Versions/A/DisplayServices
0x00000001bd2eb000 	/System/Library/Frameworks/ImageCaptureCore.framework/Versions/A/ImageCaptureCore
0x0000000271fc1000 	/System/Library/PrivateFrameworks/VisionKitCore.framework/Versions/A/VisionKitCore
0x00000001b8ff0000 	/System/Library/PrivateFrameworks/QuickLookSupport.framework/Versions/A/QuickLookSupport
0x0000000257852000 	/System/Library/PrivateFrameworks/MediaAnalysisServices.framework/Versions/A/MediaAnalysisServices
0x00000001bfbec000 	/System/Library/PrivateFrameworks/PhotoLibraryServices.framework/Versions/A/PhotoLibraryServices
0x00000001bcf34000 	/System/Library/Frameworks/Photos.framework/Versions/A/Photos
0x00000001d071b000 	/System/Library/PrivateFrameworks/PhotosFormats.framework/Versions/A/PhotosFormats
0x00000001ccce8000 	/System/Library/PrivateFrameworks/CloudPhotoLibrary.framework/Versions/A/CloudPhotoLibrary
0x00000001d5d0c000 	/System/Library/PrivateFrameworks/CloudPhotoServices.framework/Versions/A/CloudPhotoServices
0x00000001d24a3000 	/System/Library/PrivateFrameworks/CoreMediaStream.framework/Versions/A/CoreMediaStream
0x00000001aa135000 	/System/Library/PrivateFrameworks/CPAnalytics.framework/Versions/A/CPAnalytics
0x00000001ceb90000 	/System/Library/PrivateFrameworks/MediaConversionService.framework/Versions/A/MediaConversionService
0x00000001b0854000 	/System/Library/PrivateFrameworks/PhotoFoundation.framework/Versions/A/PhotoFoundation
0x000000025e326000 	/System/Library/PrivateFrameworks/PhotoLibraryServicesCore.framework/Versions/A/PhotoLibraryServicesCore
0x00000001c88e7000 	/System/Library/PrivateFrameworks/MMCS.framework/Versions/A/MMCS
0x00000001aee08000 	/System/Library/PrivateFrameworks/ChunkingLibrary.framework/Versions/A/ChunkingLibrary
0x00000001a8fe8000 	/System/Library/PrivateFrameworks/AssetCacheServices.framework/Versions/A/AssetCacheServices
0x00000001aad10000 	/System/Library/PrivateFrameworks/AVFoundationCF.framework/Versions/A/AVFoundationCF
0x00000001e5032000 	/usr/lib/swift/libswiftDemangle.dylib
0x00000001bb72b000 	/System/Library/PrivateFrameworks/MediaStream.framework/Versions/A/MediaStream
0x00000001cf0aa000 	/System/Library/PrivateFrameworks/NeutrinoCore.framework/Versions/A/NeutrinoCore
0x000000019a250000 	/System/Library/PrivateFrameworks/NLP.framework/Versions/A/NLP
0x00000001d4ab8000 	/System/Library/PrivateFrameworks/PhotoImaging.framework/Versions/A/PhotoImaging
0x00000001d5ccd000 	/System/Library/PrivateFrameworks/PhotosImagingFoundation.framework/Versions/A/PhotosImagingFoundation
0x000000025ee01000 	/System/Library/PrivateFrameworks/PhotosIntelligenceCore.framework/Versions/A/PhotosIntelligenceCore
0x00000001ab1a7000 	/System/Library/PrivateFrameworks/EmbeddedAcousticRecognition.framework/Versions/A/EmbeddedAcousticRecognition
0x00000001ccf4f000 	/System/Library/PrivateFrameworks/SDAPI.framework/Versions/A/SDAPI
0x00000001d5d1a000 	/System/Library/PrivateFrameworks/AutoLoop.framework/Versions/A/AutoLoop
0x000000025f86a000 	/System/Library/PrivateFrameworks/Portrait.framework/Versions/A/Portrait
0x000000023c79d000 	/System/Library/PrivateFrameworks/AppleDepth.framework/Versions/A/AppleDepth
0x00000002474a8000 	/System/Library/PrivateFrameworks/FusionTracker.framework/Versions/A/FusionTracker
0x000000023c88b000 	/System/Library/PrivateFrameworks/AppleDepthCore.framework/Versions/A/AppleDepthCore
0x00000001bdb00000 	/System/Library/PrivateFrameworks/iTunesCloud.framework/Versions/A/iTunesCloud
0x00000001c63ac000 	/System/Library/PrivateFrameworks/DAAPKit.framework/Versions/A/DAAPKit
0x000000027b781000 	/usr/lib/swift/libswiftVideoToolbox.dylib
0x00000001b9301000 	/System/Library/PrivateFrameworks/DeviceManagement.framework/Versions/A/DeviceManagement
0x00000001db7a3000 	/System/Library/PrivateFrameworks/ScreenTimeUI.framework/Versions/A/ScreenTimeUI
0x00000001bb4a8000 	/System/Library/PrivateFrameworks/QuickLookNonBaseSystem.framework/Versions/A/QuickLookNonBaseSystem
0x00000001bbc77000 	/System/Library/PrivateFrameworks/Catalyst.framework/Versions/A/Catalyst
0x0000000256fee000 	/System/Library/PrivateFrameworks/ManagedSettingsObjC.framework/Versions/A/ManagedSettingsObjC
0x00000001bd591000 	/System/Library/PrivateFrameworks/ScreenTimeCore.framework/Versions/A/ScreenTimeCore
0x00000001cfc7e000 	/System/Library/PrivateFrameworks/ScreenTimeServiceUI.framework/Versions/A/ScreenTimeServiceUI
0x00000001c8a72000 	/System/Library/PrivateFrameworks/ConfigurationEngineModel.framework/Versions/A/ConfigurationEngineModel
0x00000001cb792000 	/System/Library/PrivateFrameworks/UsageTracking.framework/Versions/A/UsageTracking
0x00000001f5056000 	/System/Library/Frameworks/DeviceActivity.framework/Versions/A/DeviceActivity
0x00000001cb762000 	/System/Library/PrivateFrameworks/KnowledgeMonitor.framework/Versions/A/KnowledgeMonitor
0x00000001e22ba000 	/System/Library/PrivateFrameworks/BluetoothManager.framework/Versions/A/BluetoothManager
0x00000001f61b1000 	/System/Library/Frameworks/ManagedSettings.framework/Versions/A/ManagedSettings
0x0000000257027000 	/System/Library/PrivateFrameworks/ManagedSettingsSupport.framework/Versions/A/ManagedSettingsSupport
0x00000001dfbb7000 	/System/Library/Frameworks/ReplayKit.framework/Versions/A/ReplayKit
0x00000001b1b80000 	/System/Library/PrivateFrameworks/MarkupUI.framework/Versions/A/MarkupUI
0x00000001bb480000 	/System/Library/PrivateFrameworks/SidecarCore.framework/Versions/A/SidecarCore
0x00000001bdf01000 	/System/Library/PrivateFrameworks/AnnotationKit.framework/Versions/A/AnnotationKit
0x00000001fab0c000 	/System/Library/Frameworks/Translation.framework/Versions/A/Translation
0x00000001d76e2000 	/System/Library/PrivateFrameworks/RevealCore.framework/Versions/A/RevealCore
0x00000001d76d6000 	/System/Library/PrivateFrameworks/Reveal.framework/Versions/A/Reveal
0x000000026edc9000 	/System/Library/PrivateFrameworks/TranslationUIServices.framework/Versions/A/TranslationUIServices
0x00000001bc6a7000 	/System/Library/Frameworks/PencilKit.framework/Versions/A/PencilKit
0x00000001bc85c000 	/System/Library/PrivateFrameworks/SidecarUI.framework/Versions/A/SidecarUI
0x00000001bc054000 	/System/Library/PrivateFrameworks/CoreHandwriting.framework/Versions/A/CoreHandwriting
0x0000000194417000 	/usr/lib/libmecabra.dylib
0x00000001b53db000 	/System/Library/PrivateFrameworks/Calculate.framework/Versions/A/Calculate
0x00000001a2977000 	/usr/lib/libChineseTokenizer.dylib
0x00000001f0815000 	/System/Library/PrivateFrameworks/ScreenReaderCore.framework/Versions/A/ScreenReaderCore
0x000000026aef9000 	/System/Library/PrivateFrameworks/StocksKit.framework/Versions/A/StocksKit
0x00000001b4554000 	/System/Library/PrivateFrameworks/OAuth.framework/Versions/A/OAuth
0x000000026aba6000 	/System/Library/PrivateFrameworks/StocksCore.framework/Versions/A/StocksCore
0x000000026bc0a000 	/System/Library/PrivateFrameworks/TeaFoundation.framework/Versions/A/TeaFoundation
0x000000026bdf3000 	/System/Library/PrivateFrameworks/TeaSettings.framework/Versions/A/TeaSettings
0x00000001e63fc000 	/System/Library/PrivateFrameworks/NewsCore.framework/Versions/A/NewsCore
0x000000026bba7000 	/System/Library/PrivateFrameworks/TeaDB.framework/Versions/A/TeaDB
0x00000001e30a3000 	/System/Library/PrivateFrameworks/RemoteConfiguration.framework/Versions/A/RemoteConfiguration
0x00000001e6036000 	/System/Library/PrivateFrameworks/NewsTransport.framework/Versions/A/NewsTransport
0x00000001e63ec000 	/System/Library/PrivateFrameworks/NewsFoundation.framework/Versions/A/NewsFoundation
0x000000025a884000 	/System/Library/PrivateFrameworks/NewsURLBucket.framework/Versions/A/NewsURLBucket
0x00000001bf920000 	/System/Library/PrivateFrameworks/MobileInstallation.framework/Versions/A/MobileInstallation
0x000000026de10000 	/System/Library/PrivateFrameworks/TipKitCore.framework/Versions/A/TipKitCore
0x00000001c46bb000 	/System/Library/PrivateFrameworks/CoreCDPInternal.framework/Versions/A/CoreCDPInternal
0x00000001b44a6000 	/System/Library/PrivateFrameworks/AccountsDaemon.framework/Versions/A/AccountsDaemon
0x0000000260f73000 	/System/Library/PrivateFrameworks/RegulatoryDomain.framework/Versions/A/RegulatoryDomain
0x00000001dbfd3000 	/System/Library/PrivateFrameworks/MachineSettings.framework/Versions/A/MachineSettings
0x00000001ce450000 	/System/Library/PrivateFrameworks/BezelServices.framework/Versions/A/BezelServices
0x00000001c6435000 	/System/Library/PrivateFrameworks/SPOwner.framework/Versions/A/SPOwner
0x00000001bf75b000 	/System/Library/PrivateFrameworks/FMCore.framework/Versions/A/FMCore
0x0000000275980000 	/System/Library/PrivateFrameworks/iCloudQuota.framework/Versions/A/iCloudQuota
0x00000001b4ed7000 	/System/Library/PrivateFrameworks/CoreRecognition.framework/Versions/A/CoreRecognition
0x00000001ce505000 	/System/Library/PrivateFrameworks/InAppMessages.framework/Versions/A/InAppMessages
0x00000001ef560000 	/System/Library/PrivateFrameworks/JetUI.framework/Versions/A/JetUI
0x0000000253d8a000 	/System/Library/PrivateFrameworks/JetPack.framework/Versions/A/JetPack
0x00000001ce4fc000 	/System/Library/PrivateFrameworks/InAppMessagesCore.framework/Versions/A/InAppMessagesCore
0x0000000275078000 	/System/Library/PrivateFrameworks/_JetEngine_SwiftUI.framework/Versions/A/_JetEngine_SwiftUI
0x000000026b4f7000 	/System/Library/PrivateFrameworks/Synapse.framework/Versions/A/Synapse
0x000000023f511000 	/System/Library/PrivateFrameworks/CSExattrCrypto.framework/Versions/A/CSExattrCrypto
0x00000001b0865000 	/System/Library/PrivateFrameworks/IMSharedUtilities.framework/Versions/A/IMSharedUtilities
0x00000001c9820000 	/System/Library/Frameworks/InstantMessage.framework/Versions/A/InstantMessage
0x00000001c22a1000 	/System/Library/PrivateFrameworks/IDSKVStore.framework/Versions/A/IDSKVStore
0x00000001c20e1000 	/System/Library/PrivateFrameworks/IMDPersistence.framework/Versions/A/IMDPersistence
0x000000027b69d000 	/usr/lib/swift/libswiftAppleArchive.dylib
0x00000002704fe000 	/System/Library/PrivateFrameworks/UserSafety.framework/Versions/A/UserSafety
0x00000001e150c000 	/System/Library/PrivateFrameworks/BlastDoor.framework/Versions/A/BlastDoor
0x00000001f95e4000 	/System/Library/Frameworks/SensitiveContentAnalysis.framework/Versions/A/SensitiveContentAnalysis
0x0000000254e70000 	/System/Library/PrivateFrameworks/LinkPresentationStyleSheetParsing.framework/Versions/A/LinkPresentationStyleSheetParsing
0x00000001bbb00000 	/System/Library/PrivateFrameworks/CoreSDB.framework/Versions/A/CoreSDB
0x000000023d8e5000 	/System/Library/PrivateFrameworks/AskToCore.framework/Versions/A/AskToCore
0x00000001c08ea000 	/System/Library/PrivateFrameworks/StoreFoundation.framework/Versions/A/StoreFoundation
0x00000001bf755000 	/System/Library/PrivateFrameworks/ServerInformation.framework/Versions/A/ServerInformation
0x00000001bf1c6000 	/System/Library/PrivateFrameworks/Install.framework/Frameworks/DistributionKit.framework/Versions/A/DistributionKit
0x00000001b8dbd000 	/System/Library/PrivateFrameworks/PackageKit.framework/Versions/A/PackageKit
0x00000001bf1e9000 	/System/Library/PrivateFrameworks/OSPersonalization.framework/Versions/A/OSPersonalization
0x00000001c0e56000 	/System/Library/PrivateFrameworks/BridgeOSSoftwareUpdate.framework/Versions/A/BridgeOSSoftwareUpdate
0x00000001bbf7c000 	/System/Library/PrivateFrameworks/StorageManagement.framework/Versions/A/StorageManagement
0x00000001cf807000 	/usr/lib/libauthinstall.dylib
0x00000001c0e5f000 	/System/Library/PrivateFrameworks/InstallerDiagnostics.framework/Versions/A/InstallerDiagnostics
0x00000001cfe3a000 	/usr/lib/libcrypto.42.dylib
0x00000001c0e44000 	/System/Library/PrivateFrameworks/GPUInfo.framework/Versions/A/GPUInfo
0x00000001ce5fc000 	/System/Library/PrivateFrameworks/MobileActivationMacOS.framework/Versions/A/MobileActivationMacOS
0x00000001aa0dc000 	/System/Library/PrivateFrameworks/GenerationalStorage.framework/Versions/A/GenerationalStorage
0x00000001a563c000 	/System/Library/PrivateFrameworks/CacheDelete.framework/Versions/A/CacheDelete
0x00000001ad51a000 	/System/Library/Frameworks/QuickLookThumbnailing.framework/Versions/A/QuickLookThumbnailing
0x00000001a9f0e000 	/System/Library/Frameworks/FileProvider.framework/Versions/A/FileProvider
0x00000001986b3000 	/System/Library/PrivateFrameworks/DesktopServicesPriv.framework/Versions/A/DesktopServicesPriv
0x000000019a975000 	/System/Library/Frameworks/Accounts.framework/Versions/A/Accounts
0x00000001c0ea3000 	/System/Library/PrivateFrameworks/AOSKit.framework/Versions/A/AOSKit
0x00000001a2aa7000 	/System/Library/PrivateFrameworks/AppSSOCore.framework/Versions/A/AppSSOCore
0x00000001acbc7000 	/System/Library/PrivateFrameworks/AppSupport.framework/Versions/A/AppSupport
0x00000001baf86000 	/System/Library/Frameworks/AVFoundation.framework/Versions/A/AVFoundation
0x00000001ad43d000 	/System/Library/PrivateFrameworks/DuetActivityScheduler.framework/Versions/A/DuetActivityScheduler
0x00000001bbaa7000 	/System/Library/PrivateFrameworks/FTServices.framework/Versions/A/FTServices
0x00000001ccc21000 	/System/Library/PrivateFrameworks/NetworkServiceProxy.framework/Versions/A/NetworkServiceProxy
0x00000001ad403000 	/System/Library/PrivateFrameworks/StreamingZip.framework/Versions/A/StreamingZip
0x00000001ac4f3000 	/System/Library/PrivateFrameworks/CoreWiFi.framework/Versions/A/CoreWiFi
0x00000001a5568000 	/System/Library/PrivateFrameworks/MobileAsset.framework/Versions/A/MobileAsset
0x00000001ab0b4000 	/System/Library/PrivateFrameworks/Rapport.framework/Versions/A/Rapport
0x000000026b25a000 	/System/Library/PrivateFrameworks/Symptoms.framework/Versions/A/Frameworks/SymptomAnalytics.framework/Versions/A/SymptomAnalytics
0x00000001a8c54000 	/usr/lib/libnetworkextension.dylib
0x000000027af83000 	/usr/lib/libmrc.dylib
0x00000002502ab000 	/System/Library/PrivateFrameworks/IPConfiguration.framework/Versions/A/IPConfiguration
0x00000001dbe1b000 	/System/Library/PrivateFrameworks/Netrb.framework/Versions/A/Netrb
0x00000001e6d9e000 	/System/Library/PrivateFrameworks/WiFiPeerToPeer.framework/Versions/A/WiFiPeerToPeer
0x00000001c2a41000 	/System/Library/PrivateFrameworks/SoftwareUpdateCoreSupport.framework/Versions/A/SoftwareUpdateCoreSupport
0x00000001ca3e2000 	/System/Library/PrivateFrameworks/SoftwareUpdateCoreConnect.framework/Versions/A/SoftwareUpdateCoreConnect
0x00000001aca7f000 	/System/Library/PrivateFrameworks/RemoteServiceDiscovery.framework/Versions/A/RemoteServiceDiscovery
0x00000001c26c7000 	/System/Library/PrivateFrameworks/MSUDataAccessor.framework/Versions/A/MSUDataAccessor
0x00000001bdebc000 	/usr/lib/libbootpolicy.dylib
0x00000001aca95000 	/System/Library/PrivateFrameworks/RemoteXPC.framework/Versions/A/RemoteXPC
0x00000001c9830000 	/usr/lib/libFDR.dylib
0x00000001cf8da000 	/usr/lib/libamsupport.dylib
0x000000027a6d6000 	/usr/lib/libReverseProxyDevice.dylib
0x000000023c90b000 	/System/Library/PrivateFrameworks/AppleDeviceQuerySupport.framework/Versions/A/AppleDeviceQuerySupport
0x00000001d27c7000 	/usr/lib/libpartition2_dynamic.dylib
0x00000001a10a1000 	/System/Library/Frameworks/UserNotifications.framework/Versions/A/UserNotifications
0x00000001e20d0000 	/System/Library/Frameworks/CryptoKit.framework/Versions/A/CryptoKit
0x00000001ad3db000 	/System/Library/PrivateFrameworks/CryptoKitCBridging.framework/Versions/A/CryptoKitCBridging
0x00000001aac2a000 	/System/Library/Frameworks/CryptoTokenKit.framework/Versions/A/CryptoTokenKit
0x00000001d6324000 	/usr/lib/swift/libswiftCryptoTokenKit.dylib
0x00000001aac8e000 	/System/Library/Frameworks/LocalAuthentication.framework/Versions/A/LocalAuthentication
0x0000000255045000 	/System/Library/PrivateFrameworks/LocalAuthenticationCore.framework/Versions/A/LocalAuthenticationCore
0x00000001aace3000 	/System/Library/Frameworks/LocalAuthentication.framework/Support/SharedUtils.framework/Versions/A/SharedUtils
0x00000001a56d4000 	/usr/lib/libTelephonyUtilDynamic.dylib
0x00000001a9cb7000 	/System/Library/PrivateFrameworks/SymptomDiagnosticReporter.framework/Versions/A/SymptomDiagnosticReporter
0x0000000244c27000 	/System/Library/PrivateFrameworks/CryptoKitPrivate.framework/Versions/A/CryptoKitPrivate
0x000000019ca89000 	/System/Library/PrivateFrameworks/ApplePushService.framework/Versions/A/ApplePushService
0x00000001bb1b1000 	/System/Library/PrivateFrameworks/FindMyDevice.framework/Versions/A/FindMyDevice
0x000000019a9fa000 	/System/Library/PrivateFrameworks/CommonUtilities.framework/Versions/A/CommonUtilities
0x00000001d1251000 	/System/Library/PrivateFrameworks/DeviceIdentity.framework/Versions/A/DeviceIdentity
0x00000001a31d1000 	/System/Library/PrivateFrameworks/Bom.framework/Versions/A/Bom
0x00000001a5198000 	/usr/lib/libParallelCompression.dylib
0x00000001a518a000 	/System/Library/PrivateFrameworks/MultiverseSupport.framework/Versions/A/MultiverseSupport
0x00000001b0cc2000 	/System/Library/PrivateFrameworks/FMCoreLite.framework/Versions/A/FMCoreLite
0x00000001a0dfd000 	/System/Library/PrivateFrameworks/AuthKit.framework/Versions/A/AuthKit
0x00000001a9dea000 	/System/Library/PrivateFrameworks/DiskManagement.framework/Versions/A/DiskManagement
0x00000001a9cf6000 	/System/Library/PrivateFrameworks/AppleIDAuthSupport.framework/Versions/A/AppleIDAuthSupport
0x0000000239567000 	/System/Library/PrivateFrameworks/AAAFoundation.framework/Versions/A/AAAFoundation
0x00000001a5688000 	/System/Library/PrivateFrameworks/KeychainCircle.framework/Versions/A/KeychainCircle
0x00000001b58b5000 	/System/Library/PrivateFrameworks/URLFormatting.framework/Versions/A/URLFormatting
0x00000001acb33000 	/usr/lib/libcsfde.dylib
0x00000001a2c31000 	/usr/lib/libCoreStorage.dylib
0x00000001a6a47000 	/System/Library/PrivateFrameworks/ProtectedCloudStorage.framework/Versions/A/ProtectedCloudStorage
0x00000001acb2e000 	/System/Library/PrivateFrameworks/EFILogin.framework/Versions/A/EFILogin
0x00000001b4b5d000 	/System/Library/PrivateFrameworks/CloudServices.framework/Versions/A/CloudServices
0x00000001aa103000 	/System/Library/PrivateFrameworks/OctagonTrust.framework/Versions/A/OctagonTrust
0x00000001aa81d000 	/System/Library/PrivateFrameworks/AVFCore.framework/Versions/A/AVFCore
0x00000001b35e7000 	/System/Library/PrivateFrameworks/AVFCapture.framework/Versions/A/AVFCapture
0x00000001a3ea7000 	/System/Library/Frameworks/MediaToolbox.framework/Versions/A/MediaToolbox
0x00000001a9edf000 	/System/Library/PrivateFrameworks/CoreAVCHD.framework/Versions/A/CoreAVCHD
0x00000001a9edb000 	/System/Library/PrivateFrameworks/Mangrove.framework/Versions/A/Mangrove
0x000000023f401000 	/System/Library/PrivateFrameworks/CMPhoto.framework/Versions/A/CMPhoto
0x00000001aa63a000 	/System/Library/Frameworks/CoreTelephony.framework/Versions/A/CoreTelephony
0x00000001a9ece000 	/System/Library/PrivateFrameworks/CoreAUC.framework/Versions/A/CoreAUC
0x000000023cd4d000 	/System/Library/PrivateFrameworks/AppleJPEGXL.framework/Versions/A/AppleJPEGXL
0x000000023f22d000 	/System/Library/PrivateFrameworks/CMImaging.framework/Versions/A/CMImaging
0x00000001b37ff000 	/System/Library/PrivateFrameworks/Quagga.framework/Versions/A/Quagga
0x00000001b3932000 	/System/Library/PrivateFrameworks/CMCapture.framework/Versions/A/CMCapture
0x00000001a526c000 	/System/Library/Frameworks/CoreMediaIO.framework/Versions/A/CoreMediaIO
0x00000001ad566000 	/System/Library/PrivateFrameworks/Espresso.framework/Versions/A/Espresso
0x00000001f0bd1000 	/System/Library/PrivateFrameworks/ANECompiler.framework/Versions/A/ANECompiler
0x00000001af54c000 	/System/Library/PrivateFrameworks/AppleNeuralEngine.framework/Versions/A/AppleNeuralEngine
0x00000001f6e70000 	/System/Library/Frameworks/MetalPerformanceShadersGraph.framework/Versions/A/MetalPerformanceShadersGraph
0x0000000255b3d000 	/System/Library/PrivateFrameworks/MLCompilerServices.framework/Versions/A/MLCompilerServices
0x00000001ae422000 	/System/Library/PrivateFrameworks/ANEServices.framework/Versions/A/ANEServices
0x00000001c0c18000 	/usr/lib/libncurses.5.4.dylib
0x0000000196fff000 	/usr/lib/libsandbox.1.dylib
0x00000001a2c29000 	/usr/lib/libMatch.1.dylib
0x0000000255ae1000 	/System/Library/PrivateFrameworks/MLCompilerRuntime.framework/Versions/A/MLCompilerRuntime
0x000000023f163000 	/System/Library/PrivateFrameworks/CMCaptureDevice.framework/Versions/A/CMCaptureDevice
0x000000023ff53000 	/System/Library/PrivateFrameworks/CinematicFraming.framework/Versions/A/CinematicFraming
0x00000001babaf000 	/System/Library/Frameworks/CoreMotion.framework/Versions/A/CoreMotion
0x00000001c98d9000 	/System/Library/PrivateFrameworks/TimeSync.framework/Versions/A/TimeSync
0x00000002456c7000 	/System/Library/PrivateFrameworks/DistributedSensing.framework/Versions/A/DistributedSensing
0x00000001c57a8000 	/System/Library/PrivateFrameworks/MobileBluetooth.framework/Versions/A/MobileBluetooth
0x00000001a4e40000 	/System/Library/PrivateFrameworks/LocationSupport.framework/Versions/A/LocationSupport
0x00000001cb39b000 	/System/Library/PrivateFrameworks/IOKitten.framework/Versions/A/IOKitten
0x000000019891e000 	/System/Library/PrivateFrameworks/CoreDuet.framework/Versions/A/CoreDuet
0x00000001abe4c000 	/System/Library/PrivateFrameworks/CoreDuetContext.framework/Versions/A/CoreDuetContext
0x00000001c6355000 	/System/Library/PrivateFrameworks/BiomeFoundation.framework/Versions/A/BiomeFoundation
0x000000023e092000 	/System/Library/PrivateFrameworks/BiomeLibrary.framework/Versions/A/BiomeLibrary
0x00000001c9957000 	/System/Library/PrivateFrameworks/BiomeStreams.framework/Versions/A/BiomeStreams
0x00000001cfc85000 	/System/Library/PrivateFrameworks/BiomePubSub.framework/Versions/A/BiomePubSub
0x000000019caf1000 	/System/Library/Frameworks/CloudKit.framework/Versions/A/CloudKit
0x00000001abea2000 	/System/Library/Frameworks/Intents.framework/Versions/A/Intents
0x00000001ae5ca000 	/System/Library/PrivateFrameworks/CoreDuetDaemonProtocol.framework/Versions/A/CoreDuetDaemonProtocol
0x00000001ae450000 	/System/Library/PrivateFrameworks/ProactiveSupport.framework/Versions/A/ProactiveSupport
0x000000025f7d1000 	/System/Library/PrivateFrameworks/PoirotSchematizer.framework/Versions/A/PoirotSchematizer
0x000000023e72c000 	/System/Library/PrivateFrameworks/BiomeSync.framework/Versions/A/BiomeSync
0x000000023e073000 	/System/Library/PrivateFrameworks/BiomeFlexibleStorage.framework/Versions/A/BiomeFlexibleStorage
0x000000023e057000 	/System/Library/PrivateFrameworks/BiomeDSL.framework/Versions/A/BiomeDSL
0x00000001cfce2000 	/System/Library/PrivateFrameworks/BiomeStorage.framework/Versions/A/BiomeStorage
0x000000025f83e000 	/System/Library/PrivateFrameworks/PoirotUDFs.framework/Versions/A/PoirotUDFs
0x000000025f7a0000 	/System/Library/PrivateFrameworks/PoirotSQLite.framework/Versions/A/PoirotSQLite
0x00000001acecf000 	/System/Library/PrivateFrameworks/InternationalTextSearch.framework/Versions/A/InternationalTextSearch
0x0000000253669000 	/System/Library/PrivateFrameworks/IntelligencePlatformLibrary.framework/Versions/A/IntelligencePlatformLibrary
0x000000023fb18000 	/System/Library/PrivateFrameworks/CascadeSets.framework/Versions/A/CascadeSets
0x00000001a6126000 	/System/Library/PrivateFrameworks/IDS.framework/Versions/A/IDS
0x00000001a4dc6000 	/System/Library/PrivateFrameworks/IMFoundation.framework/Versions/A/IMFoundation
0x00000001b4e8c000 	/System/Library/PrivateFrameworks/Marco.framework/Versions/A/Marco
0x00000001a62f3000 	/System/Library/PrivateFrameworks/IDSFoundation.framework/Versions/A/IDSFoundation
0x00000001b1bac000 	/System/Library/PrivateFrameworks/Engram.framework/Versions/A/Engram
0x00000001b1b4c000 	/usr/lib/libtidy.A.dylib
0x00000001c9440000 	/System/Library/PrivateFrameworks/FTAWD.framework/Versions/A/FTAWD
0x00000001f96a4000 	/System/Library/Frameworks/SharedWithYouCore.framework/Versions/A/SharedWithYouCore
0x00000001acf9a000 	/System/Library/PrivateFrameworks/AppleAccount.framework/Versions/A/AppleAccount
0x00000001ad4c0000 	/System/Library/PrivateFrameworks/C2.framework/Versions/A/C2
0x000000019e2e3000 	/System/Library/Frameworks/CoreLocation.framework/Versions/A/CoreLocation
0x0000000240301000 	/System/Library/PrivateFrameworks/CloudAssets.framework/Versions/A/CloudAssets
0x00000001ad4b7000 	/System/Library/Frameworks/PushKit.framework/Versions/A/PushKit
0x00000001d7df8000 	/usr/lib/swift/libswiftAVFoundation.dylib
0x00000001c2088000 	/usr/lib/swift/libswiftCoreLocation.dylib
0x00000001c209e000 	/usr/lib/swift/libswiftCoreMIDI.dylib
0x00000001d6326000 	/usr/lib/swift/libswiftCoreMedia.dylib
0x00000001a6587000 	/System/Library/PrivateFrameworks/Sharing.framework/Versions/A/Sharing
0x00000001ac4f2000 	/System/Library/PrivateFrameworks/Apple80211.framework/Versions/A/Apple80211
0x00000001a03b8000 	/System/Library/Frameworks/CoreWLAN.framework/Versions/A/CoreWLAN
0x00000001b05b7000 	/System/Library/PrivateFrameworks/AssistantServices.framework/Versions/A/AssistantServices
0x00000001aaeb7000 	/System/Library/PrivateFrameworks/SAObjects.framework/Versions/A/SAObjects
0x00000001b01ef000 	/System/Library/PrivateFrameworks/MediaRemote.framework/Versions/A/MediaRemote
0x00000001c12fa000 	/System/Library/PrivateFrameworks/SiriInstrumentation.framework/Versions/A/SiriInstrumentation
0x000000026306e000 	/System/Library/PrivateFrameworks/SiriAnalytics.framework/Versions/A/SiriAnalytics
0x0000000268c24000 	/System/Library/PrivateFrameworks/SiriTTSService.framework/Versions/A/SiriTTSService
0x0000000263a2a000 	/System/Library/PrivateFrameworks/SiriCrossDeviceArbitration.framework/Versions/A/SiriCrossDeviceArbitration
0x00000001bef93000 	/System/Library/PrivateFrameworks/FeedbackLogger.framework/Versions/A/FeedbackLogger
0x0000000263a7e000 	/System/Library/PrivateFrameworks/SiriCrossDeviceArbitrationFeedback.framework/Versions/A/SiriCrossDeviceArbitrationFeedback
0x000000024d469000 	/System/Library/PrivateFrameworks/GenerativeModels.framework/Versions/A/GenerativeModels
0x00000001b4cf8000 	/System/Library/PrivateFrameworks/MediaServices.framework/Versions/A/MediaServices
0x00000001a2e94000 	/System/Library/PrivateFrameworks/PersistentConnection.framework/Versions/A/PersistentConnection
0x00000001a6d20000 	/System/Library/PrivateFrameworks/GeoServices.framework/Versions/A/GeoServices
0x000000024d691000 	/System/Library/PrivateFrameworks/GeoServicesCore.framework/Versions/A/GeoServicesCore
0x00000001b58b3000 	/System/Library/PrivateFrameworks/PhoneNumbers.framework/Versions/A/PhoneNumbers
0x000000024512f000 	/System/Library/PrivateFrameworks/Dendrite.framework/Versions/A/Dendrite
0x000000023da0b000 	/System/Library/PrivateFrameworks/AtomicsInternal.framework/Versions/A/AtomicsInternal
0x00000001c2e98000 	/usr/lib/libtailspin.dylib
0x00000001d5e22000 	/System/Library/PrivateFrameworks/Osprey.framework/Versions/A/Osprey
0x00000002682a3000 	/System/Library/PrivateFrameworks/SiriTTS.framework/Versions/A/SiriTTS
0x00000001bbbc4000 	/System/Library/Frameworks/NaturalLanguage.framework/Versions/A/NaturalLanguage
0x0000000266fdd000 	/System/Library/PrivateFrameworks/SiriPowerInstrumentation.framework/Versions/A/SiriPowerInstrumentation
0x00000001bc9e9000 	/System/Library/PrivateFrameworks/Trial.framework/Versions/A/Trial
0x00000001bc96b000 	/System/Library/PrivateFrameworks/TrialProto.framework/Versions/A/TrialProto
0x000000026fd74000 	/System/Library/PrivateFrameworks/UnifiedAssetFramework.framework/Versions/A/UnifiedAssetFramework
0x00000001e6d22000 	/usr/lib/swift/libswiftNaturalLanguage.dylib
0x000000026bba5000 	/System/Library/PrivateFrameworks/TailspinSymbolication.framework/Versions/A/TailspinSymbolication
0x0000000244e3e000 	/System/Library/PrivateFrameworks/Darwinup.framework/Versions/A/Darwinup
0x00000001cebfd000 	/System/Library/PrivateFrameworks/SignpostSupport.framework/Versions/A/SignpostSupport
0x00000001bba8d000 	/System/Library/PrivateFrameworks/FeatureFlagsSupport.framework/Versions/A/FeatureFlagsSupport
0x00000001ce360000 	/System/Library/PrivateFrameworks/ktrace.framework/Versions/A/ktrace
0x00000001cee7d000 	/System/Library/PrivateFrameworks/SampleAnalysis.framework/Versions/A/SampleAnalysis
0x00000001d76be000 	/System/Library/PrivateFrameworks/kperfdata.framework/Versions/A/kperfdata
0x00000001a6c01000 	/usr/lib/libdscsym.dylib
0x00000001d7b56000 	/System/Library/PrivateFrameworks/BulkSymbolication.framework/Versions/A/BulkSymbolication
0x000000019cf8c000 	/System/Library/Frameworks/CoreML.framework/Versions/A/CoreML
0x00000001e4ffc000 	/usr/lib/libedit.3.dylib
0x00000001a09fe000 	/System/Library/Frameworks/MLCompute.framework/Versions/A/MLCompute
0x0000000255990000 	/System/Library/PrivateFrameworks/MLAssetIO.framework/Versions/A/MLAssetIO
0x000000027b6df000 	/usr/lib/swift/libswiftMLCompute.dylib
0x00000001954d5000 	/System/Library/PrivateFrameworks/LanguageModeling.framework/Versions/A/LanguageModeling
0x000000019a03c000 	/System/Library/PrivateFrameworks/Montreal.framework/Versions/A/Montreal
0x00000001a132c000 	/usr/lib/libcmph.dylib
0x000000024d52b000 	/System/Library/PrivateFrameworks/GenerativeModelsFoundation.framework/Versions/A/GenerativeModelsFoundation
0x000000026e13b000 	/System/Library/PrivateFrameworks/TokenGeneration.framework/Versions/A/TokenGeneration
0x000000024d302000 	/System/Library/PrivateFrameworks/GenerativeFunctions.framework/Versions/A/GenerativeFunctions
0x000000024d353000 	/System/Library/PrivateFrameworks/GenerativeFunctionsFoundation.framework/Versions/A/GenerativeFunctionsFoundation
0x00000002588e4000 	/System/Library/PrivateFrameworks/ModelCatalog.framework/Versions/A/ModelCatalog
0x000000026296b000 	/System/Library/PrivateFrameworks/SensitiveContentAnalysisML.framework/Versions/A/SensitiveContentAnalysisML
0x000000024d402000 	/System/Library/PrivateFrameworks/GenerativeFunctionsInstrumentation.framework/Versions/A/GenerativeFunctionsInstrumentation
0x0000000260863000 	/System/Library/PrivateFrameworks/PromptKit.framework/Versions/A/PromptKit
0x000000026038d000 	/System/Library/PrivateFrameworks/ProactiveDaemonSupport.framework/Versions/A/ProactiveDaemonSupport
0x000000026e2f3000 	/System/Library/PrivateFrameworks/TokenGenerationCore.framework/Versions/A/TokenGenerationCore
0x00000002713eb000 	/System/Library/PrivateFrameworks/VectorSearch.framework/Versions/A/VectorSearch
0x0000000258ba9000 	/System/Library/PrivateFrameworks/ModelManagerServices.framework/Versions/A/ModelManagerServices
0x000000023c96d000 	/System/Library/PrivateFrameworks/AppleFlatBuffers.framework/Versions/A/AppleFlatBuffers
0x00000001b52a2000 	/System/Library/PrivateFrameworks/ProactiveEventTracker.framework/Versions/A/ProactiveEventTracker
0x0000000239583000 	/System/Library/PrivateFrameworks/AAAFoundationSwift.framework/Versions/A/AAAFoundationSwift
0x00000001ad1ef000 	/System/Library/PrivateFrameworks/AppleIDSSOAuthentication.framework/Versions/A/AppleIDSSOAuthentication
0x00000001c8bcb000 	/usr/lib/swift/libswiftCompression.dylib
0x0000000262af6000 	/System/Library/PrivateFrameworks/SentencePieceInternal.framework/Versions/A/SentencePieceInternal
0x00000001a9082000 	/System/Library/Frameworks/Vision.framework/Versions/A/Vision
0x0000000244892000 	/System/Library/PrivateFrameworks/CoreSceneUnderstanding.framework/Versions/A/CoreSceneUnderstanding
0x0000000271f76000 	/System/Library/PrivateFrameworks/VisionCore.framework/Versions/A/VisionCore
0x00000001c4799000 	/System/Library/Frameworks/Vision.framework/libfaceCore.dylib
0x00000001c5293000 	/System/Library/PrivateFrameworks/Futhark.framework/Versions/A/Futhark
0x00000001c8993000 	/System/Library/PrivateFrameworks/InertiaCam.framework/Versions/A/InertiaCam
0x00000001c5046000 	/System/Library/PrivateFrameworks/TextRecognition.framework/Versions/A/TextRecognition
0x00000001a2ac7000 	/System/Library/PrivateFrameworks/CVNLP.framework/Versions/A/CVNLP
0x000000024c084000 	/System/Library/PrivateFrameworks/GRDBInternal.framework/Versions/A/GRDBInternal
0x00000001af2ba000 	/System/Library/PrivateFrameworks/RTCReporting.framework/Versions/A/RTCReporting
0x00000001ad4a6000 	/System/Library/PrivateFrameworks/IntentsFoundation.framework/Versions/A/IntentsFoundation
0x00000001a5eaf000 	/System/Library/Frameworks/NetworkExtension.framework/Versions/A/NetworkExtension
0x00000001c0799000 	/System/Library/PrivateFrameworks/CaptiveNetwork.framework/Versions/A/CaptiveNetwork
0x00000001aca3f000 	/System/Library/PrivateFrameworks/EAP8021X.framework/Versions/A/EAP8021X
0x00000001cee49000 	/System/Library/PrivateFrameworks/UIKitServices.framework/Versions/A/UIKitServices
0x000000011c09c000 	/System/Library/Extensions/AGXMetal13_3.bundle/Contents/MacOS/AGXMetal13_3
0x00000001b4baa000 	/System/Library/PrivateFrameworks/IOGPU.framework/Versions/A/IOGPU
0x00000001c206d000 	/System/Library/Frameworks/Accelerate.framework/Versions/A/Frameworks/vImage.framework/Versions/A/Libraries/libCGInterfaces.dylib
0x000000023ab71000 	/System/Library/PrivateFrameworks/AccessibilityBundles.framework/Versions/A/AccessibilityBundles
0x00000001c5384000 	/System/Library/CoreServices/RawCamera.bundle/Contents/MacOS/RawCamera
0x000000011e540000 	/Applications/REAPER.app/Contents/Plugins/elastique3.dylib
0x000000011c00c000 	/Applications/REAPER.app/Contents/Plugins/soundtouch.dylib
0x000000011e504000 	/Applications/REAPER.app/Contents/Plugins/rubberband.dylib
0x0000000126204000 	/Applications/REAPER.app/Contents/Plugins/jsfx.dylib
0x000000011e478000 	/Applications/REAPER.app/Contents/Plugins/reaper_wave.dylib
0x000000011e400000 	/Applications/REAPER.app/Contents/Plugins/reaper_mp3dec.dylib
0x0000000127500000 	/Applications/REAPER.app/Contents/Plugins/libmp3lame.dylib
0x000000012758c000 	/Applications/REAPER.app/Contents/Plugins/reaper_midi.dylib
0x000000011e4b4000 	/Applications/REAPER.app/Contents/Plugins/reaper_wavpack.dylib
0x0000000126280000 	/Applications/REAPER.app/Contents/Plugins/reaper_opus.dylib
0x000000011e58c000 	/Applications/REAPER.app/Contents/Plugins/reaper_flac.dylib
0x00000001273cc000 	/Applications/REAPER.app/Contents/Plugins/reaper_rex.dylib
0x000000011e5d8000 	/Applications/REAPER.app/Contents/Plugins/reaper_ddp.dylib
0x0000000126310000 	/Applications/REAPER.app/Contents/Plugins/reaper_explorer.dylib
0x0000000127748000 	/Applications/REAPER.app/Contents/Plugins/reaper_cd.dylib
0x00000001f510c000 	/System/Library/Frameworks/DiscRecordingUI.framework/Versions/A/DiscRecordingUI
0x0000000138efc000 	/Applications/REAPER.app/Contents/Plugins/reaper_ogg.dylib
0x0000000127768000 	/Applications/REAPER.app/Contents/Plugins/reaper_csurf.dylib
0x0000000138d10000 	/Applications/REAPER.app/Contents/Plugins/reaper_video.dylib
0x000000011c050000 	/Applications/REAPER.app/Contents/Plugins/reap_osx_modern.dylib
0x00000001baf87000 	/System/Library/Frameworks/AVKit.framework/Versions/A/AVKit
0x000000023aa22000 	/System/Library/PrivateFrameworks/AVKitCore.framework/Versions/A/AVKitCore
0x00000001d0845000 	/System/Library/PrivateFrameworks/PIP.framework/Versions/A/PIP
0x000000013c8a0000 	/opt/homebrew/Cellar/ffmpeg/9.0.1_1/lib/libavutil.61.1.101.dylib
0x000000013cb28000 	/opt/homebrew/Cellar/openssl@3/3.6.4/lib/libssl.3.dylib
0x000000013f838000 	/opt/homebrew/Cellar/openssl@3/3.6.4/lib/libcrypto.3.dylib
0x000000013cc04000 	/opt/homebrew/Cellar/ffmpeg/9.0.1_1/lib/libswscale.10.1.101.dylib
0x0000000127724000 	/opt/homebrew/Cellar/ffmpeg/9.0.1_1/lib/libswresample.7.1.101.dylib
0x0000000154b60000 	/opt/homebrew/Cellar/ffmpeg/9.0.1_1/lib/libavcodec.63.1.101.dylib
0x000000013d830000 	/opt/homebrew/Cellar/libvpx/1.17.0/lib/libvpx.12.dylib
0x0000000138e60000 	/opt/homebrew/Cellar/xz/5.8.3/lib/liblzma.5.dylib
0x000000013ccf8000 	/opt/homebrew/Cellar/dav1d/1.5.4/lib/libdav1d.7.dylib
0x000000013c800000 	/opt/homebrew/Cellar/lame/4.0/lib/libmp3lame.0.dylib
0x000000013ca4c000 	/opt/homebrew/Cellar/opus/1.6.1/lib/libopus.0.dylib
0x00000001541fc000 	/opt/homebrew/Cellar/svt-av1/4.2.0/lib/libSvtAv1Enc.4.2.0.dylib
0x000000013d9e4000 	/opt/homebrew/Cellar/x264/r3222/lib/libx264.165.dylib
0x00000001562b8000 	/opt/homebrew/Cellar/x265/4.3/lib/libx265.217.dylib
0x000000013c854000 	/opt/homebrew/Cellar/mpg123/1.33.7/lib/libmpg123.0.dylib
0x000000013fce0000 	/opt/homebrew/Cellar/ffmpeg/9.0.1_1/lib/libavformat.63.1.101.dylib
0x000000013ced4000 	/Applications/VLC.app/Contents/MacOS/lib/libvlccore.9.dylib
0x0000000160000000 	/Applications/VLC.app/Contents/MacOS/plugins/libavcodec_plugin.dylib
0x0000000138e90000 	/Applications/VLC.app/Contents/MacOS/lib/libvlc.5.dylib
0x0000000127708000 	/Applications/VLC.app/Contents/MacOS/plugins/libi420_rgb_plugin.dylib
0x00000001277cc000 	/Applications/VLC.app/Contents/MacOS/plugins/libi420_10_p010_plugin.dylib
0x00000001277e0000 	/Applications/VLC.app/Contents/MacOS/plugins/libscaletempo_pitch_plugin.dylib
0x0000000138ec0000 	/Applications/VLC.app/Contents/MacOS/plugins/libi420_yuy2_plugin.dylib
0x0000000138ed4000 	/Applications/VLC.app/Contents/MacOS/plugins/libi422_yuy2_plugin.dylib
0x0000000138ee8000 	/Applications/VLC.app/Contents/MacOS/plugins/libyuy2_i420_plugin.dylib
0x000000013caa8000 	/Applications/VLC.app/Contents/MacOS/plugins/libi420_nv12_plugin.dylib
0x000000013cac0000 	/Applications/VLC.app/Contents/MacOS/plugins/libyuy2_i422_plugin.dylib
0x000000013cad4000 	/Applications/VLC.app/Contents/MacOS/plugins/libkeychain_plugin.dylib
0x000000013caec000 	/Applications/VLC.app/Contents/MacOS/plugins/libi422_i420_plugin.dylib
0x000000013cb00000 	/Applications/VLC.app/Contents/MacOS/plugins/libgrey_yuv_plugin.dylib
0x000000013cb14000 	/Applications/VLC.app/Contents/MacOS/plugins/libchain_plugin.dylib
0x000000013cdf0000 	/Applications/VLC.app/Contents/MacOS/plugins/libscale_plugin.dylib
0x000000013ce04000 	/Applications/VLC.app/Contents/MacOS/plugins/libyuvp_plugin.dylib
0x000000013dcf0000 	/Applications/VLC.app/Contents/MacOS/plugins/libdav1d_plugin.dylib
0x000000013ce18000 	/Applications/VLC.app/Contents/MacOS/plugins/libyuv_plugin.dylib
0x000000013ce2c000 	/Applications/VLC.app/Contents/MacOS/plugins/libscaletempo_plugin.dylib
0x000000013de00000 	/Applications/VLC.app/Contents/MacOS/plugins/libswscale_plugin.dylib
0x00000001f374f000 	/System/Library/Frameworks/OpenGL.framework/Versions/A/Resources/GLEngine.bundle/GLEngine
0x00000001f35f4000 	/System/Library/Frameworks/OpenGL.framework/Versions/A/Libraries/libGLProgrammability.dylib
0x000000013dc18000 	/System/Library/Extensions/AppleMetalOpenGLRenderer.bundle/Contents/MacOS/AppleMetalOpenGLRenderer
0x00000001f38b0000 	/System/Library/Frameworks/OpenGL.framework/Versions/A/Resources/GLRendererFloat.bundle/GLRendererFloat
0x0000000154530000 	/Users/jonathankawchuk/Library/Application Support/REAPER/UserPlugins/reaper_command_palette.dylib
0x0000000156028000 	/Users/jonathankawchuk/Library/Application Support/REAPER/UserPlugins/reaper_csurf_integrator.dylib
0x000000013ce80000 	/Users/jonathankawchuk/Library/Application Support/REAPER/UserPlugins/reaper_ptx_import.dylib
0x000000013ce40000 	/Users/jonathankawchuk/Library/Application Support/REAPER/UserPlugins/reaper_pt_spot.dylib
0x000000013dec8000 	/Users/jonathankawchuk/Library/Application Support/REAPER/UserPlugins/reaper_drivenbymoss.dylib
0x0000000156a20000 	/Users/jonathankawchuk/Library/Application Support/REAPER/UserPlugins/reaper_imgui-arm64.dylib
0x00000001615b0000 	/Users/jonathankawchuk/Library/Application Support/REAPER/UserPlugins/reaper_sws-arm64.dylib
0x000000026c160000 	/System/Library/PrivateFrameworks/TextInputUI.framework/Versions/A/TextInputUI
0x000000026c184000 	/System/Library/PrivateFrameworks/TextInputUIMacHelper.framework/Versions/A/TextInputUIMacHelper
0x0000000261f8a000 	/System/Library/PrivateFrameworks/Sage.framework/Versions/A/Sage
0x000000013ce70000 	/Users/jonathankawchuk/Library/Application Support/REAPER/UserPlugins/reaper_reatc-arm64.dylib
0x0000000154a50000 	/Users/jonathankawchuk/Library/Application Support/REAPER/UserPlugins/reaper_helgobox-arm64.dylib
0x00000001651b8000 	/Users/jonathankawchuk/Library/Application Support/REAPER/UserPlugins/FX/helgobox-arm64.vst.dylib
0x0000000163e80000 	/Users/jonathankawchuk/Library/Application Support/REAPER/Helgoboss/App/bin/Contents/Frameworks/FlutterMacOS.framework/FlutterMacOS
0x0000000155d3c000 	/Users/jonathankawchuk/Library/Application Support/REAPER/UserPlugins/reaper_js_ReaScriptAPI64ARM.dylib
0x000000013cfb8000 	/Users/jonathankawchuk/Library/Application Support/REAPER/Helgoboss/App/bin/Contents/Frameworks/cryptography_flutter.framework/cryptography_flutter
0x0000000156dbc000 	/Users/jonathankawchuk/Library/Application Support/REAPER/UserPlugins/reaper_reamo.dylib
0x000000013cea0000 	/Users/jonathankawchuk/Library/Application Support/REAPER/Helgoboss/App/bin/Contents/Frameworks/device_info_plus.framework/device_info_plus
0x0000000157a08000 	/Users/jonathankawchuk/Library/Application Support/REAPER/UserPlugins/reaper_reapack-arm64.dylib
0x000000013cff0000 	/Users/jonathankawchuk/Library/Application Support/REAPER/Helgoboss/App/bin/Contents/Frameworks/desktop_drop.framework/desktop_drop
0x000000013df64000 	/Users/jonathankawchuk/Library/Application Support/REAPER/Helgoboss/App/bin/Contents/Frameworks/native_context_menu.framework/native_context_menu
0x000000013df80000 	/Users/jonathankawchuk/Library/Application Support/REAPER/Helgoboss/App/bin/Contents/Frameworks/path_provider_foundation.framework/path_provider_foundation
0x000000013dcb4000 	/Users/jonathankawchuk/Library/Application Support/REAPER/Helgoboss/App/bin/Contents/Frameworks/screen_retriever.framework/screen_retriever
0x000000013dfc4000 	/Users/jonathankawchuk/Library/Application Support/REAPER/Helgoboss/App/bin/Contents/Frameworks/url_launcher_macos.framework/url_launcher_macos
0x000000013ffb0000 	/Users/jonathankawchuk/Library/Application Support/REAPER/Helgoboss/App/bin/Contents/Frameworks/window_manager.framework/window_manager
0x000000013ff88000 	/Users/jonathankawchuk/Library/Application Support/REAPER/Helgoboss/App/bin/Contents/Frameworks/pointer_lock.framework/pointer_lock
0x000000013ff48000 	/Users/jonathankawchuk/Library/Application Support/REAPER/Helgoboss/App/bin/Contents/MacOS/helgobox
0x00000001cdf64000 	/usr/lib/swift/libswiftAppKit.dylib
0x0000000157c14000 	/Users/jonathankawchuk/Library/Application Support/REAPER/UserPlugins/reaper_ReacomaExtension.dylib
0x00000001257b0000 	/Users/jonathankawchuk/Library/Application Support/REAPER/UserPlugins/java-runtime/lib/libjli.dylib
0x0000000172234000 	/Users/jonathankawchuk/Library/Application Support/REAPER/UserPlugins/java-runtime/lib/server/libjvm.dylib
0x0000000125620000 	/Users/jonathankawchuk/Library/Application Support/REAPER/UserPlugins/java-runtime/lib/libjimage.dylib
0x0000000125778000 	/Users/jonathankawchuk/Library/Application Support/REAPER/UserPlugins/java-runtime/lib/libjava.dylib
0x0000000125a38000 	/Users/jonathankawchuk/Library/Application Support/REAPER/UserPlugins/java-runtime/lib/libnio.dylib
0x0000000125a58000 	/Users/jonathankawchuk/Library/Application Support/REAPER/UserPlugins/java-runtime/lib/libnet.dylib
0x0000000125a74000 	/Users/jonathankawchuk/Library/Application Support/REAPER/UserPlugins/java-runtime/lib/libzip.dylib
0x0000000125a9c000 	/Users/jonathankawchuk/Library/Application Support/REAPER/UserPlugins/java-runtime/lib/libverify.dylib
0x0000000126568000 	/Users/jonathankawchuk/Library/Application Support/REAPER/UserPlugins/java-runtime/lib/libawt.dylib
0x00000001f60c4000 	/System/Library/Frameworks/JavaRuntimeSupport.framework/Versions/A/JavaRuntimeSupport
0x0000000126740000 	/Users/jonathankawchuk/Library/Application Support/REAPER/UserPlugins/java-runtime/lib/libawt_lwawt.dylib
0x0000000125ab8000 	/Users/jonathankawchuk/Library/Application Support/REAPER/UserPlugins/java-runtime/lib/libosxapp.dylib
0x00000001b93c5000 	/System/Library/Frameworks/ExceptionHandling.framework/Versions/A/ExceptionHandling
0x00000001269d8000 	/Users/jonathankawchuk/Library/Application Support/REAPER/UserPlugins/java-runtime/lib/libfontmanager.dylib
0x0000000126878000 	/Users/jonathankawchuk/Library/Application Support/REAPER/UserPlugins/java-runtime/lib/libfreetype.dylib
0x0000000125ae8000 	/Applications/REAPER.app/Contents/Plugins/FX/reasurround2.vst.dylib
0x0000000154028000 	/Library/Audio/Plug-Ins/VST3/dpMeter5.vst3/Contents/MacOS/dpMeter5
0x00000003271d0000 	/Library/Audio/Plug-Ins/VST3/SonoBus.vst3/Contents/MacOS/SonoBus
0x00000001f49a5000 	/System/Library/Frameworks/CoreAudioKit.framework/Versions/A/CoreAudioKit
0x00000001f4172000 	/System/Library/Frameworks/AudioVideoBridging.framework/Versions/A/AudioVideoBridging
0x00000001df936000 	/System/Library/Frameworks/ScriptingBridge.framework/Versions/A/ScriptingBridge
0x0000000163be8000 	/System/Library/Components/CoreAudio.component/Contents/MacOS/CoreAudio
0x0000000324de0000 	/Library/Audio/Plug-Ins/Components/MusePlugin.component/Contents/MacOS/MusePlugin
0x000000011d978000 	/private/var/folders/6g/_dyszwd54rd36jmvjmmd4htw0000gn/T/usb4java17536947026504673535.tmp/libusb4java.dylib
0x000000011d944000 	/System/Library/Extensions/IOUSBHostFamily.kext/Contents/PlugIns/IOUSBLib.bundle/Contents/MacOS/IOUSBLib
0x000000011d9c8000 	/Users/jonathankawchuk/Library/Application Support/REAPER/UserPlugins/java-runtime/lib/libosxui.dylib
0x00000001f030a000 	/System/Library/PrivateFrameworks/VoiceShortcutClient.framework/Versions/A/VoiceShortcutClient
0x00000001c2b64000 	/System/Library/PrivateFrameworks/ChronoServices.framework/Versions/A/ChronoServices
0x00000002615ff000 	/System/Library/PrivateFrameworks/ReplicatorEngine.framework/Versions/A/ReplicatorEngine
0x00000002617b2000 	/System/Library/PrivateFrameworks/ReplicatorServices.framework/Versions/A/ReplicatorServices
0x000000026b773000 	/System/Library/PrivateFrameworks/SystemWake.framework/Versions/A/SystemWake
0x000000038244c000 	/Library/Audio/Plug-Ins/VST3/ReaSpeechLite.vst3/Contents/MacOS/ReaSpeechLite
0x0000000380cac000 	/System/Library/Components/AudioCodecs.component/Contents/MacOS/AudioCodecs
0x0000000384c84000 	/Library/Audio/Plug-Ins/VST3/DecentSampler.vst3/Contents/MacOS/DecentSampler
0x00000001541a8000 	/Applications/REAPER.app/Contents/Plugins/FX/reatune.vst.dylib
0x00000001c9f78000 	/System/Library/PrivateFrameworks/TextToSpeech.framework/Versions/A/TextToSpeech
0x00000001cf345000 	/System/Library/PrivateFrameworks/AXAssetLoader.framework/Versions/A/AXAssetLoader
0x000000038305c000 	/Library/Audio/Plug-Ins/VST/Soundtoys/LittlePlate.vst/Contents/MacOS/LittlePlate
0x0000000382000000 	/Library/Frameworks/PACEEdenExperience.framework/Versions/A/WrapPersist.bundle/Contents/MacOS/WrapPersist
0x000000027b0df000 	/usr/lib/libnwswifttls.dylib
0x00000001bbf79000 	/usr/lib/log/liblog_network.dylib

JVMTI agents: none


VM Arguments:
java_command: <unknown>
java_class_path (initial): /Users/jonathankawchuk/Library/Application Support/REAPER/UserPlugins/drivenbymoss-libs/DrivenByMoss4Reaper-26.6.4.jar:/Users/jonathankawchuk/Library/Application Support/REAPER/UserPlugins/drivenbymoss-libs/slf4j-ext-2.0.13.jar:/Users/jonathankawchuk/Library/Application Support/REAPER/UserPlugins/drivenbymoss-libs/jackson-databind-2.22.1.jar:/Users/jonathankawchuk/Library/Application Support/REAPER/UserPlugins/drivenbymoss-libs/jna-platform-5.19.1.jar:/Users/jonathankawchuk/Library/Application Support/REAPER/UserPlugins/drivenbymoss-libs/libusb4java-1.0.24-darwin.jar:/Users/jonathankawchuk/Library/Application Support/REAPER/UserPlugins/drivenbymoss-libs/usb4java-1.3.0.jar:/Users/jonathankawchuk/Library/Application Support/REAPER/UserPlugins/drivenbymoss-libs/purejavahidapi-0.0.21.jar:/Users/jonathankawchuk/Library/Application Support/REAPER/UserPlugins/drivenbymoss-libs/svg-salamander-1.1.2.2.jar:/Users/jonathankawchuk/Library/Application Support/REAPER/UserPlugins/drivenbymoss-libs/jackson-core-2.22.1.jar:/Users/jonathankawchuk/Library/Application Support/REAPER/UserPlugins/drivenbymoss-libs/inieditor-r6.jar:/Users/jonathankawchuk/Library/Application Support/REAPER/UserPlugins/drivenbymoss-libs/jackson-annotations-2.22.jar:/Users/jonathankawchuk/Library/Application Support/REAPER/UserPlugins/drivenbymoss-libs/slf4j-api-2.0.13.jar:/Users/jonathankawchuk/Library/Application Support/REAPER/UserPlugins/drivenbymoss-libs/nativefilechooser-1.3.1.jar:/Users/jonathankawchuk/Library/Application Support/REAPER/UserPlugins/drivenbymoss-libs/jamepad-2.30.0.0.jar:/Users/jonathankawchuk/Library/Application Support/REAPER/UserPlugins/drivenbymoss-libs/jna-5.19.1.jar:/Users/jonathankawchuk/Library/Application Support/REAPER/UserPlugins/drivenbymoss-libs/javaosc-core-0.9.jar:/Users/jonathankawchuk/Library/Application Support/REAPER/UserPlugins/drivenbymoss-libs/commons-lang3-3.8.1.jar:/Users/jonathankawchuk/Library/Application Support/REAPER/UserPlugins/drivenbymoss-libs/gdx-jnigen-loader-2.2.0.jar
Launcher Type: generic

[Global flags]
     intx CICompilerCount                          = 4                                         {product} {ergonomic}
     uint ConcGCThreads                            = 2                                         {product} {ergonomic}
     uint G1ConcRefinementThreads                  = 8                                         {product} {ergonomic}
   size_t G1HeapRegionSize                         = 2097152                                   {product} {ergonomic}
   size_t InitialHeapSize                          = 268435456                                 {product} {ergonomic}
   size_t MarkStackSize                            = 4194304                                   {product} {ergonomic}
   size_t MarkStackSizeMax                         = 536870912                                 {product} {ergonomic}
   size_t MaxHeapSize                              = 4294967296                                {product} {ergonomic}
   size_t MaxNewSize                               = 2575302656                                {product} {ergonomic}
   size_t MinHeapDeltaBytes                        = 2097152                                   {product} {ergonomic}
   size_t MinHeapSize                              = 8388608                                   {product} {ergonomic}
    uintx NonNMethodCodeHeapSize                   = 5849088                                {pd product} {ergonomic}
    uintx NonProfiledCodeHeapSize                  = 122912768                              {pd product} {ergonomic}
    uintx ProfiledCodeHeapSize                     = 122912768                              {pd product} {ergonomic}
    uintx ReservedCodeCacheSize                    = 251674624                              {pd product} {ergonomic}
     bool SegmentedCodeCache                       = true                                      {product} {ergonomic}
   size_t SoftMaxHeapSize                          = 4294967296                             {manageable} {ergonomic}
     bool UseCompressedOops                        = true                           {product lp64_product} {ergonomic}
     bool UseG1GC                                  = true                                      {product} {ergonomic}
     bool UseNUMA                                  = false                                     {product} {ergonomic}
     bool UseNUMAInterleaving                      = false                                     {product} {ergonomic}

Logging:
Log output configuration:
 #0: 
[error occurred during error reporting (printing log configuration), id 0xb, SIGSEGV (0xb) at pc=0x000000017297ea08]
Release file:
JAVA_VERSION="25.0.3" 
MODULES="java.base java.datatransfer java.xml java.prefs java.desktop java.instrument java.logging java.management java.security.sasl java.naming java.transaction.xa java.sql jdk.accessibility" 

Environment Variables:
PATH=/usr/bin:/bin:/usr/sbin:/sbin:/usr/local/bin:/Users/jonathankawchuk/flucoma-cli/bin
SHELL=/bin/zsh
TMPDIR=/var/folders/6g/_dyszwd54rd36jmvjmmd4htw0000gn/T/

Active Locale:
LC_ALL=C
LC_COLLATE=C
LC_CTYPE=C
LC_MESSAGES=C
LC_MONETARY=C
LC_NUMERIC=C
LC_TIME=C

Signal Handlers:
   SIGSEGV: crash_handler in libjvm.dylib, mask=11100110000111110111111111111111, flags=SA_ONSTACK|SA_RESTART|SA_SIGINFO, unblocked
    SIGBUS: crash_handler in libjvm.dylib, mask=11100110000111110111111111111111, flags=SA_RESTART|SA_SIGINFO, unblocked
    SIGFPE: crash_handler in libjvm.dylib, mask=11100110000111110111111111111111, flags=SA_RESTART|SA_SIGINFO, unblocked
   SIGPIPE: javaSignalHandler in libjvm.dylib, mask=11100110000111110111111111111111, flags=SA_RESTART|SA_SIGINFO, blocked
  *** Handler was modified!
  *** Expected: 0x000056f5ed668d20, mask=10110011000000000000000000000000, flags=none
  chained to: javaSignalHandler in libjvm.dylib, mask=11100110000111110111111111111111, flags=SA_RESTART|SA_SIGINFO
   SIGXFSZ: javaSignalHandler in libjvm.dylib, mask=11100110000111110111111111111111, flags=SA_RESTART|SA_SIGINFO, blocked
  *** Handler was modified!
  *** Expected: 0x000056f5ed668da0, mask=11001011000000000000000000000000, flags=none
    SIGILL: crash_handler in libjvm.dylib, mask=11100110000111110111111111111111, flags=SA_RESTART|SA_SIGINFO, unblocked
   SIGUSR2: SR_handler in libjvm.dylib, mask=00000000000000000000000000000000, flags=SA_RESTART|SA_SIGINFO, blocked
  *** Handler was modified!
  *** Expected: 0x000056f5ed668ce0, mask=11011011000000000000000000000000, flags=none
    SIGHUP: UserHandler in libjvm.dylib, mask=11100110000111110111111111111111, flags=SA_RESTART|SA_SIGINFO, blocked
    SIGINT: UserHandler in libjvm.dylib, mask=11100110000111110111111111111111, flags=SA_RESTART|SA_SIGINFO, blocked
   SIGTERM: UserHandler in libjvm.dylib, mask=11100110000111110111111111111111, flags=SA_RESTART|SA_SIGINFO, blocked
   SIGQUIT: UserHandler in libjvm.dylib, mask=11100110000111110111111111111111, flags=SA_RESTART|SA_SIGINFO, blocked
   SIGTRAP: crash_handler in libjvm.dylib, mask=11100110000111110111111111111111, flags=SA_RESTART|SA_SIGINFO, unblocked


Compilation memory statistics disabled.

Periodic native trim disabled

---------------  S Y S T E M  ---------------

OS:
uname: Darwin 24.6.0 Darwin Kernel Version 24.6.0: Wed Oct 15 21:08:19 PDT 2025; root:xnu-11417.140.69.703.14~1/RELEASE_ARM64_T8103 arm64
OS uptime: 5 days 22:10 hours
rlimit (soft/hard): STACK 8176k/65520k , CORE 0k/infinity , NPROC 2666/4000 , NOFILE infinity/infinity , AS infinity/infinity , CPU infinity/infinity , DATA infinity/infinity , FSIZE infinity/infinity , MEMLOCK infinity/infinity , RSS infinity/infinity
load average: 16.34 11.33 10.46

CPU: total 8 (initial active 8) 0x61:0x0:0x1b588bb3:0, fp, asimd, aes, pmull, sha1, sha256, crc32, lse, sha3, sha512
machdep.cpu.brand_string:Apple M1
hw.cachelinesize:128
hw.l1icachesize:131072
hw.l1dcachesize:65536
hw.l2cachesize:4194304

Memory: 16k page, physical 16777216k(2455392k free), swap 18874368k(686208k free)

vm_info: OpenJDK 64-Bit Server VM (25.0.3+9-LTS) for bsd-aarch64 JRE (25.0.3+9-LTS), built on 2026-04-21T00:00:00Z with clang Apple LLVM 15.0.0 (clang-1500.1.0.2.5)

END.
