#
# A fatal error has been detected by the Java Runtime Environment:
#
#  SIGSEGV (0xb) at pc=0x000000019d361ebc, pid=11435, tid=241155
#
# JRE version: OpenJDK Runtime Environment Temurin-25.0.3+9 (25.0.3+9) (build 25.0.3+9-LTS)
# Java VM: OpenJDK 64-Bit Server VM Temurin-25.0.3+9 (25.0.3+9-LTS, mixed mode, tiered, compressed oops, compressed class ptrs, g1 gc, bsd-aarch64)
# Problematic frame:
# C  [libobjc.A.dylib+0x9ebc]  lookUpImpOrForward+0x54
#
# No core dump will be written. Core dumps have been disabled. To enable core dumping, try "ulimit -c unlimited" before starting Java again
#
# If you would like to submit a bug report, please visit:
#   https://github.com/adoptium/adoptium-support/issues
#

---------------  S U M M A R Y ------------

Command Line: 

Host: "MacBookPro17,1" arm64, 8 cores, 16G, Darwin 24.6.0, macOS 15.7.2 (24G325)
Time: Mon Aug 24 10:29:14 2026 MDT elapsed time: 3201.746203 seconds (0d 0h 53m 21s)

---------------  T H R E A D  ---------------

Current thread (0x0000000162a27c00):  VMThread "VM Thread"          [id=241155, stack(0x000000017e814000,0x000000017ea17000) (2060K)]

Stack: [0x000000017e814000,0x000000017ea17000],  sp=0x000000017ea166c0,  free space=2057k
Native frames: (J=compiled Java code, j=interpreted, Vv=VM code, C=native code)
C  [libobjc.A.dylib+0x9ebc]  lookUpImpOrForward+0x54
C  [libobjc.A.dylib+0x9b84]  _objc_msgSend_uncached+0x44
C  [Trackspacer25+0xa4e18]  Trackspacer25AUFactory+0x91ea8
C  [libsystem_c.dylib+0x27944]  __cxa_finalize_ranges+0x1e0
C  [libsystem_c.dylib+0x27704]  exit+0x2c
V  [libjvm.dylib+0x89fc20]  os::_exit(int)+0x0
V  [libjvm.dylib+0x89fc14]  permit_forbidden_function::exit(int)+0x0
V  [libjvm.dylib+0x4e4f94]  notify_vm_shutdown()+0x0
V  [libjvm.dylib+0xb8005c]  VM_Exit::doit()+0x168
V  [libjvm.dylib+0xb7f368]  VM_Operation::evaluate()+0xec
V  [libjvm.dylib+0xb8ef10]  VMThread::evaluate_operation(VM_Operation*)+0x10c
V  [libjvm.dylib+0xb8f72c]  VMThread::inner_execute(VM_Operation*)+0x29c
V  [libjvm.dylib+0xb8ebac]  VMThread::run()+0xd0
V  [libjvm.dylib+0xaf9d74]  Thread::call_run()+0xc8
V  [libjvm.dylib+0x898aa0]  thread_native_entry(Thread*)+0x118
C  [libsystem_pthread.dylib+0x6bc8]  _pthread_start+0x88

siginfo: si_signo: 11 (SIGSEGV), si_code: 2 (SEGV_ACCERR), si_addr: 0x0000565ead7dfa70

Registers:
 x0=0x0000600005a14950  x1=0x00000002182d9053  x2=0x000060001d7efa50  x3=0x0000000000000003
 x4=0x31076b894327779a  x5=0x000000020cb03c90  x6=0x0000000000000064  x7=0x0000000000000000
 x8=0x0000565ead7dfa50  x9=0x0000000000000000 x10=0x00006000103b05c0 x11=0x0000000000000003
x12=0x0000000000000003 x13=0x00006000103b05e0 x14=0x010060001d7efa55 x15=0x000060001d7efa50
x16=0x000060001d7efa50 x17=0x0000000000000000 x18=0x0000000000000000 x19=0x0000600005a14950
x20=0x00000002182d9053 x21=0x000060001d7efa50 x22=0x0f007ffffffffff8 x23=0x0000000000000000
x24=0x0000000000000002 x25=0x000000020b6ef000 x26=0x0000000000000004 x27=0x00000004e69f5210
x28=0x0000000000000003  fp=0x000000017ea16720  lr=0x000000019d361b84  sp=0x000000017ea166c0
pc=0x000000019d361ebc cpsr=0x0000000080001000

Register to memory mapping:

x0 =0x0000600005a14950 points into unknown readable memory: 0x010060001d7efa55 | 55 fa 7e 1d 00 60 00 01
x1 =0x00000002182d9053 points into unknown readable memory: 72 65 6c 65 61
x2 =0x000060001d7efa50 points into unknown readable memory: 0x0000d65ead7dfa50 | 50 fa 7d ad 5e d6 00 00
x3 =0x0000000000000003 is an unknown value
x4 =0x31076b894327779a is an unknown value
x5 =0x000000020cb03c90: <offset 0x6f341c90> in /System/Library/Frameworks/CoreFoundation.framework/Versions/A/CoreFoundation at 0x000000019d7c2000
x6 =0x0000000000000064 is an unknown value
x7 =0x0 is null
x8 =0x0000565ead7dfa50 is an unknown value
x9 =0x0 is null
x10=0x00006000103b05c0 points into unknown readable memory: 0x0000d65ea03805c0 | c0 05 38 a0 5e d6 00 00
x11=0x0000000000000003 is an unknown value
x12=0x0000000000000003 is an unknown value
x13=0x00006000103b05e0 points into unknown readable memory: 0x000000019d36600c | 0c 60 36 9d 01 00 00 00
x14=0x010060001d7efa55 points into unknown readable memory: d6 00 00
x15=0x000060001d7efa50 points into unknown readable memory: 0x0000d65ead7dfa50 | 50 fa 7d ad 5e d6 00 00
x16=0x000060001d7efa50 points into unknown readable memory: 0x0000d65ead7dfa50 | 50 fa 7d ad 5e d6 00 00
x17=0x0 is null
x18=0x0 is null
x19=0x0000600005a14950 points into unknown readable memory: 0x010060001d7efa55 | 55 fa 7e 1d 00 60 00 01
x20=0x00000002182d9053 points into unknown readable memory: 72 65 6c 65 61
x21=0x000060001d7efa50 points into unknown readable memory: 0x0000d65ead7dfa50 | 50 fa 7d ad 5e d6 00 00
x22=0x0f007ffffffffff8 is an unknown value
x23=0x0 is null
x24=0x0000000000000002 is an unknown value
x25=0x000000020b6ef000: usual+0x580 in /usr/lib/system/libsystem_c.dylib at 0x000000019d5e4000
x26=0x0000000000000004 is an unknown value
x27=0x00000004e69f5210 points into unknown readable memory: 0x0000000000000002 | 02 00 00 00 00 00 00 00
x28=0x0000000000000003 is an unknown value
 fp=0x000000017ea16720 points into unknown readable memory: 0x000000017ea16800 | 00 68 a1 7e 01 00 00 00
 lr=0x000000019d361b84: _objc_msgSend_uncached+0x44 in /usr/lib/libobjc.A.dylib at 0x000000019d358000
 sp=0x000000017ea166c0 points into unknown readable memory: 0x0000000000000001 | 01 00 00 00 00 00 00 00

Top of Stack: (sp=0x000000017ea166c0)
0x000000017ea166c0:   0000000000000001 000000020cb03c90   .........<......
0x000000017ea166d0:   0000000000000003 00000004e69f5210   .........R......
0x000000017ea166e0:   0000000000000004 000000020b6ef000   ..........n.....
0x000000017ea166f0:   0000000000000002 0000000000000000   ................
0x000000017ea16700:   00000004e69f5200 00000004e69f5270   .R......pR......
0x000000017ea16710:   00006000171ebdb0 0000000569fc5990   .....`...Y.i....
0x000000017ea16720:   000000017ea16800 000000019d361b84   .h.~......6.....
0x000000017ea16730:   0000000000000000 0000000000000000   ................
0x000000017ea16740:   0706050403020100 0f0e0d0c0b0a0908   ................
0x000000017ea16750:   0706050403020100 0f0e0d0c0b0a0908   ................
0x000000017ea16760:   2e2e2e2e2e2e2e2e 2e2e2e2e2e2e2e2e   ................
0x000000017ea16770:   4217c00000000000 0000000000000000   .......B........
0x000000017ea16780:   41b0000000000000 0000000000000000   .......A........
0x000000017ea16790:   3ff0000000000000 0000000000000000   .......?........
0x000000017ea167a0:   0000000000000000 0000000000000000   ................
0x000000017ea167b0:   0000600005a14950 00000002182d9053   PI...`..S.-.....
0x000000017ea167c0:   000000000003ae03 000000017ea16680   .........f.~....
0x000000017ea167d0:   31076b894327779a 000000020cb03c90   .w'C.k.1.<......
0x000000017ea167e0:   0000000000000064 0000000000000000   d...............
0x000000017ea167f0:   0000000569fc1000 000060001d7efa50   ...i....P.~..`..
0x000000017ea16800:   000000017ea16820 0000000569204e18    h.~.....N i....
0x000000017ea16810:   000000020b6edb68 0000000000000000   h.n.............
0x000000017ea16820:   000000017ea16890 000000019d60b944   .h.~....D.`.....
0x000000017ea16830:   0000000000000000 0000000000000008   ................
0x000000017ea16840:   000000017a898000 000000017a81af48   ...z....H..z....
0x000000017ea16850:   000000017a81af10 000000017a898558   ...z....X..z....
0x000000017ea16860:   0000000000000000 000000014ff59b38   ........8..O....
0x000000017ea16870:   00000003d65066b8 00000000000003d8   .fP.............
0x000000017ea16880:   0000000162a27c00 000000000000008f   .|.b............
0x000000017ea16890:   000000017ea168b0 000000019d60b704   .h.~......`.....
0x000000017ea168a0:   0000000162a27c00 000000000000008f   .|.b............
0x000000017ea168b0:   000000017ea168c0 000000017a327c20   .h.~.... |2z....

Instructions: (pc=0x000000019d361ebc)
  0x000000019d361dbc:   1f 20 03 d5 21 01 00 37 71 35 98 52 21 1e c1 da
  0x000000019d361dcc:   21 f4 7e 92 30 40 00 91 11 02 40 f9 21 00 40 f9
  0x000000019d361ddc:   e1 47 c1 da 30 0a 1f d7 7f 23 03 d5 fd 7b bf a9
  0x000000019d361dec:   fd 03 00 91 ff 43 03 d1 e0 07 00 ad e2 0f 01 ad
  0x000000019d361dfc:   e4 17 02 ad e6 1f 03 ad e0 07 08 a9 e2 0f 09 a9
  0x000000019d361e0c:   e4 17 0a a9 e6 1f 0b a9 e8 63 00 f9 e0 03 01 aa
  0x000000019d361e1c:   fc ab 00 94 f1 03 00 aa f0 03 01 aa e0 07 40 ad
  0x000000019d361e2c:   e2 0f 41 ad e4 17 42 ad e6 1f 43 ad e0 07 48 a9
  0x000000019d361e3c:   e2 0f 49 a9 e4 17 4a a9 e6 1f 4b a9 e8 63 40 f9
  0x000000019d361e4c:   bf 03 00 91 fd 7b c1 a8 ff 23 03 d5 5e 00 f0 b6
  0x000000019d361e5c:   20 8e 38 d4 e1 03 10 aa 3f 0a 1f d6 7f 23 03 d5
  0x000000019d361e6c:   ff c3 01 d1 fc 6f 01 a9 fa 67 02 a9 f8 5f 03 a9
  0x000000019d361e7c:   f6 57 04 a9 f4 4f 05 a9 fd 7b 06 a9 fd 83 01 91
  0x000000019d361e8c:   f5 03 02 aa f4 03 01 aa f3 03 00 aa f6 af 7d b2
  0x000000019d361e9c:   16 e0 e1 f2 48 10 40 f9 e8 47 c1 da 08 01 16 8a
  0x000000019d361eac:   08 01 40 b9 e8 00 00 37 a8 02 40 f9 08 ad 7d 92
=>0x000000019d361ebc:   08 11 40 f9 e8 47 c1 da 08 01 16 8a 08 01 40 b9
  0x000000019d361ecc:   09 00 80 52 6a 00 1d 32 1f 01 03 72 7a 10 8a 1a
  0x000000019d361edc:   7c d0 3b d5 88 1b 40 b9 9b eb 35 d0 7b 03 14 91
  0x000000019d361eec:   68 7f e9 88 3f 01 00 71 a0 00 00 54 80 eb 35 d0
  0x000000019d361efc:   00 00 14 91 a1 00 a0 52 2b e4 00 94 a8 02 40 f9
  0x000000019d361f0c:   08 05 00 d1 1f 3d 00 f1 03 11 00 54 a8 82 00 91
  0x000000019d361f1c:   09 01 40 f9 a9 10 f8 b6 10 01 40 f9 f1 03 08 aa
  0x000000019d361f2c:   51 27 f9 f2 30 1e c1 da f1 03 10 aa f1 47 c1 da
  0x000000019d361f3c:   1f 02 11 eb 40 00 00 54 60 8e 38 d4 08 02 16 8a
  0x000000019d361f4c:   08 09 40 79 29 1c 37 90 29 c9 4f b9 3f 01 08 6b
  0x000000019d361f5c:   c9 0e 00 54 29 1c 37 90 29 e1 47 f9 28 11 08 8b
  0x000000019d361f6c:   08 25 40 a9 1f 01 15 eb 20 91 55 fa e9 0d 00 54
  0x000000019d361f7c:   42 03 00 12 e0 03 13 aa e1 03 15 aa cf 71 00 94
  0x000000019d361f8c:   f5 03 00 aa 10 00 00 90 10 82 27 91 f0 23 c1 da
  0x000000019d361f9c:   e0 01 00 b4 a8 02 40 f9 10 00 00 90 10 82 27 91
  0x000000019d361fac:   f0 23 c1 da 1f ad 7d f2 80 01 00 54 28 1c 37 90


Stack slot to memory mapping:

stack at sp + 0 slots: 0x0000000000000001 is an unknown value
stack at sp + 1 slots: 0x000000020cb03c90: <offset 0x6f341c90> in /System/Library/Frameworks/CoreFoundation.framework/Versions/A/CoreFoundation at 0x000000019d7c2000
stack at sp + 2 slots: 0x0000000000000003 is an unknown value
stack at sp + 3 slots: 0x00000004e69f5210 points into unknown readable memory: 0x0000000000000002 | 02 00 00 00 00 00 00 00
stack at sp + 4 slots: 0x0000000000000004 is an unknown value
stack at sp + 5 slots: 0x000000020b6ef000: usual+0x580 in /usr/lib/system/libsystem_c.dylib at 0x000000019d5e4000
stack at sp + 6 slots: 0x0000000000000002 is an unknown value
stack at sp + 7 slots: 0x0 is null

VM_Operation (0x00000003d65066b8): Exit, mode: safepoint, requested by thread 0x00000004c3157800


---------------  P R O C E S S  ---------------

Threads class SMR info:
_java_thread_list=0x00006000119c6c40, length=16, elements={
0x0000000163555800, 0x0000000163658000, 0x0000000163637000, 0x00000001629fd800,
0x0000000162a2d000, 0x000000012d170400, 0x00000001629c0800, 0x00000001636b5200,
0x00000001636b7a00, 0x000000012d00b400, 0x000000032a7bf000, 0x000000032a7bdc00,
0x000000012cfde800, 0x000000031a476200, 0x000000031a716c00, 0x00000004c3157800
}

Java Threads: ( => current thread )
  0x0000000163555800 JavaThread "main"                              [_thread_in_native, id=259, stack(0x000000016b194000,0x000000016b990000) (8176K)]
  0x0000000163658000 JavaThread "Reference Handler"          daemon [_thread_blocked, id=191235, stack(0x000000017ea20000,0x000000017ec23000) (2060K)]
  0x0000000163637000 JavaThread "Finalizer"                  daemon [_thread_blocked, id=238339, stack(0x000000017ec2c000,0x000000017ee2f000) (2060K)]
  0x00000001629fd800 JavaThread "Service Thread"             daemon [_thread_blocked, id=237827, stack(0x000000017f044000,0x000000017f247000) (2060K)]
  0x0000000162a2d000 JavaThread "Monitor Deflation Thread"   daemon [_thread_blocked, id=237315, stack(0x000000017f250000,0x000000017f453000) (2060K)]
  0x000000012d170400 JavaThread "C2 CompilerThread0"         daemon [_thread_blocked, id=236803, stack(0x000000017f45c000,0x000000017f65f000) (2060K)]
  0x00000001629c0800 JavaThread "C1 CompilerThread0"         daemon [_thread_blocked, id=236291, stack(0x000000017f668000,0x000000017f86b000) (2060K)]
  0x00000001636b5200 JavaThread "Notification Thread"        daemon [_thread_blocked, id=235779, stack(0x000000017f874000,0x000000017fa77000) (2060K)]
  0x00000001636b7a00 JavaThread "Common-Cleaner"             daemon [_thread_blocked, id=235523, stack(0x000000017fa80000,0x000000017fc83000) (2060K)]
  0x000000012d00b400 JavaThread "TimerQueue"                 daemon [_thread_blocked, id=216323, stack(0x0000000328704000,0x0000000328907000) (2060K)]
  0x000000032a7bf000 JavaThread "AWT-Shutdown"                      [_thread_blocked, id=219907, stack(0x000000032bdc8000,0x000000032bfcb000) (2060K)]
  0x000000032a7bdc00 JavaThread "AWT-EventQueue-0"                  [_thread_blocked, id=216835, stack(0x000000032d9f0000,0x000000032dbf3000) (2060K)]
  0x000000012cfde800 JavaThread "Java2D Queue Flusher"       daemon [_thread_blocked, id=217091, stack(0x000000032dbfc000,0x000000032ddff000) (2060K)]
  0x000000031a476200 JavaThread "Java2D Disposer"            daemon [_thread_blocked, id=219139, stack(0x000000032de08000,0x000000032e00b000) (2060K)]
  0x000000031a716c00 JavaThread "pool-2-thread-1"                   [_thread_blocked, id=263687, stack(0x000000036fa04000,0x000000036fc07000) (2060K)]
  0x00000004c3157800 JavaThread "SIGTERM handler"            daemon [_thread_blocked, id=12295, stack(0x00000003d6304000,0x00000003d6507000) (2060K)]
Total: 16

Other Threads:
=>0x0000000162a27c00 VMThread "VM Thread"                           [id=241155, stack(0x000000017e814000,0x000000017ea17000) (2060K)]
  0x0000000163529a00 WorkerThread "GC Thread#0"                     [id=243715, stack(0x000000016f988000,0x000000016fb8b000) (2060K)]
  0x0000000162affe00 WorkerThread "GC Thread#1"                     [id=208387, stack(0x0000000328934000,0x0000000328b37000) (2060K)]
  0x000000012e482000 WorkerThread "GC Thread#2"                     [id=4007, stack(0x0000000328b40000,0x0000000328d43000) (2060K)]
  0x000000012e489000 WorkerThread "GC Thread#3"                     [id=178483, stack(0x0000000328e64000,0x0000000329067000) (2060K)]
  0x000000012e441000 WorkerThread "GC Thread#4"                     [id=36379, stack(0x000000032b004000,0x000000032b207000) (2060K)]
  0x000000012e427c00 WorkerThread "GC Thread#5"                     [id=176667, stack(0x000000036f220000,0x000000036f423000) (2060K)]
  0x000000032a164000 WorkerThread "GC Thread#6"                     [id=231183, stack(0x000000036fc10000,0x000000036fe13000) (2060K)]
  0x0000000162c00c00 WorkerThread "GC Thread#7"                     [id=231695, stack(0x000000036fe1c000,0x000000037001f000) (2060K)]
  0x00000001635d6e00 ConcurrentGCThread "G1 Main Marker"            terminated
  0x00000001635d7400 WorkerThread "G1 Conc#0"                       [id=187139, stack(0x000000016fda0000,0x000000016ffa3000) (2060K)]
  0x0000000163607a00 ConcurrentGCThread "G1 Refine#0"               terminated
  0x0000000163608000 ConcurrentGCThread "G1 Service"                terminated
Total: 13

Threads with active compile tasks:
Total: 0

VM state: at safepoint (shutting down)

VM Mutex/Monitor currently owned by a thread:  ([mutex/lock_event])
[0x000000017a92a8c0] Threads_lock - owner thread: 0x0000000162a27c00
[0x000000017a92aa40] Heap_lock - owner thread: 0x00000004c3157800

Heap address: 0x0000000700000000, size: 4096 MB, Compressed Oops mode: Zero based, Oop shift amount: 3

CDS archive(s) not mapped
Compressed class space mapped at: 0x000007fe00000000-0x000007fe40000000, reserved size: 1073741824
UseCompressedClassPointers 1, UseCompactObjectHeaders 0
Narrow klass pointer bits 32, Max shift 3
Narrow klass base: 0x000007fe00000000, Narrow klass shift: 0
Encoding Range: [0x000007fe00000000 - 0x000007ff00000000), (4294967296 bytes)
Klass Range:    [0x000007fe00000000 - 0x000007fe40000000), (1073741824 bytes)
Klass ID Range:  [8 - 1073741817) (1073741809)
Protection zone: [0x000007fe00000000 - 0x000007fe00010000), (65536 bytes)

GC Precious Log:
 CardTable entry size: 512
 Card Set container configuration: InlinePtr #cards 4 size 8 Array Of Cards #cards 16 size 48 Howl #buckets 8 coarsen threshold 3686 Howl Bitmap #cards 512 size 80 coarsen threshold 460 Card regions per heap region 1 cards per card region 4096
 CPUs: 8 total, 8 available
 Memory: 16384M
 Large Page Support: Disabled
 NUMA Support: Disabled
 Compressed Oops: Enabled (Zero based)
 Heap Region Size: 2M
 Heap Min Capacity: 8M
 Heap Initial Capacity: 256M
 Heap Max Capacity: 4G
 Pre-touch: Disabled
 Parallel Workers: 8
 Concurrent Workers: 2
 Concurrent Refinement Workers: 8
 Periodic GC: Disabled

Heap:
 garbage-first heap   total reserved 4194304K, committed 262144K, used 28680K [0x0000000700000000, 0x0000000800000000)
  region size 2048K, 14 young (28672K), 3 survivors (6144K)

Heap Regions: E=young(eden), S=young(survivor), O=old, HS=humongous(starts), HC=humongous(continues), CS=collection set, F=free, TAMS=top-at-mark-start, PB=parsable bottom
|   0|0x0000000700000000, 0x0000000700002000, 0x0000000700200000|  0%| O|  |TAMS 0x0000000700000000| PB 0x0000000700000000| Untracked |  0
|   1|0x0000000700200000, 0x0000000700400000, 0x0000000700400000|100%|HS|  |TAMS 0x0000000700200000| PB 0x0000000700200000| Complete |  0
|   2|0x0000000700400000, 0x0000000700400000, 0x0000000700600000|  0%| F|  |TAMS 0x0000000700400000| PB 0x0000000700400000| Untracked |  0
|   3|0x0000000700600000, 0x0000000700600000, 0x0000000700800000|  0%| F|  |TAMS 0x0000000700600000| PB 0x0000000700600000| Untracked |  0
|   4|0x0000000700800000, 0x0000000700800000, 0x0000000700a00000|  0%| F|  |TAMS 0x0000000700800000| PB 0x0000000700800000| Untracked |  0
|   5|0x0000000700a00000, 0x0000000700a00000, 0x0000000700c00000|  0%| F|  |TAMS 0x0000000700a00000| PB 0x0000000700a00000| Untracked |  0
|   6|0x0000000700c00000, 0x0000000700c00000, 0x0000000700e00000|  0%| F|  |TAMS 0x0000000700c00000| PB 0x0000000700c00000| Untracked |  0
|   7|0x0000000700e00000, 0x0000000700e00000, 0x0000000701000000|  0%| F|  |TAMS 0x0000000700e00000| PB 0x0000000700e00000| Untracked |  0
|   8|0x0000000701000000, 0x0000000701000000, 0x0000000701200000|  0%| F|  |TAMS 0x0000000701000000| PB 0x0000000701000000| Untracked |  0
|   9|0x0000000701200000, 0x0000000701200000, 0x0000000701400000|  0%| F|  |TAMS 0x0000000701200000| PB 0x0000000701200000| Untracked |  0
|  10|0x0000000701400000, 0x0000000701400000, 0x0000000701600000|  0%| F|  |TAMS 0x0000000701400000| PB 0x0000000701400000| Untracked |  0
|  11|0x0000000701600000, 0x0000000701600000, 0x0000000701800000|  0%| F|  |TAMS 0x0000000701600000| PB 0x0000000701600000| Untracked |  0
|  12|0x0000000701800000, 0x0000000701800000, 0x0000000701a00000|  0%| F|  |TAMS 0x0000000701800000| PB 0x0000000701800000| Untracked |  0
|  13|0x0000000701a00000, 0x0000000701a00000, 0x0000000701c00000|  0%| F|  |TAMS 0x0000000701a00000| PB 0x0000000701a00000| Untracked |  0
|  14|0x0000000701c00000, 0x0000000701c00000, 0x0000000701e00000|  0%| F|  |TAMS 0x0000000701c00000| PB 0x0000000701c00000| Untracked |  0
|  15|0x0000000701e00000, 0x0000000701e00000, 0x0000000702000000|  0%| F|  |TAMS 0x0000000701e00000| PB 0x0000000701e00000| Untracked |  0
|  16|0x0000000702000000, 0x0000000702000000, 0x0000000702200000|  0%| F|  |TAMS 0x0000000702000000| PB 0x0000000702000000| Untracked |  0
|  17|0x0000000702200000, 0x0000000702200000, 0x0000000702400000|  0%| F|  |TAMS 0x0000000702200000| PB 0x0000000702200000| Untracked |  0
|  18|0x0000000702400000, 0x0000000702400000, 0x0000000702600000|  0%| F|  |TAMS 0x0000000702400000| PB 0x0000000702400000| Untracked |  0
|  19|0x0000000702600000, 0x0000000702600000, 0x0000000702800000|  0%| F|  |TAMS 0x0000000702600000| PB 0x0000000702600000| Untracked |  0
|  20|0x0000000702800000, 0x0000000702800000, 0x0000000702a00000|  0%| F|  |TAMS 0x0000000702800000| PB 0x0000000702800000| Untracked |  0
|  21|0x0000000702a00000, 0x0000000702a00000, 0x0000000702c00000|  0%| F|  |TAMS 0x0000000702a00000| PB 0x0000000702a00000| Untracked |  0
|  22|0x0000000702c00000, 0x0000000702c00000, 0x0000000702e00000|  0%| F|  |TAMS 0x0000000702c00000| PB 0x0000000702c00000| Untracked |  0
|  23|0x0000000702e00000, 0x0000000702e00000, 0x0000000703000000|  0%| F|  |TAMS 0x0000000702e00000| PB 0x0000000702e00000| Untracked |  0
|  24|0x0000000703000000, 0x0000000703000000, 0x0000000703200000|  0%| F|  |TAMS 0x0000000703000000| PB 0x0000000703000000| Untracked |  0
|  25|0x0000000703200000, 0x0000000703200000, 0x0000000703400000|  0%| F|  |TAMS 0x0000000703200000| PB 0x0000000703200000| Untracked |  0
|  26|0x0000000703400000, 0x0000000703400000, 0x0000000703600000|  0%| F|  |TAMS 0x0000000703400000| PB 0x0000000703400000| Untracked |  0
|  27|0x0000000703600000, 0x0000000703600000, 0x0000000703800000|  0%| F|  |TAMS 0x0000000703600000| PB 0x0000000703600000| Untracked |  0
|  28|0x0000000703800000, 0x0000000703800000, 0x0000000703a00000|  0%| F|  |TAMS 0x0000000703800000| PB 0x0000000703800000| Untracked |  0
|  29|0x0000000703a00000, 0x0000000703a00000, 0x0000000703c00000|  0%| F|  |TAMS 0x0000000703a00000| PB 0x0000000703a00000| Untracked |  0
|  30|0x0000000703c00000, 0x0000000703c00000, 0x0000000703e00000|  0%| F|  |TAMS 0x0000000703c00000| PB 0x0000000703c00000| Untracked |  0
|  31|0x0000000703e00000, 0x0000000703e00000, 0x0000000704000000|  0%| F|  |TAMS 0x0000000703e00000| PB 0x0000000703e00000| Untracked |  0
|  32|0x0000000704000000, 0x0000000704000000, 0x0000000704200000|  0%| F|  |TAMS 0x0000000704000000| PB 0x0000000704000000| Untracked |  0
|  33|0x0000000704200000, 0x0000000704200000, 0x0000000704400000|  0%| F|  |TAMS 0x0000000704200000| PB 0x0000000704200000| Untracked |  0
|  34|0x0000000704400000, 0x0000000704400000, 0x0000000704600000|  0%| F|  |TAMS 0x0000000704400000| PB 0x0000000704400000| Untracked |  0
|  35|0x0000000704600000, 0x0000000704600000, 0x0000000704800000|  0%| F|  |TAMS 0x0000000704600000| PB 0x0000000704600000| Untracked |  0
|  36|0x0000000704800000, 0x0000000704800000, 0x0000000704a00000|  0%| F|  |TAMS 0x0000000704800000| PB 0x0000000704800000| Untracked |  0
|  37|0x0000000704a00000, 0x0000000704a00000, 0x0000000704c00000|  0%| F|  |TAMS 0x0000000704a00000| PB 0x0000000704a00000| Untracked |  0
|  38|0x0000000704c00000, 0x0000000704c00000, 0x0000000704e00000|  0%| F|  |TAMS 0x0000000704c00000| PB 0x0000000704c00000| Untracked |  0
|  39|0x0000000704e00000, 0x0000000704e00000, 0x0000000705000000|  0%| F|  |TAMS 0x0000000704e00000| PB 0x0000000704e00000| Untracked |  0
|  40|0x0000000705000000, 0x0000000705000000, 0x0000000705200000|  0%| F|  |TAMS 0x0000000705000000| PB 0x0000000705000000| Untracked |  0
|  41|0x0000000705200000, 0x0000000705200000, 0x0000000705400000|  0%| F|  |TAMS 0x0000000705200000| PB 0x0000000705200000| Untracked |  0
|  42|0x0000000705400000, 0x0000000705400000, 0x0000000705600000|  0%| F|  |TAMS 0x0000000705400000| PB 0x0000000705400000| Untracked |  0
|  43|0x0000000705600000, 0x0000000705600000, 0x0000000705800000|  0%| F|  |TAMS 0x0000000705600000| PB 0x0000000705600000| Untracked |  0
|  44|0x0000000705800000, 0x0000000705800000, 0x0000000705a00000|  0%| F|  |TAMS 0x0000000705800000| PB 0x0000000705800000| Untracked |  0
|  45|0x0000000705a00000, 0x0000000705a00000, 0x0000000705c00000|  0%| F|  |TAMS 0x0000000705a00000| PB 0x0000000705a00000| Untracked |  0
|  46|0x0000000705c00000, 0x0000000705c00000, 0x0000000705e00000|  0%| F|  |TAMS 0x0000000705c00000| PB 0x0000000705c00000| Untracked |  0
|  47|0x0000000705e00000, 0x0000000705e00000, 0x0000000706000000|  0%| F|  |TAMS 0x0000000705e00000| PB 0x0000000705e00000| Untracked |  0
|  48|0x0000000706000000, 0x0000000706000000, 0x0000000706200000|  0%| F|  |TAMS 0x0000000706000000| PB 0x0000000706000000| Untracked |  0
|  49|0x0000000706200000, 0x0000000706200000, 0x0000000706400000|  0%| F|  |TAMS 0x0000000706200000| PB 0x0000000706200000| Untracked |  0
|  50|0x0000000706400000, 0x0000000706400000, 0x0000000706600000|  0%| F|  |TAMS 0x0000000706400000| PB 0x0000000706400000| Untracked |  0
|  51|0x0000000706600000, 0x0000000706600000, 0x0000000706800000|  0%| F|  |TAMS 0x0000000706600000| PB 0x0000000706600000| Untracked |  0
|  52|0x0000000706800000, 0x0000000706800000, 0x0000000706a00000|  0%| F|  |TAMS 0x0000000706800000| PB 0x0000000706800000| Untracked |  0
|  53|0x0000000706a00000, 0x0000000706a00000, 0x0000000706c00000|  0%| F|  |TAMS 0x0000000706a00000| PB 0x0000000706a00000| Untracked |  0
|  54|0x0000000706c00000, 0x0000000706c00000, 0x0000000706e00000|  0%| F|  |TAMS 0x0000000706c00000| PB 0x0000000706c00000| Untracked |  0
|  55|0x0000000706e00000, 0x0000000706e00000, 0x0000000707000000|  0%| F|  |TAMS 0x0000000706e00000| PB 0x0000000706e00000| Untracked |  0
|  56|0x0000000707000000, 0x0000000707000000, 0x0000000707200000|  0%| F|  |TAMS 0x0000000707000000| PB 0x0000000707000000| Untracked |  0
|  57|0x0000000707200000, 0x0000000707200000, 0x0000000707400000|  0%| F|  |TAMS 0x0000000707200000| PB 0x0000000707200000| Untracked |  0
|  58|0x0000000707400000, 0x0000000707400000, 0x0000000707600000|  0%| F|  |TAMS 0x0000000707400000| PB 0x0000000707400000| Untracked |  0
|  59|0x0000000707600000, 0x0000000707600000, 0x0000000707800000|  0%| F|  |TAMS 0x0000000707600000| PB 0x0000000707600000| Untracked |  0
|  60|0x0000000707800000, 0x0000000707800000, 0x0000000707a00000|  0%| F|  |TAMS 0x0000000707800000| PB 0x0000000707800000| Untracked |  0
|  61|0x0000000707a00000, 0x0000000707a00000, 0x0000000707c00000|  0%| F|  |TAMS 0x0000000707a00000| PB 0x0000000707a00000| Untracked |  0
|  62|0x0000000707c00000, 0x0000000707c00000, 0x0000000707e00000|  0%| F|  |TAMS 0x0000000707c00000| PB 0x0000000707c00000| Untracked |  0
|  63|0x0000000707e00000, 0x0000000707e00000, 0x0000000708000000|  0%| F|  |TAMS 0x0000000707e00000| PB 0x0000000707e00000| Untracked |  0
|  64|0x0000000708000000, 0x0000000708000000, 0x0000000708200000|  0%| F|  |TAMS 0x0000000708000000| PB 0x0000000708000000| Untracked |  0
|  65|0x0000000708200000, 0x0000000708200000, 0x0000000708400000|  0%| F|  |TAMS 0x0000000708200000| PB 0x0000000708200000| Untracked |  0
|  66|0x0000000708400000, 0x0000000708400000, 0x0000000708600000|  0%| F|  |TAMS 0x0000000708400000| PB 0x0000000708400000| Untracked |  0
|  67|0x0000000708600000, 0x0000000708600000, 0x0000000708800000|  0%| F|  |TAMS 0x0000000708600000| PB 0x0000000708600000| Untracked |  0
|  68|0x0000000708800000, 0x0000000708800000, 0x0000000708a00000|  0%| F|  |TAMS 0x0000000708800000| PB 0x0000000708800000| Untracked |  0
|  69|0x0000000708a00000, 0x0000000708a00000, 0x0000000708c00000|  0%| F|  |TAMS 0x0000000708a00000| PB 0x0000000708a00000| Untracked |  0
|  70|0x0000000708c00000, 0x0000000708c00000, 0x0000000708e00000|  0%| F|  |TAMS 0x0000000708c00000| PB 0x0000000708c00000| Untracked |  0
|  71|0x0000000708e00000, 0x0000000708e00000, 0x0000000709000000|  0%| F|  |TAMS 0x0000000708e00000| PB 0x0000000708e00000| Untracked |  0
|  72|0x0000000709000000, 0x0000000709000000, 0x0000000709200000|  0%| F|  |TAMS 0x0000000709000000| PB 0x0000000709000000| Untracked |  0
|  73|0x0000000709200000, 0x0000000709200000, 0x0000000709400000|  0%| F|  |TAMS 0x0000000709200000| PB 0x0000000709200000| Untracked |  0
|  74|0x0000000709400000, 0x0000000709400000, 0x0000000709600000|  0%| F|  |TAMS 0x0000000709400000| PB 0x0000000709400000| Untracked |  0
|  75|0x0000000709600000, 0x0000000709600000, 0x0000000709800000|  0%| F|  |TAMS 0x0000000709600000| PB 0x0000000709600000| Untracked |  0
|  76|0x0000000709800000, 0x0000000709800000, 0x0000000709a00000|  0%| F|  |TAMS 0x0000000709800000| PB 0x0000000709800000| Untracked |  0
|  77|0x0000000709a00000, 0x0000000709a00000, 0x0000000709c00000|  0%| F|  |TAMS 0x0000000709a00000| PB 0x0000000709a00000| Untracked |  0
|  78|0x0000000709c00000, 0x0000000709c00000, 0x0000000709e00000|  0%| F|  |TAMS 0x0000000709c00000| PB 0x0000000709c00000| Untracked |  0
|  79|0x0000000709e00000, 0x0000000709e00000, 0x000000070a000000|  0%| F|  |TAMS 0x0000000709e00000| PB 0x0000000709e00000| Untracked |  0
|  80|0x000000070a000000, 0x000000070a000000, 0x000000070a200000|  0%| F|  |TAMS 0x000000070a000000| PB 0x000000070a000000| Untracked |  0
|  81|0x000000070a200000, 0x000000070a200000, 0x000000070a400000|  0%| F|  |TAMS 0x000000070a200000| PB 0x000000070a200000| Untracked |  0
|  82|0x000000070a400000, 0x000000070a400000, 0x000000070a600000|  0%| F|  |TAMS 0x000000070a400000| PB 0x000000070a400000| Untracked |  0
|  83|0x000000070a600000, 0x000000070a600000, 0x000000070a800000|  0%| F|  |TAMS 0x000000070a600000| PB 0x000000070a600000| Untracked |  0
|  84|0x000000070a800000, 0x000000070a800000, 0x000000070aa00000|  0%| F|  |TAMS 0x000000070a800000| PB 0x000000070a800000| Untracked |  0
|  85|0x000000070aa00000, 0x000000070aa00000, 0x000000070ac00000|  0%| F|  |TAMS 0x000000070aa00000| PB 0x000000070aa00000| Untracked |  0
|  86|0x000000070ac00000, 0x000000070ac00000, 0x000000070ae00000|  0%| F|  |TAMS 0x000000070ac00000| PB 0x000000070ac00000| Untracked |  0
|  87|0x000000070ae00000, 0x000000070ae00000, 0x000000070b000000|  0%| F|  |TAMS 0x000000070ae00000| PB 0x000000070ae00000| Untracked |  0
|  88|0x000000070b000000, 0x000000070b000000, 0x000000070b200000|  0%| F|  |TAMS 0x000000070b000000| PB 0x000000070b000000| Untracked |  0
|  89|0x000000070b200000, 0x000000070b200000, 0x000000070b400000|  0%| F|  |TAMS 0x000000070b200000| PB 0x000000070b200000| Untracked |  0
|  90|0x000000070b400000, 0x000000070b400000, 0x000000070b600000|  0%| F|  |TAMS 0x000000070b400000| PB 0x000000070b400000| Untracked |  0
|  91|0x000000070b600000, 0x000000070b600000, 0x000000070b800000|  0%| F|  |TAMS 0x000000070b600000| PB 0x000000070b600000| Untracked |  0
|  92|0x000000070b800000, 0x000000070b800000, 0x000000070ba00000|  0%| F|  |TAMS 0x000000070b800000| PB 0x000000070b800000| Untracked |  0
|  93|0x000000070ba00000, 0x000000070ba00000, 0x000000070bc00000|  0%| F|  |TAMS 0x000000070ba00000| PB 0x000000070ba00000| Untracked |  0
|  94|0x000000070bc00000, 0x000000070bc00000, 0x000000070be00000|  0%| F|  |TAMS 0x000000070bc00000| PB 0x000000070bc00000| Untracked |  0
|  95|0x000000070be00000, 0x000000070be00000, 0x000000070c000000|  0%| F|  |TAMS 0x000000070be00000| PB 0x000000070be00000| Untracked |  0
|  96|0x000000070c000000, 0x000000070c000000, 0x000000070c200000|  0%| F|  |TAMS 0x000000070c000000| PB 0x000000070c000000| Untracked |  0
|  97|0x000000070c200000, 0x000000070c200000, 0x000000070c400000|  0%| F|  |TAMS 0x000000070c200000| PB 0x000000070c200000| Untracked |  0
|  98|0x000000070c400000, 0x000000070c400000, 0x000000070c600000|  0%| F|  |TAMS 0x000000070c400000| PB 0x000000070c400000| Untracked |  0
|  99|0x000000070c600000, 0x000000070c600000, 0x000000070c800000|  0%| F|  |TAMS 0x000000070c600000| PB 0x000000070c600000| Untracked |  0
| 100|0x000000070c800000, 0x000000070c800000, 0x000000070ca00000|  0%| F|  |TAMS 0x000000070c800000| PB 0x000000070c800000| Untracked |  0
| 101|0x000000070ca00000, 0x000000070cc00000, 0x000000070cc00000|100%| S|CS|TAMS 0x000000070ca00000| PB 0x000000070ca00000| Complete |  0
| 102|0x000000070cc00000, 0x000000070ce00000, 0x000000070ce00000|100%| S|CS|TAMS 0x000000070cc00000| PB 0x000000070cc00000| Complete |  0
| 103|0x000000070ce00000, 0x000000070d000000, 0x000000070d000000|100%| S|CS|TAMS 0x000000070ce00000| PB 0x000000070ce00000| Complete |  0
| 104|0x000000070d000000, 0x000000070d000000, 0x000000070d200000|  0%| F|  |TAMS 0x000000070d000000| PB 0x000000070d000000| Untracked |  0
| 105|0x000000070d200000, 0x000000070d200000, 0x000000070d400000|  0%| F|  |TAMS 0x000000070d200000| PB 0x000000070d200000| Untracked |  0
| 106|0x000000070d400000, 0x000000070d400000, 0x000000070d600000|  0%| F|  |TAMS 0x000000070d400000| PB 0x000000070d400000| Untracked |  0
| 107|0x000000070d600000, 0x000000070d600000, 0x000000070d800000|  0%| F|  |TAMS 0x000000070d600000| PB 0x000000070d600000| Untracked |  0
| 108|0x000000070d800000, 0x000000070d800000, 0x000000070da00000|  0%| F|  |TAMS 0x000000070d800000| PB 0x000000070d800000| Untracked |  0
| 109|0x000000070da00000, 0x000000070da00000, 0x000000070dc00000|  0%| F|  |TAMS 0x000000070da00000| PB 0x000000070da00000| Untracked |  0
| 110|0x000000070dc00000, 0x000000070dc00000, 0x000000070de00000|  0%| F|  |TAMS 0x000000070dc00000| PB 0x000000070dc00000| Untracked |  0
| 111|0x000000070de00000, 0x000000070de00000, 0x000000070e000000|  0%| F|  |TAMS 0x000000070de00000| PB 0x000000070de00000| Untracked |  0
| 112|0x000000070e000000, 0x000000070e000000, 0x000000070e200000|  0%| F|  |TAMS 0x000000070e000000| PB 0x000000070e000000| Untracked |  0
| 113|0x000000070e200000, 0x000000070e200000, 0x000000070e400000|  0%| F|  |TAMS 0x000000070e200000| PB 0x000000070e200000| Untracked |  0
| 114|0x000000070e400000, 0x000000070e400000, 0x000000070e600000|  0%| F|  |TAMS 0x000000070e400000| PB 0x000000070e400000| Untracked |  0
| 115|0x000000070e600000, 0x000000070e600000, 0x000000070e800000|  0%| F|  |TAMS 0x000000070e600000| PB 0x000000070e600000| Untracked |  0
| 116|0x000000070e800000, 0x000000070e800000, 0x000000070ea00000|  0%| F|  |TAMS 0x000000070e800000| PB 0x000000070e800000| Untracked |  0
| 117|0x000000070ea00000, 0x000000070ea42908, 0x000000070ec00000| 13%| E|  |TAMS 0x000000070ea00000| PB 0x000000070ea00000| Complete |  0
| 118|0x000000070ec00000, 0x000000070ee00000, 0x000000070ee00000|100%| E|CS|TAMS 0x000000070ec00000| PB 0x000000070ec00000| Complete |  0
| 119|0x000000070ee00000, 0x000000070f000000, 0x000000070f000000|100%| E|CS|TAMS 0x000000070ee00000| PB 0x000000070ee00000| Complete |  0
| 120|0x000000070f000000, 0x000000070f200000, 0x000000070f200000|100%| E|CS|TAMS 0x000000070f000000| PB 0x000000070f000000| Complete |  0
| 121|0x000000070f200000, 0x000000070f400000, 0x000000070f400000|100%| E|CS|TAMS 0x000000070f200000| PB 0x000000070f200000| Complete |  0
| 122|0x000000070f400000, 0x000000070f600000, 0x000000070f600000|100%| E|CS|TAMS 0x000000070f400000| PB 0x000000070f400000| Complete |  0
| 123|0x000000070f600000, 0x000000070f800000, 0x000000070f800000|100%| E|CS|TAMS 0x000000070f600000| PB 0x000000070f600000| Complete |  0
| 124|0x000000070f800000, 0x000000070fa00000, 0x000000070fa00000|100%| E|CS|TAMS 0x000000070f800000| PB 0x000000070f800000| Complete |  0
| 125|0x000000070fa00000, 0x000000070fc00000, 0x000000070fc00000|100%| E|CS|TAMS 0x000000070fa00000| PB 0x000000070fa00000| Complete |  0
| 126|0x000000070fc00000, 0x000000070fe00000, 0x000000070fe00000|100%| E|CS|TAMS 0x000000070fc00000| PB 0x000000070fc00000| Complete |  0
| 127|0x000000070fe00000, 0x0000000710000000, 0x0000000710000000|100%| E|CS|TAMS 0x000000070fe00000| PB 0x000000070fe00000| Complete |  0

Card table byte_map: [0x0000000179000000,0x0000000179800000] _byte_map_base: 0x0000000175800000

Marking Bits: (CMBitMap*) 0x0000000163544810
 Bits: [0x000000030f004000, 0x0000000313004000)

Polling page: 0x0000000129df8000

Metaspace:
Metaspace        used 20422K, committed 20672K, reserved 1114112K
 class space     used 2391K, committed 2496K, reserved 1048576K

Usage:
  Non-class:     17.61 MB used.
      Class:      2.34 MB used.
       Both:     19.94 MB used.

Virtual space:
  Non-class space:       64.00 MB reserved,      17.75 MB ( 28%) committed,  1 nodes.
      Class space:        1.00 GB reserved,       2.44 MB ( <1%) committed,  1 nodes.
             Both:        1.06 GB reserved,      20.19 MB (  2%) committed. 

Chunk freelists:
   Non-Class:  14.16 MB
       Class:  13.53 MB
        Both:  27.69 MB

MaxMetaspaceSize: unlimited
CompressedClassSpaceSize: 1.00 GB
Initial GC threshold: 21.00 MB
Current GC threshold: 21.00 MB
CDS: off
 - commit_granule_bytes: 65536.
 - commit_granule_words: 8192.
 - virtual_space_node_default_size: 8388608.
 - enlarge_chunks_in_place: 1.
UseCompressedClassPointers 1, UseCompactObjectHeaders 0
Narrow klass pointer bits 32, Max shift 3
Narrow klass base: 0x000007fe00000000, Narrow klass shift: 0
Encoding Range: [0x000007fe00000000 - 0x000007ff00000000), (4294967296 bytes)
Klass Range:    [0x000007fe00000000 - 0x000007fe40000000), (1073741824 bytes)
Klass ID Range:  [8 - 1073741817) (1073741809)
Protection zone: [0x000007fe00000000 - 0x000007fe00010000), (65536 bytes)


Internal statistics:

num_allocs_failed_limit: 0.
num_arena_births: 176.
num_arena_deaths: 0.
num_vsnodes_births: 2.
num_vsnodes_deaths: 0.
num_space_committed: 323.
num_space_uncommitted: 0.
num_chunks_returned_to_freelist: 0.
num_chunks_taken_from_freelist: 313.
num_chunk_merges: 0.
num_chunk_splits: 176.
num_chunks_enlarged: 108.
num_inconsistent_stats: 0.

CodeHeap 'non-profiled nmethods': size=120032Kb used=691Kb max_used=691Kb free=119341Kb
 bounds [0x0000000307acc000, 0x0000000307d3c000, 0x000000030f004000]
CodeHeap 'profiled nmethods': size=120032Kb used=2897Kb max_used=2897Kb free=117134Kb
 bounds [0x0000000300000000, 0x00000003002e0000, 0x0000000307538000]
CodeHeap 'non-nmethods': size=5712Kb used=1501Kb max_used=1564Kb free=4210Kb
 bounds [0x0000000307538000, 0x00000003077a8000, 0x0000000307acc000]
CodeCache: size=245776Kb, used=5089Kb, max_used=5152Kb, free=240685Kb
 total_blobs=2955, nmethods=2211, adapters=652, full_count=0
Compilation: enabled, stopped_count=0, restarted_count=0

Compilation events (20 events):
Event: 3123.747 Thread 0x000000012d170400 2220 %     4       java.lang.String::split @ 40 (242 bytes)
Event: 3123.781 Thread 0x000000012d170400 nmethod 2220% 0x0000000307b70d48 code [0x0000000307b70e40, 0x0000000307b73128]
Event: 3123.783 Thread 0x000000012d170400 2221       4       java.lang.String::split (8 bytes)
Event: 3123.783 Thread 0x0000000521f54600 2222       4       java.lang.String::split (148 bytes)
Event: 3123.807 Thread 0x0000000521f54600 nmethod 2222 0x0000000307b73188 code [0x0000000307b73280, 0x0000000307b75830]
Event: 3123.807 Thread 0x000000012d170400 nmethod 2221 0x0000000307b75888 code [0x0000000307b75980, 0x0000000307b77d78]
Event: 3123.807 Thread 0x0000000521f54600 2223       4       java.util.ArrayList$SubList::toArray (79 bytes)
Event: 3123.807 Thread 0x000000012d170400 2224       4       java.util.ArrayList::<init> (12 bytes)
Event: 3123.808 Thread 0x000000012d170400 nmethod 2224 0x0000000307b77dc8 code [0x0000000307b77ec0, 0x0000000307b78038]
Event: 3123.808 Thread 0x000000012d170400 2225       4       java.util.ArrayList$SubList::checkForComodification (23 bytes)
Event: 3123.808 Thread 0x000000012d170400 nmethod 2225 0x0000000307b78048 code [0x0000000307b78140, 0x0000000307b78218]
Event: 3123.809 Thread 0x0000000521f54600 nmethod 2223 0x0000000307b78248 code [0x0000000307b78340, 0x0000000307b78650]
Event: 3124.753 Thread 0x000000012d170400 2226       4       java.lang.String::isLatin1 (19 bytes)
Event: 3124.754 Thread 0x000000012d170400 nmethod 2226 0x0000000307b78688 code [0x0000000307b78780, 0x0000000307b78818]
Event: 3155.404 Thread 0x00000001629c0800 2228       3       java.io.BufferedWriter::ensureOpen (18 bytes)
Event: 3155.413 Thread 0x00000001629c0800 nmethod 2228 0x00000003002d41c8 code [0x00000003002d42c0, 0x00000003002d44d0]
Event: 3155.414 Thread 0x00000001629c0800 2227       1       java.util.concurrent.ConcurrentHashMap$MapEntry::getValue (5 bytes)
Event: 3155.414 Thread 0x00000001629c0800 nmethod 2227 0x0000000307b78848 code [0x0000000307b78940, 0x0000000307b78a20]
Event: 3201.409 Thread 0x000000012d170400 2229       4       java.lang.Thread::isVirtual (5 bytes)
Event: 3201.410 Thread 0x000000012d170400 nmethod 2229 0x0000000307b78a48 code [0x0000000307b78b40, 0x0000000307b78bf8]

GC Heap Usage History (2 events):
Event: 2199.698 {heap Before GC invocations=0 (full 0):
 garbage-first heap   total reserved 4194304K, committed 262144K, used 49152K [0x0000000700000000, 0x0000000800000000)
  region size 2048K, 24 young (49152K), 0 survivors (0K)
}
Event: 2199.742 {heap After GC invocations=1 (full 0):
 garbage-first heap   total reserved 4194304K, committed 262144K, used 6152K [0x0000000700000000, 0x0000000800000000)
  region size 2048K, 3 young (6144K), 3 survivors (6144K)
}

Metaspace Usage History (2 events):
Event: 2199.699 {metaspace Before GC invocations=0 (full 0):
 Metaspace       used 19815K, committed 20096K, reserved 1114112K
  class space    used 2329K, committed 2496K, reserved 1048576K
}
Event: 2199.742 {metaspace After GC invocations=1 (full 0):
 Metaspace       used 19815K, committed 20096K, reserved 1114112K
  class space    used 2329K, committed 2496K, reserved 1048576K
}

Dll operation events (11 events):
Event: 0.041 Loaded shared library /Users/jonathankawchuk/Library/Application Support/REAPER/UserPlugins/java-runtime/lib/libjava.dylib
Event: 0.136 Loaded shared library /Users/jonathankawchuk/Library/Application Support/REAPER/UserPlugins/java-runtime/lib/libnio.dylib
Event: 0.161 Loaded shared library /Users/jonathankawchuk/Library/Application Support/REAPER/UserPlugins/java-runtime/lib/libzip.dylib
Event: 0.220 Loaded shared library /Users/jonathankawchuk/Library/Application Support/REAPER/UserPlugins/java-runtime/lib/libverify.dylib
Event: 0.262 Loaded shared library /Users/jonathankawchuk/Library/Application Support/REAPER/UserPlugins/java-runtime/lib/libjimage.dylib
Event: 0.280 Loaded shared library /Users/jonathankawchuk/Library/Application Support/REAPER/UserPlugins/java-runtime/lib/libawt.dylib
Event: 0.322 Loaded shared library /Users/jonathankawchuk/Library/Application Support/REAPER/UserPlugins/java-runtime/lib/libawt_lwawt.dylib
Event: 0.357 Loaded shared library /Users/jonathankawchuk/Library/Application Support/REAPER/UserPlugins/java-runtime/lib/libfontmanager.dylib
Event: 1.447 Loaded shared library /Users/jonathankawchuk/Library/Application Support/REAPER/UserPlugins/java-runtime/lib/libnet.dylib
Event: 1.707 Loaded shared library /private/var/folders/6g/_dyszwd54rd36jmvjmmd4htw0000gn/T/usb4java2822667859305768124.tmp/libusb4java.dylib
Event: 1.743 Loaded shared library /Users/jonathankawchuk/Library/Application Support/REAPER/UserPlugins/java-runtime/lib/libosxui.dylib

Deoptimization events (20 events):
Event: 2765.458 Thread 0x000000032a7bdc00 Uncommon trap: trap_request=0xffffffde fr.pc=0x0000000307b49ae4 relative=0x00000000000004a4
Event: 2765.458 Thread 0x000000032a7bdc00 Uncommon trap: reason=class_check action=maybe_recompile pc=0x0000000307b49ae4 method=java.util.ArrayList.forEach(Ljava/util/function/Consumer;)V @ 46 c2
Event: 2765.458 Thread 0x000000032a7bdc00 DEOPT PACKING pc=0x0000000307b49ae4 sp=0x000000032dbf23b0
Event: 2765.458 Thread 0x000000032a7bdc00 DEOPT UNPACKING pc=0x0000000307648b5c sp=0x000000032dbf2360 mode 2
Event: 2767.622 Thread 0x000000032a7bdc00 Uncommon trap: trap_request=0xffffffcc fr.pc=0x0000000307b6d5a4 relative=0x0000000000001964
Event: 2767.622 Thread 0x000000032a7bdc00 Uncommon trap: reason=intrinsic_or_type_checked_inlining action=make_not_entrant pc=0x0000000307b6d5a4 method=java.util.ArrayList$SubList.toArray([Ljava/lang/Object;)[Ljava/lang/Object; @ 58 c2
Event: 2767.622 Thread 0x000000032a7bdc00 DEOPT PACKING pc=0x0000000307b6d5a4 sp=0x000000032dbf24a0
Event: 2767.622 Thread 0x000000032a7bdc00 DEOPT UNPACKING pc=0x0000000307648b5c sp=0x000000032dbf22b0 mode 2
Event: 2767.622 Thread 0x000000032a7bdc00 Uncommon trap: trap_request=0xffffffcc fr.pc=0x0000000307b6ff4c relative=0x0000000000001a4c
Event: 2767.622 Thread 0x000000032a7bdc00 Uncommon trap: reason=intrinsic_or_type_checked_inlining action=make_not_entrant pc=0x0000000307b6ff4c method=java.util.ArrayList$SubList.toArray([Ljava/lang/Object;)[Ljava/lang/Object; @ 58 c2
Event: 2767.622 Thread 0x000000032a7bdc00 DEOPT PACKING pc=0x0000000307b6ff4c sp=0x000000032dbf2430
Event: 2767.622 Thread 0x000000032a7bdc00 DEOPT UNPACKING pc=0x0000000307648b5c sp=0x000000032dbf22c0 mode 2
Event: 2767.622 Thread 0x000000032a7bdc00 Uncommon trap: trap_request=0xffffffcc fr.pc=0x0000000307b69eb8 relative=0x0000000000001878
Event: 2767.622 Thread 0x000000032a7bdc00 Uncommon trap: reason=intrinsic_or_type_checked_inlining action=make_not_entrant pc=0x0000000307b69eb8 method=java.util.ArrayList$SubList.toArray([Ljava/lang/Object;)[Ljava/lang/Object; @ 58 c2
Event: 2767.622 Thread 0x000000032a7bdc00 DEOPT PACKING pc=0x0000000307b69eb8 sp=0x000000032dbf23a0
Event: 2767.622 Thread 0x000000032a7bdc00 DEOPT UNPACKING pc=0x0000000307648b5c sp=0x000000032dbf22c0 mode 2
Event: 2767.622 Thread 0x000000032a7bdc00 Uncommon trap: trap_request=0xffffffcc fr.pc=0x0000000307b6af8c relative=0x00000000000001cc
Event: 2767.622 Thread 0x000000032a7bdc00 Uncommon trap: reason=intrinsic_or_type_checked_inlining action=make_not_entrant pc=0x0000000307b6af8c method=java.util.ArrayList$SubList.toArray([Ljava/lang/Object;)[Ljava/lang/Object; @ 58 c2
Event: 2767.622 Thread 0x000000032a7bdc00 DEOPT PACKING pc=0x0000000307b6af8c sp=0x000000032dbf2300
Event: 2767.622 Thread 0x000000032a7bdc00 DEOPT UNPACKING pc=0x0000000307648b5c sp=0x000000032dbf22b0 mode 2

Classes loaded (20 events):
Event: 2737.982 Loading class java/lang/invoke/InnerClassLambdaMetafactory$4
Event: 2737.982 Loading class java/lang/invoke/InnerClassLambdaMetafactory$4 done
Event: 2737.982 Loading class jdk/internal/classfile/impl/AbstractPoolEntry$StringEntryImpl
Event: 2737.982 Loading class java/lang/classfile/constantpool/StringEntry
Event: 2737.983 Loading class java/lang/classfile/constantpool/ConstantValueEntry
Event: 2737.983 Loading class java/lang/classfile/constantpool/ConstantValueEntry done
Event: 2737.983 Loading class java/lang/classfile/constantpool/StringEntry done
Event: 2737.983 Loading class jdk/internal/classfile/impl/AbstractPoolEntry$StringEntryImpl done
Event: 2737.984 Loading class sun/invoke/util/BytecodeDescriptor
Event: 2737.984 Loading class sun/invoke/util/BytecodeDescriptor done
Event: 2737.984 Loading class jdk/internal/classfile/impl/AbstractPoolEntry$IntegerEntryImpl
Event: 2737.984 Loading class java/lang/classfile/constantpool/IntegerEntry
Event: 2737.984 Loading class java/lang/classfile/constantpool/IntegerEntry done
Event: 2737.984 Loading class jdk/internal/classfile/impl/AbstractPoolEntry$IntegerEntryImpl done
Event: 2763.058 Loading class java/util/Base64$Decoder
Event: 2763.063 Loading class java/util/Base64$Decoder done
Event: 2763.068 Loading class java/io/Reader$2
Event: 2763.069 Loading class java/io/Reader$2 done
Event: 3201.403 Loading class jdk/internal/misc/Signal$1
Event: 3201.408 Loading class jdk/internal/misc/Signal$1 done

Classes unloaded (0 events):
No events

Classes redefined (0 events):
No events

Internal exceptions (20 events):
Event: 1.807 Thread 0x0000000163555800 Exception <a 'java/lang/NoSuchMethodError'{0x000000070e8c2ef8}: 'int java.lang.invoke.Invokers$Holder.invokeExact_MT(java.lang.Object, java.lang.Object)'> (0x000000070e8c2ef8) 
thrown [src/hotspot/share/interpreter/linkResolver.cpp, line 804]
Event: 1.807 Thread 0x0000000163555800 Implicit null exception at 0x0000000307b094a0 to 0x0000000307b098fc
Event: 1.807 Thread 0x0000000163555800 Implicit null exception at 0x0000000307ae7860 to 0x0000000307ae7c8c
Event: 1.840 Thread 0x0000000163555800 Exception <a 'java/lang/NoSuchMethodError'{0x000000070e9730b0}: 'java.lang.Object java.lang.invoke.DirectMethodHandle$Holder.newInvokeSpecial(java.lang.Object, int, java.lang.Object)'> (0x000000070e9730b0) 
thrown [src/hotspot/share/interpreter/linkResolver.cpp, line 804]
Event: 2.736 Thread 0x0000000163555800 Exception <a 'java/lang/NoSuchMethodError'{0x000000070e69fc90}: 'void java.lang.invoke.DirectMethodHandle$Holder.invokeSpecial(java.lang.Object, java.lang.Object, int, java.lang.Object)'> (0x000000070e69fc90) 
thrown [src/hotspot/share/interpreter/linkResolver.cpp, line 804]
Event: 2.736 Thread 0x0000000163555800 Exception <a 'java/lang/NoSuchMethodError'{0x000000070e6aeff8}: 'java.lang.Object java.lang.invoke.DirectMethodHandle$Holder.newInvokeSpecial(java.lang.Object, java.lang.Object, int)'> (0x000000070e6aeff8) 
thrown [src/hotspot/share/interpreter/linkResolver.cpp, line 804]
Event: 2.749 Thread 0x0000000163555800 Exception <a 'java/lang/NoSuchMethodError'{0x000000070e7fd1d0}: 'void java.lang.invoke.Invokers$Holder.invokeExact_MT(java.lang.Object, java.lang.Object, java.lang.Object, java.lang.Object)'> (0x000000070e7fd1d0) 
thrown [src/hotspot/share/interpreter/linkResolver.cpp, line 804]
Event: 2.751 Thread 0x0000000163555800 Exception <a 'java/lang/NoSuchMethodError'{0x000000070e417f40}: 'java.lang.Object java.lang.invoke.DirectMethodHandle$Holder.newInvokeSpecial(java.lang.Object, java.lang.Object, java.lang.Object, int, java.lang.Object)'> (0x000000070e417f40) 
thrown [src/hotspot/share/interpreter/linkResolver.cpp, line 804]
Event: 2.752 Thread 0x0000000163555800 Exception <a 'java/lang/NoSuchMethodError'{0x000000070e4287a8}: 'java.lang.Object java.lang.invoke.Invokers$Holder.linkToTargetMethod(java.lang.Object, java.lang.Object, int, java.lang.Object, java.lang.Object)'> (0x000000070e4287a8) 
thrown [src/hotspot/share/interpreter/linkResolver.cpp, line 804]
Event: 2.760 Thread 0x0000000163555800 Exception <a 'java/lang/NoSuchMethodError'{0x000000070e431130}: 'void java.lang.invoke.DirectMethodHandle$Holder.invokeStatic(java.lang.Object, int, long)'> (0x000000070e431130) 
thrown [src/hotspot/share/interpreter/linkResolver.cpp, line 804]
Event: 2.766 Thread 0x0000000163555800 Exception <a 'java/lang/NoSuchMethodError'{0x000000070e47dba0}: 'java.lang.Object java.lang.invoke.Invokers$Holder.linkToTargetMethod(int, int, int, int, java.lang.Object)'> (0x000000070e47dba0) 
thrown [src/hotspot/share/interpreter/linkResolver.cpp, line 804]
Event: 2.767 Thread 0x0000000163555800 Exception <a 'java/lang/NoSuchMethodError'{0x000000070e485e70}: 'void java.lang.invoke.DirectMethodHandle$Holder.invokeStatic(java.lang.Object, java.lang.Object, long)'> (0x000000070e485e70) 
thrown [src/hotspot/share/interpreter/linkResolver.cpp, line 804]
Event: 2.810 Thread 0x0000000163555800 Exception <a 'java/lang/NoSuchMethodError'{0x000000070e5ebc28}: 'java.lang.Object java.lang.invoke.DirectMethodHandle$Holder.newInvokeSpecial(java.lang.Object, java.lang.Object, int, int)'> (0x000000070e5ebc28) 
thrown [src/hotspot/share/interpreter/linkResolver.cpp, line 804]
Event: 2.823 Thread 0x0000000163555800 Exception <a 'java/lang/NoSuchMethodError'{0x000000070e290c28}: 'void java.lang.invoke.DirectMethodHandle$Holder.invokeStatic(java.lang.Object, java.lang.Object, java.lang.Object, java.lang.Object)'> (0x000000070e290c28) 
thrown [src/hotspot/share/interpreter/linkResolver.cpp, line 804]
Event: 2.842 Thread 0x0000000163555800 Exception <a 'java/lang/NoSuchMethodError'{0x000000070e362180}: 'void java.lang.invoke.DirectMethodHandle$Holder.invokeStatic(java.lang.Object, long, long)'> (0x000000070e362180) 
thrown [src/hotspot/share/interpreter/linkResolver.cpp, line 804]
Event: 2.842 Thread 0x0000000163555800 Exception <a 'java/lang/NoSuchMethodError'{0x000000070e371038}: 'java.lang.Object java.lang.invoke.DirectMethodHandle$Holder.newInvokeSpecial(java.lang.Object, long)'> (0x000000070e371038) 
thrown [src/hotspot/share/interpreter/linkResolver.cpp, line 804]
Event: 2.846 Thread 0x0000000163555800 Exception <a 'java/lang/NoSuchMethodError'{0x000000070e39fd88}: 'void java.lang.invoke.DirectMethodHandle$Holder.invokeVirtual(java.lang.Object, java.lang.Object)'> (0x000000070e39fd88) 
thrown [src/hotspot/share/interpreter/linkResolver.cpp, line 804]
Event: 2.847 Thread 0x000000032a7bdc00 Exception <a 'java/lang/NoSuchMethodError'{0x000000070ed00570}: 'void java.lang.invoke.DirectMethodHandle$Holder.invokeStatic(java.lang.Object, long)'> (0x000000070ed00570) 
thrown [src/hotspot/share/interpreter/linkResolver.cpp, line 804]
Event: 2.854 Thread 0x000000032a7bdc00 Exception <a 'java/lang/NoSuchMethodError'{0x000000070ed70dd0}: 'void java.lang.invoke.DirectMethodHandle$Holder.invokeSpecial(java.lang.Object, java.lang.Object, java.lang.Object, java.lang.Object, java.lang.Object)'> (0x000000070ed70dd0) 
thrown [src/hotspot/share/interpreter/linkResolver.cpp, line 804]
Event: 1433.504 Thread 0x0000000163555800 Exception <a 'java/lang/NoSuchMethodError'{0x000000070e028108}: 'void java.lang.invoke.DirectMethodHandle$Holder.invokeSpecial(java.lang.Object, java.lang.Object, long)'> (0x000000070e028108) 
thrown [src/hotspot/share/interpreter/linkResolver.cpp, line 804]

VM Operations (20 events):
Event: 1.720 Executing non-safepoint VM operation: HandshakeAllThreads (Deoptimize) done
Event: 1.767 Executing non-safepoint VM operation: HandshakeAllThreads (Deoptimize)
Event: 1.767 Executing non-safepoint VM operation: HandshakeAllThreads (Deoptimize) done
Event: 2.805 Executing non-safepoint VM operation: HandshakeAllThreads (Deoptimize)
Event: 2.806 Executing non-safepoint VM operation: HandshakeAllThreads (Deoptimize) done
Event: 2.813 Executing non-safepoint VM operation: HandshakeAllThreads (Deoptimize)
Event: 2.813 Executing non-safepoint VM operation: HandshakeAllThreads (Deoptimize) done
Event: 2.841 Executing non-safepoint VM operation: HandshakeAllThreads (Deoptimize)
Event: 2.841 Executing non-safepoint VM operation: HandshakeAllThreads (Deoptimize) done
Event: 2.844 Executing non-safepoint VM operation: HandshakeAllThreads (Deoptimize)
Event: 2.844 Executing non-safepoint VM operation: HandshakeAllThreads (Deoptimize) done
Event: 60.049 Executing non-safepoint VM operation: HandshakeAllThreads (HandshakeForDeflation)
Event: 60.049 Executing non-safepoint VM operation: HandshakeAllThreads (HandshakeForDeflation) done
Event: 60.049 Executing non-safepoint VM operation: RendezvousGCThreads
Event: 60.049 Executing non-safepoint VM operation: RendezvousGCThreads done
Event: 2199.695 Executing safepoint VM operation: G1CollectForAllocation (G1 Evacuation Pause)
Event: 2199.742 Executing safepoint VM operation: G1CollectForAllocation (G1 Evacuation Pause) done
Event: 2737.984 Executing non-safepoint VM operation: HandshakeAllThreads (Deoptimize)
Event: 2737.984 Executing non-safepoint VM operation: HandshakeAllThreads (Deoptimize) done
Event: 3201.419 Executing safepoint VM operation: Exit

Memory protections (20 events):
Event: 1.746 Protecting memory [0x000000032d9f0000,0x000000032d9fc000] with protection modes 0
Event: 1.759 Protecting memory [0x000000032dbfc000,0x000000032dc08000] with protection modes 0
Event: 1.765 Protecting memory [0x000000032de08000,0x000000032de14000] with protection modes 0
Event: 1.941 Protecting memory [0x0000000315008000,0x0000000315014000] with protection modes 3
Event: 2.167 Protecting memory [0x000000017fc8c000,0x000000017fc98000] with protection modes 3
Event: 2.741 Protecting memory [0x000000036f220000,0x000000036f22c000] with protection modes 0
Event: 2.789 Protecting memory [0x000000036f42c000,0x000000036f438000] with protection modes 0
Event: 2.789 Protecting memory [0x000000036f638000,0x000000036f644000] with protection modes 0
Event: 2.844 Protecting memory [0x000000036fa04000,0x000000036fa10000] with protection modes 0
Event: 3.064 Protecting memory [0x000000036f638000,0x000000036f644000] with protection modes 3
Event: 3.089 Protecting memory [0x000000036f42c000,0x000000036f438000] with protection modes 3
Event: 7.838 Protecting memory [0x000000036f220000,0x000000036f22c000] with protection modes 3
Event: 2765.451 Protecting memory [0x00000004e4534000,0x00000004e4540000] with protection modes 0
Event: 2765.460 Protecting memory [0x000000051fe80000,0x000000051fe8c000] with protection modes 0
Event: 2770.507 Protecting memory [0x000000051fe80000,0x000000051fe8c000] with protection modes 3
Event: 2775.508 Protecting memory [0x00000004e4534000,0x00000004e4540000] with protection modes 3
Event: 3123.783 Protecting memory [0x000000032b758000,0x000000032b764000] with protection modes 0
Event: 3124.753 Protecting memory [0x000000032b758000,0x000000032b764000] with protection modes 3
Event: 3201.410 Protecting memory [0x00000003d6304000,0x00000003d6310000] with protection modes 0
Event: 3201.418 Protecting memory [0x000000017ee38000,0x000000017ee44000] with protection modes 3

Nmethod flushes (0 events):
No events

Events (20 events):
Event: 1.759 Thread 0x0000000163555800 Thread added: 0x000000012cfde800
Event: 1.765 Thread 0x0000000163555800 Thread added: 0x000000031a476200
Event: 1.941 Thread 0x000000012d80bc00 Thread exited: 0x000000012d80bc00
Event: 2.167 Thread 0x000000012cf39400 Thread exited: 0x000000012cf39400
Event: 2.741 Thread 0x0000000163555800 Thread added: 0x000000031a751000
Event: 2.789 Thread 0x000000012d170400 Thread added: 0x00000001786f9a00
Event: 2.789 Thread 0x000000012d170400 Thread added: 0x00000001786fa400
Event: 2.844 Thread 0x0000000163555800 Thread added: 0x000000031a716c00
Event: 3.064 Thread 0x00000001786fa400 Thread exited: 0x00000001786fa400
Event: 3.089 Thread 0x00000001786f9a00 Thread exited: 0x00000001786f9a00
Event: 7.838 Thread 0x000000031a751000 Thread exited: 0x000000031a751000
Event: 2765.451 Thread 0x000000012d170400 Thread added: 0x000000032a077400
Event: 2765.460 Thread 0x00000001629c0800 Thread added: 0x000000012ab15c00
Event: 2770.507 Thread 0x000000012ab15c00 Thread exited: 0x000000012ab15c00
Event: 2775.508 Thread 0x000000032a077400 Thread exited: 0x000000032a077400
Event: 3123.782 Thread 0x000000012d170400 Thread added: 0x0000000521f54600
Event: 3124.753 Thread 0x0000000521f54600 Thread exited: 0x0000000521f54600
Event: 3201.410 Thread 0x0000000163637800 Thread added: 0x00000004c3157800
Event: 3201.417 Thread 0x00000004c3157800 Before exit entered
Event: 3201.418 Thread 0x0000000163637800 Thread exited: 0x0000000163637800


Dynamic libraries:
0x00000001b9f70000 	/System/Library/Frameworks/Cocoa.framework/Versions/A/Cocoa
0x00000001a1722000 	/System/Library/Frameworks/AppKit.framework/Versions/C/AppKit
0x00000001a4a12000 	/System/Library/Frameworks/CoreData.framework/Versions/A/CoreData
0x000000019edb3000 	/System/Library/Frameworks/Foundation.framework/Versions/C/Foundation
0x00000001ab9b0000 	/usr/lib/libSystem.B.dylib
0x00000001a2bb3000 	/System/Library/PrivateFrameworks/UIFoundation.framework/Versions/A/UIFoundation
0x000000024b75e000 	/System/Library/PrivateFrameworks/CollectionViewCore.framework/Versions/A/CollectionViewCore
0x00000001a9534000 	/System/Library/PrivateFrameworks/XCTTargetBootstrap.framework/Versions/A/XCTTargetBootstrap
0x00000001ae1aa000 	/System/Library/PrivateFrameworks/InternationalSupport.framework/Versions/A/InternationalSupport
0x00000001ae501000 	/System/Library/PrivateFrameworks/UserActivity.framework/Versions/A/UserActivity
0x000000027a0e6000 	/System/Library/PrivateFrameworks/UIIntelligenceSupport.framework/Versions/A/UIIntelligenceSupport
0x0000000204270000 	/System/Library/Frameworks/SwiftUICore.framework/Versions/A/SwiftUICore
0x000000027f16c000 	/System/Library/PrivateFrameworks/WritingTools.framework/Versions/A/WritingTools
0x000000027e1b0000 	/System/Library/PrivateFrameworks/WindowManagement.framework/Versions/A/WindowManagement
0x000000019ea16000 	/System/Library/Frameworks/SystemConfiguration.framework/Versions/A/SystemConfiguration
0x00000001ad5df000 	/usr/lib/libspindump.dylib
0x00000001a2d65000 	/System/Library/Frameworks/UniformTypeIdentifiers.framework/Versions/A/UniformTypeIdentifiers
0x00000001aad9b000 	/usr/lib/libbsm.0.dylib
0x00000001a6fb5000 	/usr/lib/libapp_launch_measurement.dylib
0x00000001a635e000 	/System/Library/PrivateFrameworks/CoreAnalytics.framework/Versions/A/CoreAnalytics
0x00000001a6fb9000 	/System/Library/PrivateFrameworks/CoreAutoLayout.framework/Versions/A/CoreAutoLayout
0x00000001a8b4e000 	/System/Library/Frameworks/Metal.framework/Versions/A/Metal
0x00000001a9d77000 	/usr/lib/liblangid.dylib
0x00000001a953a000 	/System/Library/PrivateFrameworks/CoreSVG.framework/Versions/A/CoreSVG
0x00000001a378a000 	/System/Library/PrivateFrameworks/SkyLight.framework/Versions/A/SkyLight
0x00000001a3cb1000 	/System/Library/Frameworks/CoreGraphics.framework/Versions/A/CoreGraphics
0x00000001b3681000 	/System/Library/Frameworks/Accelerate.framework/Versions/A/Accelerate
0x00000001ad422000 	/System/Library/PrivateFrameworks/IconServices.framework/Versions/A/IconServices
0x00000001a8b2b000 	/System/Library/Frameworks/IOSurface.framework/Versions/A/IOSurface
0x00000001a638f000 	/usr/lib/libDiagnosticMessagesClient.dylib
0x00000001ab8fa000 	/usr/lib/libz.1.dylib
0x00000001b7596000 	/System/Library/Frameworks/ApplicationServices.framework/Versions/A/ApplicationServices
0x00000001a951f000 	/System/Library/PrivateFrameworks/DFRFoundation.framework/Versions/A/DFRFoundation
0x00000001a0f87000 	/usr/lib/libicucore.A.dylib
0x00000001af58a000 	/System/Library/Frameworks/AudioToolbox.framework/Versions/A/AudioToolbox
0x00000001ae4b2000 	/System/Library/PrivateFrameworks/DataDetectorsCore.framework/Versions/A/DataDetectorsCore
0x00000001ca01d000 	/System/Library/PrivateFrameworks/TextInput.framework/Versions/A/TextInput
0x00000001a36d5000 	/usr/lib/libMobileGestalt.dylib
0x00000001a9218000 	/System/Library/Frameworks/Carbon.framework/Versions/A/Frameworks/HIToolbox.framework/Versions/A/HIToolbox
0x00000001a6896000 	/System/Library/Frameworks/QuartzCore.framework/Versions/A/QuartzCore
0x00000001a0b82000 	/System/Library/Frameworks/Security.framework/Versions/A/Security
0x00000001b2fde000 	/System/Library/Frameworks/Carbon.framework/Versions/A/Frameworks/SpeechRecognition.framework/Versions/A/SpeechRecognition
0x00000001a6cbc000 	/System/Library/PrivateFrameworks/CoreUI.framework/Versions/A/CoreUI
0x00000001a0450000 	/System/Library/Frameworks/CoreAudio.framework/Versions/A/CoreAudio
0x00000001a647d000 	/System/Library/Frameworks/DiskArbitration.framework/Versions/A/DiskArbitration
0x00000001ada48000 	/System/Library/PrivateFrameworks/MultitouchSupport.framework/Versions/A/MultitouchSupport
0x00000001a36d3000 	/usr/lib/libenergytrace.dylib
0x00000001be5c1000 	/System/Library/PrivateFrameworks/RenderBox.framework/Versions/A/RenderBox
0x00000001a15d2000 	/System/Library/Frameworks/IOKit.framework/Versions/A/IOKit
0x00000001b33d5000 	/System/Library/Frameworks/CoreServices.framework/Versions/A/CoreServices
0x00000001a6f46000 	/System/Library/PrivateFrameworks/PerformanceAnalysis.framework/Versions/A/PerformanceAnalysis
0x00000001fdc31000 	/System/Library/Frameworks/OpenGL.framework/Versions/A/OpenGL
0x00000001a7003000 	/usr/lib/libxml2.2.dylib
0x00000001aac7f000 	/System/Library/PrivateFrameworks/MobileKeyBag.framework/Versions/A/MobileKeyBag
0x000000019d358000 	/usr/lib/libobjc.A.dylib
0x000000019d666000 	/usr/lib/libc++.1.dylib
0x00000001b3356000 	/System/Library/Frameworks/Accessibility.framework/Versions/A/Accessibility
0x00000001a43e2000 	/System/Library/Frameworks/ColorSync.framework/Versions/A/ColorSync
0x000000019d7c2000 	/System/Library/Frameworks/CoreFoundation.framework/Versions/A/CoreFoundation
0x00000001a98f9000 	/System/Library/Frameworks/CoreImage.framework/Versions/A/CoreImage
0x00000001a0231000 	/System/Library/Frameworks/CoreText.framework/Versions/A/CoreText
0x00000001ff17d000 	/System/Library/Frameworks/CoreTransferable.framework/Versions/A/CoreTransferable
0x00000001ff702000 	/System/Library/Frameworks/DataDetection.framework/Versions/A/DataDetection
0x00000001ff705000 	/System/Library/Frameworks/DeveloperToolsSupport.framework/Versions/A/DeveloperToolsSupport
0x00000001a9575000 	/System/Library/Frameworks/ImageIO.framework/Versions/A/ImageIO
0x0000000204e33000 	/System/Library/Frameworks/Symbols.framework/Versions/A/Symbols
0x00000001f13de000 	/System/Library/PrivateFrameworks/FeatureFlags.framework/Versions/A/FeatureFlags
0x00000001ab9b5000 	/System/Library/PrivateFrameworks/SoftLinking.framework/Versions/A/SoftLinking
0x00000001dcc97000 	/usr/lib/swift/libswiftAccelerate.dylib
0x00000001aef1f000 	/usr/lib/swift/libswiftCore.dylib
0x00000001c66c0000 	/usr/lib/swift/libswiftCoreFoundation.dylib
0x00000001c671a000 	/usr/lib/swift/libswiftCoreImage.dylib
0x00000001c3a29000 	/usr/lib/swift/libswiftDarwin.dylib
0x0000000285d89000 	/usr/lib/swift/libswiftDataDetection.dylib
0x00000001b4ece000 	/usr/lib/swift/libswiftDispatch.dylib
0x00000001c671b000 	/usr/lib/swift/libswiftIOKit.dylib
0x00000001d328b000 	/usr/lib/swift/libswiftMetal.dylib
0x00000001e2230000 	/usr/lib/swift/libswiftOSLog.dylib
0x00000001b7b50000 	/usr/lib/swift/libswiftObjectiveC.dylib
0x0000000285db6000 	/usr/lib/swift/libswiftObservation.dylib
0x00000001d862d000 	/usr/lib/swift/libswiftQuartzCore.dylib
0x00000001dcc88000 	/usr/lib/swift/libswiftUniformTypeIdentifiers.dylib
0x00000001c66d2000 	/usr/lib/swift/libswiftXPC.dylib
0x0000000285e9c000 	/usr/lib/swift/libswift_Builtin_float.dylib
0x0000000285e9f000 	/usr/lib/swift/libswift_Concurrency.dylib
0x0000000285ffe000 	/usr/lib/swift/libswift_StringProcessing.dylib
0x0000000286091000 	/usr/lib/swift/libswift_errno.dylib
0x0000000286093000 	/usr/lib/swift/libswift_math.dylib
0x0000000286096000 	/usr/lib/swift/libswift_signal.dylib
0x0000000286097000 	/usr/lib/swift/libswift_stdio.dylib
0x0000000286098000 	/usr/lib/swift/libswift_time.dylib
0x00000001b7b54000 	/usr/lib/swift/libswiftos.dylib
0x00000001c9f74000 	/usr/lib/swift/libswiftsimd.dylib
0x0000000286099000 	/usr/lib/swift/libswiftsys_time.dylib
0x000000028609a000 	/usr/lib/swift/libswiftunistd.dylib
0x00000001abbde000 	/usr/lib/libcompression.dylib
0x00000001ae10a000 	/System/Library/PrivateFrameworks/TextureIO.framework/Versions/A/TextureIO
0x00000001ad0c1000 	/usr/lib/libate.dylib
0x00000001ab9aa000 	/usr/lib/system/libcache.dylib
0x00000001ab965000 	/usr/lib/system/libcommonCrypto.dylib
0x00000001ab990000 	/usr/lib/system/libcompiler_rt.dylib
0x00000001ab985000 	/usr/lib/system/libcopyfile.dylib
0x000000019d4b3000 	/usr/lib/system/libcorecrypto.dylib
0x000000019d59a000 	/usr/lib/system/libdispatch.dylib
0x000000019d75a000 	/usr/lib/system/libdyld.dylib
0x00000001ab9a0000 	/usr/lib/system/libkeymgr.dylib
0x00000001ab948000 	/usr/lib/system/libmacho.dylib
0x00000001aad74000 	/usr/lib/system/libquarantine.dylib
0x00000001ab99d000 	/usr/lib/system/libremovefile.dylib
0x00000001a374f000 	/usr/lib/system/libsystem_asl.dylib
0x000000019d448000 	/usr/lib/system/libsystem_blocks.dylib
0x000000019d5e4000 	/usr/lib/system/libsystem_c.dylib
0x00000001ab994000 	/usr/lib/system/libsystem_collections.dylib
0x00000001a9d64000 	/usr/lib/system/libsystem_configuration.dylib
0x00000001a8afa000 	/usr/lib/system/libsystem_containermanager.dylib
0x00000001ab48a000 	/usr/lib/system/libsystem_coreservices.dylib
0x00000001a1253000 	/usr/lib/system/libsystem_darwin.dylib
0x00000002861d1000 	/usr/lib/system/libsystem_darwindirectory.dylib
0x00000001ab9a1000 	/usr/lib/system/libsystem_dnssd.dylib
0x00000002861d5000 	/usr/lib/system/libsystem_eligibility.dylib
0x000000019d5e1000 	/usr/lib/system/libsystem_featureflags.dylib
0x000000019d792000 	/usr/lib/system/libsystem_info.dylib
0x00000001ab909000 	/usr/lib/system/libsystem_m.dylib
0x000000019d552000 	/usr/lib/system/libsystem_malloc.dylib
0x00000001a36b8000 	/usr/lib/system/libsystem_networkextension.dylib
0x00000001a16b5000 	/usr/lib/system/libsystem_notify.dylib
0x00000001a9d69000 	/usr/lib/system/libsystem_sandbox.dylib
0x00000002861dd000 	/usr/lib/system/libsystem_sanitizers.dylib
0x00000001ab999000 	/usr/lib/system/libsystem_secinit.dylib
0x000000019d711000 	/usr/lib/system/libsystem_kernel.dylib
0x000000019d78a000 	/usr/lib/system/libsystem_platform.dylib
0x000000019d74d000 	/usr/lib/system/libsystem_pthread.dylib
0x00000001a52ac000 	/usr/lib/system/libsystem_symptoms.dylib
0x000000019d497000 	/usr/lib/system/libsystem_trace.dylib
0x00000001ab973000 	/usr/lib/system/libunwind.dylib
0x000000019d44c000 	/usr/lib/system/libxpc.dylib
0x000000019d6f3000 	/usr/lib/libc++abi.dylib
0x0000000284da6000 	/usr/lib/libRosetta.dylib
0x00000001a1551000 	/System/Library/PrivateFrameworks/CoreServicesInternal.framework/Versions/A/CoreServicesInternal
0x00000001ab97d000 	/usr/lib/liboah.dylib
0x00000001ab9b2000 	/usr/lib/libfakelink.dylib
0x00000001b7049000 	/System/Library/PrivateFrameworks/DiskImages.framework/Versions/A/DiskImages
0x00000001c3552000 	/System/Library/Frameworks/NetFS.framework/Versions/A/NetFS
0x00000001a32ee000 	/System/Library/Frameworks/CFNetwork.framework/Versions/A/CFNetwork
0x00000001a6f7d000 	/System/Library/Frameworks/CoreServices.framework/Versions/A/Frameworks/FSEvents.framework/Versions/A/FSEvents
0x00000001a125e000 	/System/Library/Frameworks/CoreServices.framework/Versions/A/Frameworks/CarbonCore.framework/Versions/A/CarbonCore
0x00000001a63f2000 	/System/Library/Frameworks/CoreServices.framework/Versions/A/Frameworks/Metadata.framework/Versions/A/Metadata
0x00000001ab492000 	/System/Library/Frameworks/CoreServices.framework/Versions/A/Frameworks/OSServices.framework/Versions/A/OSServices
0x00000001abaff000 	/System/Library/Frameworks/CoreServices.framework/Versions/A/Frameworks/SearchKit.framework/Versions/A/SearchKit
0x00000001a5227000 	/System/Library/Frameworks/CoreServices.framework/Versions/A/Frameworks/AE.framework/Versions/A/AE
0x000000019dd01000 	/System/Library/Frameworks/CoreServices.framework/Versions/A/Frameworks/LaunchServices.framework/Versions/A/LaunchServices
0x00000001acf16000 	/System/Library/Frameworks/CoreServices.framework/Versions/A/Frameworks/DictionaryServices.framework/Versions/A/DictionaryServices
0x00000001a6f8b000 	/System/Library/Frameworks/CoreServices.framework/Versions/A/Frameworks/SharedFileList.framework/Versions/A/SharedFileList
0x00000001abb95000 	/usr/lib/libapple_nghttp2.dylib
0x00000001a4e88000 	/usr/lib/libsqlite3.dylib
0x00000001afbcd000 	/System/Library/Frameworks/GSS.framework/Versions/A/GSS
0x00000001a51be000 	/System/Library/PrivateFrameworks/RunningBoardServices.framework/Versions/A/RunningBoardServices
0x00000001a52b5000 	/System/Library/Frameworks/Network.framework/Versions/A/Network
0x00000001ab94c000 	/usr/lib/system/libkxld.dylib
0x00000002475e9000 	/System/Library/PrivateFrameworks/AppleKeyStore.framework/Versions/A/AppleKeyStore
0x0000000284bfe000 	/usr/lib/libCoreEntitlements.dylib
0x00000002625d7000 	/System/Library/PrivateFrameworks/MessageSecurity.framework/Versions/A/MessageSecurity
0x00000001a4e6d000 	/System/Library/PrivateFrameworks/ProtocolBuffer.framework/Versions/A/ProtocolBuffer
0x00000001ab471000 	/System/Library/PrivateFrameworks/AppleFSCompression.framework/Versions/A/AppleFSCompression
0x00000001aad83000 	/usr/lib/libcoretls.dylib
0x00000001acf8c000 	/usr/lib/libcoretls_cfhelpers.dylib
0x00000001abbd8000 	/usr/lib/libpam.2.dylib
0x00000001ad000000 	/usr/lib/libxar.1.dylib
0x00000001aba07000 	/usr/lib/libarchive.2.dylib
0x00000001b12d0000 	/System/Library/Frameworks/Combine.framework/Versions/A/Combine
0x000000024b782000 	/System/Library/PrivateFrameworks/CollectionsInternal.framework/Versions/A/CollectionsInternal
0x000000026b632000 	/System/Library/PrivateFrameworks/ReflectionInternal.framework/Versions/A/ReflectionInternal
0x000000026c309000 	/System/Library/PrivateFrameworks/RuntimeInternal.framework/Versions/A/RuntimeInternal
0x0000000285e2d000 	/usr/lib/swift/libswiftSystem.dylib
0x00000001a9d72000 	/System/Library/PrivateFrameworks/AppleSystemInfo.framework/Versions/A/AppleSystemInfo
0x00000001c65ab000 	/System/Library/PrivateFrameworks/LoggingSupport.framework/Versions/A/LoggingSupport
0x00000001b438f000 	/System/Library/PrivateFrameworks/PowerLog.framework/Versions/A/PowerLog
0x0000000204135000 	/System/Library/Frameworks/SwiftData.framework/Versions/A/SwiftData
0x00000001a718e000 	/System/Library/PrivateFrameworks/UserManagement.framework/Versions/A/UserManagement
0x00000001a321c000 	/usr/lib/libboringssl.dylib
0x00000001a529b000 	/usr/lib/libdns_services.dylib
0x00000001c575a000 	/usr/lib/libquic.dylib
0x00000001aeeae000 	/usr/lib/libusrtcp.dylib
0x00000001ea0a5000 	/System/Library/PrivateFrameworks/InternalSwiftProtobuf.framework/Versions/A/InternalSwiftProtobuf
0x0000000285d8a000 	/usr/lib/swift/libswiftDistributed.dylib
0x0000000285e23000 	/usr/lib/swift/libswiftSynchronization.dylib
0x00000001a32ed000 	/usr/lib/libnetwork.dylib
0x00000001d7261000 	/System/Library/PrivateFrameworks/OSAnalytics.framework/Versions/A/OSAnalytics
0x00000001abb70000 	/System/Library/PrivateFrameworks/AppleSauce.framework/Versions/A/AppleSauce
0x00000001b5664000 	/System/Library/PrivateFrameworks/CoreSymbolication.framework/Versions/A/CoreSymbolication
0x00000001e5d6e000 	/System/Library/PrivateFrameworks/Symbolication.framework/Versions/A/Symbolication
0x00000001b5640000 	/System/Library/PrivateFrameworks/DebugSymbols.framework/Versions/A/DebugSymbols
0x0000000284ac9000 	/usr/lib/libAppleArchive.dylib
0x00000001ab47d000 	/usr/lib/libbz2.1.0.dylib
0x00000001acf6d000 	/usr/lib/liblzma.5.dylib
0x00000001aaa6f000 	/System/Library/PrivateFrameworks/IOMobileFramebuffer.framework/Versions/A/IOMobileFramebuffer
0x00000001c6634000 	/System/Library/PrivateFrameworks/MallocStackLogging.framework/Versions/A/MallocStackLogging
0x00000001ad15b000 	/System/Library/PrivateFrameworks/CrashReporterSupport.framework/Versions/A/CrashReporterSupport
0x000000019e80d000 	/System/Library/PrivateFrameworks/Lexicon.framework/Versions/A/Lexicon
0x000000025a916000 	/System/Library/PrivateFrameworks/IO80211.framework/Versions/A/IO80211
0x00000001b5166000 	/System/Library/PrivateFrameworks/FrontBoardServices.framework/Versions/A/FrontBoardServices
0x00000001aacab000 	/System/Library/Frameworks/SecurityFoundation.framework/Versions/A/SecurityFoundation
0x00000001aae0d000 	/usr/lib/libgermantok.dylib
0x00000001a9e96000 	/System/Library/PrivateFrameworks/LinguisticData.framework/Versions/A/LinguisticData
0x00000001a50d9000 	/System/Library/PrivateFrameworks/BaseBoard.framework/Versions/A/BaseBoard
0x00000001b5233000 	/System/Library/PrivateFrameworks/BoardServices.framework/Versions/A/BoardServices
0x00000001aac9c000 	/System/Library/PrivateFrameworks/AssertionServices.framework/Versions/A/AssertionServices
0x00000001b6e83000 	/System/Library/PrivateFrameworks/BackBoardServices.framework/Versions/A/BackBoardServices
0x00000001a8f45000 	/System/Library/PrivateFrameworks/FontServices.framework/libFontParser.dylib
0x00000001a3767000 	/System/Library/PrivateFrameworks/TCC.framework/Versions/A/TCC
0x00000001ba87b000 	/System/Library/PrivateFrameworks/IOSurfaceAccelerator.framework/Versions/A/IOSurfaceAccelerator
0x00000001ada46000 	/System/Library/PrivateFrameworks/WatchdogClient.framework/Versions/A/WatchdogClient
0x000000019fd58000 	/System/Library/Frameworks/CoreDisplay.framework/Versions/A/CoreDisplay
0x00000001a8de9000 	/System/Library/Frameworks/CoreMedia.framework/Versions/A/CoreMedia
0x00000001a8b44000 	/System/Library/PrivateFrameworks/IOAccelerator.framework/Versions/A/IOAccelerator
0x00000001a70ed000 	/System/Library/Frameworks/CoreVideo.framework/Versions/A/CoreVideo
0x00000001abbd6000 	/System/Library/Frameworks/MetalPerformanceShaders.framework/Versions/A/MetalPerformanceShaders
0x000000026a970000 	/System/Library/PrivateFrameworks/ProDisplayLibrary.framework/Versions/A/ProDisplayLibrary
0x00000001ada8e000 	/System/Library/Frameworks/VideoToolbox.framework/Versions/A/VideoToolbox
0x00000001a9d70000 	/System/Library/PrivateFrameworks/AggregateDictionary.framework/Versions/A/AggregateDictionary
0x00000001acf8e000 	/System/Library/PrivateFrameworks/APFS.framework/Versions/A/APFS
0x00000001ad00f000 	/usr/lib/libutil.dylib
0x0000000275895000 	/System/Library/PrivateFrameworks/SwiftASN1Internal.framework/Versions/A/SwiftASN1Internal
0x00000001a6486000 	/System/Library/Frameworks/Accelerate.framework/Versions/A/Frameworks/vImage.framework/Versions/A/vImage
0x00000001b33b0000 	/System/Library/Frameworks/Accelerate.framework/Versions/A/Frameworks/vecLib.framework/Versions/A/vecLib
0x00000001ad047000 	/System/Library/Frameworks/Accelerate.framework/Versions/A/Frameworks/vecLib.framework/Versions/A/libvMisc.dylib
0x000000019e179000 	/System/Library/Frameworks/Accelerate.framework/Versions/A/Frameworks/vecLib.framework/Versions/A/libBLAS.dylib
0x00000001af7da000 	/System/Library/Frameworks/ApplicationServices.framework/Versions/A/Frameworks/ATS.framework/Versions/A/ATS
0x00000001a4598000 	/System/Library/Frameworks/ApplicationServices.framework/Versions/A/Frameworks/HIServices.framework/Versions/A/HIServices
0x00000001ae093000 	/System/Library/Frameworks/ApplicationServices.framework/Versions/A/Frameworks/PrintCore.framework/Versions/A/PrintCore
0x00000001afb97000 	/System/Library/Frameworks/ApplicationServices.framework/Versions/A/Frameworks/QD.framework/Versions/A/QD
0x00000001afb8e000 	/System/Library/Frameworks/ApplicationServices.framework/Versions/A/Frameworks/ColorSyncLegacy.framework/Versions/A/ColorSyncLegacy
0x00000001af7ac000 	/System/Library/Frameworks/ApplicationServices.framework/Versions/A/Frameworks/SpeechSynthesis.framework/Versions/A/SpeechSynthesis
0x00000001aaa3c000 	/System/Library/PrivateFrameworks/CoreEmoji.framework/Versions/A/CoreEmoji
0x00000002519db000 	/System/Library/PrivateFrameworks/FontServices.framework/Versions/A/FontServices
0x00000001ad594000 	/System/Library/PrivateFrameworks/OTSVG.framework/Versions/A/OTSVG
0x00000001a6c6a000 	/System/Library/Frameworks/ApplicationServices.framework/Versions/A/Frameworks/ATS.framework/Versions/A/Resources/libFontRegistry.dylib
0x000000028518b000 	/usr/lib/libhvf.dylib
0x0000000266874000 	/System/Library/PrivateFrameworks/ParsingInternal.framework/Versions/A/ParsingInternal
0x0000000285dd3000 	/usr/lib/swift/libswiftRegexBuilder.dylib
0x0000000285f5b000 	/usr/lib/swift/libswift_RegexParser.dylib
0x00000001ad90f000 	/System/Library/PrivateFrameworks/AppleJPEG.framework/Versions/A/AppleJPEG
0x00000001ad3b0000 	/usr/lib/libexpat.1.dylib
0x00000001adf69000 	/System/Library/Frameworks/ImageIO.framework/Versions/A/Resources/libPng.dylib
0x00000001adf94000 	/System/Library/Frameworks/ImageIO.framework/Versions/A/Resources/libTIFF.dylib
0x00000001ae07e000 	/System/Library/Frameworks/ImageIO.framework/Versions/A/Resources/libGIF.dylib
0x00000001ad955000 	/System/Library/Frameworks/ImageIO.framework/Versions/A/Resources/libJP2.dylib
0x00000001ae025000 	/System/Library/Frameworks/ImageIO.framework/Versions/A/Resources/libJPEG.dylib
0x00000001ae01c000 	/System/Library/Frameworks/ImageIO.framework/Versions/A/Resources/libRadiance.dylib
0x00000002566aa000 	/System/Library/PrivateFrameworks/GPUCompiler.framework/Versions/32023/Libraries/libllvm-flatbuffers.dylib
0x0000000251aa6000 	/System/Library/PrivateFrameworks/FramePacing.framework/Versions/A/FramePacing
0x00000001fdc23000 	/System/Library/Frameworks/OpenGL.framework/Versions/A/Libraries/libCoreFSCache.dylib
0x000000025261b000 	/System/Library/PrivateFrameworks/GPUCompiler.framework/Versions/32023/Libraries/libGPUCompilerUtils.dylib
0x00000002519dc000 	/System/Library/PrivateFrameworks/FontServices.framework/libXTFontStaticRegistryData.dylib
0x00000001b8c93000 	/System/Library/PrivateFrameworks/ASEProcessing.framework/Versions/A/ASEProcessing
0x0000000269add000 	/System/Library/PrivateFrameworks/PhotosensitivityProcessing.framework/Versions/A/PhotosensitivityProcessing
0x00000001ad588000 	/System/Library/PrivateFrameworks/GraphVisualizer.framework/Versions/A/GraphVisualizer
0x00000001fdc81000 	/System/Library/Frameworks/OpenGL.framework/Versions/A/Libraries/libGLU.dylib
0x00000001fdc45000 	/System/Library/Frameworks/OpenGL.framework/Versions/A/Libraries/libGFXShared.dylib
0x00000001fde0d000 	/System/Library/Frameworks/OpenGL.framework/Versions/A/Libraries/libGL.dylib
0x00000001fdc4e000 	/System/Library/Frameworks/OpenGL.framework/Versions/A/Libraries/libGLImage.dylib
0x00000001fdc42000 	/System/Library/Frameworks/OpenGL.framework/Versions/A/Libraries/libCVMSPluginSupport.dylib
0x00000001fdc2b000 	/System/Library/Frameworks/OpenGL.framework/Versions/A/Libraries/libCoreVMClient.dylib
0x00000001a9cb4000 	/System/Library/Frameworks/MetalPerformanceShaders.framework/Versions/A/Frameworks/MPSCore.framework/Versions/A/MPSCore
0x00000001ab3dc000 	/System/Library/Frameworks/MetalPerformanceShaders.framework/Versions/A/Frameworks/MPSImage.framework/Versions/A/MPSImage
0x00000001aae25000 	/System/Library/Frameworks/MetalPerformanceShaders.framework/Versions/A/Frameworks/MPSNeuralNetwork.framework/Versions/A/MPSNeuralNetwork
0x00000001ab25c000 	/System/Library/Frameworks/MetalPerformanceShaders.framework/Versions/A/Frameworks/MPSMatrix.framework/Versions/A/MPSMatrix
0x00000001ab071000 	/System/Library/Frameworks/MetalPerformanceShaders.framework/Versions/A/Frameworks/MPSRayIntersector.framework/Versions/A/MPSRayIntersector
0x00000001ab28e000 	/System/Library/Frameworks/MetalPerformanceShaders.framework/Versions/A/Frameworks/MPSNDArray.framework/Versions/A/MPSNDArray
0x0000000201523000 	/System/Library/Frameworks/MetalPerformanceShaders.framework/Versions/A/Frameworks/MPSFunctions.framework/Versions/A/MPSFunctions
0x0000000201505000 	/System/Library/Frameworks/MetalPerformanceShaders.framework/Versions/A/Frameworks/MPSBenchmarkLoop.framework/Versions/A/MPSBenchmarkLoop
0x000000019dff4000 	/System/Library/PrivateFrameworks/MetalTools.framework/Versions/A/MetalTools
0x00000001cb31d000 	/System/Library/PrivateFrameworks/IOAccelMemoryInfo.framework/Versions/A/IOAccelMemoryInfo
0x00000001d8a22000 	/System/Library/PrivateFrameworks/kperf.framework/Versions/A/kperf
0x00000001c669b000 	/System/Library/PrivateFrameworks/GPURawCounter.framework/Versions/A/GPURawCounter
0x00000001ae050000 	/System/Library/Frameworks/ApplicationServices.framework/Versions/A/Frameworks/ATSUI.framework/Versions/A/ATSUI
0x00000001afb22000 	/usr/lib/libcups.2.dylib
0x00000001afbbc000 	/System/Library/Frameworks/Kerberos.framework/Versions/A/Kerberos
0x00000001af822000 	/usr/lib/libresolv.9.dylib
0x00000001ab9ec000 	/usr/lib/libiconv.2.dylib
0x00000001ad5e6000 	/System/Library/PrivateFrameworks/Heimdal.framework/Versions/A/Heimdal
0x00000001b7aa7000 	/System/Library/Frameworks/Kerberos.framework/Versions/A/Libraries/libHeimdalProxy.dylib
0x00000001ad3cb000 	/usr/lib/libheimdal-asn1.dylib
0x00000001a6f50000 	/System/Library/Frameworks/OpenDirectory.framework/Versions/A/OpenDirectory
0x00000001afc1f000 	/System/Library/PrivateFrameworks/CommonAuth.framework/Versions/A/CommonAuth
0x00000001a6f5e000 	/System/Library/Frameworks/OpenDirectory.framework/Versions/A/Frameworks/CFOpenDirectory.framework/Versions/A/CFOpenDirectory
0x00000001ab947000 	/usr/lib/libcharset.1.dylib
0x00000001fe1a9000 	/System/Library/Frameworks/AVFAudio.framework/Versions/A/AVFAudio
0x00000001bff87000 	/System/Library/PrivateFrameworks/AXCoreUtilities.framework/Versions/A/AXCoreUtilities
0x000000025e24f000 	/System/Library/PrivateFrameworks/IsolatedCoreAudioClient.framework/Versions/A/IsolatedCoreAudioClient
0x00000001af793000 	/usr/lib/libAudioStatistics.dylib
0x00000001a8dc1000 	/System/Library/PrivateFrameworks/caulk.framework/Versions/A/caulk
0x000000019fe79000 	/System/Library/PrivateFrameworks/AudioToolboxCore.framework/Versions/A/AudioToolboxCore
0x00000001b9d9d000 	/System/Library/Frameworks/CoreMIDI.framework/Versions/A/CoreMIDI
0x00000001af735000 	/System/Library/PrivateFrameworks/AudioSession.framework/Versions/A/AudioSession
0x00000001b1038000 	/System/Library/Frameworks/IOBluetooth.framework/Versions/A/IOBluetooth
0x00000001ad4b5000 	/System/Library/PrivateFrameworks/MediaExperience.framework/Versions/A/MediaExperience
0x0000000278359000 	/System/Library/PrivateFrameworks/Tightbeam.framework/Versions/A/Tightbeam
0x000000024c240000 	/System/Library/PrivateFrameworks/CoreAudioOrchestration.framework/Versions/A/CoreAudioOrchestration
0x00000001dd35a000 	/System/Library/PrivateFrameworks/AFKUser.framework/Versions/A/AFKUser
0x00000001c669f000 	/usr/lib/swift/libswiftCoreAudio.dylib
0x00000001ad5d5000 	/System/Library/PrivateFrameworks/AppServerSupport.framework/Versions/A/AppServerSupport
0x00000001afba0000 	/System/Library/PrivateFrameworks/perfdata.framework/Versions/A/perfdata
0x00000001c5853000 	/System/Library/PrivateFrameworks/SystemPolicy.framework/Versions/A/SystemPolicy
0x00000001afa41000 	/usr/lib/libSMC.dylib
0x00000001adf33000 	/usr/lib/libAudioToolboxUtility.dylib
0x00000001afbae000 	/usr/lib/libperfcheck.dylib
0x0000000248167000 	/System/Library/PrivateFrameworks/AudioAnalytics.framework/Versions/A/AudioAnalytics
0x00000001e9e6c000 	/System/Library/Frameworks/OSLog.framework/Versions/A/OSLog
0x00000001c6666000 	/usr/lib/libmis.dylib
0x00000001af543000 	/System/Library/PrivateFrameworks/AudioSession.framework/libSessionUtility.dylib
0x00000001ae084000 	/System/Library/PrivateFrameworks/CMCaptureCore.framework/Versions/A/CMCaptureCore
0x00000001ff852000 	/System/Library/Frameworks/ExtensionFoundation.framework/Versions/A/ExtensionFoundation
0x00000001b5771000 	/System/Library/PrivateFrameworks/CoreTime.framework/Versions/A/CoreTime
0x00000001ad2af000 	/System/Library/PrivateFrameworks/PlugInKit.framework/Versions/A/PlugInKit
0x00000001b4298000 	/System/Library/Frameworks/CoreBluetooth.framework/Versions/A/CoreBluetooth
0x00000001b7aa8000 	/System/Library/Frameworks/AudioUnit.framework/Versions/A/AudioUnit
0x00000001aab00000 	/System/Library/PrivateFrameworks/CoreUtils.framework/Versions/A/CoreUtils
0x000000024f1f3000 	/System/Library/PrivateFrameworks/CoreUtilsExtras.framework/Versions/A/CoreUtilsExtras
0x00000001b36d1000 	/System/Library/Frameworks/MediaAccessibility.framework/Versions/A/MediaAccessibility
0x00000001cecbd000 	/System/Library/PrivateFrameworks/AttributeGraph.framework/Versions/A/AttributeGraph
0x0000000284a47000 	/usr/lib/libAXSafeCategoryBundle.dylib
0x00000001c0043000 	/usr/lib/libAccessibility.dylib
0x00000001aa94a000 	/System/Library/Frameworks/Accelerate.framework/Versions/A/Frameworks/vecLib.framework/Versions/A/libvDSP.dylib
0x00000001abcb4000 	/System/Library/Frameworks/Accelerate.framework/Versions/A/Frameworks/vecLib.framework/Versions/A/libLAPACK.dylib
0x00000001aae10000 	/System/Library/Frameworks/Accelerate.framework/Versions/A/Frameworks/vecLib.framework/Versions/A/libLinearAlgebra.dylib
0x00000001abbaf000 	/System/Library/Frameworks/Accelerate.framework/Versions/A/Frameworks/vecLib.framework/Versions/A/libSparseBLAS.dylib
0x00000001abcaf000 	/System/Library/Frameworks/Accelerate.framework/Versions/A/Frameworks/vecLib.framework/Versions/A/libQuadrature.dylib
0x00000001a9e9d000 	/System/Library/Frameworks/Accelerate.framework/Versions/A/Frameworks/vecLib.framework/Versions/A/libBNNS.dylib
0x000000019e91a000 	/System/Library/Frameworks/Accelerate.framework/Versions/A/Frameworks/vecLib.framework/Versions/A/libSparse.dylib
0x000000025f9c6000 	/System/Library/PrivateFrameworks/MIL.framework/Versions/A/MIL
0x00000001ae017000 	/System/Library/PrivateFrameworks/GPUWrangler.framework/Versions/A/GPUWrangler
0x00000001adff7000 	/System/Library/PrivateFrameworks/IOPresentment.framework/Versions/A/IOPresentment
0x00000001ae01f000 	/System/Library/PrivateFrameworks/DSExternalDisplay.framework/Versions/A/DSExternalDisplay
0x00000001ea273000 	/System/Library/PrivateFrameworks/HIDDisplay.framework/Versions/A/HIDDisplay
0x00000001bf261000 	/System/Library/PrivateFrameworks/HID.framework/Versions/A/HID
0x000000027bb9b000 	/System/Library/PrivateFrameworks/VideoToolboxParavirtualizationSupport.framework/Versions/A/VideoToolboxParavirtualizationSupport
0x00000001ad367000 	/System/Library/PrivateFrameworks/AppleVA.framework/Versions/A/AppleVA
0x00000001b52e0000 	/System/Library/PrivateFrameworks/GraphicsServices.framework/Versions/A/GraphicsServices
0x00000001afd92000 	/System/Library/PrivateFrameworks/CorePhoneNumbers.framework/Versions/A/CorePhoneNumbers
0x00000001b4480000 	/System/Library/PrivateFrameworks/MediaKit.framework/Versions/A/MediaKit
0x00000001b43cb000 	/System/Library/Frameworks/DiscRecording.framework/Versions/A/DiscRecording
0x00000001afb81000 	/System/Library/PrivateFrameworks/NetAuth.framework/Versions/A/NetAuth
0x00000001a714e000 	/System/Library/PrivateFrameworks/login.framework/Versions/A/Frameworks/loginsupport.framework/Versions/A/loginsupport
0x00000001ad3d5000 	/System/Library/PrivateFrameworks/IconFoundation.framework/Versions/A/IconFoundation
0x00000001ad152000 	/usr/lib/libIOReport.dylib
0x0000000247d77000 	/System/Library/PrivateFrameworks/AppleMobileFileIntegrity.framework/Versions/A/AppleMobileFileIntegrity
0x0000000284e09000 	/usr/lib/libTLE.dylib
0x00000001fac7f000 	/System/Library/PrivateFrameworks/ConfigProfileHelper.framework/Versions/A/ConfigProfileHelper
0x00000001aadad000 	/usr/lib/libmecab.dylib
0x000000019eaaa000 	/usr/lib/libCRFSuite.dylib
0x00000001a9d79000 	/System/Library/PrivateFrameworks/CoreNLP.framework/Versions/A/CoreNLP
0x00000001abb67000 	/usr/lib/libThaiTokenizer.dylib
0x00000001aad77000 	/usr/lib/libCheckFix.dylib
0x00000001a6391000 	/System/Library/PrivateFrameworks/MetadataUtilities.framework/Versions/A/MetadataUtilities
0x000000025b1fa000 	/System/Library/PrivateFrameworks/InstalledContentLibrary.framework/Versions/A/InstalledContentLibrary
0x00000001a1591000 	/System/Library/PrivateFrameworks/CoreServicesStore.framework/Versions/A/CoreServicesStore
0x00000001d8b2c000 	/System/Library/PrivateFrameworks/MobileSystemServices.framework/Versions/A/MobileSystemServices
0x00000001ad013000 	/usr/lib/libxslt.1.dylib
0x00000001aad3a000 	/System/Library/PrivateFrameworks/BackgroundTaskManagement.framework/Versions/A/BackgroundTaskManagement
0x00000001b7207000 	/usr/lib/libcurl.4.dylib
0x000000028503d000 	/usr/lib/libcrypto.46.dylib
0x0000000285b67000 	/usr/lib/libssl.48.dylib
0x00000001b6edf000 	/System/Library/Frameworks/LDAP.framework/Versions/A/LDAP
0x00000001b6f1b000 	/System/Library/PrivateFrameworks/TrustEvaluationAgent.framework/Versions/A/TrustEvaluationAgent
0x00000001af83f000 	/usr/lib/libsasl2.2.dylib
0x00000001c3a28000 	/usr/lib/swift/libswiftCoreGraphics.dylib
0x00000001b3d00000 	/usr/lib/swift/libswiftFoundation.dylib
0x00000001fa709000 	/usr/lib/swift/libswiftSwiftOnoneSupport.dylib
0x00000001e651f000 	/System/Library/PrivateFrameworks/CoreMaterial.framework/Versions/A/CoreMaterial
0x000000026c400000 	/System/Library/PrivateFrameworks/SFSymbols.framework/Versions/A/SFSymbols
0x00000001b2fcb000 	/System/Library/PrivateFrameworks/SpeechRecognitionCore.framework/Versions/A/SpeechRecognitionCore
0x00000001c5276000 	/System/Library/Frameworks/Carbon.framework/Versions/A/Carbon
0x00000001bc2ac000 	/System/Library/Frameworks/Carbon.framework/Versions/A/Frameworks/CommonPanels.framework/Versions/A/CommonPanels
0x00000001b71f2000 	/System/Library/Frameworks/Carbon.framework/Versions/A/Frameworks/Help.framework/Versions/A/Help
0x00000001bc2b0000 	/System/Library/Frameworks/Carbon.framework/Versions/A/Frameworks/ImageCapture.framework/Versions/A/ImageCapture
0x00000001bc28c000 	/System/Library/Frameworks/Carbon.framework/Versions/A/Frameworks/OpenScripting.framework/Versions/A/OpenScripting
0x00000001bc2ab000 	/System/Library/Frameworks/Carbon.framework/Versions/A/Frameworks/Ink.framework/Versions/A/Ink
0x00000001bc2a8000 	/System/Library/Frameworks/Carbon.framework/Versions/A/Frameworks/SecurityHI.framework/Versions/A/SecurityHI
0x00000001a6e15000 	/System/Library/PrivateFrameworks/ViewBridge.framework/Versions/A/ViewBridge
0x0000000113418000 	/usr/lib/libobjc-trampolines.dylib
0x0000000284a4b000 	/usr/lib/libAccessibilityBaseImplementations.dylib
0x000000027f171000 	/System/Library/PrivateFrameworks/WritingToolsUI.framework/Versions/A/WritingToolsUI
0x0000000257805000 	/System/Library/PrivateFrameworks/GenerativeAssistantSettings.framework/Versions/A/GenerativeAssistantSettings
0x000000027659b000 	/System/Library/PrivateFrameworks/TextComposer.framework/Versions/A/TextComposer
0x00000001c66c7000 	/usr/lib/swift/libswiftIntents.dylib
0x0000000285de5000 	/usr/lib/swift/libswiftSpatial.dylib
0x00000001fe302000 	/System/Library/Frameworks/AppIntents.framework/Versions/A/AppIntents
0x00000001cd595000 	/System/Library/Frameworks/SwiftUI.framework/Versions/A/SwiftUI
0x00000001c3b04000 	/System/Library/Frameworks/WebKit.framework/Versions/A/WebKit
0x000000024328e000 	/System/Library/Frameworks/_AuthenticationServices_SwiftUI.framework/Versions/A/_AuthenticationServices_SwiftUI
0x0000000245e6e000 	/System/Library/PrivateFrameworks/Anvil.framework/Versions/A/Anvil
0x00000001ccc0a000 	/System/Library/PrivateFrameworks/AppStoreDaemon.framework/Versions/A/AppStoreDaemon
0x00000001b9fb8000 	/System/Library/PrivateFrameworks/AppleMediaServices.framework/Versions/A/AppleMediaServices
0x00000001c9689000 	/System/Library/PrivateFrameworks/AppleMediaServicesUI.framework/Versions/A/AppleMediaServicesUI
0x00000002577df000 	/System/Library/PrivateFrameworks/GenerativeAssistantCommon.framework/Versions/A/GenerativeAssistantCommon
0x00000001f9d21000 	/System/Library/PrivateFrameworks/JetEngine.framework/Versions/A/JetEngine
0x000000025f327000 	/System/Library/PrivateFrameworks/LinkMetadata.framework/Versions/A/LinkMetadata
0x00000001c6f49000 	/System/Library/PrivateFrameworks/OnBoardingKit.framework/Versions/A/OnBoardingKit
0x000000026d27b000 	/System/Library/PrivateFrameworks/Settings.framework/Versions/A/Settings
0x00000001ab7b7000 	/System/Library/Frameworks/CoreSpotlight.framework/Versions/A/CoreSpotlight
0x000000025f568000 	/System/Library/PrivateFrameworks/LinkServices.framework/Versions/A/LinkServices
0x000000024fe84000 	/System/Library/PrivateFrameworks/DoNotDisturb.framework/Versions/A/DoNotDisturb
0x00000001cb42d000 	/System/Library/PrivateFrameworks/IntentsCore.framework/Versions/A/IntentsCore
0x0000000248554000 	/System/Library/PrivateFrameworks/AvailabilityKit.framework/Versions/A/AvailabilityKit
0x00000002460be000 	/System/Library/PrivateFrameworks/AppIntentSchemas.framework/Versions/A/AppIntentSchemas
0x00000002750b1000 	/System/Library/PrivateFrameworks/StatusKit.framework/Versions/A/StatusKit
0x000000026b5ad000 	/System/Library/PrivateFrameworks/RecapPerformanceTesting.framework/Versions/A/RecapPerformanceTesting
0x00000001c6f39000 	/System/Library/PrivateFrameworks/SignpostCollection.framework/Versions/A/SignpostCollection
0x0000000284e08000 	/usr/lib/libSpatial.dylib
0x00000001b99ae000 	/System/Library/Frameworks/WebKit.framework/Versions/A/Frameworks/WebKitLegacy.framework/Versions/A/WebKitLegacy
0x00000001b78f4000 	/System/Library/PrivateFrameworks/CorePrediction.framework/Versions/A/CorePrediction
0x00000001a7e08000 	/System/Library/Frameworks/WebKit.framework/Versions/A/Frameworks/WebCore.framework/Versions/A/Frameworks/libwebrtc.dylib
0x00000001c3a90000 	/System/Library/PrivateFrameworks/SafariSafeBrowsing.framework/Versions/A/SafariSafeBrowsing
0x00000001af8c8000 	/System/Library/Frameworks/SecurityInterface.framework/Versions/A/SecurityInterface
0x00000001c6f48000 	/System/Library/PrivateFrameworks/WebInspectorUI.framework/Versions/A/WebInspectorUI
0x00000001bc2b3000 	/System/Library/Frameworks/JavaScriptCore.framework/Versions/A/JavaScriptCore
0x00000001c0074000 	/System/Library/Frameworks/WebKit.framework/Versions/A/Frameworks/WebCore.framework/Versions/A/WebCore
0x00000001fece0000 	/System/Library/Frameworks/BrowserEngineCore.framework/Versions/A/BrowserEngineCore
0x0000000242dec000 	/System/Library/Frameworks/WebKit.framework/Versions/A/Frameworks/WebCore.framework/Versions/A/Frameworks/libANGLE-shared.dylib
0x000000027dd68000 	/System/Library/PrivateFrameworks/WebGPU.framework/Versions/A/WebGPU
0x00000001c8d1b000 	/System/Library/Frameworks/SceneKit.framework/Versions/A/SceneKit
0x00000001d9353000 	/System/Library/Frameworks/ModelIO.framework/Versions/A/ModelIO
0x00000001b1203000 	/System/Library/Frameworks/MetalKit.framework/Versions/A/MetalKit
0x00000001b32e2000 	/System/Library/Frameworks/GLKit.framework/Versions/A/GLKit
0x000000028631e000 	/usr/lib/usd/libusd_ms.dylib
0x000000027a3b0000 	/System/Library/PrivateFrameworks/USDLib_FormatLoaderProxy.framework/Versions/A/USDLib_FormatLoaderProxy
0x00000001c614f000 	/System/Library/PrivateFrameworks/CoreOptimization.framework/Versions/A/CoreOptimization
0x0000000248427000 	/System/Library/PrivateFrameworks/AuthenticationServicesCore.framework/Versions/A/AuthenticationServicesCore
0x00000001cfeb2000 	/System/Library/Frameworks/AuthenticationServices.framework/Versions/A/AuthenticationServices
0x00000001ad28b000 	/System/Library/PrivateFrameworks/SharedWebCredentials.framework/Versions/A/SharedWebCredentials
0x00000001c7d85000 	/System/Library/PrivateFrameworks/SafariCore.framework/Versions/A/SafariCore
0x00000001cfa04000 	/System/Library/PrivateFrameworks/SafariFoundation.framework/Versions/A/SafariFoundation
0x00000002494b1000 	/System/Library/PrivateFrameworks/CBORLibrary.framework/Versions/A/CBORLibrary
0x000000024a259000 	/System/Library/PrivateFrameworks/Chirp.framework/Versions/A/Chirp
0x00000001fafb4000 	/System/Library/PrivateFrameworks/RemoteManagement.framework/Versions/A/RemoteManagement
0x000000026b903000 	/System/Library/PrivateFrameworks/RemoteManagementModel.framework/Versions/A/RemoteManagementModel
0x000000026b990000 	/System/Library/PrivateFrameworks/RemoteManagementStore.framework/Versions/A/RemoteManagementStore
0x00000001b1221000 	/usr/lib/libxcselect.dylib
0x00000001cf973000 	/System/Library/PrivateFrameworks/DifferentialPrivacy.framework/Versions/A/DifferentialPrivacy
0x00000001b3fb1000 	/System/Library/Frameworks/Contacts.framework/Versions/A/Contacts
0x000000027abd4000 	/System/Library/PrivateFrameworks/VDAF.framework/Versions/A/VDAF
0x00000001b3dce000 	/System/Library/PrivateFrameworks/ContactsPersistence.framework/Versions/A/ContactsPersistence
0x00000001b2fe5000 	/System/Library/PrivateFrameworks/AppleLDAP.framework/Versions/A/AppleLDAP
0x00000001b759b000 	/System/Library/Frameworks/ClassKit.framework/Versions/A/ClassKit
0x00000001b96da000 	/System/Library/PrivateFrameworks/CoreSuggestions.framework/Versions/A/CoreSuggestions
0x00000001b3d01000 	/System/Library/PrivateFrameworks/ContactsFoundation.framework/Versions/A/ContactsFoundation
0x00000001b52a2000 	/System/Library/PrivateFrameworks/vCard.framework/Versions/A/vCard
0x000000024ba7c000 	/System/Library/PrivateFrameworks/ContactsMetrics.framework/Versions/A/ContactsMetrics
0x00000001ad6a7000 	/System/Library/PrivateFrameworks/login.framework/Versions/A/login
0x00000002616b0000 	/System/Library/PrivateFrameworks/ManagedOrganizationContacts.framework/Versions/A/ManagedOrganizationContacts
0x00000001a7574000 	/System/Library/PrivateFrameworks/CloudDocs.framework/Versions/A/CloudDocs
0x00000001b8cc9000 	/System/Library/PrivateFrameworks/ConfigurationProfiles.framework/Versions/A/ConfigurationProfiles
0x000000024f403000 	/System/Library/PrivateFrameworks/DMCUtilities.framework/Versions/A/DMCUtilities
0x000000025f943000 	/System/Library/PrivateFrameworks/MDMClientLibrary.framework/Versions/A/MDMClientLibrary
0x000000026b984000 	/System/Library/PrivateFrameworks/RemoteManagementProtocol.framework/Versions/A/RemoteManagementProtocol
0x0000000284c14000 	/usr/lib/libEndpointSecuritySystem.dylib
0x00000001b370b000 	/System/Library/PrivateFrameworks/SystemAdministration.framework/Versions/A/SystemAdministration
0x00000001bdbb9000 	/System/Library/PrivateFrameworks/PowerlogControl.framework/Versions/A/PowerlogControl
0x00000001aad69000 	/System/Library/Frameworks/ServiceManagement.framework/Versions/A/ServiceManagement
0x00000001bdbbb000 	/usr/lib/libUniversalAccess.dylib
0x00000001ba886000 	/System/Library/PrivateFrameworks/FamilyControls.framework/Versions/A/FamilyControls
0x00000001b2f96000 	/System/Library/Frameworks/DirectoryService.framework/Versions/A/DirectoryService
0x00000001b7289000 	/System/Library/PrivateFrameworks/LoginUIKit.framework/Versions/A/Frameworks/LoginUICore.framework/Versions/A/LoginUICore
0x00000001ad897000 	/usr/lib/libodfde.dylib
0x00000001ba880000 	/System/Library/PrivateFrameworks/UniversalAccess.framework/Versions/A/Libraries/libUAPreferences.dylib
0x00000001ba8aa000 	/System/Library/PrivateFrameworks/CommerceKit.framework/Versions/A/Frameworks/CommerceCore.framework/Versions/A/CommerceCore
0x000000024f3b1000 	/System/Library/PrivateFrameworks/DEPClientLibrary.framework/Versions/A/DEPClientLibrary
0x000000024f3d1000 	/System/Library/PrivateFrameworks/DMCEnrollmentLibrary.framework/Versions/A/DMCEnrollmentLibrary
0x00000001bdc9f000 	/System/Library/PrivateFrameworks/SetupAssistantFramework.framework/Versions/A/SetupAssistantFramework
0x00000001b794e000 	/System/Library/PrivateFrameworks/AuthKitUI.framework/Versions/A/AuthKitUI
0x00000001b72d3000 	/System/Library/PrivateFrameworks/AppSSO.framework/Versions/A/AppSSO
0x00000001cc970000 	/System/Library/PrivateFrameworks/LocalAuthenticationUI.framework/Versions/A/LocalAuthenticationUI
0x0000000269b42000 	/System/Library/PrivateFrameworks/PlatformSSO.framework/Versions/A/PlatformSSO
0x00000001cd35d000 	/System/Library/PrivateFrameworks/AOSUI.framework/Versions/A/AOSUI
0x00000001bf730000 	/System/Library/Frameworks/ContactsUI.framework/Versions/A/ContactsUI
0x00000001b41e8000 	/System/Library/PrivateFrameworks/FamilyCircle.framework/Versions/A/FamilyCircle
0x00000001daa02000 	/System/Library/Frameworks/LinkPresentation.framework/Versions/A/LinkPresentation
0x0000000269c0e000 	/System/Library/PrivateFrameworks/PlatformSSOCore.framework/Versions/A/PlatformSSOCore
0x00000001bf442000 	/System/Library/PrivateFrameworks/IASUtilities.framework/Versions/A/IASUtilities
0x000000025a846000 	/System/Library/PrivateFrameworks/IASUtilitiesCore.framework/Versions/A/IASUtilitiesCore
0x000000025f82b000 	/System/Library/PrivateFrameworks/LocalAuthenticationCoreUI.framework/Versions/A/LocalAuthenticationCoreUI
0x00000001c63e4000 	/System/Library/Frameworks/LocalAuthentication.framework/Support/DaemonUtils.framework/Versions/A/DaemonUtils
0x00000001c9650000 	/System/Library/PrivateFrameworks/BridgeXPC.framework/Versions/A/BridgeXPC
0x00000001ad6cb000 	/System/Library/PrivateFrameworks/CoreBrightness.framework/Versions/A/CoreBrightness
0x00000001c7022000 	/System/Library/PrivateFrameworks/CoreKDL.framework/Versions/A/CoreKDL
0x00000001c584c000 	/System/Library/PrivateFrameworks/EmbeddedOSSupportHost.framework/Versions/A/EmbeddedOSSupportHost
0x0000000275dc4000 	/System/Library/PrivateFrameworks/SystemStatus.framework/Versions/A/SystemStatus
0x00000001d4ad9000 	/System/Library/PrivateFrameworks/StorageKit.framework/Versions/A/StorageKit
0x00000001fc62e000 	/System/Library/Frameworks/DeviceCheck.framework/Versions/A/DeviceCheck
0x00000001ff959000 	/System/Library/Frameworks/FSKit.framework/Versions/A/FSKit
0x000000024fba1000 	/System/Library/PrivateFrameworks/DiskImages2.framework/Versions/A/DiskImages2
0x000000025f6b8000 	/System/Library/PrivateFrameworks/LiveFS.framework/Versions/A/LiveFS
0x00000002824b3000 	/System/Library/PrivateFrameworks/icloudMCCKit.framework/Versions/A/icloudMCCKit
0x0000000246dbc000 	/System/Library/PrivateFrameworks/AppleAccountUI.framework/Versions/A/AppleAccountUI
0x000000024ad7f000 	/System/Library/PrivateFrameworks/CloudSubscriptionFeatures.framework/Versions/A/CloudSubscriptionFeatures
0x00000001e64eb000 	/System/Library/PrivateFrameworks/PreferencePanesSupport.framework/Versions/A/PreferencePanesSupport
0x00000001cd50d000 	/System/Library/PrivateFrameworks/FindMyDeviceUI.framework/Versions/A/FindMyDeviceUI
0x00000002800eb000 	/System/Library/PrivateFrameworks/iCloudQuotaUI.framework/Versions/A/iCloudQuotaUI
0x00000001e669e000 	/System/Library/PrivateFrameworks/CoreCDPUI.framework/Versions/A/CoreCDPUI
0x00000001c7aec000 	/System/Library/PrivateFrameworks/CoreFollowUpUI.framework/Versions/A/CoreFollowUpUI
0x00000001af901000 	/System/Library/PrivateFrameworks/CoreFollowUp.framework/Versions/A/CoreFollowUp
0x00000001d3854000 	/System/Library/PrivateFrameworks/IMCore.framework/Versions/A/IMCore
0x00000001bdc21000 	/System/Library/PrivateFrameworks/CoreCDP.framework/Versions/A/CoreCDP
0x00000001b9faa000 	/System/Library/PrivateFrameworks/AskPermission.framework/Versions/A/AskPermission
0x00000001cb3a8000 	/System/Library/Frameworks/Quartz.framework/Versions/A/Quartz
0x00000001d737e000 	/System/Library/PrivateFrameworks/CloudPhotoServicesConfiguration.framework/Versions/A/CloudPhotoServicesConfiguration
0x00000001c9dbe000 	/System/Library/PrivateFrameworks/CommerceKit.framework/Versions/A/CommerceKit
0x00000001d8cbe000 	/System/Library/PrivateFrameworks/FindMyMac.framework/Versions/A/FindMyMac
0x00000001d8b95000 	/System/Library/Frameworks/PreferencePanes.framework/Versions/A/PreferencePanes
0x00000001cca68000 	/System/Library/Frameworks/AddressBook.framework/Versions/A/AddressBook
0x00000001b8f92000 	/System/Library/PrivateFrameworks/AOSAccounts.framework/Versions/A/AOSAccounts
0x00000001b3705000 	/System/Library/PrivateFrameworks/AppleSRP.framework/Versions/A/AppleSRP
0x00000001c62fe000 	/System/Library/Frameworks/SafariServices.framework/Versions/A/SafariServices
0x00000001b7ab0000 	/System/Library/PrivateFrameworks/NetFSServer.framework/Versions/A/NetFSServer
0x00000001c8bf4000 	/System/Library/Frameworks/PDFKit.framework/Versions/A/PDFKit
0x00000001d9bb6000 	/System/Library/PrivateFrameworks/EmailFoundation.framework/Versions/A/EmailFoundation
0x00000001d8bf2000 	/System/Library/PrivateFrameworks/EmailCore.framework/Versions/A/EmailCore
0x00000001dc9e2000 	/System/Library/PrivateFrameworks/EmailAddressing.framework/Versions/A/EmailAddressing
0x00000001dc9ee000 	/System/Library/PrivateFrameworks/Email.framework/Versions/A/Email
0x0000000204e4a000 	/System/Library/Frameworks/TabularData.framework/Versions/A/TabularData
0x0000000285dc5000 	/usr/lib/swift/libswiftPassKit.dylib
0x0000000248696000 	/System/Library/PrivateFrameworks/BackgroundSystemTasks.framework/Versions/A/BackgroundSystemTasks
0x000000025f8ba000 	/System/Library/PrivateFrameworks/LockdownMode.framework/Versions/A/LockdownMode
0x00000001b41e2000 	/System/Library/PrivateFrameworks/CommunicationsFilter.framework/Versions/A/CommunicationsFilter
0x00000001ea1af000 	/System/Library/Frameworks/PassKit.framework/Versions/A/PassKit
0x00000001bb3aa000 	/System/Library/PrivateFrameworks/PassKitCore.framework/Versions/A/PassKitCore
0x00000002670f9000 	/System/Library/PrivateFrameworks/PassKitMacHelperTemp.framework/Versions/A/PassKitMacHelperTemp
0x00000002460fb000 	/System/Library/PrivateFrameworks/AppIntentsServices.framework/Versions/A/AppIntentsServices
0x00000001b8ba8000 	/System/Library/PrivateFrameworks/CoreRecents.framework/Versions/A/CoreRecents
0x00000001c6431000 	/System/Library/PrivateFrameworks/BiometricKit.framework/Versions/A/BiometricKit
0x000000026c341000 	/System/Library/PrivateFrameworks/SEService.framework/Versions/A/SEService
0x00000001b97a6000 	/System/Library/Frameworks/EventKit.framework/Versions/A/EventKit
0x00000001cb44d000 	/System/Library/PrivateFrameworks/NearField.framework/Versions/A/NearField
0x00000001cd185000 	/System/Library/PrivateFrameworks/FTClientServices.framework/Versions/A/FTClientServices
0x00000001e5f0c000 	/System/Library/PrivateFrameworks/DiagnosticRequest.framework/Versions/A/DiagnosticRequest
0x0000000284dc2000 	/usr/lib/libSESShared.dylib
0x000000026c4e2000 	/System/Library/PrivateFrameworks/STSXPCHelperClient.framework/Versions/A/STSXPCHelperClient
0x0000000275b97000 	/System/Library/PrivateFrameworks/Symptoms.framework/Versions/A/Frameworks/SymptomPresentationFeed.framework/Versions/A/SymptomPresentationFeed
0x000000024766f000 	/System/Library/PrivateFrameworks/AppleMediaServicesKitInternal.framework/Versions/A/AppleMediaServicesKitInternal
0x0000000275912000 	/System/Library/PrivateFrameworks/SymptomShared.framework/Versions/A/SymptomShared
0x0000000249de9000 	/System/Library/PrivateFrameworks/CalendarDatabase.framework/Versions/A/CalendarDatabase
0x0000000249d3d000 	/System/Library/PrivateFrameworks/CalendarDaemon.framework/Versions/A/CalendarDaemon
0x00000001b8bfd000 	/System/Library/PrivateFrameworks/CalendarFoundation.framework/Versions/A/CalendarFoundation
0x00000001b8bb9000 	/System/Library/PrivateFrameworks/iCalendar.framework/Versions/A/iCalendar
0x000000024f638000 	/System/Library/PrivateFrameworks/DataAccessExpress.framework/Versions/A/DataAccessExpress
0x00000001bf2d4000 	/System/Library/PrivateFrameworks/CoreDAV.framework/Versions/A/CoreDAV
0x00000001b967b000 	/System/Library/PrivateFrameworks/CalDAV.framework/Versions/A/CalDAV
0x00000001c37ed000 	/System/Library/PrivateFrameworks/TelephonyUtilities.framework/Versions/A/TelephonyUtilities
0x00000001c7bb7000 	/System/Library/Frameworks/CallKit.framework/Versions/A/CallKit
0x00000001ef7fd000 	/System/Library/PrivateFrameworks/IMTransferServices.framework/Versions/A/IMTransferServices
0x00000001c6169000 	/System/Library/PrivateFrameworks/IncomingCallFilter.framework/Versions/A/IncomingCallFilter
0x0000000264a04000 	/System/Library/PrivateFrameworks/NeighborhoodActivityConduit.framework/Versions/A/NeighborhoodActivityConduit
0x0000000284bea000 	/usr/lib/libBASupport.dylib
0x00000001d35fe000 	/System/Library/PrivateFrameworks/SpotlightReceiver.framework/Versions/A/SpotlightReceiver
0x00000001cce26000 	/usr/lib/libnfshared.dylib
0x00000001ec9dd000 	/System/Library/PrivateFrameworks/PassKitUIFoundation.framework/Versions/A/PassKitUIFoundation
0x00000001b2ff7000 	/System/Library/Frameworks/MapKit.framework/Versions/A/MapKit
0x00000001ff91d000 	/System/Library/Frameworks/ExtensionKit.framework/Versions/A/ExtensionKit
0x0000000257c68000 	/System/Library/PrivateFrameworks/GeoAnalytics.framework/Versions/A/GeoAnalytics
0x00000001c7177000 	/System/Library/PrivateFrameworks/SearchFoundation.framework/Versions/A/SearchFoundation
0x00000001cce5c000 	/System/Library/PrivateFrameworks/Navigation.framework/Versions/A/Navigation
0x00000001d5e9e000 	/System/Library/PrivateFrameworks/VectorKit.framework/Versions/A/VectorKit
0x00000001bf50a000 	/System/Library/PrivateFrameworks/VirtualGarage.framework/Versions/A/VirtualGarage
0x00000001ccfd5000 	/System/Library/Frameworks/ExternalAccessory.framework/ExternalAccessory
0x00000001ccfef000 	/System/Library/PrivateFrameworks/IAP.framework/Versions/A/IAP
0x00000001b32aa000 	/System/Library/PrivateFrameworks/IOPlatformPluginFamily.framework/Versions/A/IOPlatformPluginFamily
0x0000000248557000 	/System/Library/PrivateFrameworks/AvatarKit.framework/Versions/A/AvatarKit
0x000000024860f000 	/System/Library/PrivateFrameworks/AvatarPersistence.framework/Versions/A/AvatarPersistence
0x000000026b9f9000 	/System/Library/PrivateFrameworks/RemoteUI.framework/Versions/A/RemoteUI
0x00000001b33ae000 	/usr/lib/libCTGreenTeaLogger.dylib
0x0000000205074000 	/System/Library/Frameworks/TipKit.framework/Versions/A/TipKit
0x00000001e8166000 	/System/Library/PrivateFrameworks/AppleCVA.framework/Versions/A/AppleCVA
0x000000024860e000 	/System/Library/PrivateFrameworks/AvatarKitContent.framework/Versions/A/AvatarKitContent
0x00000001b33d6000 	/System/Library/PrivateFrameworks/CoreAppleCVA.framework/Versions/A/CoreAppleCVA
0x000000025e6f6000 	/System/Library/PrivateFrameworks/LiftUI.framework/Versions/A/LiftUI
0x000000024acee000 	/System/Library/PrivateFrameworks/CloudSettings.framework/Versions/A/CloudSettings
0x00000001c5d93000 	/System/Library/PrivateFrameworks/CoreRoutine.framework/Versions/A/CoreRoutine
0x00000001d462e000 	/System/Library/PrivateFrameworks/Categories.framework/Versions/A/Categories
0x000000024b1ee000 	/System/Library/PrivateFrameworks/Coherence.framework/Versions/A/Coherence
0x00000001c36e8000 	/System/Library/PrivateFrameworks/CoreParsec.framework/Versions/A/CoreParsec
0x0000000267788000 	/System/Library/PrivateFrameworks/PegasusAPI.framework/Versions/A/PegasusAPI
0x0000000268456000 	/System/Library/PrivateFrameworks/PegasusConfiguration.framework/Versions/A/PegasusConfiguration
0x000000025f891000 	/System/Library/PrivateFrameworks/LocalStatusKit.framework/Versions/A/LocalStatusKit
0x00000001c7d6b000 	/System/Library/PrivateFrameworks/ContextKit.framework/Versions/A/ContextKit
0x000000024bbaa000 	/System/Library/PrivateFrameworks/ContextKitCore.framework/Versions/A/ContextKitCore
0x00000001cd189000 	/System/Library/PrivateFrameworks/CharacterPicker.framework/Versions/A/CharacterPicker
0x00000001c6270000 	/System/Library/PrivateFrameworks/ContactsDonation.framework/Versions/A/ContactsDonation
0x00000001bf62c000 	/System/Library/PrivateFrameworks/ContactsUICore.framework/Versions/A/ContactsUICore
0x00000001c5b76000 	/System/Library/PrivateFrameworks/DataDetectors.framework/Versions/A/DataDetectors
0x00000001b9667000 	/System/Library/Frameworks/MediaLibrary.framework/Versions/A/MediaLibrary
0x00000001b41d1000 	/System/Library/PrivateFrameworks/PersonaKit.framework/Versions/A/PersonaKit
0x00000001bf61a000 	/System/Library/PrivateFrameworks/PersonaUI.framework/Versions/A/PersonaUI
0x000000025b107000 	/System/Library/PrivateFrameworks/InputToolKitUI.framework/Versions/A/InputToolKitUI
0x000000025b0f2000 	/System/Library/PrivateFrameworks/InputToolKit.framework/Versions/A/InputToolKit
0x00000002751ea000 	/System/Library/PrivateFrameworks/Stickers.framework/Versions/A/Stickers
0x000000025b060000 	/System/Library/PrivateFrameworks/InputAnalytics.framework/Versions/A/InputAnalytics
0x00000001ced00000 	/System/Library/PrivateFrameworks/EmojiFoundation.framework/Versions/A/EmojiFoundation
0x0000000250fda000 	/System/Library/PrivateFrameworks/FeedbackService.framework/Versions/A/FeedbackService
0x00000001b3e4d000 	/System/Library/PrivateFrameworks/AddressBookCore.framework/Versions/A/AddressBookCore
0x00000001c7a6c000 	/System/Library/PrivateFrameworks/IntlPreferences.framework/Versions/A/IntlPreferences
0x00000001ccbeb000 	/System/Library/PrivateFrameworks/ToneKit.framework/Versions/A/ToneKit
0x00000001c7ab2000 	/System/Library/PrivateFrameworks/ToneLibrary.framework/Versions/A/ToneLibrary
0x000000024ba42000 	/System/Library/PrivateFrameworks/ContactsAccounts.framework/Versions/A/ContactsAccounts
0x00000001d85b3000 	/System/Library/PrivateFrameworks/Transparency.framework/Versions/A/Transparency
0x00000001cb2c5000 	/System/Library/PrivateFrameworks/Lookup.framework/Versions/A/Lookup
0x0000000203248000 	/System/Library/Frameworks/QuickLookUI.framework/Versions/A/QuickLookUI
0x0000000203c28000 	/System/Library/Frameworks/ScreenCaptureKit.framework/Versions/A/ScreenCaptureKit
0x00000001c8708000 	/System/Library/Frameworks/Quartz.framework/Versions/A/Frameworks/QuartzComposer.framework/Versions/A/QuartzComposer
0x00000001c7a43000 	/System/Library/Frameworks/Quartz.framework/Versions/A/Frameworks/QuartzFilters.framework/Versions/A/QuartzFilters
0x00000001c6b29000 	/System/Library/Frameworks/Quartz.framework/Versions/A/Frameworks/ImageKit.framework/Versions/A/ImageKit
0x00000001fdf9d000 	/System/Library/Frameworks/OpenCL.framework/Versions/A/OpenCL
0x00000001c5275000 	/System/Library/PrivateFrameworks/CorePDF.framework/Versions/A/CorePDF
0x00000001b119a000 	/System/Library/Frameworks/QuickLook.framework/Versions/A/QuickLook
0x00000001bb2af000 	/System/Library/PrivateFrameworks/DisplayServices.framework/Versions/A/DisplayServices
0x00000001c79b3000 	/System/Library/Frameworks/ImageCaptureCore.framework/Versions/A/ImageCaptureCore
0x000000027c689000 	/System/Library/PrivateFrameworks/VisionKitCore.framework/Versions/A/VisionKitCore
0x00000001c36b8000 	/System/Library/PrivateFrameworks/QuickLookSupport.framework/Versions/A/QuickLookSupport
0x0000000261f1a000 	/System/Library/PrivateFrameworks/MediaAnalysisServices.framework/Versions/A/MediaAnalysisServices
0x00000001ca2b4000 	/System/Library/PrivateFrameworks/PhotoLibraryServices.framework/Versions/A/PhotoLibraryServices
0x00000001c75fc000 	/System/Library/Frameworks/Photos.framework/Versions/A/Photos
0x00000001dade3000 	/System/Library/PrivateFrameworks/PhotosFormats.framework/Versions/A/PhotosFormats
0x00000001d73b0000 	/System/Library/PrivateFrameworks/CloudPhotoLibrary.framework/Versions/A/CloudPhotoLibrary
0x00000001e03d4000 	/System/Library/PrivateFrameworks/CloudPhotoServices.framework/Versions/A/CloudPhotoServices
0x00000001dcb6b000 	/System/Library/PrivateFrameworks/CoreMediaStream.framework/Versions/A/CoreMediaStream
0x00000001b47fd000 	/System/Library/PrivateFrameworks/CPAnalytics.framework/Versions/A/CPAnalytics
0x00000001d9258000 	/System/Library/PrivateFrameworks/MediaConversionService.framework/Versions/A/MediaConversionService
0x00000001baf1c000 	/System/Library/PrivateFrameworks/PhotoFoundation.framework/Versions/A/PhotoFoundation
0x00000002689ee000 	/System/Library/PrivateFrameworks/PhotoLibraryServicesCore.framework/Versions/A/PhotoLibraryServicesCore
0x00000001d2faf000 	/System/Library/PrivateFrameworks/MMCS.framework/Versions/A/MMCS
0x00000001b94d0000 	/System/Library/PrivateFrameworks/ChunkingLibrary.framework/Versions/A/ChunkingLibrary
0x00000001b36b0000 	/System/Library/PrivateFrameworks/AssetCacheServices.framework/Versions/A/AssetCacheServices
0x00000001b53d8000 	/System/Library/PrivateFrameworks/AVFoundationCF.framework/Versions/A/AVFoundationCF
0x00000001ef6fa000 	/usr/lib/swift/libswiftDemangle.dylib
0x00000001c5df3000 	/System/Library/PrivateFrameworks/MediaStream.framework/Versions/A/MediaStream
0x00000001d9772000 	/System/Library/PrivateFrameworks/NeutrinoCore.framework/Versions/A/NeutrinoCore
0x00000001a4918000 	/System/Library/PrivateFrameworks/NLP.framework/Versions/A/NLP
0x00000001df180000 	/System/Library/PrivateFrameworks/PhotoImaging.framework/Versions/A/PhotoImaging
0x00000001e0395000 	/System/Library/PrivateFrameworks/PhotosImagingFoundation.framework/Versions/A/PhotosImagingFoundation
0x00000002694c9000 	/System/Library/PrivateFrameworks/PhotosIntelligenceCore.framework/Versions/A/PhotosIntelligenceCore
0x00000001b586f000 	/System/Library/PrivateFrameworks/EmbeddedAcousticRecognition.framework/Versions/A/EmbeddedAcousticRecognition
0x00000001d7617000 	/System/Library/PrivateFrameworks/SDAPI.framework/Versions/A/SDAPI
0x00000001e03e2000 	/System/Library/PrivateFrameworks/AutoLoop.framework/Versions/A/AutoLoop
0x0000000269f32000 	/System/Library/PrivateFrameworks/Portrait.framework/Versions/A/Portrait
0x0000000246e65000 	/System/Library/PrivateFrameworks/AppleDepth.framework/Versions/A/AppleDepth
0x0000000251b70000 	/System/Library/PrivateFrameworks/FusionTracker.framework/Versions/A/FusionTracker
0x0000000246f53000 	/System/Library/PrivateFrameworks/AppleDepthCore.framework/Versions/A/AppleDepthCore
0x00000001c81c8000 	/System/Library/PrivateFrameworks/iTunesCloud.framework/Versions/A/iTunesCloud
0x00000001d0a74000 	/System/Library/PrivateFrameworks/DAAPKit.framework/Versions/A/DAAPKit
0x0000000285e49000 	/usr/lib/swift/libswiftVideoToolbox.dylib
0x00000001c39c9000 	/System/Library/PrivateFrameworks/DeviceManagement.framework/Versions/A/DeviceManagement
0x00000001e5e6b000 	/System/Library/PrivateFrameworks/ScreenTimeUI.framework/Versions/A/ScreenTimeUI
0x00000001c5b70000 	/System/Library/PrivateFrameworks/QuickLookNonBaseSystem.framework/Versions/A/QuickLookNonBaseSystem
0x00000001c633f000 	/System/Library/PrivateFrameworks/Catalyst.framework/Versions/A/Catalyst
0x00000002616b6000 	/System/Library/PrivateFrameworks/ManagedSettingsObjC.framework/Versions/A/ManagedSettingsObjC
0x00000001c7c59000 	/System/Library/PrivateFrameworks/ScreenTimeCore.framework/Versions/A/ScreenTimeCore
0x00000001da346000 	/System/Library/PrivateFrameworks/ScreenTimeServiceUI.framework/Versions/A/ScreenTimeServiceUI
0x00000001d313a000 	/System/Library/PrivateFrameworks/ConfigurationEngineModel.framework/Versions/A/ConfigurationEngineModel
0x00000001d5e5a000 	/System/Library/PrivateFrameworks/UsageTracking.framework/Versions/A/UsageTracking
0x00000001ff71e000 	/System/Library/Frameworks/DeviceActivity.framework/Versions/A/DeviceActivity
0x00000001d5e2a000 	/System/Library/PrivateFrameworks/KnowledgeMonitor.framework/Versions/A/KnowledgeMonitor
0x00000001ec982000 	/System/Library/PrivateFrameworks/BluetoothManager.framework/Versions/A/BluetoothManager
0x0000000200879000 	/System/Library/Frameworks/ManagedSettings.framework/Versions/A/ManagedSettings
0x00000002616ef000 	/System/Library/PrivateFrameworks/ManagedSettingsSupport.framework/Versions/A/ManagedSettingsSupport
0x00000001ea27f000 	/System/Library/Frameworks/ReplayKit.framework/Versions/A/ReplayKit
0x00000001bc248000 	/System/Library/PrivateFrameworks/MarkupUI.framework/Versions/A/MarkupUI
0x00000001c5b48000 	/System/Library/PrivateFrameworks/SidecarCore.framework/Versions/A/SidecarCore
0x00000001c85c9000 	/System/Library/PrivateFrameworks/AnnotationKit.framework/Versions/A/AnnotationKit
0x00000002051d4000 	/System/Library/Frameworks/Translation.framework/Versions/A/Translation
0x00000001e1daa000 	/System/Library/PrivateFrameworks/RevealCore.framework/Versions/A/RevealCore
0x00000001e1d9e000 	/System/Library/PrivateFrameworks/Reveal.framework/Versions/A/Reveal
0x0000000279491000 	/System/Library/PrivateFrameworks/TranslationUIServices.framework/Versions/A/TranslationUIServices
0x00000001c6d6f000 	/System/Library/Frameworks/PencilKit.framework/Versions/A/PencilKit
0x00000001c6f24000 	/System/Library/PrivateFrameworks/SidecarUI.framework/Versions/A/SidecarUI
0x00000001c671c000 	/System/Library/PrivateFrameworks/CoreHandwriting.framework/Versions/A/CoreHandwriting
0x000000019eadf000 	/usr/lib/libmecabra.dylib
0x00000001bfaa3000 	/System/Library/PrivateFrameworks/Calculate.framework/Versions/A/Calculate
0x00000001ad03f000 	/usr/lib/libChineseTokenizer.dylib
0x00000001faedd000 	/System/Library/PrivateFrameworks/ScreenReaderCore.framework/Versions/A/ScreenReaderCore
0x00000002755c1000 	/System/Library/PrivateFrameworks/StocksKit.framework/Versions/A/StocksKit
0x00000001bec1c000 	/System/Library/PrivateFrameworks/OAuth.framework/Versions/A/OAuth
0x000000027526e000 	/System/Library/PrivateFrameworks/StocksCore.framework/Versions/A/StocksCore
0x00000002762d2000 	/System/Library/PrivateFrameworks/TeaFoundation.framework/Versions/A/TeaFoundation
0x00000002764bb000 	/System/Library/PrivateFrameworks/TeaSettings.framework/Versions/A/TeaSettings
0x00000001f0ac4000 	/System/Library/PrivateFrameworks/NewsCore.framework/Versions/A/NewsCore
0x000000027626f000 	/System/Library/PrivateFrameworks/TeaDB.framework/Versions/A/TeaDB
0x00000001ed76b000 	/System/Library/PrivateFrameworks/RemoteConfiguration.framework/Versions/A/RemoteConfiguration
0x00000001f06fe000 	/System/Library/PrivateFrameworks/NewsTransport.framework/Versions/A/NewsTransport
0x00000001f0ab4000 	/System/Library/PrivateFrameworks/NewsFoundation.framework/Versions/A/NewsFoundation
0x0000000264f4c000 	/System/Library/PrivateFrameworks/NewsURLBucket.framework/Versions/A/NewsURLBucket
0x00000001c9fe8000 	/System/Library/PrivateFrameworks/MobileInstallation.framework/Versions/A/MobileInstallation
0x00000002784d8000 	/System/Library/PrivateFrameworks/TipKitCore.framework/Versions/A/TipKitCore
0x00000001ced83000 	/System/Library/PrivateFrameworks/CoreCDPInternal.framework/Versions/A/CoreCDPInternal
0x00000001beb6e000 	/System/Library/PrivateFrameworks/AccountsDaemon.framework/Versions/A/AccountsDaemon
0x000000026b63b000 	/System/Library/PrivateFrameworks/RegulatoryDomain.framework/Versions/A/RegulatoryDomain
0x00000001e669b000 	/System/Library/PrivateFrameworks/MachineSettings.framework/Versions/A/MachineSettings
0x00000001d8b18000 	/System/Library/PrivateFrameworks/BezelServices.framework/Versions/A/BezelServices
0x00000001d0afd000 	/System/Library/PrivateFrameworks/SPOwner.framework/Versions/A/SPOwner
0x00000001c9e23000 	/System/Library/PrivateFrameworks/FMCore.framework/Versions/A/FMCore
0x0000000280048000 	/System/Library/PrivateFrameworks/iCloudQuota.framework/Versions/A/iCloudQuota
0x00000001bf59f000 	/System/Library/PrivateFrameworks/CoreRecognition.framework/Versions/A/CoreRecognition
0x00000001d8bcd000 	/System/Library/PrivateFrameworks/InAppMessages.framework/Versions/A/InAppMessages
0x00000001f9c28000 	/System/Library/PrivateFrameworks/JetUI.framework/Versions/A/JetUI
0x000000025e452000 	/System/Library/PrivateFrameworks/JetPack.framework/Versions/A/JetPack
0x00000001d8bc4000 	/System/Library/PrivateFrameworks/InAppMessagesCore.framework/Versions/A/InAppMessagesCore
0x000000027f740000 	/System/Library/PrivateFrameworks/_JetEngine_SwiftUI.framework/Versions/A/_JetEngine_SwiftUI
0x0000000275bbf000 	/System/Library/PrivateFrameworks/Synapse.framework/Versions/A/Synapse
0x0000000249bd9000 	/System/Library/PrivateFrameworks/CSExattrCrypto.framework/Versions/A/CSExattrCrypto
0x00000001baf2d000 	/System/Library/PrivateFrameworks/IMSharedUtilities.framework/Versions/A/IMSharedUtilities
0x00000001d3ee8000 	/System/Library/Frameworks/InstantMessage.framework/Versions/A/InstantMessage
0x00000001cc969000 	/System/Library/PrivateFrameworks/IDSKVStore.framework/Versions/A/IDSKVStore
0x00000001cc7a9000 	/System/Library/PrivateFrameworks/IMDPersistence.framework/Versions/A/IMDPersistence
0x0000000285d65000 	/usr/lib/swift/libswiftAppleArchive.dylib
0x000000027abc6000 	/System/Library/PrivateFrameworks/UserSafety.framework/Versions/A/UserSafety
0x00000001ebbd4000 	/System/Library/PrivateFrameworks/BlastDoor.framework/Versions/A/BlastDoor
0x0000000203cac000 	/System/Library/Frameworks/SensitiveContentAnalysis.framework/Versions/A/SensitiveContentAnalysis
0x000000025f538000 	/System/Library/PrivateFrameworks/LinkPresentationStyleSheetParsing.framework/Versions/A/LinkPresentationStyleSheetParsing
0x00000001c61c8000 	/System/Library/PrivateFrameworks/CoreSDB.framework/Versions/A/CoreSDB
0x0000000247fad000 	/System/Library/PrivateFrameworks/AskToCore.framework/Versions/A/AskToCore
0x00000001cafb2000 	/System/Library/PrivateFrameworks/StoreFoundation.framework/Versions/A/StoreFoundation
0x00000001c9e1d000 	/System/Library/PrivateFrameworks/ServerInformation.framework/Versions/A/ServerInformation
0x00000001c988e000 	/System/Library/PrivateFrameworks/Install.framework/Frameworks/DistributionKit.framework/Versions/A/DistributionKit
0x00000001c3485000 	/System/Library/PrivateFrameworks/PackageKit.framework/Versions/A/PackageKit
0x00000001c98b1000 	/System/Library/PrivateFrameworks/OSPersonalization.framework/Versions/A/OSPersonalization
0x00000001cb51e000 	/System/Library/PrivateFrameworks/BridgeOSSoftwareUpdate.framework/Versions/A/BridgeOSSoftwareUpdate
0x00000001c6644000 	/System/Library/PrivateFrameworks/StorageManagement.framework/Versions/A/StorageManagement
0x00000001d9ecf000 	/usr/lib/libauthinstall.dylib
0x00000001cb527000 	/System/Library/PrivateFrameworks/InstallerDiagnostics.framework/Versions/A/InstallerDiagnostics
0x00000001da502000 	/usr/lib/libcrypto.42.dylib
0x00000001cb50c000 	/System/Library/PrivateFrameworks/GPUInfo.framework/Versions/A/GPUInfo
0x00000001d8cc4000 	/System/Library/PrivateFrameworks/MobileActivationMacOS.framework/Versions/A/MobileActivationMacOS
0x00000001b47a4000 	/System/Library/PrivateFrameworks/GenerationalStorage.framework/Versions/A/GenerationalStorage
0x00000001afd04000 	/System/Library/PrivateFrameworks/CacheDelete.framework/Versions/A/CacheDelete
0x00000001b7be2000 	/System/Library/Frameworks/QuickLookThumbnailing.framework/Versions/A/QuickLookThumbnailing
0x00000001b45d6000 	/System/Library/Frameworks/FileProvider.framework/Versions/A/FileProvider
0x00000001a2d7b000 	/System/Library/PrivateFrameworks/DesktopServicesPriv.framework/Versions/A/DesktopServicesPriv
0x00000001a503d000 	/System/Library/Frameworks/Accounts.framework/Versions/A/Accounts
0x00000001cb56b000 	/System/Library/PrivateFrameworks/AOSKit.framework/Versions/A/AOSKit
0x00000001ad16f000 	/System/Library/PrivateFrameworks/AppSSOCore.framework/Versions/A/AppSSOCore
0x00000001b728f000 	/System/Library/PrivateFrameworks/AppSupport.framework/Versions/A/AppSupport
0x00000001c564e000 	/System/Library/Frameworks/AVFoundation.framework/Versions/A/AVFoundation
0x00000001b7b05000 	/System/Library/PrivateFrameworks/DuetActivityScheduler.framework/Versions/A/DuetActivityScheduler
0x00000001c616f000 	/System/Library/PrivateFrameworks/FTServices.framework/Versions/A/FTServices
0x00000001d72e9000 	/System/Library/PrivateFrameworks/NetworkServiceProxy.framework/Versions/A/NetworkServiceProxy
0x00000001b7acb000 	/System/Library/PrivateFrameworks/StreamingZip.framework/Versions/A/StreamingZip
0x00000001b6bbb000 	/System/Library/PrivateFrameworks/CoreWiFi.framework/Versions/A/CoreWiFi
0x00000001afc30000 	/System/Library/PrivateFrameworks/MobileAsset.framework/Versions/A/MobileAsset
0x00000001b577c000 	/System/Library/PrivateFrameworks/Rapport.framework/Versions/A/Rapport
0x0000000275922000 	/System/Library/PrivateFrameworks/Symptoms.framework/Versions/A/Frameworks/SymptomAnalytics.framework/Versions/A/SymptomAnalytics
0x00000001b331c000 	/usr/lib/libnetworkextension.dylib
0x000000028564b000 	/usr/lib/libmrc.dylib
0x000000025a973000 	/System/Library/PrivateFrameworks/IPConfiguration.framework/Versions/A/IPConfiguration
0x00000001e64e3000 	/System/Library/PrivateFrameworks/Netrb.framework/Versions/A/Netrb
0x00000001f1466000 	/System/Library/PrivateFrameworks/WiFiPeerToPeer.framework/Versions/A/WiFiPeerToPeer
0x00000001cd109000 	/System/Library/PrivateFrameworks/SoftwareUpdateCoreSupport.framework/Versions/A/SoftwareUpdateCoreSupport
0x00000001d4aaa000 	/System/Library/PrivateFrameworks/SoftwareUpdateCoreConnect.framework/Versions/A/SoftwareUpdateCoreConnect
0x00000001b7147000 	/System/Library/PrivateFrameworks/RemoteServiceDiscovery.framework/Versions/A/RemoteServiceDiscovery
0x00000001ccd8f000 	/System/Library/PrivateFrameworks/MSUDataAccessor.framework/Versions/A/MSUDataAccessor
0x00000001c8584000 	/usr/lib/libbootpolicy.dylib
0x00000001b715d000 	/System/Library/PrivateFrameworks/RemoteXPC.framework/Versions/A/RemoteXPC
0x00000001d3ef8000 	/usr/lib/libFDR.dylib
0x00000001d9fa2000 	/usr/lib/libamsupport.dylib
0x0000000284d9e000 	/usr/lib/libReverseProxyDevice.dylib
0x0000000246fd3000 	/System/Library/PrivateFrameworks/AppleDeviceQuerySupport.framework/Versions/A/AppleDeviceQuerySupport
0x00000001dce8f000 	/usr/lib/libpartition2_dynamic.dylib
0x00000001ab769000 	/System/Library/Frameworks/UserNotifications.framework/Versions/A/UserNotifications
0x00000001ec798000 	/System/Library/Frameworks/CryptoKit.framework/Versions/A/CryptoKit
0x00000001b7aa3000 	/System/Library/PrivateFrameworks/CryptoKitCBridging.framework/Versions/A/CryptoKitCBridging
0x00000001b52f2000 	/System/Library/Frameworks/CryptoTokenKit.framework/Versions/A/CryptoTokenKit
0x00000001e09ec000 	/usr/lib/swift/libswiftCryptoTokenKit.dylib
0x00000001b5356000 	/System/Library/Frameworks/LocalAuthentication.framework/Versions/A/LocalAuthentication
0x000000025f70d000 	/System/Library/PrivateFrameworks/LocalAuthenticationCore.framework/Versions/A/LocalAuthenticationCore
0x00000001b53ab000 	/System/Library/Frameworks/LocalAuthentication.framework/Support/SharedUtils.framework/Versions/A/SharedUtils
0x00000001afd9c000 	/usr/lib/libTelephonyUtilDynamic.dylib
0x00000001b437f000 	/System/Library/PrivateFrameworks/SymptomDiagnosticReporter.framework/Versions/A/SymptomDiagnosticReporter
0x000000024f2ef000 	/System/Library/PrivateFrameworks/CryptoKitPrivate.framework/Versions/A/CryptoKitPrivate
0x00000001a7151000 	/System/Library/PrivateFrameworks/ApplePushService.framework/Versions/A/ApplePushService
0x00000001c5879000 	/System/Library/PrivateFrameworks/FindMyDevice.framework/Versions/A/FindMyDevice
0x00000001a50c2000 	/System/Library/PrivateFrameworks/CommonUtilities.framework/Versions/A/CommonUtilities
0x00000001db919000 	/System/Library/PrivateFrameworks/DeviceIdentity.framework/Versions/A/DeviceIdentity
0x00000001ad899000 	/System/Library/PrivateFrameworks/Bom.framework/Versions/A/Bom
0x00000001af860000 	/usr/lib/libParallelCompression.dylib
0x00000001af852000 	/System/Library/PrivateFrameworks/MultiverseSupport.framework/Versions/A/MultiverseSupport
0x00000001bb38a000 	/System/Library/PrivateFrameworks/FMCoreLite.framework/Versions/A/FMCoreLite
0x00000001ab4c5000 	/System/Library/PrivateFrameworks/AuthKit.framework/Versions/A/AuthKit
0x00000001b44b2000 	/System/Library/PrivateFrameworks/DiskManagement.framework/Versions/A/DiskManagement
0x00000001b43be000 	/System/Library/PrivateFrameworks/AppleIDAuthSupport.framework/Versions/A/AppleIDAuthSupport
0x0000000243c2f000 	/System/Library/PrivateFrameworks/AAAFoundation.framework/Versions/A/AAAFoundation
0x00000001afd50000 	/System/Library/PrivateFrameworks/KeychainCircle.framework/Versions/A/KeychainCircle
0x00000001bff7d000 	/System/Library/PrivateFrameworks/URLFormatting.framework/Versions/A/URLFormatting
0x00000001b71fb000 	/usr/lib/libcsfde.dylib
0x00000001ad2f9000 	/usr/lib/libCoreStorage.dylib
0x00000001b110f000 	/System/Library/PrivateFrameworks/ProtectedCloudStorage.framework/Versions/A/ProtectedCloudStorage
0x00000001b71f6000 	/System/Library/PrivateFrameworks/EFILogin.framework/Versions/A/EFILogin
0x00000001bf225000 	/System/Library/PrivateFrameworks/CloudServices.framework/Versions/A/CloudServices
0x00000001b47cb000 	/System/Library/PrivateFrameworks/OctagonTrust.framework/Versions/A/OctagonTrust
0x00000001b4ee5000 	/System/Library/PrivateFrameworks/AVFCore.framework/Versions/A/AVFCore
0x00000001bdcaf000 	/System/Library/PrivateFrameworks/AVFCapture.framework/Versions/A/AVFCapture
0x00000001ae56f000 	/System/Library/Frameworks/MediaToolbox.framework/Versions/A/MediaToolbox
0x00000001b45a7000 	/System/Library/PrivateFrameworks/CoreAVCHD.framework/Versions/A/CoreAVCHD
0x00000001b45a3000 	/System/Library/PrivateFrameworks/Mangrove.framework/Versions/A/Mangrove
0x0000000249ac9000 	/System/Library/PrivateFrameworks/CMPhoto.framework/Versions/A/CMPhoto
0x00000001b4d02000 	/System/Library/Frameworks/CoreTelephony.framework/Versions/A/CoreTelephony
0x00000001b4596000 	/System/Library/PrivateFrameworks/CoreAUC.framework/Versions/A/CoreAUC
0x0000000247415000 	/System/Library/PrivateFrameworks/AppleJPEGXL.framework/Versions/A/AppleJPEGXL
0x00000002498f5000 	/System/Library/PrivateFrameworks/CMImaging.framework/Versions/A/CMImaging
0x00000001bdec7000 	/System/Library/PrivateFrameworks/Quagga.framework/Versions/A/Quagga
0x00000001bdffa000 	/System/Library/PrivateFrameworks/CMCapture.framework/Versions/A/CMCapture
0x00000001af934000 	/System/Library/Frameworks/CoreMediaIO.framework/Versions/A/CoreMediaIO
0x00000001b7c2e000 	/System/Library/PrivateFrameworks/Espresso.framework/Versions/A/Espresso
0x00000001fb299000 	/System/Library/PrivateFrameworks/ANECompiler.framework/Versions/A/ANECompiler
0x00000001b9c14000 	/System/Library/PrivateFrameworks/AppleNeuralEngine.framework/Versions/A/AppleNeuralEngine
0x0000000201538000 	/System/Library/Frameworks/MetalPerformanceShadersGraph.framework/Versions/A/MetalPerformanceShadersGraph
0x0000000260205000 	/System/Library/PrivateFrameworks/MLCompilerServices.framework/Versions/A/MLCompilerServices
0x00000001b8aea000 	/System/Library/PrivateFrameworks/ANEServices.framework/Versions/A/ANEServices
0x00000001cb2e0000 	/usr/lib/libncurses.5.4.dylib
0x00000001a16c7000 	/usr/lib/libsandbox.1.dylib
0x00000001ad2f1000 	/usr/lib/libMatch.1.dylib
0x00000002601a9000 	/System/Library/PrivateFrameworks/MLCompilerRuntime.framework/Versions/A/MLCompilerRuntime
0x000000024982b000 	/System/Library/PrivateFrameworks/CMCaptureDevice.framework/Versions/A/CMCaptureDevice
0x000000024a61b000 	/System/Library/PrivateFrameworks/CinematicFraming.framework/Versions/A/CinematicFraming
0x00000001c5277000 	/System/Library/Frameworks/CoreMotion.framework/Versions/A/CoreMotion
0x00000001d3fa1000 	/System/Library/PrivateFrameworks/TimeSync.framework/Versions/A/TimeSync
0x000000024fd8f000 	/System/Library/PrivateFrameworks/DistributedSensing.framework/Versions/A/DistributedSensing
0x00000001cfe70000 	/System/Library/PrivateFrameworks/MobileBluetooth.framework/Versions/A/MobileBluetooth
0x00000001af508000 	/System/Library/PrivateFrameworks/LocationSupport.framework/Versions/A/LocationSupport
0x00000001d5a63000 	/System/Library/PrivateFrameworks/IOKitten.framework/Versions/A/IOKitten
0x00000001a2fe6000 	/System/Library/PrivateFrameworks/CoreDuet.framework/Versions/A/CoreDuet
0x00000001b6514000 	/System/Library/PrivateFrameworks/CoreDuetContext.framework/Versions/A/CoreDuetContext
0x00000001d0a1d000 	/System/Library/PrivateFrameworks/BiomeFoundation.framework/Versions/A/BiomeFoundation
0x000000024875a000 	/System/Library/PrivateFrameworks/BiomeLibrary.framework/Versions/A/BiomeLibrary
0x00000001d401f000 	/System/Library/PrivateFrameworks/BiomeStreams.framework/Versions/A/BiomeStreams
0x00000001da34d000 	/System/Library/PrivateFrameworks/BiomePubSub.framework/Versions/A/BiomePubSub
0x00000001a71b9000 	/System/Library/Frameworks/CloudKit.framework/Versions/A/CloudKit
0x00000001b656a000 	/System/Library/Frameworks/Intents.framework/Versions/A/Intents
0x00000001b8c92000 	/System/Library/PrivateFrameworks/CoreDuetDaemonProtocol.framework/Versions/A/CoreDuetDaemonProtocol
0x00000001b8b18000 	/System/Library/PrivateFrameworks/ProactiveSupport.framework/Versions/A/ProactiveSupport
0x0000000269e99000 	/System/Library/PrivateFrameworks/PoirotSchematizer.framework/Versions/A/PoirotSchematizer
0x0000000248df4000 	/System/Library/PrivateFrameworks/BiomeSync.framework/Versions/A/BiomeSync
0x000000024873b000 	/System/Library/PrivateFrameworks/BiomeFlexibleStorage.framework/Versions/A/BiomeFlexibleStorage
0x000000024871f000 	/System/Library/PrivateFrameworks/BiomeDSL.framework/Versions/A/BiomeDSL
0x00000001da3aa000 	/System/Library/PrivateFrameworks/BiomeStorage.framework/Versions/A/BiomeStorage
0x0000000269f06000 	/System/Library/PrivateFrameworks/PoirotUDFs.framework/Versions/A/PoirotUDFs
0x0000000269e68000 	/System/Library/PrivateFrameworks/PoirotSQLite.framework/Versions/A/PoirotSQLite
0x00000001b7597000 	/System/Library/PrivateFrameworks/InternationalTextSearch.framework/Versions/A/InternationalTextSearch
0x000000025dd31000 	/System/Library/PrivateFrameworks/IntelligencePlatformLibrary.framework/Versions/A/IntelligencePlatformLibrary
0x000000024a1e0000 	/System/Library/PrivateFrameworks/CascadeSets.framework/Versions/A/CascadeSets
0x00000001b07ee000 	/System/Library/PrivateFrameworks/IDS.framework/Versions/A/IDS
0x00000001af48e000 	/System/Library/PrivateFrameworks/IMFoundation.framework/Versions/A/IMFoundation
0x00000001bf554000 	/System/Library/PrivateFrameworks/Marco.framework/Versions/A/Marco
0x00000001b09bb000 	/System/Library/PrivateFrameworks/IDSFoundation.framework/Versions/A/IDSFoundation
0x00000001bc274000 	/System/Library/PrivateFrameworks/Engram.framework/Versions/A/Engram
0x00000001bc214000 	/usr/lib/libtidy.A.dylib
0x00000001d3b08000 	/System/Library/PrivateFrameworks/FTAWD.framework/Versions/A/FTAWD
0x0000000203d6c000 	/System/Library/Frameworks/SharedWithYouCore.framework/Versions/A/SharedWithYouCore
0x00000001b7662000 	/System/Library/PrivateFrameworks/AppleAccount.framework/Versions/A/AppleAccount
0x00000001b7b88000 	/System/Library/PrivateFrameworks/C2.framework/Versions/A/C2
0x00000001a89ab000 	/System/Library/Frameworks/CoreLocation.framework/Versions/A/CoreLocation
0x000000024a9c9000 	/System/Library/PrivateFrameworks/CloudAssets.framework/Versions/A/CloudAssets
0x00000001b7b7f000 	/System/Library/Frameworks/PushKit.framework/Versions/A/PushKit
0x00000001e24c0000 	/usr/lib/swift/libswiftAVFoundation.dylib
0x00000001cc750000 	/usr/lib/swift/libswiftCoreLocation.dylib
0x00000001cc766000 	/usr/lib/swift/libswiftCoreMIDI.dylib
0x00000001e09ee000 	/usr/lib/swift/libswiftCoreMedia.dylib
0x00000001b0c4f000 	/System/Library/PrivateFrameworks/Sharing.framework/Versions/A/Sharing
0x00000001b6bba000 	/System/Library/PrivateFrameworks/Apple80211.framework/Versions/A/Apple80211
0x00000001aaa80000 	/System/Library/Frameworks/CoreWLAN.framework/Versions/A/CoreWLAN
0x00000001bac7f000 	/System/Library/PrivateFrameworks/AssistantServices.framework/Versions/A/AssistantServices
0x00000001b557f000 	/System/Library/PrivateFrameworks/SAObjects.framework/Versions/A/SAObjects
0x00000001ba8b7000 	/System/Library/PrivateFrameworks/MediaRemote.framework/Versions/A/MediaRemote
0x00000001cb9c2000 	/System/Library/PrivateFrameworks/SiriInstrumentation.framework/Versions/A/SiriInstrumentation
0x000000026d736000 	/System/Library/PrivateFrameworks/SiriAnalytics.framework/Versions/A/SiriAnalytics
0x00000002732ec000 	/System/Library/PrivateFrameworks/SiriTTSService.framework/Versions/A/SiriTTSService
0x000000026e0f2000 	/System/Library/PrivateFrameworks/SiriCrossDeviceArbitration.framework/Versions/A/SiriCrossDeviceArbitration
0x00000001c965b000 	/System/Library/PrivateFrameworks/FeedbackLogger.framework/Versions/A/FeedbackLogger
0x000000026e146000 	/System/Library/PrivateFrameworks/SiriCrossDeviceArbitrationFeedback.framework/Versions/A/SiriCrossDeviceArbitrationFeedback
0x0000000257b31000 	/System/Library/PrivateFrameworks/GenerativeModels.framework/Versions/A/GenerativeModels
0x00000001bf3c0000 	/System/Library/PrivateFrameworks/MediaServices.framework/Versions/A/MediaServices
0x00000001ad55c000 	/System/Library/PrivateFrameworks/PersistentConnection.framework/Versions/A/PersistentConnection
0x00000001b13e8000 	/System/Library/PrivateFrameworks/GeoServices.framework/Versions/A/GeoServices
0x0000000257d59000 	/System/Library/PrivateFrameworks/GeoServicesCore.framework/Versions/A/GeoServicesCore
0x00000001bff7b000 	/System/Library/PrivateFrameworks/PhoneNumbers.framework/Versions/A/PhoneNumbers
0x000000024f7f7000 	/System/Library/PrivateFrameworks/Dendrite.framework/Versions/A/Dendrite
0x00000002480d3000 	/System/Library/PrivateFrameworks/AtomicsInternal.framework/Versions/A/AtomicsInternal
0x00000001cd560000 	/usr/lib/libtailspin.dylib
0x00000001e04ea000 	/System/Library/PrivateFrameworks/Osprey.framework/Versions/A/Osprey
0x000000027296b000 	/System/Library/PrivateFrameworks/SiriTTS.framework/Versions/A/SiriTTS
0x00000001c628c000 	/System/Library/Frameworks/NaturalLanguage.framework/Versions/A/NaturalLanguage
0x00000002716a5000 	/System/Library/PrivateFrameworks/SiriPowerInstrumentation.framework/Versions/A/SiriPowerInstrumentation
0x00000001c70b1000 	/System/Library/PrivateFrameworks/Trial.framework/Versions/A/Trial
0x00000001c7033000 	/System/Library/PrivateFrameworks/TrialProto.framework/Versions/A/TrialProto
0x000000027a43c000 	/System/Library/PrivateFrameworks/UnifiedAssetFramework.framework/Versions/A/UnifiedAssetFramework
0x00000001f13ea000 	/usr/lib/swift/libswiftNaturalLanguage.dylib
0x000000027626d000 	/System/Library/PrivateFrameworks/TailspinSymbolication.framework/Versions/A/TailspinSymbolication
0x000000024f506000 	/System/Library/PrivateFrameworks/Darwinup.framework/Versions/A/Darwinup
0x00000001d92c5000 	/System/Library/PrivateFrameworks/SignpostSupport.framework/Versions/A/SignpostSupport
0x00000001c6155000 	/System/Library/PrivateFrameworks/FeatureFlagsSupport.framework/Versions/A/FeatureFlagsSupport
0x00000001d8a28000 	/System/Library/PrivateFrameworks/ktrace.framework/Versions/A/ktrace
0x00000001d9545000 	/System/Library/PrivateFrameworks/SampleAnalysis.framework/Versions/A/SampleAnalysis
0x00000001e1d86000 	/System/Library/PrivateFrameworks/kperfdata.framework/Versions/A/kperfdata
0x00000001b12c9000 	/usr/lib/libdscsym.dylib
0x00000001e221e000 	/System/Library/PrivateFrameworks/BulkSymbolication.framework/Versions/A/BulkSymbolication
0x00000001a7654000 	/System/Library/Frameworks/CoreML.framework/Versions/A/CoreML
0x00000001ef6c4000 	/usr/lib/libedit.3.dylib
0x00000001ab0c6000 	/System/Library/Frameworks/MLCompute.framework/Versions/A/MLCompute
0x0000000260058000 	/System/Library/PrivateFrameworks/MLAssetIO.framework/Versions/A/MLAssetIO
0x0000000285da7000 	/usr/lib/swift/libswiftMLCompute.dylib
0x000000019fb9d000 	/System/Library/PrivateFrameworks/LanguageModeling.framework/Versions/A/LanguageModeling
0x00000001a4704000 	/System/Library/PrivateFrameworks/Montreal.framework/Versions/A/Montreal
0x00000001ab9f4000 	/usr/lib/libcmph.dylib
0x0000000257bf3000 	/System/Library/PrivateFrameworks/GenerativeModelsFoundation.framework/Versions/A/GenerativeModelsFoundation
0x0000000278803000 	/System/Library/PrivateFrameworks/TokenGeneration.framework/Versions/A/TokenGeneration
0x00000002579ca000 	/System/Library/PrivateFrameworks/GenerativeFunctions.framework/Versions/A/GenerativeFunctions
0x0000000257a1b000 	/System/Library/PrivateFrameworks/GenerativeFunctionsFoundation.framework/Versions/A/GenerativeFunctionsFoundation
0x0000000262fac000 	/System/Library/PrivateFrameworks/ModelCatalog.framework/Versions/A/ModelCatalog
0x000000026d033000 	/System/Library/PrivateFrameworks/SensitiveContentAnalysisML.framework/Versions/A/SensitiveContentAnalysisML
0x0000000257aca000 	/System/Library/PrivateFrameworks/GenerativeFunctionsInstrumentation.framework/Versions/A/GenerativeFunctionsInstrumentation
0x000000026af2b000 	/System/Library/PrivateFrameworks/PromptKit.framework/Versions/A/PromptKit
0x000000026aa55000 	/System/Library/PrivateFrameworks/ProactiveDaemonSupport.framework/Versions/A/ProactiveDaemonSupport
0x00000002789bb000 	/System/Library/PrivateFrameworks/TokenGenerationCore.framework/Versions/A/TokenGenerationCore
0x000000027bab3000 	/System/Library/PrivateFrameworks/VectorSearch.framework/Versions/A/VectorSearch
0x0000000263271000 	/System/Library/PrivateFrameworks/ModelManagerServices.framework/Versions/A/ModelManagerServices
0x0000000247035000 	/System/Library/PrivateFrameworks/AppleFlatBuffers.framework/Versions/A/AppleFlatBuffers
0x00000001bf96a000 	/System/Library/PrivateFrameworks/ProactiveEventTracker.framework/Versions/A/ProactiveEventTracker
0x0000000243c4b000 	/System/Library/PrivateFrameworks/AAAFoundationSwift.framework/Versions/A/AAAFoundationSwift
0x00000001b78b7000 	/System/Library/PrivateFrameworks/AppleIDSSOAuthentication.framework/Versions/A/AppleIDSSOAuthentication
0x00000001d3293000 	/usr/lib/swift/libswiftCompression.dylib
0x000000026d1be000 	/System/Library/PrivateFrameworks/SentencePieceInternal.framework/Versions/A/SentencePieceInternal
0x00000001b374a000 	/System/Library/Frameworks/Vision.framework/Versions/A/Vision
0x000000024ef5a000 	/System/Library/PrivateFrameworks/CoreSceneUnderstanding.framework/Versions/A/CoreSceneUnderstanding
0x000000027c63e000 	/System/Library/PrivateFrameworks/VisionCore.framework/Versions/A/VisionCore
0x00000001cee61000 	/System/Library/Frameworks/Vision.framework/libfaceCore.dylib
0x00000001cf95b000 	/System/Library/PrivateFrameworks/Futhark.framework/Versions/A/Futhark
0x00000001d305b000 	/System/Library/PrivateFrameworks/InertiaCam.framework/Versions/A/InertiaCam
0x00000001cf70e000 	/System/Library/PrivateFrameworks/TextRecognition.framework/Versions/A/TextRecognition
0x00000001ad18f000 	/System/Library/PrivateFrameworks/CVNLP.framework/Versions/A/CVNLP
0x000000025674c000 	/System/Library/PrivateFrameworks/GRDBInternal.framework/Versions/A/GRDBInternal
0x00000001b9982000 	/System/Library/PrivateFrameworks/RTCReporting.framework/Versions/A/RTCReporting
0x00000001b7b6e000 	/System/Library/PrivateFrameworks/IntentsFoundation.framework/Versions/A/IntentsFoundation
0x00000001b0577000 	/System/Library/Frameworks/NetworkExtension.framework/Versions/A/NetworkExtension
0x00000001cae61000 	/System/Library/PrivateFrameworks/CaptiveNetwork.framework/Versions/A/CaptiveNetwork
0x00000001b7107000 	/System/Library/PrivateFrameworks/EAP8021X.framework/Versions/A/EAP8021X
0x00000001d9511000 	/System/Library/PrivateFrameworks/UIKitServices.framework/Versions/A/UIKitServices
0x00000001161b8000 	/System/Library/Extensions/AGXMetal13_3.bundle/Contents/MacOS/AGXMetal13_3
0x00000001bf272000 	/System/Library/PrivateFrameworks/IOGPU.framework/Versions/A/IOGPU
0x00000001cc735000 	/System/Library/Frameworks/Accelerate.framework/Versions/A/Frameworks/vImage.framework/Versions/A/Libraries/libCGInterfaces.dylib
0x0000000245239000 	/System/Library/PrivateFrameworks/AccessibilityBundles.framework/Versions/A/AccessibilityBundles
0x00000001cfa4c000 	/System/Library/CoreServices/RawCamera.bundle/Contents/MacOS/RawCamera
0x00000001151a8000 	/Applications/REAPER.app/Contents/Plugins/elastique3.dylib
0x0000000115814000 	/Applications/REAPER.app/Contents/Plugins/soundtouch.dylib
0x00000001157e0000 	/Applications/REAPER.app/Contents/Plugins/rubberband.dylib
0x0000000115928000 	/Applications/REAPER.app/Contents/Plugins/jsfx.dylib
0x0000000119cd4000 	/Applications/REAPER.app/Contents/Plugins/reaper_wave.dylib
0x0000000119c5c000 	/Applications/REAPER.app/Contents/Plugins/reaper_mp3dec.dylib
0x0000000119f00000 	/Applications/REAPER.app/Contents/Plugins/libmp3lame.dylib
0x000000011b5b4000 	/Applications/REAPER.app/Contents/Plugins/reaper_midi.dylib
0x0000000119da8000 	/Applications/REAPER.app/Contents/Plugins/reaper_wavpack.dylib
0x0000000119d10000 	/Applications/REAPER.app/Contents/Plugins/reaper_opus.dylib
0x0000000119f8c000 	/Applications/REAPER.app/Contents/Plugins/reaper_flac.dylib
0x000000011b788000 	/Applications/REAPER.app/Contents/Plugins/reaper_rex.dylib
0x0000000119adc000 	/Applications/REAPER.app/Contents/Plugins/reaper_ddp.dylib
0x0000000129864000 	/Applications/REAPER.app/Contents/Plugins/reaper_explorer.dylib
0x0000000119fd8000 	/Applications/REAPER.app/Contents/Plugins/reaper_cd.dylib
0x00000001ff7d4000 	/System/Library/Frameworks/DiscRecordingUI.framework/Versions/A/DiscRecordingUI
0x0000000129c18000 	/Applications/REAPER.app/Contents/Plugins/reaper_ogg.dylib
0x0000000129d0c000 	/Applications/REAPER.app/Contents/Plugins/reaper_csurf.dylib
0x000000012fb8c000 	/Applications/REAPER.app/Contents/Plugins/reaper_video.dylib
0x000000011b768000 	/Applications/REAPER.app/Contents/Plugins/reap_osx_modern.dylib
0x00000001c564f000 	/System/Library/Frameworks/AVKit.framework/Versions/A/AVKit
0x00000002450ea000 	/System/Library/PrivateFrameworks/AVKitCore.framework/Versions/A/AVKitCore
0x00000001daf0d000 	/System/Library/PrivateFrameworks/PIP.framework/Versions/A/PIP
0x000000012f900000 	/opt/homebrew/Cellar/ffmpeg/8.1.2_1/lib/libavutil.60.26.102.dylib
0x000000012fcd4000 	/opt/homebrew/Cellar/openssl@3/3.6.3/lib/libssl.3.dylib
0x000000014ce84000 	/opt/homebrew/Cellar/openssl@3/3.6.3/lib/libcrypto.3.dylib
0x000000012fab0000 	/opt/homebrew/Cellar/ffmpeg/8.1.2_1/lib/libswscale.9.5.102.dylib
0x000000011b7b8000 	/opt/homebrew/Cellar/ffmpeg/8.1.2_1/lib/libswresample.6.3.102.dylib
0x000000014dc8c000 	/opt/homebrew/Cellar/ffmpeg/8.1.2_1/lib/libavcodec.62.28.102.dylib
0x000000014c9d8000 	/opt/homebrew/Cellar/libvpx/1.16.0/lib/libvpx.12.dylib
0x000000012fdb4000 	/opt/homebrew/Cellar/dav1d/1.5.4/lib/libdav1d.7.dylib
0x00000001297bc000 	/opt/homebrew/Cellar/lame/4.0/lib/libmp3lame.0.dylib
0x000000012feac000 	/opt/homebrew/Cellar/opus/1.6.1/lib/libopus.0.dylib
0x000000014d330000 	/opt/homebrew/Cellar/svt-av1/4.2.0/lib/libSvtAv1Enc.4.2.0.dylib
0x000000014d664000 	/opt/homebrew/Cellar/x264/r3222/lib/libx264.165.dylib
0x000000014f3c4000 	/opt/homebrew/Cellar/x265/4.2/lib/libx265.216.dylib
0x0000000129d70000 	/opt/homebrew/Cellar/mpg123/1.33.6/lib/libmpg123.0.dylib
0x000000014d898000 	/opt/homebrew/Cellar/ffmpeg/8.1.2_1/lib/libavformat.62.12.102.dylib
0x000000014cb8c000 	/Applications/VLC.app/Contents/MacOS/lib/libvlccore.9.dylib
0x0000000160dbc000 	/Applications/VLC.app/Contents/MacOS/plugins/libavcodec_plugin.dylib
0x0000000129780000 	/Applications/VLC.app/Contents/MacOS/lib/libvlc.5.dylib
0x000000011b748000 	/Applications/VLC.app/Contents/MacOS/plugins/libi420_rgb_plugin.dylib
0x000000011b7d8000 	/Applications/VLC.app/Contents/MacOS/plugins/libi420_10_p010_plugin.dylib
0x000000011b7ec000 	/Applications/VLC.app/Contents/MacOS/plugins/libscaletempo_pitch_plugin.dylib
0x0000000129810000 	/Applications/VLC.app/Contents/MacOS/plugins/libi420_yuy2_plugin.dylib
0x0000000129824000 	/Applications/VLC.app/Contents/MacOS/plugins/libi422_yuy2_plugin.dylib
0x0000000129838000 	/Applications/VLC.app/Contents/MacOS/plugins/libyuy2_i420_plugin.dylib
0x000000012984c000 	/Applications/VLC.app/Contents/MacOS/plugins/libi420_nv12_plugin.dylib
0x0000000129db8000 	/Applications/VLC.app/Contents/MacOS/plugins/libyuy2_i422_plugin.dylib
0x0000000129dcc000 	/Applications/VLC.app/Contents/MacOS/plugins/libkeychain_plugin.dylib
0x0000000129de4000 	/Applications/VLC.app/Contents/MacOS/plugins/libi422_i420_plugin.dylib
0x000000012ff08000 	/Applications/VLC.app/Contents/MacOS/plugins/libgrey_yuv_plugin.dylib
0x000000012ff1c000 	/Applications/VLC.app/Contents/MacOS/plugins/libchain_plugin.dylib
0x000000012ff30000 	/Applications/VLC.app/Contents/MacOS/plugins/libscale_plugin.dylib
0x000000012ff44000 	/Applications/VLC.app/Contents/MacOS/plugins/libyuvp_plugin.dylib
0x000000014cd48000 	/Applications/VLC.app/Contents/MacOS/plugins/libdav1d_plugin.dylib
0x000000012ff58000 	/Applications/VLC.app/Contents/MacOS/plugins/libyuv_plugin.dylib
0x000000012ff6c000 	/Applications/VLC.app/Contents/MacOS/plugins/libscaletempo_plugin.dylib
0x000000014dadc000 	/Applications/VLC.app/Contents/MacOS/plugins/libswscale_plugin.dylib
0x000000014ec8c000 	/Users/jonathankawchuk/Library/Application Support/REAPER/UserPlugins/reaper_command_palette.dylib
0x0000000160000000 	/Users/jonathankawchuk/Library/Application Support/REAPER/UserPlugins/reaper_csurf_integrator.dylib
0x000000012ffc0000 	/Users/jonathankawchuk/Library/Application Support/REAPER/UserPlugins/reaper_ptx_import.dylib
0x000000012ff80000 	/Users/jonathankawchuk/Library/Application Support/REAPER/UserPlugins/reaper_pt_spot.dylib
0x000000014cc70000 	/Users/jonathankawchuk/Library/Application Support/REAPER/UserPlugins/reaper_drivenbymoss.dylib
0x0000000160254000 	/Users/jonathankawchuk/Library/Application Support/REAPER/UserPlugins/reaper_imgui-arm64.dylib
0x00000001605f0000 	/Users/jonathankawchuk/Library/Application Support/REAPER/UserPlugins/reaper_sws-arm64.dylib
0x000000011b730000 	/Users/jonathankawchuk/Library/Application Support/REAPER/UserPlugins/reaper_reatc-arm64.dylib
0x000000014f248000 	/Users/jonathankawchuk/Library/Application Support/REAPER/UserPlugins/reaper_helgobox-arm64.dylib
0x000000016bf08000 	/Users/jonathankawchuk/Library/Application Support/REAPER/UserPlugins/FX/helgobox-arm64.vst.dylib
0x0000000165bb0000 	/Users/jonathankawchuk/Library/Application Support/REAPER/Helgoboss/App/bin/Contents/Frameworks/FlutterMacOS.framework/FlutterMacOS
0x000000014fce8000 	/Users/jonathankawchuk/Library/Application Support/REAPER/UserPlugins/reaper_js_ReaScriptAPI64ARM.dylib
0x000000014cd0c000 	/Users/jonathankawchuk/Library/Application Support/REAPER/Helgoboss/App/bin/Contents/Frameworks/cryptography_flutter.framework/cryptography_flutter
0x0000000160b10000 	/Users/jonathankawchuk/Library/Application Support/REAPER/UserPlugins/reaper_reamo.dylib
0x000000012ffe0000 	/Users/jonathankawchuk/Library/Application Support/REAPER/Helgoboss/App/bin/Contents/Frameworks/device_info_plus.framework/device_info_plus
0x0000000162574000 	/Users/jonathankawchuk/Library/Application Support/REAPER/UserPlugins/reaper_reapack-arm64.dylib
0x000000014ce58000 	/Users/jonathankawchuk/Library/Application Support/REAPER/Helgoboss/App/bin/Contents/Frameworks/desktop_drop.framework/desktop_drop
0x000000014dbe0000 	/Users/jonathankawchuk/Library/Application Support/REAPER/Helgoboss/App/bin/Contents/Frameworks/native_context_menu.framework/native_context_menu
0x000000014dbfc000 	/Users/jonathankawchuk/Library/Application Support/REAPER/Helgoboss/App/bin/Contents/Frameworks/path_provider_foundation.framework/path_provider_foundation
0x0000000165670000 	/Users/jonathankawchuk/Library/Application Support/REAPER/UserPlugins/reaper_ReacomaExtension.dylib
0x000000014dba4000 	/Users/jonathankawchuk/Library/Application Support/REAPER/Helgoboss/App/bin/Contents/Frameworks/screen_retriever.framework/screen_retriever
0x000000014f1ac000 	/Users/jonathankawchuk/Library/Application Support/REAPER/Helgoboss/App/bin/Contents/Frameworks/url_launcher_macos.framework/url_launcher_macos
0x000000014dc44000 	/Users/jonathankawchuk/Library/Application Support/REAPER/Helgoboss/App/bin/Contents/Frameworks/window_manager.framework/window_manager
0x000000014f210000 	/Users/jonathankawchuk/Library/Application Support/REAPER/Helgoboss/App/bin/Contents/Frameworks/pointer_lock.framework/pointer_lock
0x000000014f1d0000 	/Users/jonathankawchuk/Library/Application Support/REAPER/Helgoboss/App/bin/Contents/MacOS/helgobox
0x00000001d862c000 	/usr/lib/swift/libswiftAppKit.dylib
0x0000000276828000 	/System/Library/PrivateFrameworks/TextInputUI.framework/Versions/A/TextInputUI
0x000000027684c000 	/System/Library/PrivateFrameworks/TextInputUIMacHelper.framework/Versions/A/TextInputUIMacHelper
0x000000026c652000 	/System/Library/PrivateFrameworks/Sage.framework/Versions/A/Sage
0x000000014f354000 	/Users/jonathankawchuk/Library/Application Support/REAPER/UserPlugins/java-runtime/lib/libjli.dylib
0x0000000179a88000 	/Users/jonathankawchuk/Library/Application Support/REAPER/UserPlugins/java-runtime/lib/server/libjvm.dylib
0x000000014dc78000 	/Users/jonathankawchuk/Library/Application Support/REAPER/UserPlugins/java-runtime/lib/libjimage.dylib
0x000000014fc34000 	/Users/jonathankawchuk/Library/Application Support/REAPER/UserPlugins/java-runtime/lib/libjava.dylib
0x000000014f37c000 	/Users/jonathankawchuk/Library/Application Support/REAPER/UserPlugins/java-runtime/lib/libnio.dylib
0x000000014f39c000 	/Users/jonathankawchuk/Library/Application Support/REAPER/UserPlugins/java-runtime/lib/libnet.dylib
0x000000014fc64000 	/Users/jonathankawchuk/Library/Application Support/REAPER/UserPlugins/java-runtime/lib/libzip.dylib
0x000000014fc8c000 	/Users/jonathankawchuk/Library/Application Support/REAPER/UserPlugins/java-runtime/lib/libverify.dylib
0x0000000165360000 	/Users/jonathankawchuk/Library/Application Support/REAPER/UserPlugins/java-runtime/lib/libawt.dylib
0x000000020078c000 	/System/Library/Frameworks/JavaRuntimeSupport.framework/Versions/A/JavaRuntimeSupport
0x0000000165538000 	/Users/jonathankawchuk/Library/Application Support/REAPER/UserPlugins/java-runtime/lib/libawt_lwawt.dylib
0x000000014fec8000 	/Users/jonathankawchuk/Library/Application Support/REAPER/UserPlugins/java-runtime/lib/libosxapp.dylib
0x00000001c3a8d000 	/System/Library/Frameworks/ExceptionHandling.framework/Versions/A/ExceptionHandling
0x0000000166864000 	/Users/jonathankawchuk/Library/Application Support/REAPER/UserPlugins/java-runtime/lib/libfontmanager.dylib
0x0000000165910000 	/Users/jonathankawchuk/Library/Application Support/REAPER/UserPlugins/java-runtime/lib/libfreetype.dylib
0x0000000162780000 	/Applications/REAPER.app/Contents/Plugins/FX/reasurround2.vst.dylib
0x0000000166cd4000 	/Library/Audio/Plug-Ins/VST3/dpMeter5.vst3/Contents/MacOS/dpMeter5
0x000000031dbac000 	/Library/Audio/Plug-Ins/VST3/SonoBus.vst3/Contents/MacOS/SonoBus
0x00000001ff06d000 	/System/Library/Frameworks/CoreAudioKit.framework/Versions/A/CoreAudioKit
0x00000001fe83a000 	/System/Library/Frameworks/AudioVideoBridging.framework/Versions/A/AudioVideoBridging
0x00000001e9ffe000 	/System/Library/Frameworks/ScriptingBridge.framework/Versions/A/ScriptingBridge
0x0000000166b00000 	/System/Library/Components/CoreAudio.component/Contents/MacOS/CoreAudio
0x000000031b848000 	/Library/Audio/Plug-Ins/Components/MusePlugin.component/Contents/MacOS/MusePlugin
0x00000001160f4000 	/private/var/folders/6g/_dyszwd54rd36jmvjmmd4htw0000gn/T/usb4java2822667859305768124.tmp/libusb4java.dylib
0x0000000116128000 	/System/Library/Extensions/IOUSBHostFamily.kext/Contents/PlugIns/IOUSBLib.bundle/Contents/MacOS/IOUSBLib
0x0000000115e3c000 	/Users/jonathankawchuk/Library/Application Support/REAPER/UserPlugins/java-runtime/lib/libosxui.dylib
0x00000001fde17000 	/System/Library/Frameworks/OpenGL.framework/Versions/A/Resources/GLEngine.bundle/GLEngine
0x00000001fdcbc000 	/System/Library/Frameworks/OpenGL.framework/Versions/A/Libraries/libGLProgrammability.dylib
0x00000003154ec000 	/System/Library/Extensions/AppleMetalOpenGLRenderer.bundle/Contents/MacOS/AppleMetalOpenGLRenderer
0x00000001fdf78000 	/System/Library/Frameworks/OpenGL.framework/Versions/A/Resources/GLRendererFloat.bundle/GLRendererFloat
0x00000001fa9d2000 	/System/Library/PrivateFrameworks/VoiceShortcutClient.framework/Versions/A/VoiceShortcutClient
0x00000001cd22c000 	/System/Library/PrivateFrameworks/ChronoServices.framework/Versions/A/ChronoServices
0x000000026bcc7000 	/System/Library/PrivateFrameworks/ReplicatorEngine.framework/Versions/A/ReplicatorEngine
0x000000026be7a000 	/System/Library/PrivateFrameworks/ReplicatorServices.framework/Versions/A/ReplicatorServices
0x0000000275e3b000 	/System/Library/PrivateFrameworks/SystemWake.framework/Versions/A/SystemWake
0x0000000118bfc000 	/Library/Audio/Plug-Ins/VST/Cthulhu.vst/Contents/MacOS/Cthulhu
0x00000003b11ac000 	/Library/Audio/Plug-Ins/VST3/Kontakt 7.vst3/Contents/MacOS/Kontakt 7
0x00000001fe1a4000 	/System/Library/Frameworks/AGL.framework/Versions/A/AGL
0x000000011b420000 	/System/Library/Frameworks/Security.framework/Versions/A/PlugIns/csparser.bundle/Contents/MacOS/csparser
0x000000011b348000 	/System/Library/TextEncodings/Unicode Encodings.bundle/Contents/MacOS/Unicode Encodings
0x000000038d240000 	/Library/Application Support/Native Instruments/Kontakt 7/sqlite3.dylib
0x000000038d0c8000 	/Library/Application Support/Native Instruments/Kontakt 7/REX Shared Library.framework/Versions/A/REX Shared Library
0x0000000284a39000 	/usr/lib/i18n/libiconv_std.dylib
0x0000000284a2f000 	/usr/lib/i18n/libUTF8.dylib
0x0000000284a2b000 	/usr/lib/i18n/libUTF1632.dylib
0x0000000284a3e000 	/usr/lib/i18n/libmapper_none.dylib
0x00000003d66b8000 	/Library/Audio/Plug-Ins/VST3/Vienna Synchron Player.vst3/Contents/MacOS/ViennaSynchronPlayer
0x00000003bf764000 	/Library/PrivilegedHelperTools/licenseDaemon.app/Contents/PlugIns/__Pace_Eden/libpacefusion_shared.dylib
0x00000003fe4c0000 	/Library/Audio/Plug-Ins/VST3/UVIWorkstation.vst3/Contents/MacOS/UVIWorkstation
0x00000003fae90000 	/Library/Audio/Plug-Ins/VST3/UVIWorkstation.vst3/Contents/Frameworks/libsndfile.1.0.37.dylib
0x00000003f8b34000 	/Library/Audio/Plug-Ins/VST3/UVIWorkstation.vst3/Contents/Frameworks/REX Shared Library.framework/Versions/A/REX Shared Library
0x0000000420cd0000 	/Library/Audio/Plug-Ins/VST3/Air.vst3/Contents/MacOS/Air
0x00000003f8e18000 	/Library/Audio/Plug-Ins/VST3/Neutron 3.vst3/Contents/MacOS/PluginHooksVST3
0x0000000430000000 	/Library/Audio/Plug-Ins/VST3/Neutron 3.vst3/Contents/Resources/iZNeutron3.bundle/Contents/MacOS/iZNeutron3
0x00000004205c8000 	/Library/Audio/Plug-Ins/VST3/Neutron 3.vst3/Contents/Resources/iZNeutron3.bundle/Contents/MacOS/libmp3lame.dylib
0x0000000420818000 	/Library/Audio/Plug-Ins/VST3/Neutron 3.vst3/Contents/Resources/iZNeutron3.bundle/Contents/MacOS/libtag.dylib
0x00000003f81c8000 	/Library/Application Support/iZotope/Meter Tap 4/Meter Tap 4.bundle/Contents/MacOS/Meter Tap 4
0x000000044c888000 	/Library/Audio/Plug-Ins/VST3/DecentSampler.vst3/Contents/MacOS/DecentSampler
0x00000003fe460000 	/Applications/REAPER.app/Contents/Plugins/FX/reatune.vst.dylib
0x0000000489f24000 	/Library/Audio/Plug-Ins/VST3/Serum2.vst3/Contents/MacOS/Serum2
0x000000048f400000 	/Library/Audio/Plug-Ins/VST3/Dodo MIDI.vst3/Contents/MacOS/Dodo MIDI
0x00000004c0000000 	/Library/Audio/Plug-Ins/VST3/Trackspacer25.vst3/Contents/MacOS/Trackspacer25
0x0000000489f00000 	/Library/Audio/Plug-Ins/VST3/MeldaProduction/Reverb/MConvolutionEZ.vst3/Contents/MacOS/MConvolutionEZ.bin
0x00000004e0000000 	/Library/Application Support/MeldaProduction/LIB/libMeldaProductionAudioPluginKernelV11.dylib
0x00000004c1c90000 	/Applications/REAPER.app/Contents/Plugins/FX/reaverb.vst.dylib
0x00000004c1c44000 	/Library/Audio/Plug-Ins/VST3/Kilohearts/kHs Compressor.vst3/Contents/MacOS/kHs Compressor
0x00000004c4b9c000 	/Library/Application Support/Kilohearts/HeartCore.core/Contents/MacOS/HeartCore
0x00000004e2ea8000 	/Library/Audio/Plug-Ins/Components/LittlePlate.component/Contents/MacOS/LittlePlate
0x00000004c2bd4000 	/Library/Frameworks/PACEEdenExperience.framework/Versions/A/WrapPersist.bundle/Contents/MacOS/WrapPersist
0x00000001d4640000 	/System/Library/PrivateFrameworks/TextToSpeech.framework/Versions/A/TextToSpeech
0x00000001d9a0d000 	/System/Library/PrivateFrameworks/AXAssetLoader.framework/Versions/A/AXAssetLoader
0x00000002857a7000 	/usr/lib/libnwswifttls.dylib
0x00000001c6641000 	/usr/lib/log/liblog_network.dylib
0x0000000569160000 	/Library/Audio/Plug-Ins/Components/Trackspacer25.component/Contents/MacOS/Trackspacer25
0x0000000560bb8000 	/Library/Audio/Plug-Ins/Components/Serum.component/Contents/MacOS/Serum
0x0000000107b28000 	/Library/Audio/Plug-Ins/Components/iZNeutron3AUHook.component/Contents/MacOS/PluginHooksAU
0x0000000570a84000 	/Library/Audio/Plug-Ins/Components/iZNeutron3AUHook.component/Contents/Resources/iZNeutron3.bundle/Contents/MacOS/iZNeutron3
0x00000004c7f14000 	/Library/Audio/Plug-Ins/Components/iZNeutron3AUHook.component/Contents/Resources/iZNeutron3.bundle/Contents/MacOS/libmp3lame.dylib
0x00000004e439c000 	/Library/Audio/Plug-Ins/Components/iZNeutron3AUHook.component/Contents/Resources/iZNeutron3.bundle/Contents/MacOS/libtag.dylib
0x0000000107fa8000 	/Library/Audio/Plug-Ins/Components/MTremolo.component/Contents/MacOS/MTremolo.bin

JVMTI agents: none


VM Arguments:
java_command: <unknown>
java_class_path (initial): /Users/jonathankawchuk/Library/Application Support/REAPER/UserPlugins/drivenbymoss-libs/DrivenByMoss4Reaper-26.6.4.jar:/Users/jonathankawchuk/Library/Application Support/REAPER/UserPlugins/drivenbymoss-libs/slf4j-ext-2.0.13.jar:/Users/jonathankawchuk/Library/Application Support/REAPER/UserPlugins/drivenbymoss-libs/jackson-databind-2.22.1.jar:/Users/jonathankawchuk/Library/Application Support/REAPER/UserPlugins/drivenbymoss-libs/jna-platform-5.19.1.jar:/Users/jonathankawchuk/Library/Application Support/REAPER/UserPlugins/drivenbymoss-libs/libusb4java-1.0.24-darwin.jar:/Users/jonathankawchuk/Library/Application Support/REAPER/UserPlugins/drivenbymoss-libs/usb4java-1.3.0.jar:/Users/jonathankawchuk/Library/Application Support/REAPER/UserPlugins/drivenbymoss-libs/purejavahidapi-0.0.21.jar:/Users/jonathankawchuk/Library/Application Support/REAPER/UserPlugins/drivenbymoss-libs/svg-salamander-1.1.2.2.jar:/Users/jonathankawchuk/Library/Application Support/REAPER/UserPlugins/drivenbymoss-libs/jackson-core-2.22.1.jar:/Users/jonathankawchuk/Library/Application Support/REAPER/UserPlugins/drivenbymoss-libs/inieditor-r6.jar:/Users/jonathankawchuk/Library/Application Support/REAPER/UserPlugins/drivenbymoss-libs/jackson-annotations-2.22.jar:/Users/jonathankawchuk/Library/Application Support/REAPER/UserPlugins/drivenbymoss-libs/slf4j-api-2.0.13.jar:/Users/jonathankawchuk/Library/Application Support/REAPER/UserPlugins/drivenbymoss-libs/nativefilechooser-1.3.1.jar:/Users/jonathankawchuk/Library/Application Support/REAPER/UserPlugins/drivenbymoss-libs/jamepad-2.30.0.0.jar:/Users/jonathankawchuk/Library/Application Support/REAPER/UserPlugins/drivenbymoss-libs/jna-5.19.1.jar:/Users/jonathankawchuk/Library/Application Support/REAPER/UserPlugins/drivenbymoss-libs/javaosc-core-0.9.jar:/Users/jonathankawchuk/Library/Application Support/REAPER/UserPlugins/drivenbymoss-libs/commons-lang3-3.8.1.jar:/Users/jonathankawchuk/Library/Application Support/REAPER/UserPlugins/drivenbymoss-libs/gdx-jnigen-loader-2.2.0.jar
Launcher Type: generic

[Global flags]
     intx CICompilerCount                          = 4                                         {product} {ergonomic}
     uint ConcGCThreads                            = 2                                         {product} {ergonomic}
     uint G1ConcRefinementThreads                  = 8                                         {product} {ergonomic}
   size_t G1HeapRegionSize                         = 2097152                                   {product} {ergonomic}
   size_t InitialHeapSize                          = 268435456                                 {product} {ergonomic}
   size_t MarkStackSize                            = 4194304                                   {product} {ergonomic}
   size_t MarkStackSizeMax                         = 536870912                                 {product} {ergonomic}
   size_t MaxHeapSize                              = 4294967296                                {product} {ergonomic}
   size_t MaxNewSize                               = 2575302656                                {product} {ergonomic}
   size_t MinHeapDeltaBytes                        = 2097152                                   {product} {ergonomic}
   size_t MinHeapSize                              = 8388608                                   {product} {ergonomic}
    uintx NonNMethodCodeHeapSize                   = 5849088                                {pd product} {ergonomic}
    uintx NonProfiledCodeHeapSize                  = 122912768                              {pd product} {ergonomic}
    uintx ProfiledCodeHeapSize                     = 122912768                              {pd product} {ergonomic}
    uintx ReservedCodeCacheSize                    = 251674624                              {pd product} {ergonomic}
     bool SegmentedCodeCache                       = true                                      {product} {ergonomic}
   size_t SoftMaxHeapSize                          = 4294967296                             {manageable} {ergonomic}
     bool UseCompressedOops                        = true                           {product lp64_product} {ergonomic}
     bool UseG1GC                                  = true                                      {product} {ergonomic}
     bool UseNUMA                                  = false                                     {product} {ergonomic}
     bool UseNUMAInterleaving                      = false                                     {product} {ergonomic}

Logging:
Log output configuration:
 #0: 
[error occurred during error reporting (printing log configuration), id 0xb, SIGSEGV (0xb) at pc=0x000000017a1d2a08]
Release file:
JAVA_VERSION="25.0.3" 
MODULES="java.base java.datatransfer java.xml java.prefs java.desktop java.instrument java.logging java.management java.security.sasl java.naming java.transaction.xa java.sql jdk.accessibility" 

Environment Variables:
PATH=/usr/bin:/bin:/usr/sbin:/sbin:/usr/local/bin:/Users/jonathankawchuk/flucoma-cli/bin
SHELL=/bin/zsh
TMPDIR=/var/folders/6g/_dyszwd54rd36jmvjmmd4htw0000gn/T/

Active Locale:
LC_ALL=C/UTF-8/C/C/C/C
LC_COLLATE=C
LC_CTYPE=UTF-8
LC_MESSAGES=C
LC_MONETARY=C
LC_NUMERIC=C
LC_TIME=C

Signal Handlers:
   SIGSEGV: crash_handler in libjvm.dylib, mask=11100110000111110111111111111111, flags=SA_ONSTACK|SA_RESTART|SA_SIGINFO, unblocked
    SIGBUS: crash_handler in libjvm.dylib, mask=11100110000111110111111111111111, flags=SA_RESTART|SA_SIGINFO, unblocked
    SIGFPE: crash_handler in libjvm.dylib, mask=11100110000111110111111111111111, flags=SA_RESTART|SA_SIGINFO, unblocked
   SIGPIPE: javaSignalHandler in libjvm.dylib, mask=11100110000111110111111111111111, flags=SA_RESTART|SA_SIGINFO, blocked
  chained to: javaSignalHandler in libjvm.dylib, mask=11100110000111110111111111111111, flags=SA_RESTART|SA_SIGINFO
   SIGXFSZ: javaSignalHandler in libjvm.dylib, mask=11100110000111110111111111111111, flags=SA_RESTART|SA_SIGINFO, blocked
    SIGILL: crash_handler in libjvm.dylib, mask=11100110000111110111111111111111, flags=SA_RESTART|SA_SIGINFO, unblocked
   SIGUSR2: SR_handler in libjvm.dylib, mask=00000000000000000000000000000000, flags=SA_RESTART|SA_SIGINFO, blocked
    SIGHUP: UserHandler in libjvm.dylib, mask=11100110000111110111111111111111, flags=SA_RESTART|SA_SIGINFO, blocked
    SIGINT: UserHandler in libjvm.dylib, mask=11100110000111110111111111111111, flags=SA_RESTART|SA_SIGINFO, blocked
   SIGTERM: UserHandler in libjvm.dylib, mask=11100110000111110111111111111111, flags=SA_RESTART|SA_SIGINFO, blocked
   SIGQUIT: UserHandler in libjvm.dylib, mask=11100110000111110111111111111111, flags=SA_RESTART|SA_SIGINFO, blocked
   SIGTRAP: crash_handler in libjvm.dylib, mask=11100110000111110111111111111111, flags=SA_RESTART|SA_SIGINFO, unblocked


Compilation memory statistics disabled.

Periodic native trim disabled

---------------  S Y S T E M  ---------------

OS:
uname: Darwin 24.6.0 Darwin Kernel Version 24.6.0: Wed Oct 15 21:08:19 PDT 2025; root:xnu-11417.140.69.703.14~1/RELEASE_ARM64_T8103 arm64
OS uptime: 0 days 2:32 hours
rlimit (soft/hard): STACK 8176k/65520k , CORE 0k/infinity , NPROC 2666/4000 , NOFILE 10240/10240 , AS infinity/infinity , CPU infinity/infinity , DATA infinity/infinity , FSIZE infinity/infinity , MEMLOCK infinity/infinity , RSS infinity/infinity
load average: 11.21 7.77 6.64

CPU: total 8 (initial active 8) 0x61:0x0:0x1b588bb3:0, fp, asimd, aes, pmull, sha1, sha256, crc32, lse, sha3, sha512
machdep.cpu.brand_string:Apple M1
hw.cachelinesize:128
hw.l1icachesize:131072
hw.l1dcachesize:65536
hw.l2cachesize:4194304

Memory: 16k page, physical 16777216k(2781776k free), swap 7340032k(533120k free)

vm_info: OpenJDK 64-Bit Server VM (25.0.3+9-LTS) for bsd-aarch64 JRE (25.0.3+9-LTS), built on 2026-04-21T00:00:00Z with clang Apple LLVM 15.0.0 (clang-1500.1.0.2.5)

END.
