#
# A fatal error has been detected by the Java Runtime Environment:
#
#  SIGSEGV (0xb) at pc=0x000000018d3c1ebc, pid=51518, tid=234243
#
# JRE version: OpenJDK Runtime Environment Temurin-25.0.3+9 (25.0.3+9) (build 25.0.3+9-LTS)
# Java VM: OpenJDK 64-Bit Server VM Temurin-25.0.3+9 (25.0.3+9-LTS, mixed mode, tiered, compressed oops, compressed class ptrs, g1 gc, bsd-aarch64)
# Problematic frame:
# C  [libobjc.A.dylib+0x9ebc]  lookUpImpOrForward+0x54
#
# No core dump will be written. Core dumps have been disabled. To enable core dumping, try "ulimit -c unlimited" before starting Java again
#
# If you would like to submit a bug report, please visit:
#   https://github.com/adoptium/adoptium-support/issues
#

---------------  S U M M A R Y ------------

Command Line: 

Host: "MacBookPro17,1" arm64, 8 cores, 16G, Darwin 24.6.0, macOS 15.7.2 (24G325)
Time: Thu Sep 24 14:36:42 2026 EDT elapsed time: 703.626326 seconds (0d 0h 11m 43s)

---------------  T H R E A D  ---------------

Current thread (0x0000000116aa5400):  VMThread "VM Thread"          [id=234243, stack(0x0000000317098000,0x000000031729b000) (2060K)]

Stack: [0x0000000317098000,0x000000031729b000],  sp=0x000000031729a6c0,  free space=2057k
Native frames: (J=compiled Java code, j=interpreted, Vv=VM code, C=native code)
C  [libobjc.A.dylib+0x9ebc]  lookUpImpOrForward+0x54
C  [libobjc.A.dylib+0x9b84]  _objc_msgSend_uncached+0x44
C  [Trackspacer25+0xa4e18]  Trackspacer25AUFactory+0x91ea8
C  [libsystem_c.dylib+0x27944]  __cxa_finalize_ranges+0x1e0
C  [libsystem_c.dylib+0x27704]  exit+0x2c
V  [libjvm.dylib+0x89fc20]  os::_exit(int)+0x0
V  [libjvm.dylib+0x89fc14]  permit_forbidden_function::exit(int)+0x0
V  [libjvm.dylib+0x4e4f94]  notify_vm_shutdown()+0x0
V  [libjvm.dylib+0xb8005c]  VM_Exit::doit()+0x168
V  [libjvm.dylib+0xb7f368]  VM_Operation::evaluate()+0xec
V  [libjvm.dylib+0xb8ef10]  VMThread::evaluate_operation(VM_Operation*)+0x10c
V  [libjvm.dylib+0xb8f72c]  VMThread::inner_execute(VM_Operation*)+0x29c
V  [libjvm.dylib+0xb8ebac]  VMThread::run()+0xd0
V  [libjvm.dylib+0xaf9d74]  Thread::call_run()+0xc8
V  [libjvm.dylib+0x898aa0]  thread_native_entry(Thread*)+0x118
C  [libsystem_pthread.dylib+0x6bc8]  _pthread_start+0x88

siginfo: si_signo: 11 (SIGSEGV), si_code: 2 (SEGV_ACCERR), si_addr: 0x00001c3f17072750

Registers:
 x0=0x00006000025d6c40  x1=0x0000000208339053  x2=0x00006000036e2730  x3=0x0000000000000003
 x4=0x31076b894327779a  x5=0x00000001fcb63c90  x6=0x0000000000000064  x7=0x0000000000000000
 x8=0x00001c3f17072730  x9=0x00000002084363a1 x10=0x00006000021faac0 x11=0x0000000000000001
x12=0x00006000021faad0 x13=0x00006000021faac0 x14=0x02006000036e2735 x15=0x00006000036e2730
x16=0x00006000036e2730 x17=0x00000003940f7d38 x18=0x0000000000000000 x19=0x00006000025d6c40
x20=0x0000000208339053 x21=0x00006000036e2730 x22=0x0f007ffffffffff8 x23=0x0000000000000000
x24=0x0000000000000002 x25=0x00000001fb74f000 x26=0x0000000000000010 x27=0x000000032a9d1810
x28=0x000000000000000f  fp=0x000000031729a720  lr=0x000000018d3c1b84  sp=0x000000031729a6c0
pc=0x000000018d3c1ebc cpsr=0x0000000080001000

Register to memory mapping:

x0 =0x00006000025d6c40 points into unknown readable memory: 0x02006000036e2735 | 35 27 6e 03 00 60 00 02
x1 =0x0000000208339053 points into unknown readable memory: 72 65 6c 65 61
x2 =0x00006000036e2730 points into unknown readable memory: 0x00001c3f17072730 | 30 27 07 17 3f 1c 00 00
x3 =0x0000000000000003 is an unknown value
x4 =0x31076b894327779a is an unknown value
x5 =0x00000001fcb63c90: <offset 0x6f341c90> in /System/Library/Frameworks/CoreFoundation.framework/Versions/A/CoreFoundation at 0x000000018d822000
x6 =0x0000000000000064 is an unknown value
x7 =0x0 is null
x8 =0x00001c3f17072730 is an unknown value
x9 =0x00000002084363a1 points into unknown readable memory: 61 70 70 6c 69 63 61
x10=0x00006000021faac0 points into unknown readable memory: 0x00001c3f1676aac0 | c0 aa 76 16 3f 1c 00 00
x11=0x0000000000000001 is an unknown value
x12=0x00006000021faad0 points into unknown readable memory: 0x00000003940f7d38 | 38 7d 0f 94 03 00 00 00
x13=0x00006000021faac0 points into unknown readable memory: 0x00001c3f1676aac0 | c0 aa 76 16 3f 1c 00 00
x14=0x02006000036e2735 points into unknown readable memory: 1c 00 00
x15=0x00006000036e2730 points into unknown readable memory: 0x00001c3f17072730 | 30 27 07 17 3f 1c 00 00
x16=0x00006000036e2730 points into unknown readable memory: 0x00001c3f17072730 | 30 27 07 17 3f 1c 00 00
x17=0x00000003940f7d38: Trackspacer25AUFactory+0x90dc8 in /Library/Audio/Plug-Ins/Components/Trackspacer25.component/Contents/MacOS/Trackspacer25 at 0x0000000394054000
x18=0x0 is null
x19=0x00006000025d6c40 points into unknown readable memory: 0x02006000036e2735 | 35 27 6e 03 00 60 00 02
x20=0x0000000208339053 points into unknown readable memory: 72 65 6c 65 61
x21=0x00006000036e2730 points into unknown readable memory: 0x00001c3f17072730 | 30 27 07 17 3f 1c 00 00
x22=0x0f007ffffffffff8 is an unknown value
x23=0x0 is null
x24=0x0000000000000002 is an unknown value
x25=0x00000001fb74f000: usual+0x580 in /usr/lib/system/libsystem_c.dylib at 0x000000018d644000
x26=0x0000000000000010 is an unknown value
x27=0x000000032a9d1810 points into unknown readable memory: 0x0000000000000002 | 02 00 00 00 00 00 00 00
x28=0x000000000000000f is an unknown value
 fp=0x000000031729a720 points into unknown readable memory: 0x000000031729a800 | 00 a8 29 17 03 00 00 00
 lr=0x000000018d3c1b84: _objc_msgSend_uncached+0x44 in /usr/lib/libobjc.A.dylib at 0x000000018d3b8000
 sp=0x000000031729a6c0 points into unknown readable memory: 0x0000000000000001 | 01 00 00 00 00 00 00 00

Top of Stack: (sp=0x000000031729a6c0)
0x000000031729a6c0:   0000000000000001 00000001fcb63c90   .........<......
0x000000031729a6d0:   000000000000000f 000000032a9d1810   ...........*....
0x000000031729a6e0:   0000000000000010 00000001fb74f000   ..........t.....
0x000000031729a6f0:   0000000000000002 0000000000000000   ................
0x000000031729a700:   000000032a9d1800 000000032a9d19f0   ...*.......*....
0x000000031729a710:   0000600000def4f0 0000000394eb9990   .....`..........
0x000000031729a720:   000000031729a800 000000018d3c1b84   ..).......<.....
0x000000031729a730:   0000000000000000 0000000000000000   ................
0x000000031729a740:   bfffffffbfffffff 0000000000000000   ................
0x000000031729a750:   0706050403020100 0f0e0d0c0b0a0908   ................
0x000000031729a760:   2e2e2e2e2e2e2e2e 2e2e2e2e2e2e2e2e   ................
0x000000031729a770:   0000000000000001 0000000000000000   ................
0x000000031729a780:   41b0000000000000 0000000000000000   .......A........
0x000000031729a790:   3ff0000000000000 0000000000000000   .......?........
0x000000031729a7a0:   0000000000000000 0000000000000000   ................
0x000000031729a7b0:   00006000025d6c40 0000000208339053   @l]..`..S.3.....
0x000000031729a7c0:   0000000000039303 000000031729a680   ..........).....
0x000000031729a7d0:   31076b894327779a 00000001fcb63c90   .w'C.k.1.<......
0x000000031729a7e0:   0000000000000064 0000000000000000   d...............
0x000000031729a7f0:   0000000394eb5000 00006000036e2730   .P......0'n..`..
0x000000031729a800:   000000031729a820 00000003940f8e18    .).............
0x000000031729a810:   00000001fb74db68 0000000000000000   h.t.............
0x000000031729a820:   000000031729a890 000000018d66b944   ..).....D.f.....
0x000000031729a830:   0000000000000000 0000000000000008   ................
0x000000031729a840:   000000015d850000 000000015d7d2f48   ...]....H/}]....
0x000000031729a850:   000000015d7d2f10 000000015d850558   ./}]....X..]....
0x000000031729a860:   0000000000000000 000000012d9959f8   .........Y.-....
0x000000031729a870:   00000005303966b8 00000000000003d8   .f90............
0x000000031729a880:   0000000116aa5400 000000000000008f   .T..............
0x000000031729a890:   000000031729a8b0 000000018d66b704   ..).......f.....
0x000000031729a8a0:   0000000116aa5400 000000000000008f   .T..............
0x000000031729a8b0:   000000031729a8c0 000000015d2dfc20   ..)..... .-]....

Instructions: (pc=0x000000018d3c1ebc)
  0x000000018d3c1dbc:   1f 20 03 d5 21 01 00 37 71 35 98 52 21 1e c1 da
  0x000000018d3c1dcc:   21 f4 7e 92 30 40 00 91 11 02 40 f9 21 00 40 f9
  0x000000018d3c1ddc:   e1 47 c1 da 30 0a 1f d7 7f 23 03 d5 fd 7b bf a9
  0x000000018d3c1dec:   fd 03 00 91 ff 43 03 d1 e0 07 00 ad e2 0f 01 ad
  0x000000018d3c1dfc:   e4 17 02 ad e6 1f 03 ad e0 07 08 a9 e2 0f 09 a9
  0x000000018d3c1e0c:   e4 17 0a a9 e6 1f 0b a9 e8 63 00 f9 e0 03 01 aa
  0x000000018d3c1e1c:   fc ab 00 94 f1 03 00 aa f0 03 01 aa e0 07 40 ad
  0x000000018d3c1e2c:   e2 0f 41 ad e4 17 42 ad e6 1f 43 ad e0 07 48 a9
  0x000000018d3c1e3c:   e2 0f 49 a9 e4 17 4a a9 e6 1f 4b a9 e8 63 40 f9
  0x000000018d3c1e4c:   bf 03 00 91 fd 7b c1 a8 ff 23 03 d5 5e 00 f0 b6
  0x000000018d3c1e5c:   20 8e 38 d4 e1 03 10 aa 3f 0a 1f d6 7f 23 03 d5
  0x000000018d3c1e6c:   ff c3 01 d1 fc 6f 01 a9 fa 67 02 a9 f8 5f 03 a9
  0x000000018d3c1e7c:   f6 57 04 a9 f4 4f 05 a9 fd 7b 06 a9 fd 83 01 91
  0x000000018d3c1e8c:   f5 03 02 aa f4 03 01 aa f3 03 00 aa f6 af 7d b2
  0x000000018d3c1e9c:   16 e0 e1 f2 48 10 40 f9 e8 47 c1 da 08 01 16 8a
  0x000000018d3c1eac:   08 01 40 b9 e8 00 00 37 a8 02 40 f9 08 ad 7d 92
=>0x000000018d3c1ebc:   08 11 40 f9 e8 47 c1 da 08 01 16 8a 08 01 40 b9
  0x000000018d3c1ecc:   09 00 80 52 6a 00 1d 32 1f 01 03 72 7a 10 8a 1a
  0x000000018d3c1edc:   7c d0 3b d5 88 1b 40 b9 9b eb 35 d0 7b 03 14 91
  0x000000018d3c1eec:   68 7f e9 88 3f 01 00 71 a0 00 00 54 80 eb 35 d0
  0x000000018d3c1efc:   00 00 14 91 a1 00 a0 52 2b e4 00 94 a8 02 40 f9
  0x000000018d3c1f0c:   08 05 00 d1 1f 3d 00 f1 03 11 00 54 a8 82 00 91
  0x000000018d3c1f1c:   09 01 40 f9 a9 10 f8 b6 10 01 40 f9 f1 03 08 aa
  0x000000018d3c1f2c:   51 27 f9 f2 30 1e c1 da f1 03 10 aa f1 47 c1 da
  0x000000018d3c1f3c:   1f 02 11 eb 40 00 00 54 60 8e 38 d4 08 02 16 8a
  0x000000018d3c1f4c:   08 09 40 79 29 1c 37 90 29 c9 4f b9 3f 01 08 6b
  0x000000018d3c1f5c:   c9 0e 00 54 29 1c 37 90 29 e1 47 f9 28 11 08 8b
  0x000000018d3c1f6c:   08 25 40 a9 1f 01 15 eb 20 91 55 fa e9 0d 00 54
  0x000000018d3c1f7c:   42 03 00 12 e0 03 13 aa e1 03 15 aa cf 71 00 94
  0x000000018d3c1f8c:   f5 03 00 aa 10 00 00 90 10 82 27 91 f0 23 c1 da
  0x000000018d3c1f9c:   e0 01 00 b4 a8 02 40 f9 10 00 00 90 10 82 27 91
  0x000000018d3c1fac:   f0 23 c1 da 1f ad 7d f2 80 01 00 54 28 1c 37 90


Stack slot to memory mapping:

stack at sp + 0 slots: 0x0000000000000001 is an unknown value
stack at sp + 1 slots: 0x00000001fcb63c90: <offset 0x6f341c90> in /System/Library/Frameworks/CoreFoundation.framework/Versions/A/CoreFoundation at 0x000000018d822000
stack at sp + 2 slots: 0x000000000000000f is an unknown value
stack at sp + 3 slots: 0x000000032a9d1810 points into unknown readable memory: 0x0000000000000002 | 02 00 00 00 00 00 00 00
stack at sp + 4 slots: 0x0000000000000010 is an unknown value
stack at sp + 5 slots: 0x00000001fb74f000: usual+0x580 in /usr/lib/system/libsystem_c.dylib at 0x000000018d644000
stack at sp + 6 slots: 0x0000000000000002 is an unknown value
stack at sp + 7 slots: 0x0 is null

VM_Operation (0x00000005303966b8): Exit, mode: safepoint, requested by thread 0x000000042cf83a00


---------------  P R O C E S S  ---------------

Threads class SMR info:
_java_thread_list=0x00006000062deb80, length=16, elements={
0x00000001598ce200, 0x000000012d4da200, 0x000000012d177200, 0x000000012d463000,
0x00000001164da200, 0x0000000116674000, 0x000000012d2ee000, 0x000000012d080000,
0x00000001599e9e00, 0x000000012d5bfc00, 0x00000001174eac00, 0x000000012f056000,
0x000000012d041000, 0x000000012d029600, 0x000000032bbc4c00, 0x000000042cf83a00
}

Java Threads: ( => current thread )
  0x00000001598ce200 JavaThread "main"                              [_thread_in_native, id=259, stack(0x000000016eb1c000,0x000000016f318000) (8176K)]
  0x000000012d4da200 JavaThread "Reference Handler"          daemon [_thread_blocked, id=205571, stack(0x00000003172a4000,0x00000003174a7000) (2060K)]
  0x000000012d177200 JavaThread "Finalizer"                  daemon [_thread_blocked, id=231427, stack(0x00000003174b0000,0x00000003176b3000) (2060K)]
  0x000000012d463000 JavaThread "Service Thread"             daemon [_thread_blocked, id=230659, stack(0x00000003178c8000,0x0000000317acb000) (2060K)]
  0x00000001164da200 JavaThread "Monitor Deflation Thread"   daemon [_thread_blocked, id=206339, stack(0x0000000317ad4000,0x0000000317cd7000) (2060K)]
  0x0000000116674000 JavaThread "C2 CompilerThread0"         daemon [_thread_blocked, id=206851, stack(0x0000000317ce0000,0x0000000317ee3000) (2060K)]
  0x000000012d2ee000 JavaThread "C1 CompilerThread0"         daemon [_thread_blocked, id=207363, stack(0x000000031c004000,0x000000031c207000) (2060K)]
  0x000000012d080000 JavaThread "Notification Thread"        daemon [_thread_blocked, id=229891, stack(0x000000031c210000,0x000000031c413000) (2060K)]
  0x00000001599e9e00 JavaThread "Common-Cleaner"             daemon [_thread_blocked, id=229379, stack(0x000000031c41c000,0x000000031c61f000) (2060K)]
  0x000000012d5bfc00 JavaThread "TimerQueue"                 daemon [_thread_blocked, id=59403, stack(0x000000031f568000,0x000000031f76b000) (2060K)]
  0x00000001174eac00 JavaThread "AWT-Shutdown"                      [_thread_blocked, id=208143, stack(0x000000031c628000,0x000000031c82b000) (2060K)]
  0x000000012f056000 JavaThread "AWT-EventQueue-0"                  [_thread_blocked, id=208395, stack(0x000000031c9d8000,0x000000031cbdb000) (2060K)]
  0x000000012d041000 JavaThread "Java2D Queue Flusher"       daemon [_thread_blocked, id=196887, stack(0x000000031f774000,0x000000031f977000) (2060K)]
  0x000000012d029600 JavaThread "Java2D Disposer"            daemon [_thread_blocked, id=190991, stack(0x000000031f980000,0x000000031fb83000) (2060K)]
  0x000000032bbc4c00 JavaThread "pool-2-thread-1"                   [_thread_blocked, id=48655, stack(0x000000036fa44000,0x000000036fc47000) (2060K)]
  0x000000042cf83a00 JavaThread "SIGTERM handler"            daemon [_thread_blocked, id=14343, stack(0x0000000530194000,0x0000000530397000) (2060K)]
Total: 16

Other Threads:
=>0x0000000116aa5400 VMThread "VM Thread"                           [id=234243, stack(0x0000000317098000,0x000000031729b000) (2060K)]
  0x000000012e072000 WorkerThread "GC Thread#0"                     [id=237059, stack(0x000000016fd38000,0x000000016ff3b000) (2060K)]
  0x000000032baab400 WorkerThread "GC Thread#1"                     [id=211535, stack(0x0000000328804000,0x0000000328a07000) (2060K)]
  0x000000032bbd4200 WorkerThread "GC Thread#2"                     [id=269235, stack(0x0000000328a10000,0x0000000328c13000) (2060K)]
  0x000000012d4aee00 WorkerThread "GC Thread#3"                     [id=263451, stack(0x0000000328c1c000,0x0000000328e1f000) (2060K)]
  0x000000012e06b200 WorkerThread "GC Thread#4"                     [id=176175, stack(0x0000000329a1c000,0x0000000329c1f000) (2060K)]
  0x000000032b950600 WorkerThread "GC Thread#5"                     [id=346139, stack(0x0000000370024000,0x0000000370227000) (2060K)]
  0x000000032bd08800 WorkerThread "GC Thread#6"                     [id=345651, stack(0x0000000370914000,0x0000000370b17000) (2060K)]
  0x000000032b93ce00 WorkerThread "GC Thread#7"                     [id=345223, stack(0x0000000372b20000,0x0000000372d23000) (2060K)]
  0x00000001598cd200 ConcurrentGCThread "G1 Main Marker"            terminated
  0x0000000159928600 WorkerThread "G1 Conc#0"                       [id=201731, stack(0x0000000316868000,0x0000000316a6b000) (2060K)]
  0x0000000159958c00 ConcurrentGCThread "G1 Refine#0"               terminated
  0x0000000159959200 ConcurrentGCThread "G1 Service"                terminated
Total: 13

Threads with active compile tasks:
Total: 0

VM state: at safepoint (shutting down)

VM Mutex/Monitor currently owned by a thread:  ([mutex/lock_event])
[0x000000015d8e28c0] Threads_lock - owner thread: 0x0000000116aa5400
[0x000000015d8e2a40] Heap_lock - owner thread: 0x000000042cf83a00

Heap address: 0x0000000700000000, size: 4096 MB, Compressed Oops mode: Zero based, Oop shift amount: 3

CDS archive(s) not mapped
Compressed class space mapped at: 0x0000007000000000-0x0000007040000000, reserved size: 1073741824
UseCompressedClassPointers 1, UseCompactObjectHeaders 0
Narrow klass pointer bits 32, Max shift 3
Narrow klass base: 0x0000007000000000, Narrow klass shift: 0
Encoding Range: [0x0000007000000000 - 0x0000007100000000), (4294967296 bytes)
Klass Range:    [0x0000007000000000 - 0x0000007040000000), (1073741824 bytes)
Klass ID Range:  [8 - 1073741817) (1073741809)
Protection zone: [0x0000007000000000 - 0x0000007000010000), (65536 bytes)

GC Precious Log:
 CardTable entry size: 512
 Card Set container configuration: InlinePtr #cards 4 size 8 Array Of Cards #cards 16 size 48 Howl #buckets 8 coarsen threshold 3686 Howl Bitmap #cards 512 size 80 coarsen threshold 460 Card regions per heap region 1 cards per card region 4096
 CPUs: 8 total, 8 available
 Memory: 16384M
 Large Page Support: Disabled
 NUMA Support: Disabled
 Compressed Oops: Enabled (Zero based)
 Heap Region Size: 2M
 Heap Min Capacity: 8M
 Heap Initial Capacity: 256M
 Heap Max Capacity: 4G
 Pre-touch: Disabled
 Parallel Workers: 8
 Concurrent Workers: 2
 Concurrent Refinement Workers: 8
 Periodic GC: Disabled

Heap:
 garbage-first heap   total reserved 4194304K, committed 262144K, used 74800K [0x0000000700000000, 0x0000000800000000)
  region size 2048K, 37 young (75776K), 3 survivors (6144K)

Heap Regions: E=young(eden), S=young(survivor), O=old, HS=humongous(starts), HC=humongous(continues), CS=collection set, F=free, TAMS=top-at-mark-start, PB=parsable bottom
|   0|0x0000000700000000, 0x0000000700200000, 0x0000000700200000|100%| O|  |TAMS 0x0000000700000000| PB 0x0000000700000000| Untracked |  0
|   1|0x0000000700200000, 0x000000070030c000, 0x0000000700400000| 52%| O|  |TAMS 0x0000000700200000| PB 0x0000000700200000| Untracked |  0
|   2|0x0000000700400000, 0x0000000700400000, 0x0000000700600000|  0%| F|  |TAMS 0x0000000700400000| PB 0x0000000700400000| Untracked |  0
|   3|0x0000000700600000, 0x0000000700600000, 0x0000000700800000|  0%| F|  |TAMS 0x0000000700600000| PB 0x0000000700600000| Untracked |  0
|   4|0x0000000700800000, 0x0000000700800000, 0x0000000700a00000|  0%| F|  |TAMS 0x0000000700800000| PB 0x0000000700800000| Untracked |  0
|   5|0x0000000700a00000, 0x0000000700a00000, 0x0000000700c00000|  0%| F|  |TAMS 0x0000000700a00000| PB 0x0000000700a00000| Untracked |  0
|   6|0x0000000700c00000, 0x0000000700c00000, 0x0000000700e00000|  0%| F|  |TAMS 0x0000000700c00000| PB 0x0000000700c00000| Untracked |  0
|   7|0x0000000700e00000, 0x0000000700e00000, 0x0000000701000000|  0%| F|  |TAMS 0x0000000700e00000| PB 0x0000000700e00000| Untracked |  0
|   8|0x0000000701000000, 0x0000000701000000, 0x0000000701200000|  0%| F|  |TAMS 0x0000000701000000| PB 0x0000000701000000| Untracked |  0
|   9|0x0000000701200000, 0x0000000701200000, 0x0000000701400000|  0%| F|  |TAMS 0x0000000701200000| PB 0x0000000701200000| Untracked |  0
|  10|0x0000000701400000, 0x0000000701400000, 0x0000000701600000|  0%| F|  |TAMS 0x0000000701400000| PB 0x0000000701400000| Untracked |  0
|  11|0x0000000701600000, 0x0000000701600000, 0x0000000701800000|  0%| F|  |TAMS 0x0000000701600000| PB 0x0000000701600000| Untracked |  0
|  12|0x0000000701800000, 0x0000000701800000, 0x0000000701a00000|  0%| F|  |TAMS 0x0000000701800000| PB 0x0000000701800000| Untracked |  0
|  13|0x0000000701a00000, 0x0000000701a00000, 0x0000000701c00000|  0%| F|  |TAMS 0x0000000701a00000| PB 0x0000000701a00000| Untracked |  0
|  14|0x0000000701c00000, 0x0000000701c00000, 0x0000000701e00000|  0%| F|  |TAMS 0x0000000701c00000| PB 0x0000000701c00000| Untracked |  0
|  15|0x0000000701e00000, 0x0000000701e00000, 0x0000000702000000|  0%| F|  |TAMS 0x0000000701e00000| PB 0x0000000701e00000| Untracked |  0
|  16|0x0000000702000000, 0x0000000702000000, 0x0000000702200000|  0%| F|  |TAMS 0x0000000702000000| PB 0x0000000702000000| Untracked |  0
|  17|0x0000000702200000, 0x0000000702200000, 0x0000000702400000|  0%| F|  |TAMS 0x0000000702200000| PB 0x0000000702200000| Untracked |  0
|  18|0x0000000702400000, 0x0000000702400000, 0x0000000702600000|  0%| F|  |TAMS 0x0000000702400000| PB 0x0000000702400000| Untracked |  0
|  19|0x0000000702600000, 0x0000000702600000, 0x0000000702800000|  0%| F|  |TAMS 0x0000000702600000| PB 0x0000000702600000| Untracked |  0
|  20|0x0000000702800000, 0x0000000702800000, 0x0000000702a00000|  0%| F|  |TAMS 0x0000000702800000| PB 0x0000000702800000| Untracked |  0
|  21|0x0000000702a00000, 0x0000000702a00000, 0x0000000702c00000|  0%| F|  |TAMS 0x0000000702a00000| PB 0x0000000702a00000| Untracked |  0
|  22|0x0000000702c00000, 0x0000000702c00000, 0x0000000702e00000|  0%| F|  |TAMS 0x0000000702c00000| PB 0x0000000702c00000| Untracked |  0
|  23|0x0000000702e00000, 0x0000000702e00000, 0x0000000703000000|  0%| F|  |TAMS 0x0000000702e00000| PB 0x0000000702e00000| Untracked |  0
|  24|0x0000000703000000, 0x0000000703000000, 0x0000000703200000|  0%| F|  |TAMS 0x0000000703000000| PB 0x0000000703000000| Untracked |  0
|  25|0x0000000703200000, 0x0000000703200000, 0x0000000703400000|  0%| F|  |TAMS 0x0000000703200000| PB 0x0000000703200000| Untracked |  0
|  26|0x0000000703400000, 0x0000000703400000, 0x0000000703600000|  0%| F|  |TAMS 0x0000000703400000| PB 0x0000000703400000| Untracked |  0
|  27|0x0000000703600000, 0x0000000703600000, 0x0000000703800000|  0%| F|  |TAMS 0x0000000703600000| PB 0x0000000703600000| Untracked |  0
|  28|0x0000000703800000, 0x0000000703800000, 0x0000000703a00000|  0%| F|  |TAMS 0x0000000703800000| PB 0x0000000703800000| Untracked |  0
|  29|0x0000000703a00000, 0x0000000703a00000, 0x0000000703c00000|  0%| F|  |TAMS 0x0000000703a00000| PB 0x0000000703a00000| Untracked |  0
|  30|0x0000000703c00000, 0x0000000703c00000, 0x0000000703e00000|  0%| F|  |TAMS 0x0000000703c00000| PB 0x0000000703c00000| Untracked |  0
|  31|0x0000000703e00000, 0x0000000703e00000, 0x0000000704000000|  0%| F|  |TAMS 0x0000000703e00000| PB 0x0000000703e00000| Untracked |  0
|  32|0x0000000704000000, 0x0000000704000000, 0x0000000704200000|  0%| F|  |TAMS 0x0000000704000000| PB 0x0000000704000000| Untracked |  0
|  33|0x0000000704200000, 0x0000000704200000, 0x0000000704400000|  0%| F|  |TAMS 0x0000000704200000| PB 0x0000000704200000| Untracked |  0
|  34|0x0000000704400000, 0x0000000704400000, 0x0000000704600000|  0%| F|  |TAMS 0x0000000704400000| PB 0x0000000704400000| Untracked |  0
|  35|0x0000000704600000, 0x0000000704600000, 0x0000000704800000|  0%| F|  |TAMS 0x0000000704600000| PB 0x0000000704600000| Untracked |  0
|  36|0x0000000704800000, 0x0000000704800000, 0x0000000704a00000|  0%| F|  |TAMS 0x0000000704800000| PB 0x0000000704800000| Untracked |  0
|  37|0x0000000704a00000, 0x0000000704a00000, 0x0000000704c00000|  0%| F|  |TAMS 0x0000000704a00000| PB 0x0000000704a00000| Untracked |  0
|  38|0x0000000704c00000, 0x0000000704c00000, 0x0000000704e00000|  0%| F|  |TAMS 0x0000000704c00000| PB 0x0000000704c00000| Untracked |  0
|  39|0x0000000704e00000, 0x0000000704e00000, 0x0000000705000000|  0%| F|  |TAMS 0x0000000704e00000| PB 0x0000000704e00000| Untracked |  0
|  40|0x0000000705000000, 0x0000000705000000, 0x0000000705200000|  0%| F|  |TAMS 0x0000000705000000| PB 0x0000000705000000| Untracked |  0
|  41|0x0000000705200000, 0x0000000705200000, 0x0000000705400000|  0%| F|  |TAMS 0x0000000705200000| PB 0x0000000705200000| Untracked |  0
|  42|0x0000000705400000, 0x0000000705400000, 0x0000000705600000|  0%| F|  |TAMS 0x0000000705400000| PB 0x0000000705400000| Untracked |  0
|  43|0x0000000705600000, 0x0000000705600000, 0x0000000705800000|  0%| F|  |TAMS 0x0000000705600000| PB 0x0000000705600000| Untracked |  0
|  44|0x0000000705800000, 0x0000000705800000, 0x0000000705a00000|  0%| F|  |TAMS 0x0000000705800000| PB 0x0000000705800000| Untracked |  0
|  45|0x0000000705a00000, 0x0000000705a00000, 0x0000000705c00000|  0%| F|  |TAMS 0x0000000705a00000| PB 0x0000000705a00000| Untracked |  0
|  46|0x0000000705c00000, 0x0000000705c00000, 0x0000000705e00000|  0%| F|  |TAMS 0x0000000705c00000| PB 0x0000000705c00000| Untracked |  0
|  47|0x0000000705e00000, 0x0000000705e00000, 0x0000000706000000|  0%| F|  |TAMS 0x0000000705e00000| PB 0x0000000705e00000| Untracked |  0
|  48|0x0000000706000000, 0x0000000706000000, 0x0000000706200000|  0%| F|  |TAMS 0x0000000706000000| PB 0x0000000706000000| Untracked |  0
|  49|0x0000000706200000, 0x0000000706200000, 0x0000000706400000|  0%| F|  |TAMS 0x0000000706200000| PB 0x0000000706200000| Untracked |  0
|  50|0x0000000706400000, 0x0000000706400000, 0x0000000706600000|  0%| F|  |TAMS 0x0000000706400000| PB 0x0000000706400000| Untracked |  0
|  51|0x0000000706600000, 0x0000000706600000, 0x0000000706800000|  0%| F|  |TAMS 0x0000000706600000| PB 0x0000000706600000| Untracked |  0
|  52|0x0000000706800000, 0x0000000706800000, 0x0000000706a00000|  0%| F|  |TAMS 0x0000000706800000| PB 0x0000000706800000| Untracked |  0
|  53|0x0000000706a00000, 0x0000000706a00000, 0x0000000706c00000|  0%| F|  |TAMS 0x0000000706a00000| PB 0x0000000706a00000| Untracked |  0
|  54|0x0000000706c00000, 0x0000000706c00000, 0x0000000706e00000|  0%| F|  |TAMS 0x0000000706c00000| PB 0x0000000706c00000| Untracked |  0
|  55|0x0000000706e00000, 0x0000000706e00000, 0x0000000707000000|  0%| F|  |TAMS 0x0000000706e00000| PB 0x0000000706e00000| Untracked |  0
|  56|0x0000000707000000, 0x0000000707000000, 0x0000000707200000|  0%| F|  |TAMS 0x0000000707000000| PB 0x0000000707000000| Untracked |  0
|  57|0x0000000707200000, 0x0000000707200000, 0x0000000707400000|  0%| F|  |TAMS 0x0000000707200000| PB 0x0000000707200000| Untracked |  0
|  58|0x0000000707400000, 0x0000000707400000, 0x0000000707600000|  0%| F|  |TAMS 0x0000000707400000| PB 0x0000000707400000| Untracked |  0
|  59|0x0000000707600000, 0x0000000707600000, 0x0000000707800000|  0%| F|  |TAMS 0x0000000707600000| PB 0x0000000707600000| Untracked |  0
|  60|0x0000000707800000, 0x0000000707800000, 0x0000000707a00000|  0%| F|  |TAMS 0x0000000707800000| PB 0x0000000707800000| Untracked |  0
|  61|0x0000000707a00000, 0x0000000707a00000, 0x0000000707c00000|  0%| F|  |TAMS 0x0000000707a00000| PB 0x0000000707a00000| Untracked |  0
|  62|0x0000000707c00000, 0x0000000707c00000, 0x0000000707e00000|  0%| F|  |TAMS 0x0000000707c00000| PB 0x0000000707c00000| Untracked |  0
|  63|0x0000000707e00000, 0x0000000707e00000, 0x0000000708000000|  0%| F|  |TAMS 0x0000000707e00000| PB 0x0000000707e00000| Untracked |  0
|  64|0x0000000708000000, 0x0000000708000000, 0x0000000708200000|  0%| F|  |TAMS 0x0000000708000000| PB 0x0000000708000000| Untracked |  0
|  65|0x0000000708200000, 0x0000000708200000, 0x0000000708400000|  0%| F|  |TAMS 0x0000000708200000| PB 0x0000000708200000| Untracked |  0
|  66|0x0000000708400000, 0x0000000708400000, 0x0000000708600000|  0%| F|  |TAMS 0x0000000708400000| PB 0x0000000708400000| Untracked |  0
|  67|0x0000000708600000, 0x0000000708600000, 0x0000000708800000|  0%| F|  |TAMS 0x0000000708600000| PB 0x0000000708600000| Untracked |  0
|  68|0x0000000708800000, 0x0000000708800000, 0x0000000708a00000|  0%| F|  |TAMS 0x0000000708800000| PB 0x0000000708800000| Untracked |  0
|  69|0x0000000708a00000, 0x0000000708a00000, 0x0000000708c00000|  0%| F|  |TAMS 0x0000000708a00000| PB 0x0000000708a00000| Untracked |  0
|  70|0x0000000708c00000, 0x0000000708c00000, 0x0000000708e00000|  0%| F|  |TAMS 0x0000000708c00000| PB 0x0000000708c00000| Untracked |  0
|  71|0x0000000708e00000, 0x0000000708e00000, 0x0000000709000000|  0%| F|  |TAMS 0x0000000708e00000| PB 0x0000000708e00000| Untracked |  0
|  72|0x0000000709000000, 0x0000000709000000, 0x0000000709200000|  0%| F|  |TAMS 0x0000000709000000| PB 0x0000000709000000| Untracked |  0
|  73|0x0000000709200000, 0x0000000709200000, 0x0000000709400000|  0%| F|  |TAMS 0x0000000709200000| PB 0x0000000709200000| Untracked |  0
|  74|0x0000000709400000, 0x0000000709400000, 0x0000000709600000|  0%| F|  |TAMS 0x0000000709400000| PB 0x0000000709400000| Untracked |  0
|  75|0x0000000709600000, 0x0000000709600000, 0x0000000709800000|  0%| F|  |TAMS 0x0000000709600000| PB 0x0000000709600000| Untracked |  0
|  76|0x0000000709800000, 0x0000000709800000, 0x0000000709a00000|  0%| F|  |TAMS 0x0000000709800000| PB 0x0000000709800000| Untracked |  0
|  77|0x0000000709a00000, 0x0000000709a00000, 0x0000000709c00000|  0%| F|  |TAMS 0x0000000709a00000| PB 0x0000000709a00000| Untracked |  0
|  78|0x0000000709c00000, 0x0000000709c00000, 0x0000000709e00000|  0%| F|  |TAMS 0x0000000709c00000| PB 0x0000000709c00000| Untracked |  0
|  79|0x0000000709e00000, 0x0000000709e00000, 0x000000070a000000|  0%| F|  |TAMS 0x0000000709e00000| PB 0x0000000709e00000| Untracked |  0
|  80|0x000000070a000000, 0x000000070a000000, 0x000000070a200000|  0%| F|  |TAMS 0x000000070a000000| PB 0x000000070a000000| Untracked |  0
|  81|0x000000070a200000, 0x000000070a200000, 0x000000070a400000|  0%| F|  |TAMS 0x000000070a200000| PB 0x000000070a200000| Untracked |  0
|  82|0x000000070a400000, 0x000000070a400000, 0x000000070a600000|  0%| F|  |TAMS 0x000000070a400000| PB 0x000000070a400000| Untracked |  0
|  83|0x000000070a600000, 0x000000070a600000, 0x000000070a800000|  0%| F|  |TAMS 0x000000070a600000| PB 0x000000070a600000| Untracked |  0
|  84|0x000000070a800000, 0x000000070a800000, 0x000000070aa00000|  0%| F|  |TAMS 0x000000070a800000| PB 0x000000070a800000| Untracked |  0
|  85|0x000000070aa00000, 0x000000070aa00000, 0x000000070ac00000|  0%| F|  |TAMS 0x000000070aa00000| PB 0x000000070aa00000| Untracked |  0
|  86|0x000000070ac00000, 0x000000070ac00000, 0x000000070ae00000|  0%| F|  |TAMS 0x000000070ac00000| PB 0x000000070ac00000| Untracked |  0
|  87|0x000000070ae00000, 0x000000070ae00000, 0x000000070b000000|  0%| F|  |TAMS 0x000000070ae00000| PB 0x000000070ae00000| Untracked |  0
|  88|0x000000070b000000, 0x000000070b000000, 0x000000070b200000|  0%| F|  |TAMS 0x000000070b000000| PB 0x000000070b000000| Untracked |  0
|  89|0x000000070b200000, 0x000000070b200000, 0x000000070b400000|  0%| F|  |TAMS 0x000000070b200000| PB 0x000000070b200000| Untracked |  0
|  90|0x000000070b400000, 0x000000070b400000, 0x000000070b600000|  0%| F|  |TAMS 0x000000070b400000| PB 0x000000070b400000| Untracked |  0
|  91|0x000000070b600000, 0x000000070b668740, 0x000000070b800000| 20%| E|  |TAMS 0x000000070b600000| PB 0x000000070b600000| Complete |  0
|  92|0x000000070b800000, 0x000000070ba00000, 0x000000070ba00000|100%| E|CS|TAMS 0x000000070b800000| PB 0x000000070b800000| Complete |  0
|  93|0x000000070ba00000, 0x000000070bc00000, 0x000000070bc00000|100%| E|CS|TAMS 0x000000070ba00000| PB 0x000000070ba00000| Complete |  0
|  94|0x000000070bc00000, 0x000000070be00000, 0x000000070be00000|100%| E|CS|TAMS 0x000000070bc00000| PB 0x000000070bc00000| Complete |  0
|  95|0x000000070be00000, 0x000000070c000000, 0x000000070c000000|100%| E|CS|TAMS 0x000000070be00000| PB 0x000000070be00000| Complete |  0
|  96|0x000000070c000000, 0x000000070c200000, 0x000000070c200000|100%| E|  |TAMS 0x000000070c000000| PB 0x000000070c000000| Complete |  0
|  97|0x000000070c200000, 0x000000070c400000, 0x000000070c400000|100%| E|CS|TAMS 0x000000070c200000| PB 0x000000070c200000| Complete |  0
|  98|0x000000070c400000, 0x000000070c600000, 0x000000070c600000|100%| E|CS|TAMS 0x000000070c400000| PB 0x000000070c400000| Complete |  0
|  99|0x000000070c600000, 0x000000070c800000, 0x000000070c800000|100%| E|CS|TAMS 0x000000070c600000| PB 0x000000070c600000| Complete |  0
| 100|0x000000070c800000, 0x000000070ca00000, 0x000000070ca00000|100%| E|CS|TAMS 0x000000070c800000| PB 0x000000070c800000| Complete |  0
| 101|0x000000070ca00000, 0x000000070cc00000, 0x000000070cc00000|100%| S|CS|TAMS 0x000000070ca00000| PB 0x000000070ca00000| Complete |  0
| 102|0x000000070cc00000, 0x000000070ce00000, 0x000000070ce00000|100%| S|CS|TAMS 0x000000070cc00000| PB 0x000000070cc00000| Complete |  0
| 103|0x000000070ce00000, 0x000000070d000000, 0x000000070d000000|100%| S|CS|TAMS 0x000000070ce00000| PB 0x000000070ce00000| Complete |  0
| 104|0x000000070d000000, 0x000000070d200000, 0x000000070d200000|100%| E|CS|TAMS 0x000000070d000000| PB 0x000000070d000000| Complete |  0
| 105|0x000000070d200000, 0x000000070d400000, 0x000000070d400000|100%| E|CS|TAMS 0x000000070d200000| PB 0x000000070d200000| Complete |  0
| 106|0x000000070d400000, 0x000000070d600000, 0x000000070d600000|100%| E|CS|TAMS 0x000000070d400000| PB 0x000000070d400000| Complete |  0
| 107|0x000000070d600000, 0x000000070d800000, 0x000000070d800000|100%| E|CS|TAMS 0x000000070d600000| PB 0x000000070d600000| Complete |  0
| 108|0x000000070d800000, 0x000000070da00000, 0x000000070da00000|100%| E|CS|TAMS 0x000000070d800000| PB 0x000000070d800000| Complete |  0
| 109|0x000000070da00000, 0x000000070dc00000, 0x000000070dc00000|100%| E|CS|TAMS 0x000000070da00000| PB 0x000000070da00000| Complete |  0
| 110|0x000000070dc00000, 0x000000070de00000, 0x000000070de00000|100%| E|CS|TAMS 0x000000070dc00000| PB 0x000000070dc00000| Complete |  0
| 111|0x000000070de00000, 0x000000070e000000, 0x000000070e000000|100%| E|CS|TAMS 0x000000070de00000| PB 0x000000070de00000| Complete |  0
| 112|0x000000070e000000, 0x000000070e200000, 0x000000070e200000|100%| E|CS|TAMS 0x000000070e000000| PB 0x000000070e000000| Complete |  0
| 113|0x000000070e200000, 0x000000070e400000, 0x000000070e400000|100%| E|CS|TAMS 0x000000070e200000| PB 0x000000070e200000| Complete |  0
| 114|0x000000070e400000, 0x000000070e600000, 0x000000070e600000|100%| E|CS|TAMS 0x000000070e400000| PB 0x000000070e400000| Complete |  0
| 115|0x000000070e600000, 0x000000070e800000, 0x000000070e800000|100%| E|CS|TAMS 0x000000070e600000| PB 0x000000070e600000| Complete |  0
| 116|0x000000070e800000, 0x000000070ea00000, 0x000000070ea00000|100%| E|CS|TAMS 0x000000070e800000| PB 0x000000070e800000| Complete |  0
| 117|0x000000070ea00000, 0x000000070ec00000, 0x000000070ec00000|100%| E|CS|TAMS 0x000000070ea00000| PB 0x000000070ea00000| Complete |  0
| 118|0x000000070ec00000, 0x000000070ee00000, 0x000000070ee00000|100%| E|CS|TAMS 0x000000070ec00000| PB 0x000000070ec00000| Complete |  0
| 119|0x000000070ee00000, 0x000000070f000000, 0x000000070f000000|100%| E|CS|TAMS 0x000000070ee00000| PB 0x000000070ee00000| Complete |  0
| 120|0x000000070f000000, 0x000000070f200000, 0x000000070f200000|100%| E|CS|TAMS 0x000000070f000000| PB 0x000000070f000000| Complete |  0
| 121|0x000000070f200000, 0x000000070f400000, 0x000000070f400000|100%| E|CS|TAMS 0x000000070f200000| PB 0x000000070f200000| Complete |  0
| 122|0x000000070f400000, 0x000000070f600000, 0x000000070f600000|100%| E|CS|TAMS 0x000000070f400000| PB 0x000000070f400000| Complete |  0
| 123|0x000000070f600000, 0x000000070f800000, 0x000000070f800000|100%| E|CS|TAMS 0x000000070f600000| PB 0x000000070f600000| Complete |  0
| 124|0x000000070f800000, 0x000000070fa00000, 0x000000070fa00000|100%| E|CS|TAMS 0x000000070f800000| PB 0x000000070f800000| Complete |  0
| 125|0x000000070fa00000, 0x000000070fc00000, 0x000000070fc00000|100%| E|CS|TAMS 0x000000070fa00000| PB 0x000000070fa00000| Complete |  0
| 126|0x000000070fc00000, 0x000000070fe00000, 0x000000070fe00000|100%| E|CS|TAMS 0x000000070fc00000| PB 0x000000070fc00000| Complete |  0
| 127|0x000000070fe00000, 0x0000000710000000, 0x0000000710000000|100%| E|CS|TAMS 0x000000070fe00000| PB 0x000000070fe00000| Complete |  0

Card table byte_map: [0x000000015bfb8000,0x000000015c7b8000] _byte_map_base: 0x00000001587b8000

Marking Bits: (CMBitMap*) 0x00000001598c6e10
 Bits: [0x0000000312658000, 0x0000000316658000)

Polling page: 0x00000001118cc000

Metaspace:
Metaspace        used 20406K, committed 20672K, reserved 1114112K
 class space     used 2388K, committed 2496K, reserved 1048576K

Usage:
  Non-class:     17.60 MB used.
      Class:      2.33 MB used.
       Both:     19.93 MB used.

Virtual space:
  Non-class space:       64.00 MB reserved,      17.75 MB ( 28%) committed,  1 nodes.
      Class space:        1.00 GB reserved,       2.44 MB ( <1%) committed,  1 nodes.
             Both:        1.06 GB reserved,      20.19 MB (  2%) committed. 

Chunk freelists:
   Non-Class:  14.17 MB
       Class:  13.56 MB
        Both:  27.73 MB

MaxMetaspaceSize: unlimited
CompressedClassSpaceSize: 1.00 GB
Initial GC threshold: 21.00 MB
Current GC threshold: 21.00 MB
CDS: off
 - commit_granule_bytes: 65536.
 - commit_granule_words: 8192.
 - virtual_space_node_default_size: 8388608.
 - enlarge_chunks_in_place: 1.
UseCompressedClassPointers 1, UseCompactObjectHeaders 0
Narrow klass pointer bits 32, Max shift 3
Narrow klass base: 0x0000007000000000, Narrow klass shift: 0
Encoding Range: [0x0000007000000000 - 0x0000007100000000), (4294967296 bytes)
Klass Range:    [0x0000007000000000 - 0x0000007040000000), (1073741824 bytes)
Klass ID Range:  [8 - 1073741817) (1073741809)
Protection zone: [0x0000007000000000 - 0x0000007000010000), (65536 bytes)


Internal statistics:

num_allocs_failed_limit: 0.
num_arena_births: 174.
num_arena_deaths: 0.
num_vsnodes_births: 2.
num_vsnodes_deaths: 0.
num_space_committed: 323.
num_space_uncommitted: 0.
num_chunks_returned_to_freelist: 0.
num_chunks_taken_from_freelist: 307.
num_chunk_merges: 0.
num_chunk_splits: 175.
num_chunks_enlarged: 107.
num_inconsistent_stats: 0.

CodeHeap 'non-profiled nmethods': size=120032Kb used=691Kb max_used=691Kb free=119340Kb
 bounds [0x000000030b120000, 0x000000030b390000, 0x0000000312658000]
CodeHeap 'profiled nmethods': size=120032Kb used=2876Kb max_used=2876Kb free=117155Kb
 bounds [0x0000000303654000, 0x0000000303924000, 0x000000030ab8c000]
CodeHeap 'non-nmethods': size=5712Kb used=1502Kb max_used=1568Kb free=4209Kb
 bounds [0x000000030ab8c000, 0x000000030adfc000, 0x000000030b120000]
CodeCache: size=245776Kb, used=5069Kb, max_used=5135Kb, free=240704Kb
 total_blobs=2928, nmethods=2184, adapters=652, full_count=0
Compilation: enabled, stopped_count=0, restarted_count=0

Compilation events (20 events):
Event: 514.860 Thread 0x000000012d2ee000 2182       3       java.util.concurrent.ScheduledThreadPoolExecutor$DelayedWorkQueue::take (5 bytes)
Event: 514.869 Thread 0x000000012d2ee000 nmethod 2182 0x0000000303920d88 code [0x0000000303920e80, 0x0000000303920ff8]
Event: 515.853 Thread 0x000000012d2ee000 2183       3       de.mossgrabers.reaper.framework.daw.NotificationWindow$$Lambda/0x000000700024b4d8::run (12 bytes)
Event: 515.856 Thread 0x000000012d2ee000 nmethod 2183 0x0000000303921008 code [0x0000000303921100, 0x0000000303921ba0]
Event: 515.856 Thread 0x000000012d2ee000 2184       3       de.mossgrabers.reaper.framework.daw.NotificationWindow::lambda$new$0 (34 bytes)
Event: 515.856 Thread 0x000000012d2ee000 nmethod 2184 0x0000000303921bc8 code [0x0000000303921cc0, 0x0000000303922718]
Event: 515.856 Thread 0x000000012d2ee000 2185       3       java.util.concurrent.ScheduledThreadPoolExecutor$ScheduledFutureTask::setNextRunTime (38 bytes)
Event: 515.856 Thread 0x000000012d2ee000 nmethod 2185 0x0000000303922748 code [0x0000000303922840, 0x0000000303922a78]
Event: 515.856 Thread 0x000000012d2ee000 2186       3       java.util.concurrent.ScheduledThreadPoolExecutor::reExecutePeriodic (49 bytes)
Event: 515.856 Thread 0x000000012d2ee000 nmethod 2186 0x0000000303922a88 code [0x0000000303922b80, 0x0000000303923340]
Event: 518.814 Thread 0x0000000116674000 2187   !   4       java.awt.EventQueue::getNextEvent (84 bytes)
Event: 518.849 Thread 0x0000000116674000 nmethod 2187 0x000000030b1c9348 code [0x000000030b1c9440, 0x000000030b1cbd18]
Event: 524.494 Thread 0x0000000116674000 2188   !   4       java.lang.Object::wait (59 bytes)
Event: 524.495 Thread 0x0000000116674000 nmethod 2188 0x000000030b1cbd48 code [0x000000030b1cbe40, 0x000000030b1cbf80]
Event: 550.040 Thread 0x0000000116674000 2189       4       sun.java2d.pipe.RenderQueue::unlock (4 bytes)
Event: 550.043 Thread 0x0000000116674000 nmethod 2189 0x000000030b1cbf88 code [0x000000030b1cc080, 0x000000030b1cc3e0]
Event: 560.492 Thread 0x0000000116674000 2190       4       sun.java2d.pipe.RenderQueue::tryLock (4 bytes)
Event: 560.493 Thread 0x0000000116674000 nmethod 2190 0x000000030b1cc408 code [0x000000030b1cc500, 0x000000030b1cc758]
Event: 578.328 Thread 0x0000000116674000 2191   !   4       java.awt.EventQueue::postEventPrivate (104 bytes)
Event: 578.331 Thread 0x0000000116674000 nmethod 2191 0x000000030b1cc788 code [0x000000030b1cc880, 0x000000030b1ccfb0]

GC Heap Usage History (2 events):
Event: 225.761 {heap Before GC invocations=0 (full 0):
 garbage-first heap   total reserved 4194304K, committed 262144K, used 47104K [0x0000000700000000, 0x0000000800000000)
  region size 2048K, 24 young (49152K), 0 survivors (0K)
}
Event: 225.780 {heap After GC invocations=1 (full 0):
 garbage-first heap   total reserved 4194304K, committed 262144K, used 9264K [0x0000000700000000, 0x0000000800000000)
  region size 2048K, 3 young (6144K), 3 survivors (6144K)
}

Metaspace Usage History (2 events):
Event: 225.762 {metaspace Before GC invocations=0 (full 0):
 Metaspace       used 20366K, committed 20608K, reserved 1114112K
  class space    used 2388K, committed 2496K, reserved 1048576K
}
Event: 225.780 {metaspace After GC invocations=1 (full 0):
 Metaspace       used 20366K, committed 20608K, reserved 1114112K
  class space    used 2388K, committed 2496K, reserved 1048576K
}

Dll operation events (11 events):
Event: 0.019 Loaded shared library /Users/jonathankawchuk/Library/Application Support/REAPER/UserPlugins/java-runtime/lib/libjava.dylib
Event: 0.105 Loaded shared library /Users/jonathankawchuk/Library/Application Support/REAPER/UserPlugins/java-runtime/lib/libnio.dylib
Event: 0.128 Loaded shared library /Users/jonathankawchuk/Library/Application Support/REAPER/UserPlugins/java-runtime/lib/libzip.dylib
Event: 0.222 Loaded shared library /Users/jonathankawchuk/Library/Application Support/REAPER/UserPlugins/java-runtime/lib/libverify.dylib
Event: 0.299 Loaded shared library /Users/jonathankawchuk/Library/Application Support/REAPER/UserPlugins/java-runtime/lib/libjimage.dylib
Event: 0.305 Loaded shared library /Users/jonathankawchuk/Library/Application Support/REAPER/UserPlugins/java-runtime/lib/libawt.dylib
Event: 0.324 Loaded shared library /Users/jonathankawchuk/Library/Application Support/REAPER/UserPlugins/java-runtime/lib/libawt_lwawt.dylib
Event: 0.335 Loaded shared library /Users/jonathankawchuk/Library/Application Support/REAPER/UserPlugins/java-runtime/lib/libfontmanager.dylib
Event: 2.158 Loaded shared library /Users/jonathankawchuk/Library/Application Support/REAPER/UserPlugins/java-runtime/lib/libnet.dylib
Event: 2.455 Loaded shared library /private/var/folders/6g/_dyszwd54rd36jmvjmmd4htw0000gn/T/usb4java1379091205268841443.tmp/libusb4java.dylib
Event: 2.488 Loaded shared library /Users/jonathankawchuk/Library/Application Support/REAPER/UserPlugins/java-runtime/lib/libosxui.dylib

Deoptimization events (20 events):
Event: 227.582 Thread 0x00000001598ce200 Uncommon trap: trap_request=0xffffff45 fr.pc=0x000000030b182bc8 relative=0x00000000000000c8
Event: 227.582 Thread 0x00000001598ce200 Uncommon trap: reason=unstable_if action=reinterpret pc=0x000000030b182bc8 method=java.lang.ref.SoftReference.get()Ljava/lang/Object; @ 17 c2
Event: 227.582 Thread 0x00000001598ce200 DEOPT PACKING pc=0x000000030b182bc8 sp=0x000000016f312a90
Event: 227.582 Thread 0x00000001598ce200 DEOPT UNPACKING pc=0x000000030ac9d51c sp=0x000000016f312a10 mode 2
Event: 365.159 Thread 0x000000012f056000 Uncommon trap: trap_request=0xffffff45 fr.pc=0x000000030b1bc550 relative=0x0000000000002250
Event: 365.160 Thread 0x000000012f056000 Uncommon trap: reason=unstable_if action=reinterpret pc=0x000000030b1bc550 method=java.awt.EventQueue.getNextEventPrivate()Ljava/awt/AWTEvent; @ 45 c2
Event: 365.161 Thread 0x000000012f056000 DEOPT PACKING pc=0x000000030b1bc550 sp=0x000000031cbda720
Event: 365.161 Thread 0x000000012f056000 DEOPT UNPACKING pc=0x000000030ac9d51c sp=0x000000031cbda680 mode 2
Event: 366.932 Thread 0x000000012f056000 Uncommon trap: trap_request=0xffffff45 fr.pc=0x000000030b1a7924 relative=0x00000000000001e4
Event: 366.933 Thread 0x000000012f056000 Uncommon trap: reason=unstable_if action=reinterpret pc=0x000000030b1a7924 method=java.awt.EventQueue.getNextEventPrivate()Ljava/awt/AWTEvent; @ 45 c2
Event: 366.933 Thread 0x000000012f056000 DEOPT PACKING pc=0x000000030b1a7924 sp=0x000000031cbda6c0
Event: 366.933 Thread 0x000000012f056000 DEOPT UNPACKING pc=0x000000030ac9d51c sp=0x000000031cbda650 mode 2
Event: 408.801 Thread 0x000000012d5bfc00 Uncommon trap: trap_request=0xffffff45 fr.pc=0x000000030b1c61f4 relative=0x00000000000009f4
Event: 408.801 Thread 0x000000012d5bfc00 Uncommon trap: reason=unstable_if action=reinterpret pc=0x000000030b1c61f4 method=java.util.concurrent.locks.ReentrantLock$NonfairSync.initialTryLock()Z @ 25 c2
Event: 408.801 Thread 0x000000012d5bfc00 DEOPT PACKING pc=0x000000030b1c61f4 sp=0x000000031f76a810
Event: 408.801 Thread 0x000000012d5bfc00 DEOPT UNPACKING pc=0x000000030ac9d51c sp=0x000000031f76a640 mode 2
Event: 411.566 Thread 0x000000012f056000 Uncommon trap: trap_request=0xffffff45 fr.pc=0x000000030b191724 relative=0x0000000000000164
Event: 411.566 Thread 0x000000012f056000 Uncommon trap: reason=unstable_if action=reinterpret pc=0x000000030b191724 method=java.util.concurrent.locks.ReentrantLock$NonfairSync.initialTryLock()Z @ 25 c2
Event: 411.566 Thread 0x000000012f056000 DEOPT PACKING pc=0x000000030b191724 sp=0x000000031cbda730
Event: 411.566 Thread 0x000000012f056000 DEOPT UNPACKING pc=0x000000030ac9d51c sp=0x000000031cbda5d0 mode 2

Classes loaded (20 events):
Event: 39.059 Loading class java/util/Properties$EntrySet
Event: 39.060 Loading class java/util/Properties$EntrySet done
Event: 39.062 Loading class java/lang/invoke/InnerClassLambdaMetafactory$SerializationSupport
Event: 39.062 Loading class java/lang/invoke/InnerClassLambdaMetafactory$SerializationSupport done
Event: 39.062 Loading class java/lang/invoke/InnerClassLambdaMetafactory$4
Event: 39.062 Loading class java/lang/invoke/InnerClassLambdaMetafactory$4 done
Event: 39.063 Loading class jdk/internal/classfile/impl/AbstractPoolEntry$StringEntryImpl
Event: 39.063 Loading class java/lang/classfile/constantpool/StringEntry
Event: 39.063 Loading class java/lang/classfile/constantpool/ConstantValueEntry
Event: 39.063 Loading class java/lang/classfile/constantpool/ConstantValueEntry done
Event: 39.064 Loading class java/lang/classfile/constantpool/StringEntry done
Event: 39.064 Loading class jdk/internal/classfile/impl/AbstractPoolEntry$StringEntryImpl done
Event: 39.065 Loading class sun/invoke/util/BytecodeDescriptor
Event: 39.065 Loading class sun/invoke/util/BytecodeDescriptor done
Event: 39.065 Loading class jdk/internal/classfile/impl/AbstractPoolEntry$IntegerEntryImpl
Event: 39.065 Loading class java/lang/classfile/constantpool/IntegerEntry
Event: 39.065 Loading class java/lang/classfile/constantpool/IntegerEntry done
Event: 39.065 Loading class jdk/internal/classfile/impl/AbstractPoolEntry$IntegerEntryImpl done
Event: 703.223 Loading class jdk/internal/misc/Signal$1
Event: 703.229 Loading class jdk/internal/misc/Signal$1 done

Classes unloaded (0 events):
No events

Classes redefined (0 events):
No events

Internal exceptions (20 events):
Event: 2.562 Thread 0x00000001598ce200 Exception <a 'java/lang/NoSuchMethodError'{0x000000070e8cafe8}: 'int java.lang.invoke.Invokers$Holder.invokeExact_MT(java.lang.Object, java.lang.Object)'> (0x000000070e8cafe8) 
thrown [src/hotspot/share/interpreter/linkResolver.cpp, line 804]
Event: 2.564 Thread 0x00000001598ce200 Implicit null exception at 0x000000030b1594e0 to 0x000000030b159928
Event: 2.564 Thread 0x00000001598ce200 Implicit null exception at 0x000000030b13c520 to 0x000000030b13c944
Event: 2.607 Thread 0x00000001598ce200 Exception <a 'java/lang/NoSuchMethodError'{0x000000070e97b1b8}: 'java.lang.Object java.lang.invoke.DirectMethodHandle$Holder.newInvokeSpecial(java.lang.Object, int, java.lang.Object)'> (0x000000070e97b1b8) 
thrown [src/hotspot/share/interpreter/linkResolver.cpp, line 804]
Event: 3.714 Thread 0x00000001598ce200 Exception <a 'java/lang/NoSuchMethodError'{0x000000070e6aa848}: 'void java.lang.invoke.DirectMethodHandle$Holder.invokeSpecial(java.lang.Object, java.lang.Object, int, java.lang.Object)'> (0x000000070e6aa848) 
thrown [src/hotspot/share/interpreter/linkResolver.cpp, line 804]
Event: 3.714 Thread 0x00000001598ce200 Exception <a 'java/lang/NoSuchMethodError'{0x000000070e6b9bb0}: 'java.lang.Object java.lang.invoke.DirectMethodHandle$Holder.newInvokeSpecial(java.lang.Object, java.lang.Object, int)'> (0x000000070e6b9bb0) 
thrown [src/hotspot/share/interpreter/linkResolver.cpp, line 804]
Event: 3.729 Thread 0x00000001598ce200 Exception <a 'java/lang/NoSuchMethodError'{0x000000070e408310}: 'void java.lang.invoke.Invokers$Holder.invokeExact_MT(java.lang.Object, java.lang.Object, java.lang.Object, java.lang.Object)'> (0x000000070e408310) 
thrown [src/hotspot/share/interpreter/linkResolver.cpp, line 804]
Event: 3.733 Thread 0x00000001598ce200 Exception <a 'java/lang/NoSuchMethodError'{0x000000070e4219d8}: 'java.lang.Object java.lang.invoke.DirectMethodHandle$Holder.newInvokeSpecial(java.lang.Object, java.lang.Object, java.lang.Object, int, java.lang.Object)'> (0x000000070e4219d8) 
thrown [src/hotspot/share/interpreter/linkResolver.cpp, line 804]
Event: 3.733 Thread 0x00000001598ce200 Exception <a 'java/lang/NoSuchMethodError'{0x000000070e432240}: 'java.lang.Object java.lang.invoke.Invokers$Holder.linkToTargetMethod(java.lang.Object, java.lang.Object, int, java.lang.Object, java.lang.Object)'> (0x000000070e432240) 
thrown [src/hotspot/share/interpreter/linkResolver.cpp, line 804]
Event: 3.742 Thread 0x00000001598ce200 Exception <a 'java/lang/NoSuchMethodError'{0x000000070e43abc8}: 'void java.lang.invoke.DirectMethodHandle$Holder.invokeStatic(java.lang.Object, int, long)'> (0x000000070e43abc8) 
thrown [src/hotspot/share/interpreter/linkResolver.cpp, line 804]
Event: 3.750 Thread 0x00000001598ce200 Exception <a 'java/lang/NoSuchMethodError'{0x000000070e487638}: 'java.lang.Object java.lang.invoke.Invokers$Holder.linkToTargetMethod(int, int, int, int, java.lang.Object)'> (0x000000070e487638) 
thrown [src/hotspot/share/interpreter/linkResolver.cpp, line 804]
Event: 3.750 Thread 0x00000001598ce200 Exception <a 'java/lang/NoSuchMethodError'{0x000000070e48f908}: 'void java.lang.invoke.DirectMethodHandle$Holder.invokeStatic(java.lang.Object, java.lang.Object, long)'> (0x000000070e48f908) 
thrown [src/hotspot/share/interpreter/linkResolver.cpp, line 804]
Event: 3.807 Thread 0x00000001598ce200 Exception <a 'java/lang/NoSuchMethodError'{0x000000070e5f4af0}: 'java.lang.Object java.lang.invoke.DirectMethodHandle$Holder.newInvokeSpecial(java.lang.Object, java.lang.Object, int, int)'> (0x000000070e5f4af0) 
thrown [src/hotspot/share/interpreter/linkResolver.cpp, line 804]
Event: 3.824 Thread 0x00000001598ce200 Exception <a 'java/lang/NoSuchMethodError'{0x000000070e298f28}: 'void java.lang.invoke.DirectMethodHandle$Holder.invokeStatic(java.lang.Object, java.lang.Object, java.lang.Object, java.lang.Object)'> (0x000000070e298f28) 
thrown [src/hotspot/share/interpreter/linkResolver.cpp, line 804]
Event: 3.848 Thread 0x00000001598ce200 Exception <a 'java/lang/NoSuchMethodError'{0x000000070e36a0c8}: 'void java.lang.invoke.DirectMethodHandle$Holder.invokeStatic(java.lang.Object, long, long)'> (0x000000070e36a0c8) 
thrown [src/hotspot/share/interpreter/linkResolver.cpp, line 804]
Event: 3.849 Thread 0x00000001598ce200 Exception <a 'java/lang/NoSuchMethodError'{0x000000070e378f80}: 'java.lang.Object java.lang.invoke.DirectMethodHandle$Holder.newInvokeSpecial(java.lang.Object, long)'> (0x000000070e378f80) 
thrown [src/hotspot/share/interpreter/linkResolver.cpp, line 804]
Event: 3.854 Thread 0x00000001598ce200 Exception <a 'java/lang/NoSuchMethodError'{0x000000070e3a7cd0}: 'void java.lang.invoke.DirectMethodHandle$Holder.invokeVirtual(java.lang.Object, java.lang.Object)'> (0x000000070e3a7cd0) 
thrown [src/hotspot/share/interpreter/linkResolver.cpp, line 804]
Event: 3.856 Thread 0x000000012f056000 Exception <a 'java/lang/NoSuchMethodError'{0x000000070ed00a20}: 'void java.lang.invoke.DirectMethodHandle$Holder.invokeStatic(java.lang.Object, long)'> (0x000000070ed00a20) 
thrown [src/hotspot/share/interpreter/linkResolver.cpp, line 804]
Event: 3.864 Thread 0x000000012f056000 Exception <a 'java/lang/NoSuchMethodError'{0x000000070ed711a8}: 'void java.lang.invoke.DirectMethodHandle$Holder.invokeSpecial(java.lang.Object, java.lang.Object, java.lang.Object, java.lang.Object, java.lang.Object)'> (0x000000070ed711a8) 
thrown [src/hotspot/share/interpreter/linkResolver.cpp, line 804]
Event: 225.780 Thread 0x000000012d5bfc00 Implicit null exception at 0x000000030b1abd6c to 0x000000030b1acbe4

VM Operations (20 events):
Event: 2.467 Executing non-safepoint VM operation: HandshakeAllThreads (Deoptimize) done
Event: 2.511 Executing non-safepoint VM operation: HandshakeAllThreads (Deoptimize)
Event: 2.511 Executing non-safepoint VM operation: HandshakeAllThreads (Deoptimize) done
Event: 3.802 Executing non-safepoint VM operation: HandshakeAllThreads (Deoptimize)
Event: 3.802 Executing non-safepoint VM operation: HandshakeAllThreads (Deoptimize) done
Event: 3.813 Executing non-safepoint VM operation: HandshakeAllThreads (Deoptimize)
Event: 3.813 Executing non-safepoint VM operation: HandshakeAllThreads (Deoptimize) done
Event: 3.847 Executing non-safepoint VM operation: HandshakeAllThreads (Deoptimize)
Event: 3.848 Executing non-safepoint VM operation: HandshakeAllThreads (Deoptimize) done
Event: 3.851 Executing non-safepoint VM operation: HandshakeAllThreads (Deoptimize)
Event: 3.851 Executing non-safepoint VM operation: HandshakeAllThreads (Deoptimize) done
Event: 39.065 Executing non-safepoint VM operation: HandshakeAllThreads (Deoptimize)
Event: 39.065 Executing non-safepoint VM operation: HandshakeAllThreads (Deoptimize) done
Event: 60.150 Executing non-safepoint VM operation: HandshakeAllThreads (HandshakeForDeflation)
Event: 60.150 Executing non-safepoint VM operation: HandshakeAllThreads (HandshakeForDeflation) done
Event: 60.150 Executing non-safepoint VM operation: RendezvousGCThreads
Event: 60.150 Executing non-safepoint VM operation: RendezvousGCThreads done
Event: 225.760 Executing safepoint VM operation: G1CollectForAllocation (G1 Evacuation Pause)
Event: 225.780 Executing safepoint VM operation: G1CollectForAllocation (G1 Evacuation Pause) done
Event: 703.240 Executing safepoint VM operation: Exit

Memory protections (20 events):
Event: 2.043 Protecting memory [0x000000031cc4c000,0x000000031cc58000] with protection modes 3
Event: 2.066 Protecting memory [0x000000031c9d8000,0x000000031c9e4000] with protection modes 0
Event: 2.462 Protecting memory [0x000000031f568000,0x000000031f574000] with protection modes 0
Event: 2.462 Protecting memory [0x000000031c9d8000,0x000000031c9e4000] with protection modes 3
Event: 2.462 Protecting memory [0x000000031c628000,0x000000031c634000] with protection modes 3
Event: 2.495 Protecting memory [0x000000031c628000,0x000000031c634000] with protection modes 0
Event: 2.495 Protecting memory [0x000000031c9d8000,0x000000031c9e4000] with protection modes 0
Event: 2.504 Protecting memory [0x000000031f774000,0x000000031f780000] with protection modes 0
Event: 2.510 Protecting memory [0x000000031f980000,0x000000031f98c000] with protection modes 0
Event: 3.720 Protecting memory [0x000000036f62c000,0x000000036f638000] with protection modes 0
Event: 3.777 Protecting memory [0x000000036f838000,0x000000036f844000] with protection modes 0
Event: 3.852 Protecting memory [0x000000036fa44000,0x000000036fa50000] with protection modes 0
Event: 3.984 Protecting memory [0x000000036f838000,0x000000036f844000] with protection modes 3
Event: 8.843 Protecting memory [0x000000036f62c000,0x000000036f638000] with protection modes 3
Event: 58.314 Protecting memory [0x000000036ff34000,0x000000036ff40000] with protection modes 0
Event: 58.314 Protecting memory [0x0000000370914000,0x0000000370920000] with protection modes 0
Event: 59.573 Protecting memory [0x0000000370914000,0x0000000370920000] with protection modes 3
Event: 61.836 Protecting memory [0x000000036ff34000,0x000000036ff40000] with protection modes 3
Event: 703.232 Protecting memory [0x0000000530194000,0x00000005301a0000] with protection modes 0
Event: 703.239 Protecting memory [0x00000003176bc000,0x00000003176c8000] with protection modes 3

Nmethod flushes (0 events):
No events

Events (20 events):
Event: 2.064 Thread 0x000000012d2ee000 Thread added: 0x00000001598bc000
Event: 2.462 Thread 0x00000001598ce200 Thread added: 0x000000012d5bfc00
Event: 2.462 Thread 0x00000001598bc000 Thread exited: 0x00000001598bc000
Event: 2.462 Thread 0x000000012c808800 Thread exited: 0x000000012c808800
Event: 2.495 Thread 0x000000012d5bfc00 Thread added: 0x00000001174eac00
Event: 2.495 Thread 0x000000012d5bfc00 Thread added: 0x000000012f056000
Event: 2.504 Thread 0x00000001598ce200 Thread added: 0x000000012d041000
Event: 2.510 Thread 0x00000001598ce200 Thread added: 0x000000012d029600
Event: 3.720 Thread 0x00000001598ce200 Thread added: 0x000000032baab400
Event: 3.776 Thread 0x000000012d2ee000 Thread added: 0x000000015ab7a600
Event: 3.852 Thread 0x00000001598ce200 Thread added: 0x000000032bbc4c00
Event: 3.984 Thread 0x000000015ab7a600 Thread exited: 0x000000015ab7a600
Event: 8.843 Thread 0x000000032baab400 Thread exited: 0x000000032baab400
Event: 58.313 Thread 0x000000012d2ee000 Thread added: 0x000000032bfcd800
Event: 58.314 Thread 0x000000012d2ee000 Thread added: 0x00000003840ad800
Event: 59.573 Thread 0x00000003840ad800 Thread exited: 0x00000003840ad800
Event: 61.836 Thread 0x000000032bfcd800 Thread exited: 0x000000032bfcd800
Event: 703.232 Thread 0x000000012d455800 Thread added: 0x000000042cf83a00
Event: 703.238 Thread 0x000000042cf83a00 Before exit entered
Event: 703.239 Thread 0x000000012d455800 Thread exited: 0x000000012d455800


Dynamic libraries:
0x00000001a9fd0000 	/System/Library/Frameworks/Cocoa.framework/Versions/A/Cocoa
0x0000000191782000 	/System/Library/Frameworks/AppKit.framework/Versions/C/AppKit
0x0000000194a72000 	/System/Library/Frameworks/CoreData.framework/Versions/A/CoreData
0x000000018ee13000 	/System/Library/Frameworks/Foundation.framework/Versions/C/Foundation
0x000000019ba10000 	/usr/lib/libSystem.B.dylib
0x0000000192c13000 	/System/Library/PrivateFrameworks/UIFoundation.framework/Versions/A/UIFoundation
0x000000023b7be000 	/System/Library/PrivateFrameworks/CollectionViewCore.framework/Versions/A/CollectionViewCore
0x0000000199594000 	/System/Library/PrivateFrameworks/XCTTargetBootstrap.framework/Versions/A/XCTTargetBootstrap
0x000000019e20a000 	/System/Library/PrivateFrameworks/InternationalSupport.framework/Versions/A/InternationalSupport
0x000000019e561000 	/System/Library/PrivateFrameworks/UserActivity.framework/Versions/A/UserActivity
0x000000026a146000 	/System/Library/PrivateFrameworks/UIIntelligenceSupport.framework/Versions/A/UIIntelligenceSupport
0x00000001f42d0000 	/System/Library/Frameworks/SwiftUICore.framework/Versions/A/SwiftUICore
0x000000026f1cc000 	/System/Library/PrivateFrameworks/WritingTools.framework/Versions/A/WritingTools
0x000000026e210000 	/System/Library/PrivateFrameworks/WindowManagement.framework/Versions/A/WindowManagement
0x000000018ea76000 	/System/Library/Frameworks/SystemConfiguration.framework/Versions/A/SystemConfiguration
0x000000019d63f000 	/usr/lib/libspindump.dylib
0x0000000192dc5000 	/System/Library/Frameworks/UniformTypeIdentifiers.framework/Versions/A/UniformTypeIdentifiers
0x000000019adfb000 	/usr/lib/libbsm.0.dylib
0x0000000197015000 	/usr/lib/libapp_launch_measurement.dylib
0x00000001963be000 	/System/Library/PrivateFrameworks/CoreAnalytics.framework/Versions/A/CoreAnalytics
0x0000000197019000 	/System/Library/PrivateFrameworks/CoreAutoLayout.framework/Versions/A/CoreAutoLayout
0x0000000198bae000 	/System/Library/Frameworks/Metal.framework/Versions/A/Metal
0x0000000199dd7000 	/usr/lib/liblangid.dylib
0x000000019959a000 	/System/Library/PrivateFrameworks/CoreSVG.framework/Versions/A/CoreSVG
0x00000001937ea000 	/System/Library/PrivateFrameworks/SkyLight.framework/Versions/A/SkyLight
0x0000000193d11000 	/System/Library/Frameworks/CoreGraphics.framework/Versions/A/CoreGraphics
0x00000001a36e1000 	/System/Library/Frameworks/Accelerate.framework/Versions/A/Accelerate
0x000000019d482000 	/System/Library/PrivateFrameworks/IconServices.framework/Versions/A/IconServices
0x0000000198b8b000 	/System/Library/Frameworks/IOSurface.framework/Versions/A/IOSurface
0x00000001963ef000 	/usr/lib/libDiagnosticMessagesClient.dylib
0x000000019b95a000 	/usr/lib/libz.1.dylib
0x00000001a75f6000 	/System/Library/Frameworks/ApplicationServices.framework/Versions/A/ApplicationServices
0x000000019957f000 	/System/Library/PrivateFrameworks/DFRFoundation.framework/Versions/A/DFRFoundation
0x0000000190fe7000 	/usr/lib/libicucore.A.dylib
0x000000019f5ea000 	/System/Library/Frameworks/AudioToolbox.framework/Versions/A/AudioToolbox
0x000000019e512000 	/System/Library/PrivateFrameworks/DataDetectorsCore.framework/Versions/A/DataDetectorsCore
0x00000001ba07d000 	/System/Library/PrivateFrameworks/TextInput.framework/Versions/A/TextInput
0x0000000193735000 	/usr/lib/libMobileGestalt.dylib
0x0000000199278000 	/System/Library/Frameworks/Carbon.framework/Versions/A/Frameworks/HIToolbox.framework/Versions/A/HIToolbox
0x00000001968f6000 	/System/Library/Frameworks/QuartzCore.framework/Versions/A/QuartzCore
0x0000000190be2000 	/System/Library/Frameworks/Security.framework/Versions/A/Security
0x00000001a303e000 	/System/Library/Frameworks/Carbon.framework/Versions/A/Frameworks/SpeechRecognition.framework/Versions/A/SpeechRecognition
0x0000000196d1c000 	/System/Library/PrivateFrameworks/CoreUI.framework/Versions/A/CoreUI
0x00000001904b0000 	/System/Library/Frameworks/CoreAudio.framework/Versions/A/CoreAudio
0x00000001964dd000 	/System/Library/Frameworks/DiskArbitration.framework/Versions/A/DiskArbitration
0x000000019daa8000 	/System/Library/PrivateFrameworks/MultitouchSupport.framework/Versions/A/MultitouchSupport
0x0000000193733000 	/usr/lib/libenergytrace.dylib
0x00000001ae621000 	/System/Library/PrivateFrameworks/RenderBox.framework/Versions/A/RenderBox
0x0000000191632000 	/System/Library/Frameworks/IOKit.framework/Versions/A/IOKit
0x00000001a3435000 	/System/Library/Frameworks/CoreServices.framework/Versions/A/CoreServices
0x0000000196fa6000 	/System/Library/PrivateFrameworks/PerformanceAnalysis.framework/Versions/A/PerformanceAnalysis
0x00000001edc91000 	/System/Library/Frameworks/OpenGL.framework/Versions/A/OpenGL
0x0000000197063000 	/usr/lib/libxml2.2.dylib
0x000000019acdf000 	/System/Library/PrivateFrameworks/MobileKeyBag.framework/Versions/A/MobileKeyBag
0x000000018d3b8000 	/usr/lib/libobjc.A.dylib
0x000000018d6c6000 	/usr/lib/libc++.1.dylib
0x00000001a33b6000 	/System/Library/Frameworks/Accessibility.framework/Versions/A/Accessibility
0x0000000194442000 	/System/Library/Frameworks/ColorSync.framework/Versions/A/ColorSync
0x000000018d822000 	/System/Library/Frameworks/CoreFoundation.framework/Versions/A/CoreFoundation
0x0000000199959000 	/System/Library/Frameworks/CoreImage.framework/Versions/A/CoreImage
0x0000000190291000 	/System/Library/Frameworks/CoreText.framework/Versions/A/CoreText
0x00000001ef1dd000 	/System/Library/Frameworks/CoreTransferable.framework/Versions/A/CoreTransferable
0x00000001ef762000 	/System/Library/Frameworks/DataDetection.framework/Versions/A/DataDetection
0x00000001ef765000 	/System/Library/Frameworks/DeveloperToolsSupport.framework/Versions/A/DeveloperToolsSupport
0x00000001995d5000 	/System/Library/Frameworks/ImageIO.framework/Versions/A/ImageIO
0x00000001f4e93000 	/System/Library/Frameworks/Symbols.framework/Versions/A/Symbols
0x00000001e143e000 	/System/Library/PrivateFrameworks/FeatureFlags.framework/Versions/A/FeatureFlags
0x000000019ba15000 	/System/Library/PrivateFrameworks/SoftLinking.framework/Versions/A/SoftLinking
0x00000001cccf7000 	/usr/lib/swift/libswiftAccelerate.dylib
0x000000019ef7f000 	/usr/lib/swift/libswiftCore.dylib
0x00000001b6720000 	/usr/lib/swift/libswiftCoreFoundation.dylib
0x00000001b677a000 	/usr/lib/swift/libswiftCoreImage.dylib
0x00000001b3a89000 	/usr/lib/swift/libswiftDarwin.dylib
0x0000000275de9000 	/usr/lib/swift/libswiftDataDetection.dylib
0x00000001a4f2e000 	/usr/lib/swift/libswiftDispatch.dylib
0x00000001b677b000 	/usr/lib/swift/libswiftIOKit.dylib
0x00000001c32eb000 	/usr/lib/swift/libswiftMetal.dylib
0x00000001d2290000 	/usr/lib/swift/libswiftOSLog.dylib
0x00000001a7bb0000 	/usr/lib/swift/libswiftObjectiveC.dylib
0x0000000275e16000 	/usr/lib/swift/libswiftObservation.dylib
0x00000001c868d000 	/usr/lib/swift/libswiftQuartzCore.dylib
0x00000001ccce8000 	/usr/lib/swift/libswiftUniformTypeIdentifiers.dylib
0x00000001b6732000 	/usr/lib/swift/libswiftXPC.dylib
0x0000000275efc000 	/usr/lib/swift/libswift_Builtin_float.dylib
0x0000000275eff000 	/usr/lib/swift/libswift_Concurrency.dylib
0x000000027605e000 	/usr/lib/swift/libswift_StringProcessing.dylib
0x00000002760f1000 	/usr/lib/swift/libswift_errno.dylib
0x00000002760f3000 	/usr/lib/swift/libswift_math.dylib
0x00000002760f6000 	/usr/lib/swift/libswift_signal.dylib
0x00000002760f7000 	/usr/lib/swift/libswift_stdio.dylib
0x00000002760f8000 	/usr/lib/swift/libswift_time.dylib
0x00000001a7bb4000 	/usr/lib/swift/libswiftos.dylib
0x00000001b9fd4000 	/usr/lib/swift/libswiftsimd.dylib
0x00000002760f9000 	/usr/lib/swift/libswiftsys_time.dylib
0x00000002760fa000 	/usr/lib/swift/libswiftunistd.dylib
0x000000019bc3e000 	/usr/lib/libcompression.dylib
0x000000019e16a000 	/System/Library/PrivateFrameworks/TextureIO.framework/Versions/A/TextureIO
0x000000019d121000 	/usr/lib/libate.dylib
0x000000019ba0a000 	/usr/lib/system/libcache.dylib
0x000000019b9c5000 	/usr/lib/system/libcommonCrypto.dylib
0x000000019b9f0000 	/usr/lib/system/libcompiler_rt.dylib
0x000000019b9e5000 	/usr/lib/system/libcopyfile.dylib
0x000000018d513000 	/usr/lib/system/libcorecrypto.dylib
0x000000018d5fa000 	/usr/lib/system/libdispatch.dylib
0x000000018d7ba000 	/usr/lib/system/libdyld.dylib
0x000000019ba00000 	/usr/lib/system/libkeymgr.dylib
0x000000019b9a8000 	/usr/lib/system/libmacho.dylib
0x000000019add4000 	/usr/lib/system/libquarantine.dylib
0x000000019b9fd000 	/usr/lib/system/libremovefile.dylib
0x00000001937af000 	/usr/lib/system/libsystem_asl.dylib
0x000000018d4a8000 	/usr/lib/system/libsystem_blocks.dylib
0x000000018d644000 	/usr/lib/system/libsystem_c.dylib
0x000000019b9f4000 	/usr/lib/system/libsystem_collections.dylib
0x0000000199dc4000 	/usr/lib/system/libsystem_configuration.dylib
0x0000000198b5a000 	/usr/lib/system/libsystem_containermanager.dylib
0x000000019b4ea000 	/usr/lib/system/libsystem_coreservices.dylib
0x00000001912b3000 	/usr/lib/system/libsystem_darwin.dylib
0x0000000276231000 	/usr/lib/system/libsystem_darwindirectory.dylib
0x000000019ba01000 	/usr/lib/system/libsystem_dnssd.dylib
0x0000000276235000 	/usr/lib/system/libsystem_eligibility.dylib
0x000000018d641000 	/usr/lib/system/libsystem_featureflags.dylib
0x000000018d7f2000 	/usr/lib/system/libsystem_info.dylib
0x000000019b969000 	/usr/lib/system/libsystem_m.dylib
0x000000018d5b2000 	/usr/lib/system/libsystem_malloc.dylib
0x0000000193718000 	/usr/lib/system/libsystem_networkextension.dylib
0x0000000191715000 	/usr/lib/system/libsystem_notify.dylib
0x0000000199dc9000 	/usr/lib/system/libsystem_sandbox.dylib
0x000000027623d000 	/usr/lib/system/libsystem_sanitizers.dylib
0x000000019b9f9000 	/usr/lib/system/libsystem_secinit.dylib
0x000000018d771000 	/usr/lib/system/libsystem_kernel.dylib
0x000000018d7ea000 	/usr/lib/system/libsystem_platform.dylib
0x000000018d7ad000 	/usr/lib/system/libsystem_pthread.dylib
0x000000019530c000 	/usr/lib/system/libsystem_symptoms.dylib
0x000000018d4f7000 	/usr/lib/system/libsystem_trace.dylib
0x000000019b9d3000 	/usr/lib/system/libunwind.dylib
0x000000018d4ac000 	/usr/lib/system/libxpc.dylib
0x000000018d753000 	/usr/lib/libc++abi.dylib
0x0000000274e06000 	/usr/lib/libRosetta.dylib
0x00000001915b1000 	/System/Library/PrivateFrameworks/CoreServicesInternal.framework/Versions/A/CoreServicesInternal
0x000000019b9dd000 	/usr/lib/liboah.dylib
0x000000019ba12000 	/usr/lib/libfakelink.dylib
0x00000001a70a9000 	/System/Library/PrivateFrameworks/DiskImages.framework/Versions/A/DiskImages
0x00000001b35b2000 	/System/Library/Frameworks/NetFS.framework/Versions/A/NetFS
0x000000019334e000 	/System/Library/Frameworks/CFNetwork.framework/Versions/A/CFNetwork
0x0000000196fdd000 	/System/Library/Frameworks/CoreServices.framework/Versions/A/Frameworks/FSEvents.framework/Versions/A/FSEvents
0x00000001912be000 	/System/Library/Frameworks/CoreServices.framework/Versions/A/Frameworks/CarbonCore.framework/Versions/A/CarbonCore
0x0000000196452000 	/System/Library/Frameworks/CoreServices.framework/Versions/A/Frameworks/Metadata.framework/Versions/A/Metadata
0x000000019b4f2000 	/System/Library/Frameworks/CoreServices.framework/Versions/A/Frameworks/OSServices.framework/Versions/A/OSServices
0x000000019bb5f000 	/System/Library/Frameworks/CoreServices.framework/Versions/A/Frameworks/SearchKit.framework/Versions/A/SearchKit
0x0000000195287000 	/System/Library/Frameworks/CoreServices.framework/Versions/A/Frameworks/AE.framework/Versions/A/AE
0x000000018dd61000 	/System/Library/Frameworks/CoreServices.framework/Versions/A/Frameworks/LaunchServices.framework/Versions/A/LaunchServices
0x000000019cf76000 	/System/Library/Frameworks/CoreServices.framework/Versions/A/Frameworks/DictionaryServices.framework/Versions/A/DictionaryServices
0x0000000196feb000 	/System/Library/Frameworks/CoreServices.framework/Versions/A/Frameworks/SharedFileList.framework/Versions/A/SharedFileList
0x000000019bbf5000 	/usr/lib/libapple_nghttp2.dylib
0x0000000194ee8000 	/usr/lib/libsqlite3.dylib
0x000000019fc2d000 	/System/Library/Frameworks/GSS.framework/Versions/A/GSS
0x000000019521e000 	/System/Library/PrivateFrameworks/RunningBoardServices.framework/Versions/A/RunningBoardServices
0x0000000195315000 	/System/Library/Frameworks/Network.framework/Versions/A/Network
0x000000019b9ac000 	/usr/lib/system/libkxld.dylib
0x0000000237649000 	/System/Library/PrivateFrameworks/AppleKeyStore.framework/Versions/A/AppleKeyStore
0x0000000274c5e000 	/usr/lib/libCoreEntitlements.dylib
0x0000000252637000 	/System/Library/PrivateFrameworks/MessageSecurity.framework/Versions/A/MessageSecurity
0x0000000194ecd000 	/System/Library/PrivateFrameworks/ProtocolBuffer.framework/Versions/A/ProtocolBuffer
0x000000019b4d1000 	/System/Library/PrivateFrameworks/AppleFSCompression.framework/Versions/A/AppleFSCompression
0x000000019ade3000 	/usr/lib/libcoretls.dylib
0x000000019cfec000 	/usr/lib/libcoretls_cfhelpers.dylib
0x000000019bc38000 	/usr/lib/libpam.2.dylib
0x000000019d060000 	/usr/lib/libxar.1.dylib
0x000000019ba67000 	/usr/lib/libarchive.2.dylib
0x00000001a1330000 	/System/Library/Frameworks/Combine.framework/Versions/A/Combine
0x000000023b7e2000 	/System/Library/PrivateFrameworks/CollectionsInternal.framework/Versions/A/CollectionsInternal
0x000000025b692000 	/System/Library/PrivateFrameworks/ReflectionInternal.framework/Versions/A/ReflectionInternal
0x000000025c369000 	/System/Library/PrivateFrameworks/RuntimeInternal.framework/Versions/A/RuntimeInternal
0x0000000275e8d000 	/usr/lib/swift/libswiftSystem.dylib
0x0000000199dd2000 	/System/Library/PrivateFrameworks/AppleSystemInfo.framework/Versions/A/AppleSystemInfo
0x00000001b660b000 	/System/Library/PrivateFrameworks/LoggingSupport.framework/Versions/A/LoggingSupport
0x00000001a43ef000 	/System/Library/PrivateFrameworks/PowerLog.framework/Versions/A/PowerLog
0x00000001f4195000 	/System/Library/Frameworks/SwiftData.framework/Versions/A/SwiftData
0x00000001971ee000 	/System/Library/PrivateFrameworks/UserManagement.framework/Versions/A/UserManagement
0x000000019327c000 	/usr/lib/libboringssl.dylib
0x00000001952fb000 	/usr/lib/libdns_services.dylib
0x00000001b57ba000 	/usr/lib/libquic.dylib
0x000000019ef0e000 	/usr/lib/libusrtcp.dylib
0x00000001da105000 	/System/Library/PrivateFrameworks/InternalSwiftProtobuf.framework/Versions/A/InternalSwiftProtobuf
0x0000000275dea000 	/usr/lib/swift/libswiftDistributed.dylib
0x0000000275e83000 	/usr/lib/swift/libswiftSynchronization.dylib
0x000000019334d000 	/usr/lib/libnetwork.dylib
0x00000001c72c1000 	/System/Library/PrivateFrameworks/OSAnalytics.framework/Versions/A/OSAnalytics
0x000000019bbd0000 	/System/Library/PrivateFrameworks/AppleSauce.framework/Versions/A/AppleSauce
0x00000001a56c4000 	/System/Library/PrivateFrameworks/CoreSymbolication.framework/Versions/A/CoreSymbolication
0x00000001d5dce000 	/System/Library/PrivateFrameworks/Symbolication.framework/Versions/A/Symbolication
0x00000001a56a0000 	/System/Library/PrivateFrameworks/DebugSymbols.framework/Versions/A/DebugSymbols
0x0000000274b29000 	/usr/lib/libAppleArchive.dylib
0x000000019b4dd000 	/usr/lib/libbz2.1.0.dylib
0x000000019cfcd000 	/usr/lib/liblzma.5.dylib
0x000000019aacf000 	/System/Library/PrivateFrameworks/IOMobileFramebuffer.framework/Versions/A/IOMobileFramebuffer
0x00000001b6694000 	/System/Library/PrivateFrameworks/MallocStackLogging.framework/Versions/A/MallocStackLogging
0x000000019d1bb000 	/System/Library/PrivateFrameworks/CrashReporterSupport.framework/Versions/A/CrashReporterSupport
0x000000018e86d000 	/System/Library/PrivateFrameworks/Lexicon.framework/Versions/A/Lexicon
0x000000024a976000 	/System/Library/PrivateFrameworks/IO80211.framework/Versions/A/IO80211
0x00000001a51c6000 	/System/Library/PrivateFrameworks/FrontBoardServices.framework/Versions/A/FrontBoardServices
0x000000019ad0b000 	/System/Library/Frameworks/SecurityFoundation.framework/Versions/A/SecurityFoundation
0x000000019ae6d000 	/usr/lib/libgermantok.dylib
0x0000000199ef6000 	/System/Library/PrivateFrameworks/LinguisticData.framework/Versions/A/LinguisticData
0x0000000195139000 	/System/Library/PrivateFrameworks/BaseBoard.framework/Versions/A/BaseBoard
0x00000001a5293000 	/System/Library/PrivateFrameworks/BoardServices.framework/Versions/A/BoardServices
0x000000019acfc000 	/System/Library/PrivateFrameworks/AssertionServices.framework/Versions/A/AssertionServices
0x00000001a6ee3000 	/System/Library/PrivateFrameworks/BackBoardServices.framework/Versions/A/BackBoardServices
0x0000000198fa5000 	/System/Library/PrivateFrameworks/FontServices.framework/libFontParser.dylib
0x00000001937c7000 	/System/Library/PrivateFrameworks/TCC.framework/Versions/A/TCC
0x00000001aa8db000 	/System/Library/PrivateFrameworks/IOSurfaceAccelerator.framework/Versions/A/IOSurfaceAccelerator
0x000000019daa6000 	/System/Library/PrivateFrameworks/WatchdogClient.framework/Versions/A/WatchdogClient
0x000000018fdb8000 	/System/Library/Frameworks/CoreDisplay.framework/Versions/A/CoreDisplay
0x0000000198e49000 	/System/Library/Frameworks/CoreMedia.framework/Versions/A/CoreMedia
0x0000000198ba4000 	/System/Library/PrivateFrameworks/IOAccelerator.framework/Versions/A/IOAccelerator
0x000000019714d000 	/System/Library/Frameworks/CoreVideo.framework/Versions/A/CoreVideo
0x000000019bc36000 	/System/Library/Frameworks/MetalPerformanceShaders.framework/Versions/A/MetalPerformanceShaders
0x000000025a9d0000 	/System/Library/PrivateFrameworks/ProDisplayLibrary.framework/Versions/A/ProDisplayLibrary
0x000000019daee000 	/System/Library/Frameworks/VideoToolbox.framework/Versions/A/VideoToolbox
0x0000000199dd0000 	/System/Library/PrivateFrameworks/AggregateDictionary.framework/Versions/A/AggregateDictionary
0x000000019cfee000 	/System/Library/PrivateFrameworks/APFS.framework/Versions/A/APFS
0x000000019d06f000 	/usr/lib/libutil.dylib
0x00000002658f5000 	/System/Library/PrivateFrameworks/SwiftASN1Internal.framework/Versions/A/SwiftASN1Internal
0x00000001964e6000 	/System/Library/Frameworks/Accelerate.framework/Versions/A/Frameworks/vImage.framework/Versions/A/vImage
0x00000001a3410000 	/System/Library/Frameworks/Accelerate.framework/Versions/A/Frameworks/vecLib.framework/Versions/A/vecLib
0x000000019d0a7000 	/System/Library/Frameworks/Accelerate.framework/Versions/A/Frameworks/vecLib.framework/Versions/A/libvMisc.dylib
0x000000018e1d9000 	/System/Library/Frameworks/Accelerate.framework/Versions/A/Frameworks/vecLib.framework/Versions/A/libBLAS.dylib
0x000000019f83a000 	/System/Library/Frameworks/ApplicationServices.framework/Versions/A/Frameworks/ATS.framework/Versions/A/ATS
0x00000001945f8000 	/System/Library/Frameworks/ApplicationServices.framework/Versions/A/Frameworks/HIServices.framework/Versions/A/HIServices
0x000000019e0f3000 	/System/Library/Frameworks/ApplicationServices.framework/Versions/A/Frameworks/PrintCore.framework/Versions/A/PrintCore
0x000000019fbf7000 	/System/Library/Frameworks/ApplicationServices.framework/Versions/A/Frameworks/QD.framework/Versions/A/QD
0x000000019fbee000 	/System/Library/Frameworks/ApplicationServices.framework/Versions/A/Frameworks/ColorSyncLegacy.framework/Versions/A/ColorSyncLegacy
0x000000019f80c000 	/System/Library/Frameworks/ApplicationServices.framework/Versions/A/Frameworks/SpeechSynthesis.framework/Versions/A/SpeechSynthesis
0x000000019aa9c000 	/System/Library/PrivateFrameworks/CoreEmoji.framework/Versions/A/CoreEmoji
0x0000000241a3b000 	/System/Library/PrivateFrameworks/FontServices.framework/Versions/A/FontServices
0x000000019d5f4000 	/System/Library/PrivateFrameworks/OTSVG.framework/Versions/A/OTSVG
0x0000000196cca000 	/System/Library/Frameworks/ApplicationServices.framework/Versions/A/Frameworks/ATS.framework/Versions/A/Resources/libFontRegistry.dylib
0x00000002751eb000 	/usr/lib/libhvf.dylib
0x00000002568d4000 	/System/Library/PrivateFrameworks/ParsingInternal.framework/Versions/A/ParsingInternal
0x0000000275e33000 	/usr/lib/swift/libswiftRegexBuilder.dylib
0x0000000275fbb000 	/usr/lib/swift/libswift_RegexParser.dylib
0x000000019d96f000 	/System/Library/PrivateFrameworks/AppleJPEG.framework/Versions/A/AppleJPEG
0x000000019d410000 	/usr/lib/libexpat.1.dylib
0x000000019dfc9000 	/System/Library/Frameworks/ImageIO.framework/Versions/A/Resources/libPng.dylib
0x000000019dff4000 	/System/Library/Frameworks/ImageIO.framework/Versions/A/Resources/libTIFF.dylib
0x000000019e0de000 	/System/Library/Frameworks/ImageIO.framework/Versions/A/Resources/libGIF.dylib
0x000000019d9b5000 	/System/Library/Frameworks/ImageIO.framework/Versions/A/Resources/libJP2.dylib
0x000000019e085000 	/System/Library/Frameworks/ImageIO.framework/Versions/A/Resources/libJPEG.dylib
0x000000019e07c000 	/System/Library/Frameworks/ImageIO.framework/Versions/A/Resources/libRadiance.dylib
0x000000024670a000 	/System/Library/PrivateFrameworks/GPUCompiler.framework/Versions/32023/Libraries/libllvm-flatbuffers.dylib
0x0000000241b06000 	/System/Library/PrivateFrameworks/FramePacing.framework/Versions/A/FramePacing
0x00000001edc83000 	/System/Library/Frameworks/OpenGL.framework/Versions/A/Libraries/libCoreFSCache.dylib
0x000000024267b000 	/System/Library/PrivateFrameworks/GPUCompiler.framework/Versions/32023/Libraries/libGPUCompilerUtils.dylib
0x0000000241a3c000 	/System/Library/PrivateFrameworks/FontServices.framework/libXTFontStaticRegistryData.dylib
0x00000001a8cf3000 	/System/Library/PrivateFrameworks/ASEProcessing.framework/Versions/A/ASEProcessing
0x0000000259b3d000 	/System/Library/PrivateFrameworks/PhotosensitivityProcessing.framework/Versions/A/PhotosensitivityProcessing
0x000000019d5e8000 	/System/Library/PrivateFrameworks/GraphVisualizer.framework/Versions/A/GraphVisualizer
0x00000001edce1000 	/System/Library/Frameworks/OpenGL.framework/Versions/A/Libraries/libGLU.dylib
0x00000001edca5000 	/System/Library/Frameworks/OpenGL.framework/Versions/A/Libraries/libGFXShared.dylib
0x00000001ede6d000 	/System/Library/Frameworks/OpenGL.framework/Versions/A/Libraries/libGL.dylib
0x00000001edcae000 	/System/Library/Frameworks/OpenGL.framework/Versions/A/Libraries/libGLImage.dylib
0x00000001edca2000 	/System/Library/Frameworks/OpenGL.framework/Versions/A/Libraries/libCVMSPluginSupport.dylib
0x00000001edc8b000 	/System/Library/Frameworks/OpenGL.framework/Versions/A/Libraries/libCoreVMClient.dylib
0x0000000199d14000 	/System/Library/Frameworks/MetalPerformanceShaders.framework/Versions/A/Frameworks/MPSCore.framework/Versions/A/MPSCore
0x000000019b43c000 	/System/Library/Frameworks/MetalPerformanceShaders.framework/Versions/A/Frameworks/MPSImage.framework/Versions/A/MPSImage
0x000000019ae85000 	/System/Library/Frameworks/MetalPerformanceShaders.framework/Versions/A/Frameworks/MPSNeuralNetwork.framework/Versions/A/MPSNeuralNetwork
0x000000019b2bc000 	/System/Library/Frameworks/MetalPerformanceShaders.framework/Versions/A/Frameworks/MPSMatrix.framework/Versions/A/MPSMatrix
0x000000019b0d1000 	/System/Library/Frameworks/MetalPerformanceShaders.framework/Versions/A/Frameworks/MPSRayIntersector.framework/Versions/A/MPSRayIntersector
0x000000019b2ee000 	/System/Library/Frameworks/MetalPerformanceShaders.framework/Versions/A/Frameworks/MPSNDArray.framework/Versions/A/MPSNDArray
0x00000001f1583000 	/System/Library/Frameworks/MetalPerformanceShaders.framework/Versions/A/Frameworks/MPSFunctions.framework/Versions/A/MPSFunctions
0x00000001f1565000 	/System/Library/Frameworks/MetalPerformanceShaders.framework/Versions/A/Frameworks/MPSBenchmarkLoop.framework/Versions/A/MPSBenchmarkLoop
0x000000018e054000 	/System/Library/PrivateFrameworks/MetalTools.framework/Versions/A/MetalTools
0x00000001bb37d000 	/System/Library/PrivateFrameworks/IOAccelMemoryInfo.framework/Versions/A/IOAccelMemoryInfo
0x00000001c8a82000 	/System/Library/PrivateFrameworks/kperf.framework/Versions/A/kperf
0x00000001b66fb000 	/System/Library/PrivateFrameworks/GPURawCounter.framework/Versions/A/GPURawCounter
0x000000019e0b0000 	/System/Library/Frameworks/ApplicationServices.framework/Versions/A/Frameworks/ATSUI.framework/Versions/A/ATSUI
0x000000019fb82000 	/usr/lib/libcups.2.dylib
0x000000019fc1c000 	/System/Library/Frameworks/Kerberos.framework/Versions/A/Kerberos
0x000000019f882000 	/usr/lib/libresolv.9.dylib
0x000000019ba4c000 	/usr/lib/libiconv.2.dylib
0x000000019d646000 	/System/Library/PrivateFrameworks/Heimdal.framework/Versions/A/Heimdal
0x00000001a7b07000 	/System/Library/Frameworks/Kerberos.framework/Versions/A/Libraries/libHeimdalProxy.dylib
0x000000019d42b000 	/usr/lib/libheimdal-asn1.dylib
0x0000000196fb0000 	/System/Library/Frameworks/OpenDirectory.framework/Versions/A/OpenDirectory
0x000000019fc7f000 	/System/Library/PrivateFrameworks/CommonAuth.framework/Versions/A/CommonAuth
0x0000000196fbe000 	/System/Library/Frameworks/OpenDirectory.framework/Versions/A/Frameworks/CFOpenDirectory.framework/Versions/A/CFOpenDirectory
0x000000019b9a7000 	/usr/lib/libcharset.1.dylib
0x00000001ee209000 	/System/Library/Frameworks/AVFAudio.framework/Versions/A/AVFAudio
0x00000001affe7000 	/System/Library/PrivateFrameworks/AXCoreUtilities.framework/Versions/A/AXCoreUtilities
0x000000024e2af000 	/System/Library/PrivateFrameworks/IsolatedCoreAudioClient.framework/Versions/A/IsolatedCoreAudioClient
0x000000019f7f3000 	/usr/lib/libAudioStatistics.dylib
0x0000000198e21000 	/System/Library/PrivateFrameworks/caulk.framework/Versions/A/caulk
0x000000018fed9000 	/System/Library/PrivateFrameworks/AudioToolboxCore.framework/Versions/A/AudioToolboxCore
0x00000001a9dfd000 	/System/Library/Frameworks/CoreMIDI.framework/Versions/A/CoreMIDI
0x000000019f795000 	/System/Library/PrivateFrameworks/AudioSession.framework/Versions/A/AudioSession
0x00000001a1098000 	/System/Library/Frameworks/IOBluetooth.framework/Versions/A/IOBluetooth
0x000000019d515000 	/System/Library/PrivateFrameworks/MediaExperience.framework/Versions/A/MediaExperience
0x00000002683b9000 	/System/Library/PrivateFrameworks/Tightbeam.framework/Versions/A/Tightbeam
0x000000023c2a0000 	/System/Library/PrivateFrameworks/CoreAudioOrchestration.framework/Versions/A/CoreAudioOrchestration
0x00000001cd3ba000 	/System/Library/PrivateFrameworks/AFKUser.framework/Versions/A/AFKUser
0x00000001b66ff000 	/usr/lib/swift/libswiftCoreAudio.dylib
0x000000019d635000 	/System/Library/PrivateFrameworks/AppServerSupport.framework/Versions/A/AppServerSupport
0x000000019fc00000 	/System/Library/PrivateFrameworks/perfdata.framework/Versions/A/perfdata
0x00000001b58b3000 	/System/Library/PrivateFrameworks/SystemPolicy.framework/Versions/A/SystemPolicy
0x000000019faa1000 	/usr/lib/libSMC.dylib
0x000000019df93000 	/usr/lib/libAudioToolboxUtility.dylib
0x000000019fc0e000 	/usr/lib/libperfcheck.dylib
0x00000002381c7000 	/System/Library/PrivateFrameworks/AudioAnalytics.framework/Versions/A/AudioAnalytics
0x00000001d9ecc000 	/System/Library/Frameworks/OSLog.framework/Versions/A/OSLog
0x00000001b66c6000 	/usr/lib/libmis.dylib
0x000000019f5a3000 	/System/Library/PrivateFrameworks/AudioSession.framework/libSessionUtility.dylib
0x000000019e0e4000 	/System/Library/PrivateFrameworks/CMCaptureCore.framework/Versions/A/CMCaptureCore
0x00000001ef8b2000 	/System/Library/Frameworks/ExtensionFoundation.framework/Versions/A/ExtensionFoundation
0x00000001a57d1000 	/System/Library/PrivateFrameworks/CoreTime.framework/Versions/A/CoreTime
0x000000019d30f000 	/System/Library/PrivateFrameworks/PlugInKit.framework/Versions/A/PlugInKit
0x00000001a42f8000 	/System/Library/Frameworks/CoreBluetooth.framework/Versions/A/CoreBluetooth
0x00000001a7b08000 	/System/Library/Frameworks/AudioUnit.framework/Versions/A/AudioUnit
0x000000019ab60000 	/System/Library/PrivateFrameworks/CoreUtils.framework/Versions/A/CoreUtils
0x000000023f253000 	/System/Library/PrivateFrameworks/CoreUtilsExtras.framework/Versions/A/CoreUtilsExtras
0x00000001a3731000 	/System/Library/Frameworks/MediaAccessibility.framework/Versions/A/MediaAccessibility
0x00000001bed1d000 	/System/Library/PrivateFrameworks/AttributeGraph.framework/Versions/A/AttributeGraph
0x0000000274aa7000 	/usr/lib/libAXSafeCategoryBundle.dylib
0x00000001b00a3000 	/usr/lib/libAccessibility.dylib
0x000000019a9aa000 	/System/Library/Frameworks/Accelerate.framework/Versions/A/Frameworks/vecLib.framework/Versions/A/libvDSP.dylib
0x000000019bd14000 	/System/Library/Frameworks/Accelerate.framework/Versions/A/Frameworks/vecLib.framework/Versions/A/libLAPACK.dylib
0x000000019ae70000 	/System/Library/Frameworks/Accelerate.framework/Versions/A/Frameworks/vecLib.framework/Versions/A/libLinearAlgebra.dylib
0x000000019bc0f000 	/System/Library/Frameworks/Accelerate.framework/Versions/A/Frameworks/vecLib.framework/Versions/A/libSparseBLAS.dylib
0x000000019bd0f000 	/System/Library/Frameworks/Accelerate.framework/Versions/A/Frameworks/vecLib.framework/Versions/A/libQuadrature.dylib
0x0000000199efd000 	/System/Library/Frameworks/Accelerate.framework/Versions/A/Frameworks/vecLib.framework/Versions/A/libBNNS.dylib
0x000000018e97a000 	/System/Library/Frameworks/Accelerate.framework/Versions/A/Frameworks/vecLib.framework/Versions/A/libSparse.dylib
0x000000024fa26000 	/System/Library/PrivateFrameworks/MIL.framework/Versions/A/MIL
0x000000019e077000 	/System/Library/PrivateFrameworks/GPUWrangler.framework/Versions/A/GPUWrangler
0x000000019e057000 	/System/Library/PrivateFrameworks/IOPresentment.framework/Versions/A/IOPresentment
0x000000019e07f000 	/System/Library/PrivateFrameworks/DSExternalDisplay.framework/Versions/A/DSExternalDisplay
0x00000001da2d3000 	/System/Library/PrivateFrameworks/HIDDisplay.framework/Versions/A/HIDDisplay
0x00000001af2c1000 	/System/Library/PrivateFrameworks/HID.framework/Versions/A/HID
0x000000026bbfb000 	/System/Library/PrivateFrameworks/VideoToolboxParavirtualizationSupport.framework/Versions/A/VideoToolboxParavirtualizationSupport
0x000000019d3c7000 	/System/Library/PrivateFrameworks/AppleVA.framework/Versions/A/AppleVA
0x00000001a5340000 	/System/Library/PrivateFrameworks/GraphicsServices.framework/Versions/A/GraphicsServices
0x000000019fdf2000 	/System/Library/PrivateFrameworks/CorePhoneNumbers.framework/Versions/A/CorePhoneNumbers
0x00000001a44e0000 	/System/Library/PrivateFrameworks/MediaKit.framework/Versions/A/MediaKit
0x00000001a442b000 	/System/Library/Frameworks/DiscRecording.framework/Versions/A/DiscRecording
0x000000019fbe1000 	/System/Library/PrivateFrameworks/NetAuth.framework/Versions/A/NetAuth
0x00000001971ae000 	/System/Library/PrivateFrameworks/login.framework/Versions/A/Frameworks/loginsupport.framework/Versions/A/loginsupport
0x000000019d435000 	/System/Library/PrivateFrameworks/IconFoundation.framework/Versions/A/IconFoundation
0x000000019d1b2000 	/usr/lib/libIOReport.dylib
0x0000000237dd7000 	/System/Library/PrivateFrameworks/AppleMobileFileIntegrity.framework/Versions/A/AppleMobileFileIntegrity
0x0000000274e69000 	/usr/lib/libTLE.dylib
0x00000001eacdf000 	/System/Library/PrivateFrameworks/ConfigProfileHelper.framework/Versions/A/ConfigProfileHelper
0x000000019ae0d000 	/usr/lib/libmecab.dylib
0x000000018eb0a000 	/usr/lib/libCRFSuite.dylib
0x0000000199dd9000 	/System/Library/PrivateFrameworks/CoreNLP.framework/Versions/A/CoreNLP
0x000000019bbc7000 	/usr/lib/libThaiTokenizer.dylib
0x000000019add7000 	/usr/lib/libCheckFix.dylib
0x00000001963f1000 	/System/Library/PrivateFrameworks/MetadataUtilities.framework/Versions/A/MetadataUtilities
0x000000024b25a000 	/System/Library/PrivateFrameworks/InstalledContentLibrary.framework/Versions/A/InstalledContentLibrary
0x00000001915f1000 	/System/Library/PrivateFrameworks/CoreServicesStore.framework/Versions/A/CoreServicesStore
0x00000001c8b8c000 	/System/Library/PrivateFrameworks/MobileSystemServices.framework/Versions/A/MobileSystemServices
0x000000019d073000 	/usr/lib/libxslt.1.dylib
0x000000019ad9a000 	/System/Library/PrivateFrameworks/BackgroundTaskManagement.framework/Versions/A/BackgroundTaskManagement
0x00000001a7267000 	/usr/lib/libcurl.4.dylib
0x000000027509d000 	/usr/lib/libcrypto.46.dylib
0x0000000275bc7000 	/usr/lib/libssl.48.dylib
0x00000001a6f3f000 	/System/Library/Frameworks/LDAP.framework/Versions/A/LDAP
0x00000001a6f7b000 	/System/Library/PrivateFrameworks/TrustEvaluationAgent.framework/Versions/A/TrustEvaluationAgent
0x000000019f89f000 	/usr/lib/libsasl2.2.dylib
0x00000001b3a88000 	/usr/lib/swift/libswiftCoreGraphics.dylib
0x00000001a3d60000 	/usr/lib/swift/libswiftFoundation.dylib
0x00000001ea769000 	/usr/lib/swift/libswiftSwiftOnoneSupport.dylib
0x00000001d657f000 	/System/Library/PrivateFrameworks/CoreMaterial.framework/Versions/A/CoreMaterial
0x000000025c460000 	/System/Library/PrivateFrameworks/SFSymbols.framework/Versions/A/SFSymbols
0x00000001a302b000 	/System/Library/PrivateFrameworks/SpeechRecognitionCore.framework/Versions/A/SpeechRecognitionCore
0x00000001b52d6000 	/System/Library/Frameworks/Carbon.framework/Versions/A/Carbon
0x00000001ac30c000 	/System/Library/Frameworks/Carbon.framework/Versions/A/Frameworks/CommonPanels.framework/Versions/A/CommonPanels
0x00000001a7252000 	/System/Library/Frameworks/Carbon.framework/Versions/A/Frameworks/Help.framework/Versions/A/Help
0x00000001ac310000 	/System/Library/Frameworks/Carbon.framework/Versions/A/Frameworks/ImageCapture.framework/Versions/A/ImageCapture
0x00000001ac2ec000 	/System/Library/Frameworks/Carbon.framework/Versions/A/Frameworks/OpenScripting.framework/Versions/A/OpenScripting
0x00000001ac30b000 	/System/Library/Frameworks/Carbon.framework/Versions/A/Frameworks/Ink.framework/Versions/A/Ink
0x00000001ac308000 	/System/Library/Frameworks/Carbon.framework/Versions/A/Frameworks/SecurityHI.framework/Versions/A/SecurityHI
0x0000000196e75000 	/System/Library/PrivateFrameworks/ViewBridge.framework/Versions/A/ViewBridge
0x000000010fa20000 	/usr/lib/libobjc-trampolines.dylib
0x0000000274aab000 	/usr/lib/libAccessibilityBaseImplementations.dylib
0x000000026f1d1000 	/System/Library/PrivateFrameworks/WritingToolsUI.framework/Versions/A/WritingToolsUI
0x0000000247865000 	/System/Library/PrivateFrameworks/GenerativeAssistantSettings.framework/Versions/A/GenerativeAssistantSettings
0x00000002665fb000 	/System/Library/PrivateFrameworks/TextComposer.framework/Versions/A/TextComposer
0x00000001b6727000 	/usr/lib/swift/libswiftIntents.dylib
0x0000000275e45000 	/usr/lib/swift/libswiftSpatial.dylib
0x00000001ee362000 	/System/Library/Frameworks/AppIntents.framework/Versions/A/AppIntents
0x00000001bd5f5000 	/System/Library/Frameworks/SwiftUI.framework/Versions/A/SwiftUI
0x00000001b3b64000 	/System/Library/Frameworks/WebKit.framework/Versions/A/WebKit
0x00000002332ee000 	/System/Library/Frameworks/_AuthenticationServices_SwiftUI.framework/Versions/A/_AuthenticationServices_SwiftUI
0x0000000235ece000 	/System/Library/PrivateFrameworks/Anvil.framework/Versions/A/Anvil
0x00000001bcc6a000 	/System/Library/PrivateFrameworks/AppStoreDaemon.framework/Versions/A/AppStoreDaemon
0x00000001aa018000 	/System/Library/PrivateFrameworks/AppleMediaServices.framework/Versions/A/AppleMediaServices
0x00000001b96e9000 	/System/Library/PrivateFrameworks/AppleMediaServicesUI.framework/Versions/A/AppleMediaServicesUI
0x000000024783f000 	/System/Library/PrivateFrameworks/GenerativeAssistantCommon.framework/Versions/A/GenerativeAssistantCommon
0x00000001e9d81000 	/System/Library/PrivateFrameworks/JetEngine.framework/Versions/A/JetEngine
0x000000024f387000 	/System/Library/PrivateFrameworks/LinkMetadata.framework/Versions/A/LinkMetadata
0x00000001b6fa9000 	/System/Library/PrivateFrameworks/OnBoardingKit.framework/Versions/A/OnBoardingKit
0x000000025d2db000 	/System/Library/PrivateFrameworks/Settings.framework/Versions/A/Settings
0x000000019b817000 	/System/Library/Frameworks/CoreSpotlight.framework/Versions/A/CoreSpotlight
0x000000024f5c8000 	/System/Library/PrivateFrameworks/LinkServices.framework/Versions/A/LinkServices
0x000000023fee4000 	/System/Library/PrivateFrameworks/DoNotDisturb.framework/Versions/A/DoNotDisturb
0x00000001bb48d000 	/System/Library/PrivateFrameworks/IntentsCore.framework/Versions/A/IntentsCore
0x00000002385b4000 	/System/Library/PrivateFrameworks/AvailabilityKit.framework/Versions/A/AvailabilityKit
0x000000023611e000 	/System/Library/PrivateFrameworks/AppIntentSchemas.framework/Versions/A/AppIntentSchemas
0x0000000265111000 	/System/Library/PrivateFrameworks/StatusKit.framework/Versions/A/StatusKit
0x000000025b60d000 	/System/Library/PrivateFrameworks/RecapPerformanceTesting.framework/Versions/A/RecapPerformanceTesting
0x00000001b6f99000 	/System/Library/PrivateFrameworks/SignpostCollection.framework/Versions/A/SignpostCollection
0x0000000274e68000 	/usr/lib/libSpatial.dylib
0x00000001a9a0e000 	/System/Library/Frameworks/WebKit.framework/Versions/A/Frameworks/WebKitLegacy.framework/Versions/A/WebKitLegacy
0x00000001a7954000 	/System/Library/PrivateFrameworks/CorePrediction.framework/Versions/A/CorePrediction
0x0000000197e68000 	/System/Library/Frameworks/WebKit.framework/Versions/A/Frameworks/WebCore.framework/Versions/A/Frameworks/libwebrtc.dylib
0x00000001b3af0000 	/System/Library/PrivateFrameworks/SafariSafeBrowsing.framework/Versions/A/SafariSafeBrowsing
0x000000019f928000 	/System/Library/Frameworks/SecurityInterface.framework/Versions/A/SecurityInterface
0x00000001b6fa8000 	/System/Library/PrivateFrameworks/WebInspectorUI.framework/Versions/A/WebInspectorUI
0x00000001ac313000 	/System/Library/Frameworks/JavaScriptCore.framework/Versions/A/JavaScriptCore
0x00000001b00d4000 	/System/Library/Frameworks/WebKit.framework/Versions/A/Frameworks/WebCore.framework/Versions/A/WebCore
0x00000001eed40000 	/System/Library/Frameworks/BrowserEngineCore.framework/Versions/A/BrowserEngineCore
0x0000000232e4c000 	/System/Library/Frameworks/WebKit.framework/Versions/A/Frameworks/WebCore.framework/Versions/A/Frameworks/libANGLE-shared.dylib
0x000000026ddc8000 	/System/Library/PrivateFrameworks/WebGPU.framework/Versions/A/WebGPU
0x00000001b8d7b000 	/System/Library/Frameworks/SceneKit.framework/Versions/A/SceneKit
0x00000001c93b3000 	/System/Library/Frameworks/ModelIO.framework/Versions/A/ModelIO
0x00000001a1263000 	/System/Library/Frameworks/MetalKit.framework/Versions/A/MetalKit
0x00000001a3342000 	/System/Library/Frameworks/GLKit.framework/Versions/A/GLKit
0x000000027637e000 	/usr/lib/usd/libusd_ms.dylib
0x000000026a410000 	/System/Library/PrivateFrameworks/USDLib_FormatLoaderProxy.framework/Versions/A/USDLib_FormatLoaderProxy
0x00000001b61af000 	/System/Library/PrivateFrameworks/CoreOptimization.framework/Versions/A/CoreOptimization
0x0000000238487000 	/System/Library/PrivateFrameworks/AuthenticationServicesCore.framework/Versions/A/AuthenticationServicesCore
0x00000001bff12000 	/System/Library/Frameworks/AuthenticationServices.framework/Versions/A/AuthenticationServices
0x000000019d2eb000 	/System/Library/PrivateFrameworks/SharedWebCredentials.framework/Versions/A/SharedWebCredentials
0x00000001b7de5000 	/System/Library/PrivateFrameworks/SafariCore.framework/Versions/A/SafariCore
0x00000001bfa64000 	/System/Library/PrivateFrameworks/SafariFoundation.framework/Versions/A/SafariFoundation
0x0000000239511000 	/System/Library/PrivateFrameworks/CBORLibrary.framework/Versions/A/CBORLibrary
0x000000023a2b9000 	/System/Library/PrivateFrameworks/Chirp.framework/Versions/A/Chirp
0x00000001eb014000 	/System/Library/PrivateFrameworks/RemoteManagement.framework/Versions/A/RemoteManagement
0x000000025b963000 	/System/Library/PrivateFrameworks/RemoteManagementModel.framework/Versions/A/RemoteManagementModel
0x000000025b9f0000 	/System/Library/PrivateFrameworks/RemoteManagementStore.framework/Versions/A/RemoteManagementStore
0x00000001a1281000 	/usr/lib/libxcselect.dylib
0x00000001bf9d3000 	/System/Library/PrivateFrameworks/DifferentialPrivacy.framework/Versions/A/DifferentialPrivacy
0x00000001a4011000 	/System/Library/Frameworks/Contacts.framework/Versions/A/Contacts
0x000000026ac34000 	/System/Library/PrivateFrameworks/VDAF.framework/Versions/A/VDAF
0x00000001a3e2e000 	/System/Library/PrivateFrameworks/ContactsPersistence.framework/Versions/A/ContactsPersistence
0x00000001a3045000 	/System/Library/PrivateFrameworks/AppleLDAP.framework/Versions/A/AppleLDAP
0x00000001a75fb000 	/System/Library/Frameworks/ClassKit.framework/Versions/A/ClassKit
0x00000001a973a000 	/System/Library/PrivateFrameworks/CoreSuggestions.framework/Versions/A/CoreSuggestions
0x00000001a3d61000 	/System/Library/PrivateFrameworks/ContactsFoundation.framework/Versions/A/ContactsFoundation
0x00000001a5302000 	/System/Library/PrivateFrameworks/vCard.framework/Versions/A/vCard
0x000000023badc000 	/System/Library/PrivateFrameworks/ContactsMetrics.framework/Versions/A/ContactsMetrics
0x000000019d707000 	/System/Library/PrivateFrameworks/login.framework/Versions/A/login
0x0000000251710000 	/System/Library/PrivateFrameworks/ManagedOrganizationContacts.framework/Versions/A/ManagedOrganizationContacts
0x00000001975d4000 	/System/Library/PrivateFrameworks/CloudDocs.framework/Versions/A/CloudDocs
0x00000001a8d29000 	/System/Library/PrivateFrameworks/ConfigurationProfiles.framework/Versions/A/ConfigurationProfiles
0x000000023f463000 	/System/Library/PrivateFrameworks/DMCUtilities.framework/Versions/A/DMCUtilities
0x000000024f9a3000 	/System/Library/PrivateFrameworks/MDMClientLibrary.framework/Versions/A/MDMClientLibrary
0x000000025b9e4000 	/System/Library/PrivateFrameworks/RemoteManagementProtocol.framework/Versions/A/RemoteManagementProtocol
0x0000000274c74000 	/usr/lib/libEndpointSecuritySystem.dylib
0x00000001a376b000 	/System/Library/PrivateFrameworks/SystemAdministration.framework/Versions/A/SystemAdministration
0x00000001adc19000 	/System/Library/PrivateFrameworks/PowerlogControl.framework/Versions/A/PowerlogControl
0x000000019adc9000 	/System/Library/Frameworks/ServiceManagement.framework/Versions/A/ServiceManagement
0x00000001adc1b000 	/usr/lib/libUniversalAccess.dylib
0x00000001aa8e6000 	/System/Library/PrivateFrameworks/FamilyControls.framework/Versions/A/FamilyControls
0x00000001a2ff6000 	/System/Library/Frameworks/DirectoryService.framework/Versions/A/DirectoryService
0x00000001a72e9000 	/System/Library/PrivateFrameworks/LoginUIKit.framework/Versions/A/Frameworks/LoginUICore.framework/Versions/A/LoginUICore
0x000000019d8f7000 	/usr/lib/libodfde.dylib
0x00000001aa8e0000 	/System/Library/PrivateFrameworks/UniversalAccess.framework/Versions/A/Libraries/libUAPreferences.dylib
0x00000001aa90a000 	/System/Library/PrivateFrameworks/CommerceKit.framework/Versions/A/Frameworks/CommerceCore.framework/Versions/A/CommerceCore
0x000000023f411000 	/System/Library/PrivateFrameworks/DEPClientLibrary.framework/Versions/A/DEPClientLibrary
0x000000023f431000 	/System/Library/PrivateFrameworks/DMCEnrollmentLibrary.framework/Versions/A/DMCEnrollmentLibrary
0x00000001adcff000 	/System/Library/PrivateFrameworks/SetupAssistantFramework.framework/Versions/A/SetupAssistantFramework
0x00000001a79ae000 	/System/Library/PrivateFrameworks/AuthKitUI.framework/Versions/A/AuthKitUI
0x00000001a7333000 	/System/Library/PrivateFrameworks/AppSSO.framework/Versions/A/AppSSO
0x00000001bc9d0000 	/System/Library/PrivateFrameworks/LocalAuthenticationUI.framework/Versions/A/LocalAuthenticationUI
0x0000000259ba2000 	/System/Library/PrivateFrameworks/PlatformSSO.framework/Versions/A/PlatformSSO
0x00000001bd3bd000 	/System/Library/PrivateFrameworks/AOSUI.framework/Versions/A/AOSUI
0x00000001af790000 	/System/Library/Frameworks/ContactsUI.framework/Versions/A/ContactsUI
0x00000001a4248000 	/System/Library/PrivateFrameworks/FamilyCircle.framework/Versions/A/FamilyCircle
0x00000001caa62000 	/System/Library/Frameworks/LinkPresentation.framework/Versions/A/LinkPresentation
0x0000000259c6e000 	/System/Library/PrivateFrameworks/PlatformSSOCore.framework/Versions/A/PlatformSSOCore
0x00000001af4a2000 	/System/Library/PrivateFrameworks/IASUtilities.framework/Versions/A/IASUtilities
0x000000024a8a6000 	/System/Library/PrivateFrameworks/IASUtilitiesCore.framework/Versions/A/IASUtilitiesCore
0x000000024f88b000 	/System/Library/PrivateFrameworks/LocalAuthenticationCoreUI.framework/Versions/A/LocalAuthenticationCoreUI
0x00000001b6444000 	/System/Library/Frameworks/LocalAuthentication.framework/Support/DaemonUtils.framework/Versions/A/DaemonUtils
0x00000001b96b0000 	/System/Library/PrivateFrameworks/BridgeXPC.framework/Versions/A/BridgeXPC
0x000000019d72b000 	/System/Library/PrivateFrameworks/CoreBrightness.framework/Versions/A/CoreBrightness
0x00000001b7082000 	/System/Library/PrivateFrameworks/CoreKDL.framework/Versions/A/CoreKDL
0x00000001b58ac000 	/System/Library/PrivateFrameworks/EmbeddedOSSupportHost.framework/Versions/A/EmbeddedOSSupportHost
0x0000000265e24000 	/System/Library/PrivateFrameworks/SystemStatus.framework/Versions/A/SystemStatus
0x00000001c4b39000 	/System/Library/PrivateFrameworks/StorageKit.framework/Versions/A/StorageKit
0x00000001ec68e000 	/System/Library/Frameworks/DeviceCheck.framework/Versions/A/DeviceCheck
0x00000001ef9b9000 	/System/Library/Frameworks/FSKit.framework/Versions/A/FSKit
0x000000023fc01000 	/System/Library/PrivateFrameworks/DiskImages2.framework/Versions/A/DiskImages2
0x000000024f718000 	/System/Library/PrivateFrameworks/LiveFS.framework/Versions/A/LiveFS
0x0000000272513000 	/System/Library/PrivateFrameworks/icloudMCCKit.framework/Versions/A/icloudMCCKit
0x0000000236e1c000 	/System/Library/PrivateFrameworks/AppleAccountUI.framework/Versions/A/AppleAccountUI
0x000000023addf000 	/System/Library/PrivateFrameworks/CloudSubscriptionFeatures.framework/Versions/A/CloudSubscriptionFeatures
0x00000001d654b000 	/System/Library/PrivateFrameworks/PreferencePanesSupport.framework/Versions/A/PreferencePanesSupport
0x00000001bd56d000 	/System/Library/PrivateFrameworks/FindMyDeviceUI.framework/Versions/A/FindMyDeviceUI
0x000000027014b000 	/System/Library/PrivateFrameworks/iCloudQuotaUI.framework/Versions/A/iCloudQuotaUI
0x00000001d66fe000 	/System/Library/PrivateFrameworks/CoreCDPUI.framework/Versions/A/CoreCDPUI
0x00000001b7b4c000 	/System/Library/PrivateFrameworks/CoreFollowUpUI.framework/Versions/A/CoreFollowUpUI
0x000000019f961000 	/System/Library/PrivateFrameworks/CoreFollowUp.framework/Versions/A/CoreFollowUp
0x00000001c38b4000 	/System/Library/PrivateFrameworks/IMCore.framework/Versions/A/IMCore
0x00000001adc81000 	/System/Library/PrivateFrameworks/CoreCDP.framework/Versions/A/CoreCDP
0x00000001aa00a000 	/System/Library/PrivateFrameworks/AskPermission.framework/Versions/A/AskPermission
0x00000001bb408000 	/System/Library/Frameworks/Quartz.framework/Versions/A/Quartz
0x00000001c73de000 	/System/Library/PrivateFrameworks/CloudPhotoServicesConfiguration.framework/Versions/A/CloudPhotoServicesConfiguration
0x00000001b9e1e000 	/System/Library/PrivateFrameworks/CommerceKit.framework/Versions/A/CommerceKit
0x00000001c8d1e000 	/System/Library/PrivateFrameworks/FindMyMac.framework/Versions/A/FindMyMac
0x00000001c8bf5000 	/System/Library/Frameworks/PreferencePanes.framework/Versions/A/PreferencePanes
0x00000001bcac8000 	/System/Library/Frameworks/AddressBook.framework/Versions/A/AddressBook
0x00000001a8ff2000 	/System/Library/PrivateFrameworks/AOSAccounts.framework/Versions/A/AOSAccounts
0x00000001a3765000 	/System/Library/PrivateFrameworks/AppleSRP.framework/Versions/A/AppleSRP
0x00000001b635e000 	/System/Library/Frameworks/SafariServices.framework/Versions/A/SafariServices
0x00000001a7b10000 	/System/Library/PrivateFrameworks/NetFSServer.framework/Versions/A/NetFSServer
0x00000001b8c54000 	/System/Library/Frameworks/PDFKit.framework/Versions/A/PDFKit
0x00000001c9c16000 	/System/Library/PrivateFrameworks/EmailFoundation.framework/Versions/A/EmailFoundation
0x00000001c8c52000 	/System/Library/PrivateFrameworks/EmailCore.framework/Versions/A/EmailCore
0x00000001cca42000 	/System/Library/PrivateFrameworks/EmailAddressing.framework/Versions/A/EmailAddressing
0x00000001cca4e000 	/System/Library/PrivateFrameworks/Email.framework/Versions/A/Email
0x00000001f4eaa000 	/System/Library/Frameworks/TabularData.framework/Versions/A/TabularData
0x0000000275e25000 	/usr/lib/swift/libswiftPassKit.dylib
0x00000002386f6000 	/System/Library/PrivateFrameworks/BackgroundSystemTasks.framework/Versions/A/BackgroundSystemTasks
0x000000024f91a000 	/System/Library/PrivateFrameworks/LockdownMode.framework/Versions/A/LockdownMode
0x00000001a4242000 	/System/Library/PrivateFrameworks/CommunicationsFilter.framework/Versions/A/CommunicationsFilter
0x00000001da20f000 	/System/Library/Frameworks/PassKit.framework/Versions/A/PassKit
0x00000001ab40a000 	/System/Library/PrivateFrameworks/PassKitCore.framework/Versions/A/PassKitCore
0x0000000257159000 	/System/Library/PrivateFrameworks/PassKitMacHelperTemp.framework/Versions/A/PassKitMacHelperTemp
0x000000023615b000 	/System/Library/PrivateFrameworks/AppIntentsServices.framework/Versions/A/AppIntentsServices
0x00000001a8c08000 	/System/Library/PrivateFrameworks/CoreRecents.framework/Versions/A/CoreRecents
0x00000001b6491000 	/System/Library/PrivateFrameworks/BiometricKit.framework/Versions/A/BiometricKit
0x000000025c3a1000 	/System/Library/PrivateFrameworks/SEService.framework/Versions/A/SEService
0x00000001a9806000 	/System/Library/Frameworks/EventKit.framework/Versions/A/EventKit
0x00000001bb4ad000 	/System/Library/PrivateFrameworks/NearField.framework/Versions/A/NearField
0x00000001bd1e5000 	/System/Library/PrivateFrameworks/FTClientServices.framework/Versions/A/FTClientServices
0x00000001d5f6c000 	/System/Library/PrivateFrameworks/DiagnosticRequest.framework/Versions/A/DiagnosticRequest
0x0000000274e22000 	/usr/lib/libSESShared.dylib
0x000000025c542000 	/System/Library/PrivateFrameworks/STSXPCHelperClient.framework/Versions/A/STSXPCHelperClient
0x0000000265bf7000 	/System/Library/PrivateFrameworks/Symptoms.framework/Versions/A/Frameworks/SymptomPresentationFeed.framework/Versions/A/SymptomPresentationFeed
0x00000002376cf000 	/System/Library/PrivateFrameworks/AppleMediaServicesKitInternal.framework/Versions/A/AppleMediaServicesKitInternal
0x0000000265972000 	/System/Library/PrivateFrameworks/SymptomShared.framework/Versions/A/SymptomShared
0x0000000239e49000 	/System/Library/PrivateFrameworks/CalendarDatabase.framework/Versions/A/CalendarDatabase
0x0000000239d9d000 	/System/Library/PrivateFrameworks/CalendarDaemon.framework/Versions/A/CalendarDaemon
0x00000001a8c5d000 	/System/Library/PrivateFrameworks/CalendarFoundation.framework/Versions/A/CalendarFoundation
0x00000001a8c19000 	/System/Library/PrivateFrameworks/iCalendar.framework/Versions/A/iCalendar
0x000000023f698000 	/System/Library/PrivateFrameworks/DataAccessExpress.framework/Versions/A/DataAccessExpress
0x00000001af334000 	/System/Library/PrivateFrameworks/CoreDAV.framework/Versions/A/CoreDAV
0x00000001a96db000 	/System/Library/PrivateFrameworks/CalDAV.framework/Versions/A/CalDAV
0x00000001b384d000 	/System/Library/PrivateFrameworks/TelephonyUtilities.framework/Versions/A/TelephonyUtilities
0x00000001b7c17000 	/System/Library/Frameworks/CallKit.framework/Versions/A/CallKit
0x00000001df85d000 	/System/Library/PrivateFrameworks/IMTransferServices.framework/Versions/A/IMTransferServices
0x00000001b61c9000 	/System/Library/PrivateFrameworks/IncomingCallFilter.framework/Versions/A/IncomingCallFilter
0x0000000254a64000 	/System/Library/PrivateFrameworks/NeighborhoodActivityConduit.framework/Versions/A/NeighborhoodActivityConduit
0x0000000274c4a000 	/usr/lib/libBASupport.dylib
0x00000001c365e000 	/System/Library/PrivateFrameworks/SpotlightReceiver.framework/Versions/A/SpotlightReceiver
0x00000001bce86000 	/usr/lib/libnfshared.dylib
0x00000001dca3d000 	/System/Library/PrivateFrameworks/PassKitUIFoundation.framework/Versions/A/PassKitUIFoundation
0x00000001a3057000 	/System/Library/Frameworks/MapKit.framework/Versions/A/MapKit
0x00000001ef97d000 	/System/Library/Frameworks/ExtensionKit.framework/Versions/A/ExtensionKit
0x0000000247cc8000 	/System/Library/PrivateFrameworks/GeoAnalytics.framework/Versions/A/GeoAnalytics
0x00000001b71d7000 	/System/Library/PrivateFrameworks/SearchFoundation.framework/Versions/A/SearchFoundation
0x00000001bcebc000 	/System/Library/PrivateFrameworks/Navigation.framework/Versions/A/Navigation
0x00000001c5efe000 	/System/Library/PrivateFrameworks/VectorKit.framework/Versions/A/VectorKit
0x00000001af56a000 	/System/Library/PrivateFrameworks/VirtualGarage.framework/Versions/A/VirtualGarage
0x00000001bd035000 	/System/Library/Frameworks/ExternalAccessory.framework/ExternalAccessory
0x00000001bd04f000 	/System/Library/PrivateFrameworks/IAP.framework/Versions/A/IAP
0x00000001a330a000 	/System/Library/PrivateFrameworks/IOPlatformPluginFamily.framework/Versions/A/IOPlatformPluginFamily
0x00000002385b7000 	/System/Library/PrivateFrameworks/AvatarKit.framework/Versions/A/AvatarKit
0x000000023866f000 	/System/Library/PrivateFrameworks/AvatarPersistence.framework/Versions/A/AvatarPersistence
0x000000025ba59000 	/System/Library/PrivateFrameworks/RemoteUI.framework/Versions/A/RemoteUI
0x00000001a340e000 	/usr/lib/libCTGreenTeaLogger.dylib
0x00000001f50d4000 	/System/Library/Frameworks/TipKit.framework/Versions/A/TipKit
0x00000001d81c6000 	/System/Library/PrivateFrameworks/AppleCVA.framework/Versions/A/AppleCVA
0x000000023866e000 	/System/Library/PrivateFrameworks/AvatarKitContent.framework/Versions/A/AvatarKitContent
0x00000001a3436000 	/System/Library/PrivateFrameworks/CoreAppleCVA.framework/Versions/A/CoreAppleCVA
0x000000024e756000 	/System/Library/PrivateFrameworks/LiftUI.framework/Versions/A/LiftUI
0x000000023ad4e000 	/System/Library/PrivateFrameworks/CloudSettings.framework/Versions/A/CloudSettings
0x00000001b5df3000 	/System/Library/PrivateFrameworks/CoreRoutine.framework/Versions/A/CoreRoutine
0x00000001c468e000 	/System/Library/PrivateFrameworks/Categories.framework/Versions/A/Categories
0x000000023b24e000 	/System/Library/PrivateFrameworks/Coherence.framework/Versions/A/Coherence
0x00000001b3748000 	/System/Library/PrivateFrameworks/CoreParsec.framework/Versions/A/CoreParsec
0x00000002577e8000 	/System/Library/PrivateFrameworks/PegasusAPI.framework/Versions/A/PegasusAPI
0x00000002584b6000 	/System/Library/PrivateFrameworks/PegasusConfiguration.framework/Versions/A/PegasusConfiguration
0x000000024f8f1000 	/System/Library/PrivateFrameworks/LocalStatusKit.framework/Versions/A/LocalStatusKit
0x00000001b7dcb000 	/System/Library/PrivateFrameworks/ContextKit.framework/Versions/A/ContextKit
0x000000023bc0a000 	/System/Library/PrivateFrameworks/ContextKitCore.framework/Versions/A/ContextKitCore
0x00000001bd1e9000 	/System/Library/PrivateFrameworks/CharacterPicker.framework/Versions/A/CharacterPicker
0x00000001b62d0000 	/System/Library/PrivateFrameworks/ContactsDonation.framework/Versions/A/ContactsDonation
0x00000001af68c000 	/System/Library/PrivateFrameworks/ContactsUICore.framework/Versions/A/ContactsUICore
0x00000001b5bd6000 	/System/Library/PrivateFrameworks/DataDetectors.framework/Versions/A/DataDetectors
0x00000001a96c7000 	/System/Library/Frameworks/MediaLibrary.framework/Versions/A/MediaLibrary
0x00000001a4231000 	/System/Library/PrivateFrameworks/PersonaKit.framework/Versions/A/PersonaKit
0x00000001af67a000 	/System/Library/PrivateFrameworks/PersonaUI.framework/Versions/A/PersonaUI
0x000000024b167000 	/System/Library/PrivateFrameworks/InputToolKitUI.framework/Versions/A/InputToolKitUI
0x000000024b152000 	/System/Library/PrivateFrameworks/InputToolKit.framework/Versions/A/InputToolKit
0x000000026524a000 	/System/Library/PrivateFrameworks/Stickers.framework/Versions/A/Stickers
0x000000024b0c0000 	/System/Library/PrivateFrameworks/InputAnalytics.framework/Versions/A/InputAnalytics
0x00000001bed60000 	/System/Library/PrivateFrameworks/EmojiFoundation.framework/Versions/A/EmojiFoundation
0x000000024103a000 	/System/Library/PrivateFrameworks/FeedbackService.framework/Versions/A/FeedbackService
0x00000001a3ead000 	/System/Library/PrivateFrameworks/AddressBookCore.framework/Versions/A/AddressBookCore
0x00000001b7acc000 	/System/Library/PrivateFrameworks/IntlPreferences.framework/Versions/A/IntlPreferences
0x00000001bcc4b000 	/System/Library/PrivateFrameworks/ToneKit.framework/Versions/A/ToneKit
0x00000001b7b12000 	/System/Library/PrivateFrameworks/ToneLibrary.framework/Versions/A/ToneLibrary
0x000000023baa2000 	/System/Library/PrivateFrameworks/ContactsAccounts.framework/Versions/A/ContactsAccounts
0x00000001c8613000 	/System/Library/PrivateFrameworks/Transparency.framework/Versions/A/Transparency
0x00000001bb325000 	/System/Library/PrivateFrameworks/Lookup.framework/Versions/A/Lookup
0x00000001f32a8000 	/System/Library/Frameworks/QuickLookUI.framework/Versions/A/QuickLookUI
0x00000001f3c88000 	/System/Library/Frameworks/ScreenCaptureKit.framework/Versions/A/ScreenCaptureKit
0x00000001b8768000 	/System/Library/Frameworks/Quartz.framework/Versions/A/Frameworks/QuartzComposer.framework/Versions/A/QuartzComposer
0x00000001b7aa3000 	/System/Library/Frameworks/Quartz.framework/Versions/A/Frameworks/QuartzFilters.framework/Versions/A/QuartzFilters
0x00000001b6b89000 	/System/Library/Frameworks/Quartz.framework/Versions/A/Frameworks/ImageKit.framework/Versions/A/ImageKit
0x00000001edffd000 	/System/Library/Frameworks/OpenCL.framework/Versions/A/OpenCL
0x00000001b52d5000 	/System/Library/PrivateFrameworks/CorePDF.framework/Versions/A/CorePDF
0x00000001a11fa000 	/System/Library/Frameworks/QuickLook.framework/Versions/A/QuickLook
0x00000001ab30f000 	/System/Library/PrivateFrameworks/DisplayServices.framework/Versions/A/DisplayServices
0x00000001b7a13000 	/System/Library/Frameworks/ImageCaptureCore.framework/Versions/A/ImageCaptureCore
0x000000026c6e9000 	/System/Library/PrivateFrameworks/VisionKitCore.framework/Versions/A/VisionKitCore
0x00000001b3718000 	/System/Library/PrivateFrameworks/QuickLookSupport.framework/Versions/A/QuickLookSupport
0x0000000251f7a000 	/System/Library/PrivateFrameworks/MediaAnalysisServices.framework/Versions/A/MediaAnalysisServices
0x00000001ba314000 	/System/Library/PrivateFrameworks/PhotoLibraryServices.framework/Versions/A/PhotoLibraryServices
0x00000001b765c000 	/System/Library/Frameworks/Photos.framework/Versions/A/Photos
0x00000001cae43000 	/System/Library/PrivateFrameworks/PhotosFormats.framework/Versions/A/PhotosFormats
0x00000001c7410000 	/System/Library/PrivateFrameworks/CloudPhotoLibrary.framework/Versions/A/CloudPhotoLibrary
0x00000001d0434000 	/System/Library/PrivateFrameworks/CloudPhotoServices.framework/Versions/A/CloudPhotoServices
0x00000001ccbcb000 	/System/Library/PrivateFrameworks/CoreMediaStream.framework/Versions/A/CoreMediaStream
0x00000001a485d000 	/System/Library/PrivateFrameworks/CPAnalytics.framework/Versions/A/CPAnalytics
0x00000001c92b8000 	/System/Library/PrivateFrameworks/MediaConversionService.framework/Versions/A/MediaConversionService
0x00000001aaf7c000 	/System/Library/PrivateFrameworks/PhotoFoundation.framework/Versions/A/PhotoFoundation
0x0000000258a4e000 	/System/Library/PrivateFrameworks/PhotoLibraryServicesCore.framework/Versions/A/PhotoLibraryServicesCore
0x00000001c300f000 	/System/Library/PrivateFrameworks/MMCS.framework/Versions/A/MMCS
0x00000001a9530000 	/System/Library/PrivateFrameworks/ChunkingLibrary.framework/Versions/A/ChunkingLibrary
0x00000001a3710000 	/System/Library/PrivateFrameworks/AssetCacheServices.framework/Versions/A/AssetCacheServices
0x00000001a5438000 	/System/Library/PrivateFrameworks/AVFoundationCF.framework/Versions/A/AVFoundationCF
0x00000001df75a000 	/usr/lib/swift/libswiftDemangle.dylib
0x00000001b5e53000 	/System/Library/PrivateFrameworks/MediaStream.framework/Versions/A/MediaStream
0x00000001c97d2000 	/System/Library/PrivateFrameworks/NeutrinoCore.framework/Versions/A/NeutrinoCore
0x0000000194978000 	/System/Library/PrivateFrameworks/NLP.framework/Versions/A/NLP
0x00000001cf1e0000 	/System/Library/PrivateFrameworks/PhotoImaging.framework/Versions/A/PhotoImaging
0x00000001d03f5000 	/System/Library/PrivateFrameworks/PhotosImagingFoundation.framework/Versions/A/PhotosImagingFoundation
0x0000000259529000 	/System/Library/PrivateFrameworks/PhotosIntelligenceCore.framework/Versions/A/PhotosIntelligenceCore
0x00000001a58cf000 	/System/Library/PrivateFrameworks/EmbeddedAcousticRecognition.framework/Versions/A/EmbeddedAcousticRecognition
0x00000001c7677000 	/System/Library/PrivateFrameworks/SDAPI.framework/Versions/A/SDAPI
0x00000001d0442000 	/System/Library/PrivateFrameworks/AutoLoop.framework/Versions/A/AutoLoop
0x0000000259f92000 	/System/Library/PrivateFrameworks/Portrait.framework/Versions/A/Portrait
0x0000000236ec5000 	/System/Library/PrivateFrameworks/AppleDepth.framework/Versions/A/AppleDepth
0x0000000241bd0000 	/System/Library/PrivateFrameworks/FusionTracker.framework/Versions/A/FusionTracker
0x0000000236fb3000 	/System/Library/PrivateFrameworks/AppleDepthCore.framework/Versions/A/AppleDepthCore
0x00000001b8228000 	/System/Library/PrivateFrameworks/iTunesCloud.framework/Versions/A/iTunesCloud
0x00000001c0ad4000 	/System/Library/PrivateFrameworks/DAAPKit.framework/Versions/A/DAAPKit
0x0000000275ea9000 	/usr/lib/swift/libswiftVideoToolbox.dylib
0x00000001b3a29000 	/System/Library/PrivateFrameworks/DeviceManagement.framework/Versions/A/DeviceManagement
0x00000001d5ecb000 	/System/Library/PrivateFrameworks/ScreenTimeUI.framework/Versions/A/ScreenTimeUI
0x00000001b5bd0000 	/System/Library/PrivateFrameworks/QuickLookNonBaseSystem.framework/Versions/A/QuickLookNonBaseSystem
0x00000001b639f000 	/System/Library/PrivateFrameworks/Catalyst.framework/Versions/A/Catalyst
0x0000000251716000 	/System/Library/PrivateFrameworks/ManagedSettingsObjC.framework/Versions/A/ManagedSettingsObjC
0x00000001b7cb9000 	/System/Library/PrivateFrameworks/ScreenTimeCore.framework/Versions/A/ScreenTimeCore
0x00000001ca3a6000 	/System/Library/PrivateFrameworks/ScreenTimeServiceUI.framework/Versions/A/ScreenTimeServiceUI
0x00000001c319a000 	/System/Library/PrivateFrameworks/ConfigurationEngineModel.framework/Versions/A/ConfigurationEngineModel
0x00000001c5eba000 	/System/Library/PrivateFrameworks/UsageTracking.framework/Versions/A/UsageTracking
0x00000001ef77e000 	/System/Library/Frameworks/DeviceActivity.framework/Versions/A/DeviceActivity
0x00000001c5e8a000 	/System/Library/PrivateFrameworks/KnowledgeMonitor.framework/Versions/A/KnowledgeMonitor
0x00000001dc9e2000 	/System/Library/PrivateFrameworks/BluetoothManager.framework/Versions/A/BluetoothManager
0x00000001f08d9000 	/System/Library/Frameworks/ManagedSettings.framework/Versions/A/ManagedSettings
0x000000025174f000 	/System/Library/PrivateFrameworks/ManagedSettingsSupport.framework/Versions/A/ManagedSettingsSupport
0x00000001da2df000 	/System/Library/Frameworks/ReplayKit.framework/Versions/A/ReplayKit
0x00000001ac2a8000 	/System/Library/PrivateFrameworks/MarkupUI.framework/Versions/A/MarkupUI
0x00000001b5ba8000 	/System/Library/PrivateFrameworks/SidecarCore.framework/Versions/A/SidecarCore
0x00000001b8629000 	/System/Library/PrivateFrameworks/AnnotationKit.framework/Versions/A/AnnotationKit
0x00000001f5234000 	/System/Library/Frameworks/Translation.framework/Versions/A/Translation
0x00000001d1e0a000 	/System/Library/PrivateFrameworks/RevealCore.framework/Versions/A/RevealCore
0x00000001d1dfe000 	/System/Library/PrivateFrameworks/Reveal.framework/Versions/A/Reveal
0x00000002694f1000 	/System/Library/PrivateFrameworks/TranslationUIServices.framework/Versions/A/TranslationUIServices
0x00000001b6dcf000 	/System/Library/Frameworks/PencilKit.framework/Versions/A/PencilKit
0x00000001b6f84000 	/System/Library/PrivateFrameworks/SidecarUI.framework/Versions/A/SidecarUI
0x00000001b677c000 	/System/Library/PrivateFrameworks/CoreHandwriting.framework/Versions/A/CoreHandwriting
0x000000018eb3f000 	/usr/lib/libmecabra.dylib
0x00000001afb03000 	/System/Library/PrivateFrameworks/Calculate.framework/Versions/A/Calculate
0x000000019d09f000 	/usr/lib/libChineseTokenizer.dylib
0x00000001eaf3d000 	/System/Library/PrivateFrameworks/ScreenReaderCore.framework/Versions/A/ScreenReaderCore
0x0000000265621000 	/System/Library/PrivateFrameworks/StocksKit.framework/Versions/A/StocksKit
0x00000001aec7c000 	/System/Library/PrivateFrameworks/OAuth.framework/Versions/A/OAuth
0x00000002652ce000 	/System/Library/PrivateFrameworks/StocksCore.framework/Versions/A/StocksCore
0x0000000266332000 	/System/Library/PrivateFrameworks/TeaFoundation.framework/Versions/A/TeaFoundation
0x000000026651b000 	/System/Library/PrivateFrameworks/TeaSettings.framework/Versions/A/TeaSettings
0x00000001e0b24000 	/System/Library/PrivateFrameworks/NewsCore.framework/Versions/A/NewsCore
0x00000002662cf000 	/System/Library/PrivateFrameworks/TeaDB.framework/Versions/A/TeaDB
0x00000001dd7cb000 	/System/Library/PrivateFrameworks/RemoteConfiguration.framework/Versions/A/RemoteConfiguration
0x00000001e075e000 	/System/Library/PrivateFrameworks/NewsTransport.framework/Versions/A/NewsTransport
0x00000001e0b14000 	/System/Library/PrivateFrameworks/NewsFoundation.framework/Versions/A/NewsFoundation
0x0000000254fac000 	/System/Library/PrivateFrameworks/NewsURLBucket.framework/Versions/A/NewsURLBucket
0x00000001ba048000 	/System/Library/PrivateFrameworks/MobileInstallation.framework/Versions/A/MobileInstallation
0x0000000268538000 	/System/Library/PrivateFrameworks/TipKitCore.framework/Versions/A/TipKitCore
0x00000001bede3000 	/System/Library/PrivateFrameworks/CoreCDPInternal.framework/Versions/A/CoreCDPInternal
0x00000001aebce000 	/System/Library/PrivateFrameworks/AccountsDaemon.framework/Versions/A/AccountsDaemon
0x000000025b69b000 	/System/Library/PrivateFrameworks/RegulatoryDomain.framework/Versions/A/RegulatoryDomain
0x00000001d66fb000 	/System/Library/PrivateFrameworks/MachineSettings.framework/Versions/A/MachineSettings
0x00000001c8b78000 	/System/Library/PrivateFrameworks/BezelServices.framework/Versions/A/BezelServices
0x00000001c0b5d000 	/System/Library/PrivateFrameworks/SPOwner.framework/Versions/A/SPOwner
0x00000001b9e83000 	/System/Library/PrivateFrameworks/FMCore.framework/Versions/A/FMCore
0x00000002700a8000 	/System/Library/PrivateFrameworks/iCloudQuota.framework/Versions/A/iCloudQuota
0x00000001af5ff000 	/System/Library/PrivateFrameworks/CoreRecognition.framework/Versions/A/CoreRecognition
0x00000001c8c2d000 	/System/Library/PrivateFrameworks/InAppMessages.framework/Versions/A/InAppMessages
0x00000001e9c88000 	/System/Library/PrivateFrameworks/JetUI.framework/Versions/A/JetUI
0x000000024e4b2000 	/System/Library/PrivateFrameworks/JetPack.framework/Versions/A/JetPack
0x00000001c8c24000 	/System/Library/PrivateFrameworks/InAppMessagesCore.framework/Versions/A/InAppMessagesCore
0x000000026f7a0000 	/System/Library/PrivateFrameworks/_JetEngine_SwiftUI.framework/Versions/A/_JetEngine_SwiftUI
0x0000000265c1f000 	/System/Library/PrivateFrameworks/Synapse.framework/Versions/A/Synapse
0x0000000239c39000 	/System/Library/PrivateFrameworks/CSExattrCrypto.framework/Versions/A/CSExattrCrypto
0x00000001aaf8d000 	/System/Library/PrivateFrameworks/IMSharedUtilities.framework/Versions/A/IMSharedUtilities
0x00000001c3f48000 	/System/Library/Frameworks/InstantMessage.framework/Versions/A/InstantMessage
0x00000001bc9c9000 	/System/Library/PrivateFrameworks/IDSKVStore.framework/Versions/A/IDSKVStore
0x00000001bc809000 	/System/Library/PrivateFrameworks/IMDPersistence.framework/Versions/A/IMDPersistence
0x0000000275dc5000 	/usr/lib/swift/libswiftAppleArchive.dylib
0x000000026ac26000 	/System/Library/PrivateFrameworks/UserSafety.framework/Versions/A/UserSafety
0x00000001dbc34000 	/System/Library/PrivateFrameworks/BlastDoor.framework/Versions/A/BlastDoor
0x00000001f3d0c000 	/System/Library/Frameworks/SensitiveContentAnalysis.framework/Versions/A/SensitiveContentAnalysis
0x000000024f598000 	/System/Library/PrivateFrameworks/LinkPresentationStyleSheetParsing.framework/Versions/A/LinkPresentationStyleSheetParsing
0x00000001b6228000 	/System/Library/PrivateFrameworks/CoreSDB.framework/Versions/A/CoreSDB
0x000000023800d000 	/System/Library/PrivateFrameworks/AskToCore.framework/Versions/A/AskToCore
0x00000001bb012000 	/System/Library/PrivateFrameworks/StoreFoundation.framework/Versions/A/StoreFoundation
0x00000001b9e7d000 	/System/Library/PrivateFrameworks/ServerInformation.framework/Versions/A/ServerInformation
0x00000001b98ee000 	/System/Library/PrivateFrameworks/Install.framework/Frameworks/DistributionKit.framework/Versions/A/DistributionKit
0x00000001b34e5000 	/System/Library/PrivateFrameworks/PackageKit.framework/Versions/A/PackageKit
0x00000001b9911000 	/System/Library/PrivateFrameworks/OSPersonalization.framework/Versions/A/OSPersonalization
0x00000001bb57e000 	/System/Library/PrivateFrameworks/BridgeOSSoftwareUpdate.framework/Versions/A/BridgeOSSoftwareUpdate
0x00000001b66a4000 	/System/Library/PrivateFrameworks/StorageManagement.framework/Versions/A/StorageManagement
0x00000001c9f2f000 	/usr/lib/libauthinstall.dylib
0x00000001bb587000 	/System/Library/PrivateFrameworks/InstallerDiagnostics.framework/Versions/A/InstallerDiagnostics
0x00000001ca562000 	/usr/lib/libcrypto.42.dylib
0x00000001bb56c000 	/System/Library/PrivateFrameworks/GPUInfo.framework/Versions/A/GPUInfo
0x00000001c8d24000 	/System/Library/PrivateFrameworks/MobileActivationMacOS.framework/Versions/A/MobileActivationMacOS
0x00000001a4804000 	/System/Library/PrivateFrameworks/GenerationalStorage.framework/Versions/A/GenerationalStorage
0x000000019fd64000 	/System/Library/PrivateFrameworks/CacheDelete.framework/Versions/A/CacheDelete
0x00000001a7c42000 	/System/Library/Frameworks/QuickLookThumbnailing.framework/Versions/A/QuickLookThumbnailing
0x00000001a4636000 	/System/Library/Frameworks/FileProvider.framework/Versions/A/FileProvider
0x0000000192ddb000 	/System/Library/PrivateFrameworks/DesktopServicesPriv.framework/Versions/A/DesktopServicesPriv
0x000000019509d000 	/System/Library/Frameworks/Accounts.framework/Versions/A/Accounts
0x00000001bb5cb000 	/System/Library/PrivateFrameworks/AOSKit.framework/Versions/A/AOSKit
0x000000019d1cf000 	/System/Library/PrivateFrameworks/AppSSOCore.framework/Versions/A/AppSSOCore
0x00000001a72ef000 	/System/Library/PrivateFrameworks/AppSupport.framework/Versions/A/AppSupport
0x00000001b56ae000 	/System/Library/Frameworks/AVFoundation.framework/Versions/A/AVFoundation
0x00000001a7b65000 	/System/Library/PrivateFrameworks/DuetActivityScheduler.framework/Versions/A/DuetActivityScheduler
0x00000001b61cf000 	/System/Library/PrivateFrameworks/FTServices.framework/Versions/A/FTServices
0x00000001c7349000 	/System/Library/PrivateFrameworks/NetworkServiceProxy.framework/Versions/A/NetworkServiceProxy
0x00000001a7b2b000 	/System/Library/PrivateFrameworks/StreamingZip.framework/Versions/A/StreamingZip
0x00000001a6c1b000 	/System/Library/PrivateFrameworks/CoreWiFi.framework/Versions/A/CoreWiFi
0x000000019fc90000 	/System/Library/PrivateFrameworks/MobileAsset.framework/Versions/A/MobileAsset
0x00000001a57dc000 	/System/Library/PrivateFrameworks/Rapport.framework/Versions/A/Rapport
0x0000000265982000 	/System/Library/PrivateFrameworks/Symptoms.framework/Versions/A/Frameworks/SymptomAnalytics.framework/Versions/A/SymptomAnalytics
0x00000001a337c000 	/usr/lib/libnetworkextension.dylib
0x00000002756ab000 	/usr/lib/libmrc.dylib
0x000000024a9d3000 	/System/Library/PrivateFrameworks/IPConfiguration.framework/Versions/A/IPConfiguration
0x00000001d6543000 	/System/Library/PrivateFrameworks/Netrb.framework/Versions/A/Netrb
0x00000001e14c6000 	/System/Library/PrivateFrameworks/WiFiPeerToPeer.framework/Versions/A/WiFiPeerToPeer
0x00000001bd169000 	/System/Library/PrivateFrameworks/SoftwareUpdateCoreSupport.framework/Versions/A/SoftwareUpdateCoreSupport
0x00000001c4b0a000 	/System/Library/PrivateFrameworks/SoftwareUpdateCoreConnect.framework/Versions/A/SoftwareUpdateCoreConnect
0x00000001a71a7000 	/System/Library/PrivateFrameworks/RemoteServiceDiscovery.framework/Versions/A/RemoteServiceDiscovery
0x00000001bcdef000 	/System/Library/PrivateFrameworks/MSUDataAccessor.framework/Versions/A/MSUDataAccessor
0x00000001b85e4000 	/usr/lib/libbootpolicy.dylib
0x00000001a71bd000 	/System/Library/PrivateFrameworks/RemoteXPC.framework/Versions/A/RemoteXPC
0x00000001c3f58000 	/usr/lib/libFDR.dylib
0x00000001ca002000 	/usr/lib/libamsupport.dylib
0x0000000274dfe000 	/usr/lib/libReverseProxyDevice.dylib
0x0000000237033000 	/System/Library/PrivateFrameworks/AppleDeviceQuerySupport.framework/Versions/A/AppleDeviceQuerySupport
0x00000001cceef000 	/usr/lib/libpartition2_dynamic.dylib
0x000000019b7c9000 	/System/Library/Frameworks/UserNotifications.framework/Versions/A/UserNotifications
0x00000001dc7f8000 	/System/Library/Frameworks/CryptoKit.framework/Versions/A/CryptoKit
0x00000001a7b03000 	/System/Library/PrivateFrameworks/CryptoKitCBridging.framework/Versions/A/CryptoKitCBridging
0x00000001a5352000 	/System/Library/Frameworks/CryptoTokenKit.framework/Versions/A/CryptoTokenKit
0x00000001d0a4c000 	/usr/lib/swift/libswiftCryptoTokenKit.dylib
0x00000001a53b6000 	/System/Library/Frameworks/LocalAuthentication.framework/Versions/A/LocalAuthentication
0x000000024f76d000 	/System/Library/PrivateFrameworks/LocalAuthenticationCore.framework/Versions/A/LocalAuthenticationCore
0x00000001a540b000 	/System/Library/Frameworks/LocalAuthentication.framework/Support/SharedUtils.framework/Versions/A/SharedUtils
0x000000019fdfc000 	/usr/lib/libTelephonyUtilDynamic.dylib
0x00000001a43df000 	/System/Library/PrivateFrameworks/SymptomDiagnosticReporter.framework/Versions/A/SymptomDiagnosticReporter
0x000000023f34f000 	/System/Library/PrivateFrameworks/CryptoKitPrivate.framework/Versions/A/CryptoKitPrivate
0x00000001971b1000 	/System/Library/PrivateFrameworks/ApplePushService.framework/Versions/A/ApplePushService
0x00000001b58d9000 	/System/Library/PrivateFrameworks/FindMyDevice.framework/Versions/A/FindMyDevice
0x0000000195122000 	/System/Library/PrivateFrameworks/CommonUtilities.framework/Versions/A/CommonUtilities
0x00000001cb979000 	/System/Library/PrivateFrameworks/DeviceIdentity.framework/Versions/A/DeviceIdentity
0x000000019d8f9000 	/System/Library/PrivateFrameworks/Bom.framework/Versions/A/Bom
0x000000019f8c0000 	/usr/lib/libParallelCompression.dylib
0x000000019f8b2000 	/System/Library/PrivateFrameworks/MultiverseSupport.framework/Versions/A/MultiverseSupport
0x00000001ab3ea000 	/System/Library/PrivateFrameworks/FMCoreLite.framework/Versions/A/FMCoreLite
0x000000019b525000 	/System/Library/PrivateFrameworks/AuthKit.framework/Versions/A/AuthKit
0x00000001a4512000 	/System/Library/PrivateFrameworks/DiskManagement.framework/Versions/A/DiskManagement
0x00000001a441e000 	/System/Library/PrivateFrameworks/AppleIDAuthSupport.framework/Versions/A/AppleIDAuthSupport
0x0000000233c8f000 	/System/Library/PrivateFrameworks/AAAFoundation.framework/Versions/A/AAAFoundation
0x000000019fdb0000 	/System/Library/PrivateFrameworks/KeychainCircle.framework/Versions/A/KeychainCircle
0x00000001affdd000 	/System/Library/PrivateFrameworks/URLFormatting.framework/Versions/A/URLFormatting
0x00000001a725b000 	/usr/lib/libcsfde.dylib
0x000000019d359000 	/usr/lib/libCoreStorage.dylib
0x00000001a116f000 	/System/Library/PrivateFrameworks/ProtectedCloudStorage.framework/Versions/A/ProtectedCloudStorage
0x00000001a7256000 	/System/Library/PrivateFrameworks/EFILogin.framework/Versions/A/EFILogin
0x00000001af285000 	/System/Library/PrivateFrameworks/CloudServices.framework/Versions/A/CloudServices
0x00000001a482b000 	/System/Library/PrivateFrameworks/OctagonTrust.framework/Versions/A/OctagonTrust
0x00000001a4f45000 	/System/Library/PrivateFrameworks/AVFCore.framework/Versions/A/AVFCore
0x00000001add0f000 	/System/Library/PrivateFrameworks/AVFCapture.framework/Versions/A/AVFCapture
0x000000019e5cf000 	/System/Library/Frameworks/MediaToolbox.framework/Versions/A/MediaToolbox
0x00000001a4607000 	/System/Library/PrivateFrameworks/CoreAVCHD.framework/Versions/A/CoreAVCHD
0x00000001a4603000 	/System/Library/PrivateFrameworks/Mangrove.framework/Versions/A/Mangrove
0x0000000239b29000 	/System/Library/PrivateFrameworks/CMPhoto.framework/Versions/A/CMPhoto
0x00000001a4d62000 	/System/Library/Frameworks/CoreTelephony.framework/Versions/A/CoreTelephony
0x00000001a45f6000 	/System/Library/PrivateFrameworks/CoreAUC.framework/Versions/A/CoreAUC
0x0000000237475000 	/System/Library/PrivateFrameworks/AppleJPEGXL.framework/Versions/A/AppleJPEGXL
0x0000000239955000 	/System/Library/PrivateFrameworks/CMImaging.framework/Versions/A/CMImaging
0x00000001adf27000 	/System/Library/PrivateFrameworks/Quagga.framework/Versions/A/Quagga
0x00000001ae05a000 	/System/Library/PrivateFrameworks/CMCapture.framework/Versions/A/CMCapture
0x000000019f994000 	/System/Library/Frameworks/CoreMediaIO.framework/Versions/A/CoreMediaIO
0x00000001a7c8e000 	/System/Library/PrivateFrameworks/Espresso.framework/Versions/A/Espresso
0x00000001eb2f9000 	/System/Library/PrivateFrameworks/ANECompiler.framework/Versions/A/ANECompiler
0x00000001a9c74000 	/System/Library/PrivateFrameworks/AppleNeuralEngine.framework/Versions/A/AppleNeuralEngine
0x00000001f1598000 	/System/Library/Frameworks/MetalPerformanceShadersGraph.framework/Versions/A/MetalPerformanceShadersGraph
0x0000000250265000 	/System/Library/PrivateFrameworks/MLCompilerServices.framework/Versions/A/MLCompilerServices
0x00000001a8b4a000 	/System/Library/PrivateFrameworks/ANEServices.framework/Versions/A/ANEServices
0x00000001bb340000 	/usr/lib/libncurses.5.4.dylib
0x0000000191727000 	/usr/lib/libsandbox.1.dylib
0x000000019d351000 	/usr/lib/libMatch.1.dylib
0x0000000250209000 	/System/Library/PrivateFrameworks/MLCompilerRuntime.framework/Versions/A/MLCompilerRuntime
0x000000023988b000 	/System/Library/PrivateFrameworks/CMCaptureDevice.framework/Versions/A/CMCaptureDevice
0x000000023a67b000 	/System/Library/PrivateFrameworks/CinematicFraming.framework/Versions/A/CinematicFraming
0x00000001b52d7000 	/System/Library/Frameworks/CoreMotion.framework/Versions/A/CoreMotion
0x00000001c4001000 	/System/Library/PrivateFrameworks/TimeSync.framework/Versions/A/TimeSync
0x000000023fdef000 	/System/Library/PrivateFrameworks/DistributedSensing.framework/Versions/A/DistributedSensing
0x00000001bfed0000 	/System/Library/PrivateFrameworks/MobileBluetooth.framework/Versions/A/MobileBluetooth
0x000000019f568000 	/System/Library/PrivateFrameworks/LocationSupport.framework/Versions/A/LocationSupport
0x00000001c5ac3000 	/System/Library/PrivateFrameworks/IOKitten.framework/Versions/A/IOKitten
0x0000000193046000 	/System/Library/PrivateFrameworks/CoreDuet.framework/Versions/A/CoreDuet
0x00000001a6574000 	/System/Library/PrivateFrameworks/CoreDuetContext.framework/Versions/A/CoreDuetContext
0x00000001c0a7d000 	/System/Library/PrivateFrameworks/BiomeFoundation.framework/Versions/A/BiomeFoundation
0x00000002387ba000 	/System/Library/PrivateFrameworks/BiomeLibrary.framework/Versions/A/BiomeLibrary
0x00000001c407f000 	/System/Library/PrivateFrameworks/BiomeStreams.framework/Versions/A/BiomeStreams
0x00000001ca3ad000 	/System/Library/PrivateFrameworks/BiomePubSub.framework/Versions/A/BiomePubSub
0x0000000197219000 	/System/Library/Frameworks/CloudKit.framework/Versions/A/CloudKit
0x00000001a65ca000 	/System/Library/Frameworks/Intents.framework/Versions/A/Intents
0x00000001a8cf2000 	/System/Library/PrivateFrameworks/CoreDuetDaemonProtocol.framework/Versions/A/CoreDuetDaemonProtocol
0x00000001a8b78000 	/System/Library/PrivateFrameworks/ProactiveSupport.framework/Versions/A/ProactiveSupport
0x0000000259ef9000 	/System/Library/PrivateFrameworks/PoirotSchematizer.framework/Versions/A/PoirotSchematizer
0x0000000238e54000 	/System/Library/PrivateFrameworks/BiomeSync.framework/Versions/A/BiomeSync
0x000000023879b000 	/System/Library/PrivateFrameworks/BiomeFlexibleStorage.framework/Versions/A/BiomeFlexibleStorage
0x000000023877f000 	/System/Library/PrivateFrameworks/BiomeDSL.framework/Versions/A/BiomeDSL
0x00000001ca40a000 	/System/Library/PrivateFrameworks/BiomeStorage.framework/Versions/A/BiomeStorage
0x0000000259f66000 	/System/Library/PrivateFrameworks/PoirotUDFs.framework/Versions/A/PoirotUDFs
0x0000000259ec8000 	/System/Library/PrivateFrameworks/PoirotSQLite.framework/Versions/A/PoirotSQLite
0x00000001a75f7000 	/System/Library/PrivateFrameworks/InternationalTextSearch.framework/Versions/A/InternationalTextSearch
0x000000024dd91000 	/System/Library/PrivateFrameworks/IntelligencePlatformLibrary.framework/Versions/A/IntelligencePlatformLibrary
0x000000023a240000 	/System/Library/PrivateFrameworks/CascadeSets.framework/Versions/A/CascadeSets
0x00000001a084e000 	/System/Library/PrivateFrameworks/IDS.framework/Versions/A/IDS
0x000000019f4ee000 	/System/Library/PrivateFrameworks/IMFoundation.framework/Versions/A/IMFoundation
0x00000001af5b4000 	/System/Library/PrivateFrameworks/Marco.framework/Versions/A/Marco
0x00000001a0a1b000 	/System/Library/PrivateFrameworks/IDSFoundation.framework/Versions/A/IDSFoundation
0x00000001ac2d4000 	/System/Library/PrivateFrameworks/Engram.framework/Versions/A/Engram
0x00000001ac274000 	/usr/lib/libtidy.A.dylib
0x00000001c3b68000 	/System/Library/PrivateFrameworks/FTAWD.framework/Versions/A/FTAWD
0x00000001f3dcc000 	/System/Library/Frameworks/SharedWithYouCore.framework/Versions/A/SharedWithYouCore
0x00000001a76c2000 	/System/Library/PrivateFrameworks/AppleAccount.framework/Versions/A/AppleAccount
0x00000001a7be8000 	/System/Library/PrivateFrameworks/C2.framework/Versions/A/C2
0x0000000198a0b000 	/System/Library/Frameworks/CoreLocation.framework/Versions/A/CoreLocation
0x000000023aa29000 	/System/Library/PrivateFrameworks/CloudAssets.framework/Versions/A/CloudAssets
0x00000001a7bdf000 	/System/Library/Frameworks/PushKit.framework/Versions/A/PushKit
0x00000001d2520000 	/usr/lib/swift/libswiftAVFoundation.dylib
0x00000001bc7b0000 	/usr/lib/swift/libswiftCoreLocation.dylib
0x00000001bc7c6000 	/usr/lib/swift/libswiftCoreMIDI.dylib
0x00000001d0a4e000 	/usr/lib/swift/libswiftCoreMedia.dylib
0x00000001a0caf000 	/System/Library/PrivateFrameworks/Sharing.framework/Versions/A/Sharing
0x00000001a6c1a000 	/System/Library/PrivateFrameworks/Apple80211.framework/Versions/A/Apple80211
0x000000019aae0000 	/System/Library/Frameworks/CoreWLAN.framework/Versions/A/CoreWLAN
0x00000001aacdf000 	/System/Library/PrivateFrameworks/AssistantServices.framework/Versions/A/AssistantServices
0x00000001a55df000 	/System/Library/PrivateFrameworks/SAObjects.framework/Versions/A/SAObjects
0x00000001aa917000 	/System/Library/PrivateFrameworks/MediaRemote.framework/Versions/A/MediaRemote
0x00000001bba22000 	/System/Library/PrivateFrameworks/SiriInstrumentation.framework/Versions/A/SiriInstrumentation
0x000000025d796000 	/System/Library/PrivateFrameworks/SiriAnalytics.framework/Versions/A/SiriAnalytics
0x000000026334c000 	/System/Library/PrivateFrameworks/SiriTTSService.framework/Versions/A/SiriTTSService
0x000000025e152000 	/System/Library/PrivateFrameworks/SiriCrossDeviceArbitration.framework/Versions/A/SiriCrossDeviceArbitration
0x00000001b96bb000 	/System/Library/PrivateFrameworks/FeedbackLogger.framework/Versions/A/FeedbackLogger
0x000000025e1a6000 	/System/Library/PrivateFrameworks/SiriCrossDeviceArbitrationFeedback.framework/Versions/A/SiriCrossDeviceArbitrationFeedback
0x0000000247b91000 	/System/Library/PrivateFrameworks/GenerativeModels.framework/Versions/A/GenerativeModels
0x00000001af420000 	/System/Library/PrivateFrameworks/MediaServices.framework/Versions/A/MediaServices
0x000000019d5bc000 	/System/Library/PrivateFrameworks/PersistentConnection.framework/Versions/A/PersistentConnection
0x00000001a1448000 	/System/Library/PrivateFrameworks/GeoServices.framework/Versions/A/GeoServices
0x0000000247db9000 	/System/Library/PrivateFrameworks/GeoServicesCore.framework/Versions/A/GeoServicesCore
0x00000001affdb000 	/System/Library/PrivateFrameworks/PhoneNumbers.framework/Versions/A/PhoneNumbers
0x000000023f857000 	/System/Library/PrivateFrameworks/Dendrite.framework/Versions/A/Dendrite
0x0000000238133000 	/System/Library/PrivateFrameworks/AtomicsInternal.framework/Versions/A/AtomicsInternal
0x00000001bd5c0000 	/usr/lib/libtailspin.dylib
0x00000001d054a000 	/System/Library/PrivateFrameworks/Osprey.framework/Versions/A/Osprey
0x00000002629cb000 	/System/Library/PrivateFrameworks/SiriTTS.framework/Versions/A/SiriTTS
0x00000001b62ec000 	/System/Library/Frameworks/NaturalLanguage.framework/Versions/A/NaturalLanguage
0x0000000261705000 	/System/Library/PrivateFrameworks/SiriPowerInstrumentation.framework/Versions/A/SiriPowerInstrumentation
0x00000001b7111000 	/System/Library/PrivateFrameworks/Trial.framework/Versions/A/Trial
0x00000001b7093000 	/System/Library/PrivateFrameworks/TrialProto.framework/Versions/A/TrialProto
0x000000026a49c000 	/System/Library/PrivateFrameworks/UnifiedAssetFramework.framework/Versions/A/UnifiedAssetFramework
0x00000001e144a000 	/usr/lib/swift/libswiftNaturalLanguage.dylib
0x00000002662cd000 	/System/Library/PrivateFrameworks/TailspinSymbolication.framework/Versions/A/TailspinSymbolication
0x000000023f566000 	/System/Library/PrivateFrameworks/Darwinup.framework/Versions/A/Darwinup
0x00000001c9325000 	/System/Library/PrivateFrameworks/SignpostSupport.framework/Versions/A/SignpostSupport
0x00000001b61b5000 	/System/Library/PrivateFrameworks/FeatureFlagsSupport.framework/Versions/A/FeatureFlagsSupport
0x00000001c8a88000 	/System/Library/PrivateFrameworks/ktrace.framework/Versions/A/ktrace
0x00000001c95a5000 	/System/Library/PrivateFrameworks/SampleAnalysis.framework/Versions/A/SampleAnalysis
0x00000001d1de6000 	/System/Library/PrivateFrameworks/kperfdata.framework/Versions/A/kperfdata
0x00000001a1329000 	/usr/lib/libdscsym.dylib
0x00000001d227e000 	/System/Library/PrivateFrameworks/BulkSymbolication.framework/Versions/A/BulkSymbolication
0x00000001976b4000 	/System/Library/Frameworks/CoreML.framework/Versions/A/CoreML
0x00000001df724000 	/usr/lib/libedit.3.dylib
0x000000019b126000 	/System/Library/Frameworks/MLCompute.framework/Versions/A/MLCompute
0x00000002500b8000 	/System/Library/PrivateFrameworks/MLAssetIO.framework/Versions/A/MLAssetIO
0x0000000275e07000 	/usr/lib/swift/libswiftMLCompute.dylib
0x000000018fbfd000 	/System/Library/PrivateFrameworks/LanguageModeling.framework/Versions/A/LanguageModeling
0x0000000194764000 	/System/Library/PrivateFrameworks/Montreal.framework/Versions/A/Montreal
0x000000019ba54000 	/usr/lib/libcmph.dylib
0x0000000247c53000 	/System/Library/PrivateFrameworks/GenerativeModelsFoundation.framework/Versions/A/GenerativeModelsFoundation
0x0000000268863000 	/System/Library/PrivateFrameworks/TokenGeneration.framework/Versions/A/TokenGeneration
0x0000000247a2a000 	/System/Library/PrivateFrameworks/GenerativeFunctions.framework/Versions/A/GenerativeFunctions
0x0000000247a7b000 	/System/Library/PrivateFrameworks/GenerativeFunctionsFoundation.framework/Versions/A/GenerativeFunctionsFoundation
0x000000025300c000 	/System/Library/PrivateFrameworks/ModelCatalog.framework/Versions/A/ModelCatalog
0x000000025d093000 	/System/Library/PrivateFrameworks/SensitiveContentAnalysisML.framework/Versions/A/SensitiveContentAnalysisML
0x0000000247b2a000 	/System/Library/PrivateFrameworks/GenerativeFunctionsInstrumentation.framework/Versions/A/GenerativeFunctionsInstrumentation
0x000000025af8b000 	/System/Library/PrivateFrameworks/PromptKit.framework/Versions/A/PromptKit
0x000000025aab5000 	/System/Library/PrivateFrameworks/ProactiveDaemonSupport.framework/Versions/A/ProactiveDaemonSupport
0x0000000268a1b000 	/System/Library/PrivateFrameworks/TokenGenerationCore.framework/Versions/A/TokenGenerationCore
0x000000026bb13000 	/System/Library/PrivateFrameworks/VectorSearch.framework/Versions/A/VectorSearch
0x00000002532d1000 	/System/Library/PrivateFrameworks/ModelManagerServices.framework/Versions/A/ModelManagerServices
0x0000000237095000 	/System/Library/PrivateFrameworks/AppleFlatBuffers.framework/Versions/A/AppleFlatBuffers
0x00000001af9ca000 	/System/Library/PrivateFrameworks/ProactiveEventTracker.framework/Versions/A/ProactiveEventTracker
0x0000000233cab000 	/System/Library/PrivateFrameworks/AAAFoundationSwift.framework/Versions/A/AAAFoundationSwift
0x00000001a7917000 	/System/Library/PrivateFrameworks/AppleIDSSOAuthentication.framework/Versions/A/AppleIDSSOAuthentication
0x00000001c32f3000 	/usr/lib/swift/libswiftCompression.dylib
0x000000025d21e000 	/System/Library/PrivateFrameworks/SentencePieceInternal.framework/Versions/A/SentencePieceInternal
0x00000001a37aa000 	/System/Library/Frameworks/Vision.framework/Versions/A/Vision
0x000000023efba000 	/System/Library/PrivateFrameworks/CoreSceneUnderstanding.framework/Versions/A/CoreSceneUnderstanding
0x000000026c69e000 	/System/Library/PrivateFrameworks/VisionCore.framework/Versions/A/VisionCore
0x00000001beec1000 	/System/Library/Frameworks/Vision.framework/libfaceCore.dylib
0x00000001bf9bb000 	/System/Library/PrivateFrameworks/Futhark.framework/Versions/A/Futhark
0x00000001c30bb000 	/System/Library/PrivateFrameworks/InertiaCam.framework/Versions/A/InertiaCam
0x00000001bf76e000 	/System/Library/PrivateFrameworks/TextRecognition.framework/Versions/A/TextRecognition
0x000000019d1ef000 	/System/Library/PrivateFrameworks/CVNLP.framework/Versions/A/CVNLP
0x00000002467ac000 	/System/Library/PrivateFrameworks/GRDBInternal.framework/Versions/A/GRDBInternal
0x00000001a99e2000 	/System/Library/PrivateFrameworks/RTCReporting.framework/Versions/A/RTCReporting
0x00000001a7bce000 	/System/Library/PrivateFrameworks/IntentsFoundation.framework/Versions/A/IntentsFoundation
0x00000001a05d7000 	/System/Library/Frameworks/NetworkExtension.framework/Versions/A/NetworkExtension
0x00000001baec1000 	/System/Library/PrivateFrameworks/CaptiveNetwork.framework/Versions/A/CaptiveNetwork
0x00000001a7167000 	/System/Library/PrivateFrameworks/EAP8021X.framework/Versions/A/EAP8021X
0x00000001c9571000 	/System/Library/PrivateFrameworks/UIKitServices.framework/Versions/A/UIKitServices
0x0000000111ce4000 	/System/Library/Extensions/AGXMetal13_3.bundle/Contents/MacOS/AGXMetal13_3
0x00000001af2d2000 	/System/Library/PrivateFrameworks/IOGPU.framework/Versions/A/IOGPU
0x00000001bc795000 	/System/Library/Frameworks/Accelerate.framework/Versions/A/Frameworks/vImage.framework/Versions/A/Libraries/libCGInterfaces.dylib
0x0000000235299000 	/System/Library/PrivateFrameworks/AccessibilityBundles.framework/Versions/A/AccessibilityBundles
0x00000001bfaac000 	/System/Library/CoreServices/RawCamera.bundle/Contents/MacOS/RawCamera
0x00000001112e0000 	/Applications/REAPER.app/Contents/Plugins/elastique3.dylib
0x0000000111270000 	/Applications/REAPER.app/Contents/Plugins/soundtouch.dylib
0x000000011123c000 	/Applications/REAPER.app/Contents/Plugins/rubberband.dylib
0x0000000111428000 	/Applications/REAPER.app/Contents/Plugins/jsfx.dylib
0x0000000113500000 	/Applications/REAPER.app/Contents/Plugins/reaper_wave.dylib
0x0000000111980000 	/Applications/REAPER.app/Contents/Plugins/reaper_mp3dec.dylib
0x000000011a85c000 	/Applications/REAPER.app/Contents/Plugins/libmp3lame.dylib
0x000000011abf8000 	/Applications/REAPER.app/Contents/Plugins/reaper_midi.dylib
0x0000000113d8c000 	/Applications/REAPER.app/Contents/Plugins/reaper_wavpack.dylib
0x0000000113f00000 	/Applications/REAPER.app/Contents/Plugins/reaper_opus.dylib
0x0000000113f90000 	/Applications/REAPER.app/Contents/Plugins/reaper_flac.dylib
0x000000011353c000 	/Applications/REAPER.app/Contents/Plugins/reaper_rex.dylib
0x0000000111cc0000 	/Applications/REAPER.app/Contents/Plugins/reaper_ddp.dylib
0x000000011a9cc000 	/Applications/REAPER.app/Contents/Plugins/reaper_explorer.dylib
0x00000001119e0000 	/Applications/REAPER.app/Contents/Plugins/reaper_cd.dylib
0x00000001ef834000 	/System/Library/Frameworks/DiscRecordingUI.framework/Versions/A/DiscRecordingUI
0x000000011aa40000 	/Applications/REAPER.app/Contents/Plugins/reaper_ogg.dylib
0x000000011ab34000 	/Applications/REAPER.app/Contents/Plugins/reaper_csurf.dylib
0x000000011f81c000 	/Applications/REAPER.app/Contents/Plugins/reaper_video.dylib
0x0000000113dd4000 	/Applications/REAPER.app/Contents/Plugins/reap_osx_modern.dylib
0x00000001b56af000 	/System/Library/Frameworks/AVKit.framework/Versions/A/AVKit
0x000000023514a000 	/System/Library/PrivateFrameworks/AVKitCore.framework/Versions/A/AVKitCore
0x00000001caf6d000 	/System/Library/PrivateFrameworks/PIP.framework/Versions/A/PIP
0x000000011b240000 	/opt/homebrew/Cellar/ffmpeg/9.0.1_1/lib/libavutil.61.1.101.dylib
0x000000011b3ec000 	/opt/homebrew/Cellar/openssl@3/3.6.4/lib/libssl.3.dylib
0x000000013ca24000 	/opt/homebrew/Cellar/openssl@3/3.6.4/lib/libcrypto.3.dylib
0x000000011b4c8000 	/opt/homebrew/Cellar/ffmpeg/9.0.1_1/lib/libswscale.10.1.101.dylib
0x000000011a8e8000 	/opt/homebrew/Cellar/ffmpeg/9.0.1_1/lib/libswresample.7.1.101.dylib
0x000000013d830000 	/opt/homebrew/Cellar/ffmpeg/9.0.1_1/lib/libavcodec.63.1.101.dylib
0x000000011fb1c000 	/opt/homebrew/Cellar/libvpx/1.17.0/lib/libvpx.12.dylib
0x000000011a934000 	/opt/homebrew/Cellar/xz/5.8.3/lib/liblzma.5.dylib
0x000000011f96c000 	/opt/homebrew/Cellar/dav1d/1.5.4/lib/libdav1d.7.dylib
0x000000011ab98000 	/opt/homebrew/Cellar/lame/4.0/lib/libmp3lame.0.dylib
0x000000011ad74000 	/opt/homebrew/Cellar/opus/1.6.1/lib/libopus.0.dylib
0x000000013cecc000 	/opt/homebrew/Cellar/svt-av1/4.2.0/lib/libSvtAv1Enc.4.2.0.dylib
0x000000012b374000 	/opt/homebrew/Cellar/x264/r3222/lib/libx264.165.dylib
0x000000013ef88000 	/opt/homebrew/Cellar/x265/4.3/lib/libx265.217.dylib
0x000000011b5bc000 	/opt/homebrew/Cellar/mpg123/1.33.7/lib/libmpg123.0.dylib
0x000000012dd00000 	/opt/homebrew/Cellar/ffmpeg/9.0.1_1/lib/libavformat.63.1.101.dylib
0x000000011fcd0000 	/Applications/VLC.app/Contents/MacOS/lib/libvlccore.9.dylib
0x0000000150dbc000 	/Applications/VLC.app/Contents/MacOS/plugins/libavcodec_plugin.dylib
0x000000011a964000 	/Applications/VLC.app/Contents/MacOS/lib/libvlc.5.dylib
0x0000000113fdc000 	/Applications/VLC.app/Contents/MacOS/plugins/libi420_rgb_plugin.dylib
0x00000001133e8000 	/Applications/VLC.app/Contents/MacOS/plugins/libi420_10_p010_plugin.dylib
0x000000011a904000 	/Applications/VLC.app/Contents/MacOS/plugins/libscaletempo_pitch_plugin.dylib
0x000000011a918000 	/Applications/VLC.app/Contents/MacOS/plugins/libi420_yuy2_plugin.dylib
0x000000011a994000 	/Applications/VLC.app/Contents/MacOS/plugins/libi422_yuy2_plugin.dylib
0x000000011a9a8000 	/Applications/VLC.app/Contents/MacOS/plugins/libyuy2_i420_plugin.dylib
0x000000011ade8000 	/Applications/VLC.app/Contents/MacOS/plugins/libi420_nv12_plugin.dylib
0x000000011add0000 	/Applications/VLC.app/Contents/MacOS/plugins/libyuy2_i422_plugin.dylib
0x000000011cf20000 	/Applications/VLC.app/Contents/MacOS/plugins/libkeychain_plugin.dylib
0x000000011cf08000 	/Applications/VLC.app/Contents/MacOS/plugins/libi422_i420_plugin.dylib
0x000000011cf38000 	/Applications/VLC.app/Contents/MacOS/plugins/libgrey_yuv_plugin.dylib
0x000000011cf4c000 	/Applications/VLC.app/Contents/MacOS/plugins/libchain_plugin.dylib
0x000000011cf60000 	/Applications/VLC.app/Contents/MacOS/plugins/libscale_plugin.dylib
0x000000011cf74000 	/Applications/VLC.app/Contents/MacOS/plugins/libyuvp_plugin.dylib
0x000000011fe8c000 	/Applications/VLC.app/Contents/MacOS/plugins/libdav1d_plugin.dylib
0x000000011cf88000 	/Applications/VLC.app/Contents/MacOS/plugins/libyuv_plugin.dylib
0x000000011cf9c000 	/Applications/VLC.app/Contents/MacOS/plugins/libscaletempo_plugin.dylib
0x000000013d200000 	/Applications/VLC.app/Contents/MacOS/plugins/libswscale_plugin.dylib
0x00000001ede77000 	/System/Library/Frameworks/OpenGL.framework/Versions/A/Resources/GLEngine.bundle/GLEngine
0x00000001edd1c000 	/System/Library/Frameworks/OpenGL.framework/Versions/A/Libraries/libGLProgrammability.dylib
0x000000011fa64000 	/System/Library/Extensions/AppleMetalOpenGLRenderer.bundle/Contents/MacOS/AppleMetalOpenGLRenderer
0x00000001edfd8000 	/System/Library/Frameworks/OpenGL.framework/Versions/A/Resources/GLRendererFloat.bundle/GLRendererFloat
0x000000013d2c8000 	/Users/jonathankawchuk/Library/Application Support/REAPER/UserPlugins/reaper_command_palette.dylib
0x000000013ecf8000 	/Users/jonathankawchuk/Library/Application Support/REAPER/UserPlugins/reaper_csurf_integrator.dylib
0x000000011fdb4000 	/Users/jonathankawchuk/Library/Application Support/REAPER/UserPlugins/reaper_ptx_import.dylib
0x000000011cfb0000 	/Users/jonathankawchuk/Library/Application Support/REAPER/UserPlugins/reaper_pt_spot.dylib
0x000000011fdd4000 	/Users/jonathankawchuk/Library/Application Support/REAPER/UserPlugins/reaper_drivenbymoss.dylib
0x000000013f6f0000 	/Users/jonathankawchuk/Library/Application Support/REAPER/UserPlugins/reaper_imgui-arm64.dylib
0x0000000150800000 	/Users/jonathankawchuk/Library/Application Support/REAPER/UserPlugins/reaper_sws-arm64.dylib
0x0000000266888000 	/System/Library/PrivateFrameworks/TextInputUI.framework/Versions/A/TextInputUI
0x00000002668ac000 	/System/Library/PrivateFrameworks/TextInputUIMacHelper.framework/Versions/A/TextInputUIMacHelper
0x000000025c6b2000 	/System/Library/PrivateFrameworks/Sage.framework/Versions/A/Sage
0x000000011cfe0000 	/Users/jonathankawchuk/Library/Application Support/REAPER/UserPlugins/reaper_reatc-arm64.dylib
0x000000013e8d4000 	/Users/jonathankawchuk/Library/Application Support/REAPER/UserPlugins/reaper_helgobox-arm64.dylib
0x0000000155a54000 	/Users/jonathankawchuk/Library/Application Support/REAPER/UserPlugins/FX/helgobox-arm64.vst.dylib
0x000000015471c000 	/Users/jonathankawchuk/Library/Application Support/REAPER/Helgoboss/App/bin/Contents/Frameworks/FlutterMacOS.framework/FlutterMacOS
0x000000013fa8c000 	/Users/jonathankawchuk/Library/Application Support/REAPER/UserPlugins/reaper_js_ReaScriptAPI64ARM.dylib
0x000000011ff9c000 	/Users/jonathankawchuk/Library/Application Support/REAPER/Helgoboss/App/bin/Contents/Frameworks/cryptography_flutter.framework/cryptography_flutter
0x000000013e974000 	/Users/jonathankawchuk/Library/Application Support/REAPER/UserPlugins/reaper_reamo.dylib
0x000000011ffd4000 	/Users/jonathankawchuk/Library/Application Support/REAPER/Helgoboss/App/bin/Contents/Frameworks/device_info_plus.framework/device_info_plus
0x000000012df88000 	/Users/jonathankawchuk/Library/Application Support/REAPER/Helgoboss/App/bin/Contents/Frameworks/desktop_drop.framework/desktop_drop
0x0000000153c6c000 	/Users/jonathankawchuk/Library/Application Support/REAPER/UserPlugins/reaper_reapack-arm64.dylib
0x000000011fb00000 	/Users/jonathankawchuk/Library/Application Support/REAPER/Helgoboss/App/bin/Contents/Frameworks/native_context_menu.framework/native_context_menu
0x000000011fe70000 	/Users/jonathankawchuk/Library/Application Support/REAPER/Helgoboss/App/bin/Contents/Frameworks/path_provider_foundation.framework/path_provider_foundation
0x000000012df48000 	/Users/jonathankawchuk/Library/Application Support/REAPER/Helgoboss/App/bin/Contents/Frameworks/screen_retriever.framework/screen_retriever
0x000000013d7e8000 	/Users/jonathankawchuk/Library/Application Support/REAPER/Helgoboss/App/bin/Contents/Frameworks/url_launcher_macos.framework/url_launcher_macos
0x000000012b5a8000 	/Users/jonathankawchuk/Library/Application Support/REAPER/Helgoboss/App/bin/Contents/Frameworks/window_manager.framework/window_manager
0x000000012b5dc000 	/Users/jonathankawchuk/Library/Application Support/REAPER/Helgoboss/App/bin/Contents/Frameworks/pointer_lock.framework/pointer_lock
0x000000013e884000 	/Users/jonathankawchuk/Library/Application Support/REAPER/Helgoboss/App/bin/Contents/MacOS/helgobox
0x00000001c868c000 	/usr/lib/swift/libswiftAppKit.dylib
0x000000013fc6c000 	/Users/jonathankawchuk/Library/Application Support/REAPER/UserPlugins/reaper_ReacomaExtension.dylib
0x00000001118f8000 	/Users/jonathankawchuk/Library/Application Support/REAPER/UserPlugins/java-runtime/lib/libjli.dylib
0x000000015ca40000 	/Users/jonathankawchuk/Library/Application Support/REAPER/UserPlugins/java-runtime/lib/server/libjvm.dylib
0x0000000111920000 	/Users/jonathankawchuk/Library/Application Support/REAPER/UserPlugins/java-runtime/lib/libjimage.dylib
0x000000013ffac000 	/Users/jonathankawchuk/Library/Application Support/REAPER/UserPlugins/java-runtime/lib/libjava.dylib
0x000000013ff7c000 	/Users/jonathankawchuk/Library/Application Support/REAPER/UserPlugins/java-runtime/lib/libnio.dylib
0x000000013ffdc000 	/Users/jonathankawchuk/Library/Application Support/REAPER/UserPlugins/java-runtime/lib/libnet.dylib
0x00000001546b8000 	/Users/jonathankawchuk/Library/Application Support/REAPER/UserPlugins/java-runtime/lib/libzip.dylib
0x0000000154690000 	/Users/jonathankawchuk/Library/Application Support/REAPER/UserPlugins/java-runtime/lib/libverify.dylib
0x0000000155808000 	/Users/jonathankawchuk/Library/Application Support/REAPER/UserPlugins/java-runtime/lib/libawt.dylib
0x00000001f07ec000 	/System/Library/Frameworks/JavaRuntimeSupport.framework/Versions/A/JavaRuntimeSupport
0x0000000159140000 	/Users/jonathankawchuk/Library/Application Support/REAPER/UserPlugins/java-runtime/lib/libawt_lwawt.dylib
0x0000000155780000 	/Users/jonathankawchuk/Library/Application Support/REAPER/UserPlugins/java-runtime/lib/libosxapp.dylib
0x00000001b3aed000 	/System/Library/Frameworks/ExceptionHandling.framework/Versions/A/ExceptionHandling
0x0000000159278000 	/Users/jonathankawchuk/Library/Application Support/REAPER/UserPlugins/java-runtime/lib/libfontmanager.dylib
0x0000000155950000 	/Users/jonathankawchuk/Library/Application Support/REAPER/UserPlugins/java-runtime/lib/libfreetype.dylib
0x00000001558b0000 	/Applications/REAPER.app/Contents/Plugins/FX/reasurround2.vst.dylib
0x0000000159500000 	/Library/Audio/Plug-Ins/VST3/dpMeter5.vst3/Contents/MacOS/dpMeter5
0x0000000168800000 	/Library/Audio/Plug-Ins/VST3/SonoBus.vst3/Contents/MacOS/SonoBus
0x00000001ef0cd000 	/System/Library/Frameworks/CoreAudioKit.framework/Versions/A/CoreAudioKit
0x00000001ee89a000 	/System/Library/Frameworks/AudioVideoBridging.framework/Versions/A/AudioVideoBridging
0x00000001da05e000 	/System/Library/Frameworks/ScriptingBridge.framework/Versions/A/ScriptingBridge
0x000000015c7b8000 	/System/Library/Components/CoreAudio.component/Contents/MacOS/CoreAudio
0x000000031d3a8000 	/Library/Audio/Plug-Ins/Components/MusePlugin.component/Contents/MacOS/MusePlugin
0x0000000112694000 	/private/var/folders/6g/_dyszwd54rd36jmvjmmd4htw0000gn/T/usb4java1379091205268841443.tmp/libusb4java.dylib
0x000000011194c000 	/System/Library/Extensions/IOUSBHostFamily.kext/Contents/PlugIns/IOUSBLib.bundle/Contents/MacOS/IOUSBLib
0x00000001126c8000 	/Users/jonathankawchuk/Library/Application Support/REAPER/UserPlugins/java-runtime/lib/libosxui.dylib
0x00000001eaa32000 	/System/Library/PrivateFrameworks/VoiceShortcutClient.framework/Versions/A/VoiceShortcutClient
0x00000001bd28c000 	/System/Library/PrivateFrameworks/ChronoServices.framework/Versions/A/ChronoServices
0x000000025bd27000 	/System/Library/PrivateFrameworks/ReplicatorEngine.framework/Versions/A/ReplicatorEngine
0x000000025beda000 	/System/Library/PrivateFrameworks/ReplicatorServices.framework/Versions/A/ReplicatorServices
0x0000000265e9b000 	/System/Library/PrivateFrameworks/SystemWake.framework/Versions/A/SystemWake
0x0000000385b94000 	/Library/Audio/Plug-Ins/VST3/Serum2.vst3/Contents/MacOS/Serum2
0x0000000380bc8000 	/Library/Audio/Plug-Ins/VST/Cthulhu.vst/Contents/MacOS/Cthulhu
0x0000000394054000 	/Library/Audio/Plug-Ins/Components/Trackspacer25.component/Contents/MacOS/Trackspacer25
0x00000003b2fd8000 	/Library/Audio/Plug-Ins/VST3/ReaSpeechLite.vst3/Contents/MacOS/ReaSpeechLite
0x00000003b1838000 	/System/Library/Components/AudioCodecs.component/Contents/MacOS/AudioCodecs
0x00000003b5810000 	/Library/Audio/Plug-Ins/VST3/DecentSampler.vst3/Contents/MacOS/DecentSampler
0x00000001284b0000 	/Applications/REAPER.app/Contents/Plugins/FX/reatune.vst.dylib
0x000000012843c000 	/Applications/REAPER.app/Contents/Plugins/FX/reaverb.vst.dylib
0x00000003b226c000 	/Library/Audio/Plug-Ins/VST3/Concatenator.vst3/Contents/MacOS/Concatenator
0x0000000128478000 	/Library/Audio/Plug-Ins/Components/kHs Gain.component/Contents/MacOS/kHs Gain
0x00000003d4280000 	/Library/Application Support/Kilohearts/HeartCore.core/Contents/MacOS/HeartCore
0x0000000275807000 	/usr/lib/libnwswifttls.dylib
0x00000001b66a1000 	/usr/lib/log/liblog_network.dylib
0x00000001c46a0000 	/System/Library/PrivateFrameworks/TextToSpeech.framework/Versions/A/TextToSpeech
0x00000001c9a6d000 	/System/Library/PrivateFrameworks/AXAssetLoader.framework/Versions/A/AXAssetLoader
0x000000042d800000 	/Library/Audio/Plug-Ins/VST/Soundtoys/LittlePlate.vst/Contents/MacOS/LittlePlate
0x000000042c3f0000 	/Library/Frameworks/PACEEdenExperience.framework/Versions/A/WrapPersist.bundle/Contents/MacOS/WrapPersist

JVMTI agents: none


VM Arguments:
java_command: <unknown>
java_class_path (initial): /Users/jonathankawchuk/Library/Application Support/REAPER/UserPlugins/drivenbymoss-libs/DrivenByMoss4Reaper-26.6.4.jar:/Users/jonathankawchuk/Library/Application Support/REAPER/UserPlugins/drivenbymoss-libs/slf4j-ext-2.0.13.jar:/Users/jonathankawchuk/Library/Application Support/REAPER/UserPlugins/drivenbymoss-libs/jackson-databind-2.22.1.jar:/Users/jonathankawchuk/Library/Application Support/REAPER/UserPlugins/drivenbymoss-libs/jna-platform-5.19.1.jar:/Users/jonathankawchuk/Library/Application Support/REAPER/UserPlugins/drivenbymoss-libs/libusb4java-1.0.24-darwin.jar:/Users/jonathankawchuk/Library/Application Support/REAPER/UserPlugins/drivenbymoss-libs/usb4java-1.3.0.jar:/Users/jonathankawchuk/Library/Application Support/REAPER/UserPlugins/drivenbymoss-libs/purejavahidapi-0.0.21.jar:/Users/jonathankawchuk/Library/Application Support/REAPER/UserPlugins/drivenbymoss-libs/svg-salamander-1.1.2.2.jar:/Users/jonathankawchuk/Library/Application Support/REAPER/UserPlugins/drivenbymoss-libs/jackson-core-2.22.1.jar:/Users/jonathankawchuk/Library/Application Support/REAPER/UserPlugins/drivenbymoss-libs/inieditor-r6.jar:/Users/jonathankawchuk/Library/Application Support/REAPER/UserPlugins/drivenbymoss-libs/jackson-annotations-2.22.jar:/Users/jonathankawchuk/Library/Application Support/REAPER/UserPlugins/drivenbymoss-libs/slf4j-api-2.0.13.jar:/Users/jonathankawchuk/Library/Application Support/REAPER/UserPlugins/drivenbymoss-libs/nativefilechooser-1.3.1.jar:/Users/jonathankawchuk/Library/Application Support/REAPER/UserPlugins/drivenbymoss-libs/jamepad-2.30.0.0.jar:/Users/jonathankawchuk/Library/Application Support/REAPER/UserPlugins/drivenbymoss-libs/jna-5.19.1.jar:/Users/jonathankawchuk/Library/Application Support/REAPER/UserPlugins/drivenbymoss-libs/javaosc-core-0.9.jar:/Users/jonathankawchuk/Library/Application Support/REAPER/UserPlugins/drivenbymoss-libs/commons-lang3-3.8.1.jar:/Users/jonathankawchuk/Library/Application Support/REAPER/UserPlugins/drivenbymoss-libs/gdx-jnigen-loader-2.2.0.jar
Launcher Type: generic

[Global flags]
     intx CICompilerCount                          = 4                                         {product} {ergonomic}
     uint ConcGCThreads                            = 2                                         {product} {ergonomic}
     uint G1ConcRefinementThreads                  = 8                                         {product} {ergonomic}
   size_t G1HeapRegionSize                         = 2097152                                   {product} {ergonomic}
   size_t InitialHeapSize                          = 268435456                                 {product} {ergonomic}
   size_t MarkStackSize                            = 4194304                                   {product} {ergonomic}
   size_t MarkStackSizeMax                         = 536870912                                 {product} {ergonomic}
   size_t MaxHeapSize                              = 4294967296                                {product} {ergonomic}
   size_t MaxNewSize                               = 2575302656                                {product} {ergonomic}
   size_t MinHeapDeltaBytes                        = 2097152                                   {product} {ergonomic}
   size_t MinHeapSize                              = 8388608                                   {product} {ergonomic}
    uintx NonNMethodCodeHeapSize                   = 5849088                                {pd product} {ergonomic}
    uintx NonProfiledCodeHeapSize                  = 122912768                              {pd product} {ergonomic}
    uintx ProfiledCodeHeapSize                     = 122912768                              {pd product} {ergonomic}
    uintx ReservedCodeCacheSize                    = 251674624                              {pd product} {ergonomic}
     bool SegmentedCodeCache                       = true                                      {product} {ergonomic}
   size_t SoftMaxHeapSize                          = 4294967296                             {manageable} {ergonomic}
     bool UseCompressedOops                        = true                           {product lp64_product} {ergonomic}
     bool UseG1GC                                  = true                                      {product} {ergonomic}
     bool UseNUMA                                  = false                                     {product} {ergonomic}
     bool UseNUMAInterleaving                      = false                                     {product} {ergonomic}

Logging:
Log output configuration:
 #0: 
[error occurred during error reporting (printing log configuration), id 0xb, SIGSEGV (0xb) at pc=0x000000015d18aa08]
Release file:
JAVA_VERSION="25.0.3" 
MODULES="java.base java.datatransfer java.xml java.prefs java.desktop java.instrument java.logging java.management java.security.sasl java.naming java.transaction.xa java.sql jdk.accessibility" 

Environment Variables:
PATH=/usr/bin:/bin:/usr/sbin:/sbin:/usr/local/bin:/Users/jonathankawchuk/flucoma-cli/bin
SHELL=/bin/zsh
TMPDIR=/var/folders/6g/_dyszwd54rd36jmvjmmd4htw0000gn/T/

Active Locale:
LC_ALL=C
LC_COLLATE=C
LC_CTYPE=C
LC_MESSAGES=C
LC_MONETARY=C
LC_NUMERIC=C
LC_TIME=C

Signal Handlers:
   SIGSEGV: crash_handler in libjvm.dylib, mask=11100110000111110111111111111111, flags=SA_ONSTACK|SA_RESTART|SA_SIGINFO, unblocked
    SIGBUS: crash_handler in libjvm.dylib, mask=11100110000111110111111111111111, flags=SA_RESTART|SA_SIGINFO, unblocked
    SIGFPE: crash_handler in libjvm.dylib, mask=11100110000111110111111111111111, flags=SA_RESTART|SA_SIGINFO, unblocked
   SIGPIPE: javaSignalHandler in libjvm.dylib, mask=11100110000111110111111111111111, flags=SA_RESTART|SA_SIGINFO, blocked
  chained to: javaSignalHandler in libjvm.dylib, mask=11100110000111110111111111111111, flags=SA_RESTART|SA_SIGINFO
   SIGXFSZ: javaSignalHandler in libjvm.dylib, mask=11100110000111110111111111111111, flags=SA_RESTART|SA_SIGINFO, blocked
    SIGILL: crash_handler in libjvm.dylib, mask=11100110000111110111111111111111, flags=SA_RESTART|SA_SIGINFO, unblocked
   SIGUSR2: SR_handler in libjvm.dylib, mask=00000000000000000000000000000000, flags=SA_RESTART|SA_SIGINFO, blocked
    SIGHUP: UserHandler in libjvm.dylib, mask=11100110000111110111111111111111, flags=SA_RESTART|SA_SIGINFO, blocked
    SIGINT: UserHandler in libjvm.dylib, mask=11100110000111110111111111111111, flags=SA_RESTART|SA_SIGINFO, blocked
   SIGTERM: UserHandler in libjvm.dylib, mask=11100110000111110111111111111111, flags=SA_RESTART|SA_SIGINFO, blocked
   SIGQUIT: UserHandler in libjvm.dylib, mask=11100110000111110111111111111111, flags=SA_RESTART|SA_SIGINFO, blocked
   SIGTRAP: crash_handler in libjvm.dylib, mask=11100110000111110111111111111111, flags=SA_RESTART|SA_SIGINFO, unblocked


Compilation memory statistics disabled.

Periodic native trim disabled

---------------  S Y S T E M  ---------------

OS:
uname: Darwin 24.6.0 Darwin Kernel Version 24.6.0: Wed Oct 15 21:08:19 PDT 2025; root:xnu-11417.140.69.703.14~1/RELEASE_ARM64_T8103 arm64
OS uptime: 0 days 15:53 hours
rlimit (soft/hard): STACK 8176k/65520k , CORE 0k/infinity , NPROC 2666/4000 , NOFILE infinity/infinity , AS infinity/infinity , CPU infinity/infinity , DATA infinity/infinity , FSIZE infinity/infinity , MEMLOCK infinity/infinity , RSS infinity/infinity
load average: 6.56 7.75 9.93

CPU: total 8 (initial active 8) 0x61:0x0:0x1b588bb3:0, fp, asimd, aes, pmull, sha1, sha256, crc32, lse, sha3, sha512
machdep.cpu.brand_string:Apple M1
hw.cachelinesize:128
hw.l1icachesize:131072
hw.l1dcachesize:65536
hw.l2cachesize:4194304

Memory: 16k page, physical 16777216k(2855584k free), swap 10485760k(769024k free)

vm_info: OpenJDK 64-Bit Server VM (25.0.3+9-LTS) for bsd-aarch64 JRE (25.0.3+9-LTS), built on 2026-04-21T00:00:00Z with clang Apple LLVM 15.0.0 (clang-1500.1.0.2.5)

END.
