#
# A fatal error has been detected by the Java Runtime Environment:
#
#  SIGSEGV (0xb) at pc=0x000000010079d6a8, pid=34527, tid=259
#
# JRE version: OpenJDK Runtime Environment Temurin-25.0.3+9 (25.0.3+9) (build 25.0.3+9-LTS)
# Java VM: OpenJDK 64-Bit Server VM Temurin-25.0.3+9 (25.0.3+9-LTS, mixed mode, tiered, compressed oops, compressed class ptrs, g1 gc, bsd-aarch64)
# Problematic frame:
# C  [REAPER+0x3256a8]  GetRulerMarks_Beats(ReaProject const*, double, double, WDL_TypedBuf<RulerMark>*, WDL_TypedBuf<RulerMark>*, bool)+0x1790
#
# No core dump will be written. Core dumps have been disabled. To enable core dumping, try "ulimit -c unlimited" before starting Java again
#
# If you would like to submit a bug report, please visit:
#   https://github.com/adoptium/adoptium-support/issues
# The crash happened outside the Java Virtual Machine in native code.
# See problematic frame for where to report the bug.
#

---------------  S U M M A R Y ------------

Command Line: 

Host: "MacBookPro17,1" arm64, 8 cores, 16G, Darwin 24.6.0, macOS 15.7.2 (24G325)
Time: Wed Aug 19 23:08:36 2026 MDT elapsed time: 3831.576148 seconds (0d 1h 3m 51s)

---------------  T H R E A D  ---------------

Current thread (0x000000014a6b1000):  JavaThread "main"             [_thread_in_native, id=259, stack(0x000000016f18c000,0x000000016f988000) (8176K)]

Stack: [0x000000016f18c000,0x000000016f988000],  sp=0x000000016f9842b0,  free space=8160k
Native frames: (J=compiled Java code, j=interpreted, Vv=VM code, C=native code)
C  [REAPER+0x3256a8]  GetRulerMarks_Beats(ReaProject const*, double, double, WDL_TypedBuf<RulerMark>*, WDL_TypedBuf<RulerMark>*, bool)+0x1790
C  [REAPER+0x4415c]  TrackList_NavigateGridLines(ReaProject*, double*, int, bool)+0x254
C  [REAPER+0x9f1d8]  Main_OnCommandEx2(int, int, ReaProject*)+0x21f30
C  [REAPER+0x7c51c]  Main_OnCommand(int, int)+0x28
C  [REAPER+0x2bc590]  lua_Main_OnCommand(lua_State*)+0x48
C  [REAPER+0x336dd8]  luaD_precall+0x14c
C  [REAPER+0x472e04]  luaV_execute+0x392c
C  [REAPER+0x337108]  luaD_callnoyield+0x60
C  [REAPER+0x335d4c]  luaD_rawrunprotected+0x54
C  [REAPER+0x3376f4]  luaD_pcall+0x34
C  [REAPER+0x775650]  lua_pcallk+0xfc
C  [REAPER+0x86c80c]  luaB_xpcall+0x70
C  [REAPER+0x336dd8]  luaD_precall+0x14c
C  [REAPER+0x472e04]  luaV_execute+0x392c
C  [REAPER+0x337108]  luaD_callnoyield+0x60
C  [REAPER+0x335d4c]  luaD_rawrunprotected+0x54
C  [REAPER+0x3376f4]  luaD_pcall+0x34
C  [REAPER+0x775650]  lua_pcallk+0xfc
C  [REAPER+0x749394]  LuaAPI::InterpretScript(char const*, char const*)+0xd8
C  [REAPER+0x7920cc]  RunReaScript(char const*, int, _REAPER_KbdSectionInfo*, int, bool, int)+0x9a8
C  [REAPER+0x6d0fb8]  ProcessCustomCommand(_REAPER_KbdSectionInfo*, int, int, int, int, HWND__*, ReaProject*)+0xe90
C  [REAPER+0x33be70]  kbd_RunCommandThroughHooks(_REAPER_KbdSectionInfo*, int const*, int const*, int const*, int const*, HWND__*)+0x114
C  [REAPER+0x33d518]  kbd_onAction(KbdAccel*, int, int, int, bool, _REAPER_KbdSectionInfo*, HWND__*)+0x454
C  [REAPER+0x343758]  kbd_translateAccelerator(HWND__*, MSG*, _REAPER_KbdSectionInfo*)+0x204
C  [REAPER+0x3464bc]  -[REAPERapp sendEvent:]+0xc78
C  [AppKit+0x5d742c]  -[NSApplication _handleEvent:]+0x3c
C  [AppKit+0x2dc0c]  -[NSApplication run]+0x208
C  [AppKit+0x42dc]  NSApplicationMain+0x370
C  [dyld+0x6b98]  start+0x17bc

siginfo: si_signo: 11 (SIGSEGV), si_code: 2 (SEGV_ACCERR), si_addr: 0x00000005d0168040

Registers:
 x0=0x000d197680000000  x1=0x00000001928aa2e8  x2=0x0000000000000069  x3=0x000000000000001b
 x4=0x000000016f9843a0  x5=0x000000016f984448  x6=0x000000016f9843b4  x7=0x0000000000000000
 x8=0x00000000023664f0  x9=0x0000000000000000 x10=0x0000000569c08000 x11=0x00000005d0168038
x12=0x0000000569c08000 x13=0x0000000000000001 x14=0x0000000000000068 x15=0x00000001162006a8
x16=0x00000001928aa180 x17=0x00000001f36de8f0 x18=0x0000000000000000 x19=0x0000000000fbe763
x20=0x0000000000000000 x21=0x00000000023664f1 x22=0x0000000000000068 x23=0x0000000149081400
x24=0x000000016f984558 x25=0x000000016f9843c0 x26=0x0000000000000001 x27=0x0000000000000000
x28=0x0000000000000000  fp=0x000000016f984540  lr=0x000000010079d340  sp=0x000000016f9842b0
pc=0x000000010079d6a8 cpsr=0x0000000080001000

Register to memory mapping:

x0 =0x000d197680000000 is an unknown value
x1 =0x00000001928aa2e8: log+0x168 in /usr/lib/system/libsystem_m.dylib at 0x00000001928a9000
x2 =0x0000000000000069 is an unknown value
x3 =0x000000000000001b is an unknown value
x4 =0x000000016f9843a0 is pointing into the stack for thread: 0x000000014a6b1000
x5 =0x000000016f984448 is pointing into the stack for thread: 0x000000014a6b1000
x6 =0x000000016f9843b4 is pointing into the stack for thread: 0x000000014a6b1000
x7 =0x0 is null
x8 =0x00000000023664f0 is an unknown value
x9 =0x0 is null
x10=0x0000000569c08000 points into unknown readable memory: 0x3ff0000000000000 | 00 00 00 00 00 00 f0 3f
x11=0x00000005d0168038 is an unknown value
x12=0x0000000569c08000 points into unknown readable memory: 0x3ff0000000000000 | 00 00 00 00 00 00 f0 3f
x13=0x0000000000000001 is an unknown value
x14=0x0000000000000068 is an unknown value
x15=0x00000001162006a8 points into unknown readable memory: 0x0000000000000000 | 00 00 00 00 00 00 00 00
x16=0x00000001928aa180: log+0 in /usr/lib/system/libsystem_m.dylib at 0x00000001928a9000
x17=0x00000001f36de8f0 points into unknown readable memory: 0x00000001846b3e84 | 84 3e 6b 84 01 00 00 00
x18=0x0 is null
x19=0x0000000000fbe763 is an unknown value
x20=0x0 is null
x21=0x00000000023664f1 is an unknown value
x22=0x0000000000000068 is an unknown value
x23=0x0000000149081400 points into unknown readable memory: 0x0000000000000001 | 01 00 00 00 00 00 00 00
x24=0x000000016f984558 is pointing into the stack for thread: 0x000000014a6b1000
x25=0x000000016f9843c0 is pointing into the stack for thread: 0x000000014a6b1000
x26=0x0000000000000001 is an unknown value
x27=0x0 is null
x28=0x0 is null
 fp=0x000000016f984540 is pointing into the stack for thread: 0x000000014a6b1000
 lr=0x000000010079d340: _Z19GetRulerMarks_BeatsPK10ReaProjectddP12WDL_TypedBufI9RulerMarkES5_b+0x1428 in /Applications/REAPER.app/Contents/MacOS/REAPER at 0x0000000100478000
 sp=0x000000016f9842b0 is pointing into the stack for thread: 0x000000014a6b1000

Top of Stack: (sp=0x000000016f9842b0)
0x000000016f9842b0:   0000000000000000 0000000300000025   ........%.......
0x000000016f9842c0:   4183664f00000000 000000002288e007   ....Of.A..."....
0x000000016f9842d0:   0000000000000000 400ffffef4000000   ...............@
0x000000016f9842e0:   3da5fd7fe1796495 0000000100000000   .dy....=........
0x000000016f9842f0:   0000000000000000 0000000100a44eec   .........N......
0x000000016f984300:   4000000000000000 00000000ffffffff   .......@........
0x000000016f984310:   0000000000000020 0000000000000016    ...............
0x000000016f984320:   0000600018ac0494 0000000100d97be8   .....`...{......
0x000000016f984330:   000000056f984400 0000000000000000   .D.o............
0x000000016f984340:   023664f000000003 000000016f984558   .....d6.XE.o....
0x000000016f984350:   0000000000000001 0000000038460408   ..........F8....
0x000000016f984360:   0000000149081400 00000001005b393c   ...I....<9[.....
0x000000016f984370:   0000000000000000 0000000100000001   ................
0x000000016f984380:   0000000000000000 4191b3277fffffbd   ............'..A
0x000000016f984390:   0000000000000000 0000000000000001   ................
0x000000016f9843a0:   4010000000000000 00000004ffffffff   .......@........
0x000000016f9843b0:   0000000000000004 00000000023664f0   .........d6.....
0x000000016f9843c0:   3ff0000000000000 4010000000000000   .......?.......@
0x000000016f9843d0:   3e7a6469bb189a6a 0000000003030302   j...idz>........
0x000000016f9843e0:   0000000000000000 0000000000000000   ................
0x000000016f9843f0:   0000000000000000 0000000000000000   ................
0x000000016f984400:   0000000000000000 0000000000000000   ................
0x000000016f984410:   0000000000000000 0000000000000000   ................
0x000000016f984420:   0000000000000000 0000000000000001   ................
0x000000016f984430:   3ff0000000fbe763 4010000000000000   c......?.......@
0x000000016f984440:   3e7a6469bb189a6a 0000000003030302   j...idz>........
0x000000016f984450:   0000000000000000 0000000000000000   ................
0x000000016f984460:   0000000000000000 0000000000000000   ................
0x000000016f984470:   0000000000000000 0000000000000000   ................
0x000000016f984480:   0000000000000000 0000000000000000   ................
0x000000016f984490:   0000000000000000 d07ca986b5eb00b5   ..............|.
0x000000016f9844a0:   0000000000000004 0000000000000000   ................

Instructions: (pc=0x000000010079d6a8)
  0x000000010079d5a8:   60 20 64 1e 6a 00 00 54 6e 00 78 1e e1 ff ff 17
  0x000000010079d5b8:   0e 00 bc 12 df ff ff 17 a8 83 55 f8 a9 37 00 f0
  0x000000010079d5c8:   29 e1 40 f9 29 01 40 f9 3f 01 08 eb 81 16 00 54
  0x000000010079d5d8:   ff 03 08 91 fd 7b 49 a9 f4 4f 48 a9 f6 57 47 a9
  0x000000010079d5e8:   f8 5f 46 a9 fa 67 45 a9 fc 6f 44 a9 e9 23 43 6d
  0x000000010079d5f8:   eb 2b 42 6d ed 33 41 6d ef 3b ca 6c c0 03 5f d6
  0x000000010079d608:   13 00 80 d2 e0 1b 40 fd 00 18 6a 1e 0a 00 78 1e
  0x000000010079d618:   4d 01 00 32 e0 17 40 fd 00 18 6a 1e 08 c0 64 1e
  0x000000010079d628:   e0 73 40 fd 09 08 6a 1e 0e 0d 80 52 f4 af 00 b9
  0x000000010079d638:   ed cb 00 b9 0d 00 00 14 e8 0b 41 b9 e9 0f 41 b9
  0x000000010079d648:   f8 4f 40 f9 f7 5b 40 f9 f4 af 40 b9 ed cb 40 b9
  0x000000010079d658:   0e 0d 80 52 f3 6b 40 f9 0a 01 09 4b 7f c2 2a eb
  0x000000010079d668:   73 06 00 91 4a ea ff 54 2b 01 13 0b eb 83 01 b9
  0x000000010079d678:   ec 3d 00 b0 8c a1 17 91 8a 0d 40 b9 8c 01 40 f9
  0x000000010079d688:   5f 01 00 71 ea 03 8c 9a 7f 02 00 f1 ba 05 9f 1a
  0x000000010079d698:   00 1d a8 4e 7f 01 08 6b a0 00 00 54 6b 2a 0e 9b
=>0x000000010079d6a8:   60 05 40 fd 00 18 6a 1e 00 c0 64 1e 1b 00 78 1e
  0x000000010079d6b8:   5f 03 1b 6b 2a fd ff 54 f3 6b 00 f9 7c 2a 0e 9b
  0x000000010079d6c8:   88 43 00 91 e8 73 00 f9 f7 5b 40 b9 04 00 00 14
  0x000000010079d6d8:   5a 07 00 11 7f 03 1a 6b 00 fb ff 54 ff 06 00 71
  0x000000010079d6e8:   8b 00 00 54 48 0f d7 1a 08 e9 17 1b 28 ff ff 34
  0x000000010079d6f8:   40 03 62 1e 40 09 60 1e 81 03 40 fd 0c 08 61 1e
  0x000000010079d708:   20 09 61 1e 80 29 60 1e e8 67 40 b9 5f 03 08 6a
  0x000000010079d718:   00 1c 6c 1e e1 03 06 91 e0 5b 40 f9 64 4f f4 97
  0x000000010079d728:   0e 1c a0 4e e0 63 40 fd c0 21 60 1e 24 fd ff 54
  0x000000010079d738:   e0 6f 40 fd c0 21 60 1e 0a f8 ff 54 f3 83 41 b9
  0x000000010079d748:   e8 bf 40 b9 68 05 00 37 e8 87 40 b9 1f 19 00 71
  0x000000010079d758:   e1 00 00 54 00 10 6c 1e 80 29 60 1e 00 40 65 1e
  0x000000010079d768:   80 d5 e0 7e 00 20 6d 1e 45 04 00 54 e8 73 40 f9
  0x000000010079d778:   16 01 40 f9 f5 47 40 f9 a8 0e 40 b9 69 55 95 52
  0x000000010079d788:   49 55 b5 72 08 7d 09 9b 18 fd 65 d3 14 06 80 52
  0x000000010079d798:   e8 07 1c 32 19 23 14 1b e0 03 15 aa e1 03 19 aa


Stack slot to memory mapping:

stack at sp + 0 slots: 0x0 is null
stack at sp + 1 slots: 0x0000000300000025 is an unknown value
stack at sp + 2 slots: 0x4183664f00000000 is an unknown value
stack at sp + 3 slots: 0x000000002288e007 is an unknown value
stack at sp + 4 slots: 0x0 is null
stack at sp + 5 slots: 0x400ffffef4000000 is an unknown value
stack at sp + 6 slots: 0x3da5fd7fe1796495 is an unknown value
stack at sp + 7 slots: 0x0000000100000000 is an unknown value

Lock stack of current Java thread (top to bottom):


---------------  P R O C E S S  ---------------

Threads class SMR info:
_java_thread_list=0x0000600006ee46e0, length=16, elements={
0x000000014a6b1000, 0x000000014f7f0800, 0x000000014f82d000, 0x000000014f859000,
0x000000014f857800, 0x0000000148090800, 0x000000014f840400, 0x000000014f84c400,
0x000000014a7dca00, 0x000000014a767200, 0x0000000123016200, 0x00000001491efe00,
0x000000014881ca00, 0x0000000148008200, 0x00000001143ed400, 0x000000033a51e200
}

Java Threads: ( => current thread )
=>0x000000014a6b1000 JavaThread "main"                              [_thread_in_native, id=259, stack(0x000000016f18c000,0x000000016f988000) (8176K)]
  0x000000014f7f0800 JavaThread "Reference Handler"          daemon [_thread_blocked, id=199683, stack(0x000000031b4bc000,0x000000031b6bf000) (2060K)]
  0x000000014f82d000 JavaThread "Finalizer"                  daemon [_thread_blocked, id=200195, stack(0x000000031b6c8000,0x000000031b8cb000) (2060K)]
  0x000000014f859000 JavaThread "Signal Dispatcher"          daemon [_thread_blocked, id=236803, stack(0x000000031b8d4000,0x000000031bad7000) (2060K)]
  0x000000014f857800 JavaThread "Service Thread"             daemon [_thread_blocked, id=200707, stack(0x000000031bae0000,0x000000031bce3000) (2060K)]
  0x0000000148090800 JavaThread "Monitor Deflation Thread"   daemon [_thread_blocked, id=236291, stack(0x000000031bcec000,0x000000031beef000) (2060K)]
  0x000000014f840400 JavaThread "C2 CompilerThread0"         daemon [_thread_blocked, id=235779, stack(0x0000000320004000,0x0000000320207000) (2060K)]
  0x000000014f84c400 JavaThread "C1 CompilerThread0"         daemon [_thread_blocked, id=235267, stack(0x0000000320210000,0x0000000320413000) (2060K)]
  0x000000014a7dca00 JavaThread "Notification Thread"        daemon [_thread_blocked, id=234755, stack(0x000000032041c000,0x000000032061f000) (2060K)]
  0x000000014a767200 JavaThread "Common-Cleaner"             daemon [_thread_blocked, id=234499, stack(0x0000000320628000,0x000000032082b000) (2060K)]
  0x0000000123016200 JavaThread "TimerQueue"                 daemon [_thread_blocked, id=202763, stack(0x00000003208c0000,0x0000000320ac3000) (2060K)]
  0x00000001491efe00 JavaThread "AWT-Shutdown"                      [_thread_blocked, id=52499, stack(0x000000032fb44000,0x000000032fd47000) (2060K)]
  0x000000014881ca00 JavaThread "AWT-EventQueue-0"                  [_thread_blocked, id=257039, stack(0x000000032fd50000,0x000000032ff53000) (2060K)]
  0x0000000148008200 JavaThread "Java2D Queue Flusher"       daemon [_thread_blocked, id=250131, stack(0x00000003392a4000,0x00000003394a7000) (2060K)]
  0x00000001143ed400 JavaThread "Java2D Disposer"            daemon [_thread_blocked, id=260879, stack(0x00000003394b0000,0x00000003396b3000) (2060K)]
  0x000000033a51e200 JavaThread "pool-2-thread-1"                   [_thread_blocked, id=345115, stack(0x000000036d158000,0x000000036d35b000) (2060K)]
Total: 16

Other Threads:
  0x000000014a6adc00 VMThread "VM Thread"                           [id=239619, stack(0x000000031b2b0000,0x000000031b4b3000) (2060K)]
  0x0000000146bdfc20 WatcherThread "VM Periodic Task Thread"        [id=241155, stack(0x000000031b0a4000,0x000000031b2a7000) (2060K)]
  0x000000014a6e8400 WorkerThread "GC Thread#0"                     [id=195331, stack(0x0000000300ca8000,0x0000000300eab000) (2060K)]
  0x00000005017bc400 WorkerThread "GC Thread#1"                     [id=343343, stack(0x000000033b004000,0x000000033b207000) (2060K)]
  0x000000050178ae00 WorkerThread "GC Thread#2"                     [id=271039, stack(0x00000003797b4000,0x00000003799b7000) (2060K)]
  0x00000005017c0c00 WorkerThread "GC Thread#3"                     [id=269187, stack(0x00000003799c0000,0x0000000379bc3000) (2060K)]
  0x0000000501790e00 WorkerThread "GC Thread#4"                     [id=181479, stack(0x00000003f4004000,0x00000003f4207000) (2060K)]
  0x0000000501791400 WorkerThread "GC Thread#5"                     [id=269875, stack(0x00000003f4210000,0x00000003f4413000) (2060K)]
  0x00000005017bae00 WorkerThread "GC Thread#6"                     [id=343847, stack(0x00000003f441c000,0x00000003f461f000) (2060K)]
  0x00000005017bb400 WorkerThread "GC Thread#7"                     [id=344111, stack(0x00000003f4628000,0x00000003f482b000) (2060K)]
  0x000000014a72b400 ConcurrentGCThread "G1 Main Marker"            [id=242435, stack(0x0000000300eb4000,0x00000003010b7000) (2060K)]
  0x000000014a72ba00 WorkerThread "G1 Conc#0"                       [id=196355, stack(0x00000003010c0000,0x00000003012c3000) (2060K)]
  0x000000014a75c000 ConcurrentGCThread "G1 Refine#0"               [id=241923, stack(0x00000003012cc000,0x00000003014cf000) (2060K)]
  0x000000014a75c600 ConcurrentGCThread "G1 Service"                [id=196867, stack(0x00000003014d8000,0x00000003016db000) (2060K)]
Total: 14

Threads with active compile tasks:
Total: 0

VM state: not at safepoint (normal execution)

VM Mutex/Monitor currently owned by a thread: None

Heap address: 0x0000000700000000, size: 4096 MB, Compressed Oops mode: Zero based, Oop shift amount: 3

CDS archive(s) not mapped
Compressed class space mapped at: 0x0000007c00000000-0x0000007c40000000, reserved size: 1073741824
UseCompressedClassPointers 1, UseCompactObjectHeaders 0
Narrow klass pointer bits 32, Max shift 3
Narrow klass base: 0x0000007c00000000, Narrow klass shift: 0
Encoding Range: [0x0000007c00000000 - 0x0000007d00000000), (4294967296 bytes)
Klass Range:    [0x0000007c00000000 - 0x0000007c40000000), (1073741824 bytes)
Klass ID Range:  [8 - 1073741817) (1073741809)
Protection zone: [0x0000007c00000000 - 0x0000007c00010000), (65536 bytes)

GC Precious Log:
 CardTable entry size: 512
 Card Set container configuration: InlinePtr #cards 4 size 8 Array Of Cards #cards 16 size 48 Howl #buckets 8 coarsen threshold 3686 Howl Bitmap #cards 512 size 80 coarsen threshold 460 Card regions per heap region 1 cards per card region 4096
 CPUs: 8 total, 8 available
 Memory: 16384M
 Large Page Support: Disabled
 NUMA Support: Disabled
 Compressed Oops: Enabled (Zero based)
 Heap Region Size: 2M
 Heap Min Capacity: 8M
 Heap Initial Capacity: 256M
 Heap Max Capacity: 4G
 Pre-touch: Disabled
 Parallel Workers: 8
 Concurrent Workers: 2
 Concurrent Refinement Workers: 8
 Periodic GC: Disabled

Heap:
 garbage-first heap   total reserved 4194304K, committed 262144K, used 53544K [0x0000000700000000, 0x0000000800000000)
  region size 2048K, 27 young (55296K), 3 survivors (6144K)

Heap Regions: E=young(eden), S=young(survivor), O=old, HS=humongous(starts), HC=humongous(continues), CS=collection set, F=free, TAMS=top-at-mark-start, PB=parsable bottom
|   0|0x0000000700000000, 0x000000070004a000, 0x0000000700200000| 14%| O|  |TAMS 0x0000000700000000| PB 0x0000000700000000| Untracked |  0
|   1|0x0000000700200000, 0x0000000700200000, 0x0000000700400000|  0%| F|  |TAMS 0x0000000700200000| PB 0x0000000700200000| Untracked |  0
|   2|0x0000000700400000, 0x0000000700400000, 0x0000000700600000|  0%| F|  |TAMS 0x0000000700400000| PB 0x0000000700400000| Untracked |  0
|   3|0x0000000700600000, 0x0000000700600000, 0x0000000700800000|  0%| F|  |TAMS 0x0000000700600000| PB 0x0000000700600000| Untracked |  0
|   4|0x0000000700800000, 0x0000000700800000, 0x0000000700a00000|  0%| F|  |TAMS 0x0000000700800000| PB 0x0000000700800000| Untracked |  0
|   5|0x0000000700a00000, 0x0000000700a00000, 0x0000000700c00000|  0%| F|  |TAMS 0x0000000700a00000| PB 0x0000000700a00000| Untracked |  0
|   6|0x0000000700c00000, 0x0000000700c00000, 0x0000000700e00000|  0%| F|  |TAMS 0x0000000700c00000| PB 0x0000000700c00000| Untracked |  0
|   7|0x0000000700e00000, 0x0000000700e00000, 0x0000000701000000|  0%| F|  |TAMS 0x0000000700e00000| PB 0x0000000700e00000| Untracked |  0
|   8|0x0000000701000000, 0x0000000701000000, 0x0000000701200000|  0%| F|  |TAMS 0x0000000701000000| PB 0x0000000701000000| Untracked |  0
|   9|0x0000000701200000, 0x0000000701200000, 0x0000000701400000|  0%| F|  |TAMS 0x0000000701200000| PB 0x0000000701200000| Untracked |  0
|  10|0x0000000701400000, 0x0000000701400000, 0x0000000701600000|  0%| F|  |TAMS 0x0000000701400000| PB 0x0000000701400000| Untracked |  0
|  11|0x0000000701600000, 0x0000000701600000, 0x0000000701800000|  0%| F|  |TAMS 0x0000000701600000| PB 0x0000000701600000| Untracked |  0
|  12|0x0000000701800000, 0x0000000701800000, 0x0000000701a00000|  0%| F|  |TAMS 0x0000000701800000| PB 0x0000000701800000| Untracked |  0
|  13|0x0000000701a00000, 0x0000000701a00000, 0x0000000701c00000|  0%| F|  |TAMS 0x0000000701a00000| PB 0x0000000701a00000| Untracked |  0
|  14|0x0000000701c00000, 0x0000000701c00000, 0x0000000701e00000|  0%| F|  |TAMS 0x0000000701c00000| PB 0x0000000701c00000| Untracked |  0
|  15|0x0000000701e00000, 0x0000000701e00000, 0x0000000702000000|  0%| F|  |TAMS 0x0000000701e00000| PB 0x0000000701e00000| Untracked |  0
|  16|0x0000000702000000, 0x0000000702000000, 0x0000000702200000|  0%| F|  |TAMS 0x0000000702000000| PB 0x0000000702000000| Untracked |  0
|  17|0x0000000702200000, 0x0000000702200000, 0x0000000702400000|  0%| F|  |TAMS 0x0000000702200000| PB 0x0000000702200000| Untracked |  0
|  18|0x0000000702400000, 0x0000000702400000, 0x0000000702600000|  0%| F|  |TAMS 0x0000000702400000| PB 0x0000000702400000| Untracked |  0
|  19|0x0000000702600000, 0x0000000702600000, 0x0000000702800000|  0%| F|  |TAMS 0x0000000702600000| PB 0x0000000702600000| Untracked |  0
|  20|0x0000000702800000, 0x0000000702800000, 0x0000000702a00000|  0%| F|  |TAMS 0x0000000702800000| PB 0x0000000702800000| Untracked |  0
|  21|0x0000000702a00000, 0x0000000702a00000, 0x0000000702c00000|  0%| F|  |TAMS 0x0000000702a00000| PB 0x0000000702a00000| Untracked |  0
|  22|0x0000000702c00000, 0x0000000702c00000, 0x0000000702e00000|  0%| F|  |TAMS 0x0000000702c00000| PB 0x0000000702c00000| Untracked |  0
|  23|0x0000000702e00000, 0x0000000702e00000, 0x0000000703000000|  0%| F|  |TAMS 0x0000000702e00000| PB 0x0000000702e00000| Untracked |  0
|  24|0x0000000703000000, 0x0000000703000000, 0x0000000703200000|  0%| F|  |TAMS 0x0000000703000000| PB 0x0000000703000000| Untracked |  0
|  25|0x0000000703200000, 0x0000000703200000, 0x0000000703400000|  0%| F|  |TAMS 0x0000000703200000| PB 0x0000000703200000| Untracked |  0
|  26|0x0000000703400000, 0x0000000703400000, 0x0000000703600000|  0%| F|  |TAMS 0x0000000703400000| PB 0x0000000703400000| Untracked |  0
|  27|0x0000000703600000, 0x0000000703600000, 0x0000000703800000|  0%| F|  |TAMS 0x0000000703600000| PB 0x0000000703600000| Untracked |  0
|  28|0x0000000703800000, 0x0000000703800000, 0x0000000703a00000|  0%| F|  |TAMS 0x0000000703800000| PB 0x0000000703800000| Untracked |  0
|  29|0x0000000703a00000, 0x0000000703a00000, 0x0000000703c00000|  0%| F|  |TAMS 0x0000000703a00000| PB 0x0000000703a00000| Untracked |  0
|  30|0x0000000703c00000, 0x0000000703c00000, 0x0000000703e00000|  0%| F|  |TAMS 0x0000000703c00000| PB 0x0000000703c00000| Untracked |  0
|  31|0x0000000703e00000, 0x0000000703e00000, 0x0000000704000000|  0%| F|  |TAMS 0x0000000703e00000| PB 0x0000000703e00000| Untracked |  0
|  32|0x0000000704000000, 0x0000000704000000, 0x0000000704200000|  0%| F|  |TAMS 0x0000000704000000| PB 0x0000000704000000| Untracked |  0
|  33|0x0000000704200000, 0x0000000704200000, 0x0000000704400000|  0%| F|  |TAMS 0x0000000704200000| PB 0x0000000704200000| Untracked |  0
|  34|0x0000000704400000, 0x0000000704400000, 0x0000000704600000|  0%| F|  |TAMS 0x0000000704400000| PB 0x0000000704400000| Untracked |  0
|  35|0x0000000704600000, 0x0000000704600000, 0x0000000704800000|  0%| F|  |TAMS 0x0000000704600000| PB 0x0000000704600000| Untracked |  0
|  36|0x0000000704800000, 0x0000000704800000, 0x0000000704a00000|  0%| F|  |TAMS 0x0000000704800000| PB 0x0000000704800000| Untracked |  0
|  37|0x0000000704a00000, 0x0000000704a00000, 0x0000000704c00000|  0%| F|  |TAMS 0x0000000704a00000| PB 0x0000000704a00000| Untracked |  0
|  38|0x0000000704c00000, 0x0000000704c00000, 0x0000000704e00000|  0%| F|  |TAMS 0x0000000704c00000| PB 0x0000000704c00000| Untracked |  0
|  39|0x0000000704e00000, 0x0000000704e00000, 0x0000000705000000|  0%| F|  |TAMS 0x0000000704e00000| PB 0x0000000704e00000| Untracked |  0
|  40|0x0000000705000000, 0x0000000705000000, 0x0000000705200000|  0%| F|  |TAMS 0x0000000705000000| PB 0x0000000705000000| Untracked |  0
|  41|0x0000000705200000, 0x0000000705200000, 0x0000000705400000|  0%| F|  |TAMS 0x0000000705200000| PB 0x0000000705200000| Untracked |  0
|  42|0x0000000705400000, 0x0000000705400000, 0x0000000705600000|  0%| F|  |TAMS 0x0000000705400000| PB 0x0000000705400000| Untracked |  0
|  43|0x0000000705600000, 0x0000000705600000, 0x0000000705800000|  0%| F|  |TAMS 0x0000000705600000| PB 0x0000000705600000| Untracked |  0
|  44|0x0000000705800000, 0x0000000705800000, 0x0000000705a00000|  0%| F|  |TAMS 0x0000000705800000| PB 0x0000000705800000| Untracked |  0
|  45|0x0000000705a00000, 0x0000000705a00000, 0x0000000705c00000|  0%| F|  |TAMS 0x0000000705a00000| PB 0x0000000705a00000| Untracked |  0
|  46|0x0000000705c00000, 0x0000000705c00000, 0x0000000705e00000|  0%| F|  |TAMS 0x0000000705c00000| PB 0x0000000705c00000| Untracked |  0
|  47|0x0000000705e00000, 0x0000000705e00000, 0x0000000706000000|  0%| F|  |TAMS 0x0000000705e00000| PB 0x0000000705e00000| Untracked |  0
|  48|0x0000000706000000, 0x0000000706000000, 0x0000000706200000|  0%| F|  |TAMS 0x0000000706000000| PB 0x0000000706000000| Untracked |  0
|  49|0x0000000706200000, 0x0000000706200000, 0x0000000706400000|  0%| F|  |TAMS 0x0000000706200000| PB 0x0000000706200000| Untracked |  0
|  50|0x0000000706400000, 0x0000000706400000, 0x0000000706600000|  0%| F|  |TAMS 0x0000000706400000| PB 0x0000000706400000| Untracked |  0
|  51|0x0000000706600000, 0x0000000706600000, 0x0000000706800000|  0%| F|  |TAMS 0x0000000706600000| PB 0x0000000706600000| Untracked |  0
|  52|0x0000000706800000, 0x0000000706800000, 0x0000000706a00000|  0%| F|  |TAMS 0x0000000706800000| PB 0x0000000706800000| Untracked |  0
|  53|0x0000000706a00000, 0x0000000706a00000, 0x0000000706c00000|  0%| F|  |TAMS 0x0000000706a00000| PB 0x0000000706a00000| Untracked |  0
|  54|0x0000000706c00000, 0x0000000706c00000, 0x0000000706e00000|  0%| F|  |TAMS 0x0000000706c00000| PB 0x0000000706c00000| Untracked |  0
|  55|0x0000000706e00000, 0x0000000706e00000, 0x0000000707000000|  0%| F|  |TAMS 0x0000000706e00000| PB 0x0000000706e00000| Untracked |  0
|  56|0x0000000707000000, 0x0000000707000000, 0x0000000707200000|  0%| F|  |TAMS 0x0000000707000000| PB 0x0000000707000000| Untracked |  0
|  57|0x0000000707200000, 0x0000000707200000, 0x0000000707400000|  0%| F|  |TAMS 0x0000000707200000| PB 0x0000000707200000| Untracked |  0
|  58|0x0000000707400000, 0x0000000707400000, 0x0000000707600000|  0%| F|  |TAMS 0x0000000707400000| PB 0x0000000707400000| Untracked |  0
|  59|0x0000000707600000, 0x0000000707600000, 0x0000000707800000|  0%| F|  |TAMS 0x0000000707600000| PB 0x0000000707600000| Untracked |  0
|  60|0x0000000707800000, 0x0000000707800000, 0x0000000707a00000|  0%| F|  |TAMS 0x0000000707800000| PB 0x0000000707800000| Untracked |  0
|  61|0x0000000707a00000, 0x0000000707a00000, 0x0000000707c00000|  0%| F|  |TAMS 0x0000000707a00000| PB 0x0000000707a00000| Untracked |  0
|  62|0x0000000707c00000, 0x0000000707c00000, 0x0000000707e00000|  0%| F|  |TAMS 0x0000000707c00000| PB 0x0000000707c00000| Untracked |  0
|  63|0x0000000707e00000, 0x0000000707e00000, 0x0000000708000000|  0%| F|  |TAMS 0x0000000707e00000| PB 0x0000000707e00000| Untracked |  0
|  64|0x0000000708000000, 0x0000000708000000, 0x0000000708200000|  0%| F|  |TAMS 0x0000000708000000| PB 0x0000000708000000| Untracked |  0
|  65|0x0000000708200000, 0x0000000708200000, 0x0000000708400000|  0%| F|  |TAMS 0x0000000708200000| PB 0x0000000708200000| Untracked |  0
|  66|0x0000000708400000, 0x0000000708400000, 0x0000000708600000|  0%| F|  |TAMS 0x0000000708400000| PB 0x0000000708400000| Untracked |  0
|  67|0x0000000708600000, 0x0000000708600000, 0x0000000708800000|  0%| F|  |TAMS 0x0000000708600000| PB 0x0000000708600000| Untracked |  0
|  68|0x0000000708800000, 0x0000000708800000, 0x0000000708a00000|  0%| F|  |TAMS 0x0000000708800000| PB 0x0000000708800000| Untracked |  0
|  69|0x0000000708a00000, 0x0000000708a00000, 0x0000000708c00000|  0%| F|  |TAMS 0x0000000708a00000| PB 0x0000000708a00000| Untracked |  0
|  70|0x0000000708c00000, 0x0000000708c00000, 0x0000000708e00000|  0%| F|  |TAMS 0x0000000708c00000| PB 0x0000000708c00000| Untracked |  0
|  71|0x0000000708e00000, 0x0000000708e00000, 0x0000000709000000|  0%| F|  |TAMS 0x0000000708e00000| PB 0x0000000708e00000| Untracked |  0
|  72|0x0000000709000000, 0x0000000709000000, 0x0000000709200000|  0%| F|  |TAMS 0x0000000709000000| PB 0x0000000709000000| Untracked |  0
|  73|0x0000000709200000, 0x0000000709200000, 0x0000000709400000|  0%| F|  |TAMS 0x0000000709200000| PB 0x0000000709200000| Untracked |  0
|  74|0x0000000709400000, 0x0000000709400000, 0x0000000709600000|  0%| F|  |TAMS 0x0000000709400000| PB 0x0000000709400000| Untracked |  0
|  75|0x0000000709600000, 0x0000000709600000, 0x0000000709800000|  0%| F|  |TAMS 0x0000000709600000| PB 0x0000000709600000| Untracked |  0
|  76|0x0000000709800000, 0x0000000709800000, 0x0000000709a00000|  0%| F|  |TAMS 0x0000000709800000| PB 0x0000000709800000| Untracked |  0
|  77|0x0000000709a00000, 0x0000000709a00000, 0x0000000709c00000|  0%| F|  |TAMS 0x0000000709a00000| PB 0x0000000709a00000| Untracked |  0
|  78|0x0000000709c00000, 0x0000000709c00000, 0x0000000709e00000|  0%| F|  |TAMS 0x0000000709c00000| PB 0x0000000709c00000| Untracked |  0
|  79|0x0000000709e00000, 0x0000000709e00000, 0x000000070a000000|  0%| F|  |TAMS 0x0000000709e00000| PB 0x0000000709e00000| Untracked |  0
|  80|0x000000070a000000, 0x000000070a000000, 0x000000070a200000|  0%| F|  |TAMS 0x000000070a000000| PB 0x000000070a000000| Untracked |  0
|  81|0x000000070a200000, 0x000000070a200000, 0x000000070a400000|  0%| F|  |TAMS 0x000000070a200000| PB 0x000000070a200000| Untracked |  0
|  82|0x000000070a400000, 0x000000070a400000, 0x000000070a600000|  0%| F|  |TAMS 0x000000070a400000| PB 0x000000070a400000| Untracked |  0
|  83|0x000000070a600000, 0x000000070a600000, 0x000000070a800000|  0%| F|  |TAMS 0x000000070a600000| PB 0x000000070a600000| Untracked |  0
|  84|0x000000070a800000, 0x000000070a800000, 0x000000070aa00000|  0%| F|  |TAMS 0x000000070a800000| PB 0x000000070a800000| Untracked |  0
|  85|0x000000070aa00000, 0x000000070aa00000, 0x000000070ac00000|  0%| F|  |TAMS 0x000000070aa00000| PB 0x000000070aa00000| Untracked |  0
|  86|0x000000070ac00000, 0x000000070ac00000, 0x000000070ae00000|  0%| F|  |TAMS 0x000000070ac00000| PB 0x000000070ac00000| Untracked |  0
|  87|0x000000070ae00000, 0x000000070ae00000, 0x000000070b000000|  0%| F|  |TAMS 0x000000070ae00000| PB 0x000000070ae00000| Untracked |  0
|  88|0x000000070b000000, 0x000000070b000000, 0x000000070b200000|  0%| F|  |TAMS 0x000000070b000000| PB 0x000000070b000000| Untracked |  0
|  89|0x000000070b200000, 0x000000070b200000, 0x000000070b400000|  0%| F|  |TAMS 0x000000070b200000| PB 0x000000070b200000| Untracked |  0
|  90|0x000000070b400000, 0x000000070b400000, 0x000000070b600000|  0%| F|  |TAMS 0x000000070b400000| PB 0x000000070b400000| Untracked |  0
|  91|0x000000070b600000, 0x000000070b600000, 0x000000070b800000|  0%| F|  |TAMS 0x000000070b600000| PB 0x000000070b600000| Untracked |  0
|  92|0x000000070b800000, 0x000000070b800000, 0x000000070ba00000|  0%| F|  |TAMS 0x000000070b800000| PB 0x000000070b800000| Untracked |  0
|  93|0x000000070ba00000, 0x000000070ba00000, 0x000000070bc00000|  0%| F|  |TAMS 0x000000070ba00000| PB 0x000000070ba00000| Untracked |  0
|  94|0x000000070bc00000, 0x000000070bc00000, 0x000000070be00000|  0%| F|  |TAMS 0x000000070bc00000| PB 0x000000070bc00000| Untracked |  0
|  95|0x000000070be00000, 0x000000070be00000, 0x000000070c000000|  0%| F|  |TAMS 0x000000070be00000| PB 0x000000070be00000| Untracked |  0
|  96|0x000000070c000000, 0x000000070c000000, 0x000000070c200000|  0%| F|  |TAMS 0x000000070c000000| PB 0x000000070c000000| Untracked |  0
|  97|0x000000070c200000, 0x000000070c200000, 0x000000070c400000|  0%| F|  |TAMS 0x000000070c200000| PB 0x000000070c200000| Untracked |  0
|  98|0x000000070c400000, 0x000000070c400000, 0x000000070c600000|  0%| F|  |TAMS 0x000000070c400000| PB 0x000000070c400000| Untracked |  0
|  99|0x000000070c600000, 0x000000070c600000, 0x000000070c800000|  0%| F|  |TAMS 0x000000070c600000| PB 0x000000070c600000| Untracked |  0
| 100|0x000000070c800000, 0x000000070c800000, 0x000000070ca00000|  0%| F|  |TAMS 0x000000070c800000| PB 0x000000070c800000| Untracked |  0
| 101|0x000000070ca00000, 0x000000070cc00000, 0x000000070cc00000|100%| S|CS|TAMS 0x000000070ca00000| PB 0x000000070ca00000| Complete |  0
| 102|0x000000070cc00000, 0x000000070ce00000, 0x000000070ce00000|100%| S|CS|TAMS 0x000000070cc00000| PB 0x000000070cc00000| Complete |  0
| 103|0x000000070ce00000, 0x000000070d000000, 0x000000070d000000|100%| S|CS|TAMS 0x000000070ce00000| PB 0x000000070ce00000| Complete |  0
| 104|0x000000070d000000, 0x000000070d07ba90, 0x000000070d200000| 24%| E|  |TAMS 0x000000070d000000| PB 0x000000070d000000| Complete |  0
| 105|0x000000070d200000, 0x000000070d400000, 0x000000070d400000|100%| E|CS|TAMS 0x000000070d200000| PB 0x000000070d200000| Complete |  0
| 106|0x000000070d400000, 0x000000070d600000, 0x000000070d600000|100%| E|CS|TAMS 0x000000070d400000| PB 0x000000070d400000| Complete |  0
| 107|0x000000070d600000, 0x000000070d800000, 0x000000070d800000|100%| E|CS|TAMS 0x000000070d600000| PB 0x000000070d600000| Complete |  0
| 108|0x000000070d800000, 0x000000070da00000, 0x000000070da00000|100%| E|CS|TAMS 0x000000070d800000| PB 0x000000070d800000| Complete |  0
| 109|0x000000070da00000, 0x000000070dc00000, 0x000000070dc00000|100%| E|CS|TAMS 0x000000070da00000| PB 0x000000070da00000| Complete |  0
| 110|0x000000070dc00000, 0x000000070de00000, 0x000000070de00000|100%| E|CS|TAMS 0x000000070dc00000| PB 0x000000070dc00000| Complete |  0
| 111|0x000000070de00000, 0x000000070e000000, 0x000000070e000000|100%| E|CS|TAMS 0x000000070de00000| PB 0x000000070de00000| Complete |  0
| 112|0x000000070e000000, 0x000000070e200000, 0x000000070e200000|100%| E|CS|TAMS 0x000000070e000000| PB 0x000000070e000000| Complete |  0
| 113|0x000000070e200000, 0x000000070e400000, 0x000000070e400000|100%| E|CS|TAMS 0x000000070e200000| PB 0x000000070e200000| Complete |  0
| 114|0x000000070e400000, 0x000000070e600000, 0x000000070e600000|100%| E|CS|TAMS 0x000000070e400000| PB 0x000000070e400000| Complete |  0
| 115|0x000000070e600000, 0x000000070e800000, 0x000000070e800000|100%| E|CS|TAMS 0x000000070e600000| PB 0x000000070e600000| Complete |  0
| 116|0x000000070e800000, 0x000000070ea00000, 0x000000070ea00000|100%| E|CS|TAMS 0x000000070e800000| PB 0x000000070e800000| Complete |  0
| 117|0x000000070ea00000, 0x000000070ec00000, 0x000000070ec00000|100%| E|CS|TAMS 0x000000070ea00000| PB 0x000000070ea00000| Complete |  0
| 118|0x000000070ec00000, 0x000000070ee00000, 0x000000070ee00000|100%| E|CS|TAMS 0x000000070ec00000| PB 0x000000070ec00000| Complete |  0
| 119|0x000000070ee00000, 0x000000070f000000, 0x000000070f000000|100%| E|CS|TAMS 0x000000070ee00000| PB 0x000000070ee00000| Complete |  0
| 120|0x000000070f000000, 0x000000070f200000, 0x000000070f200000|100%| E|CS|TAMS 0x000000070f000000| PB 0x000000070f000000| Complete |  0
| 121|0x000000070f200000, 0x000000070f400000, 0x000000070f400000|100%| E|CS|TAMS 0x000000070f200000| PB 0x000000070f200000| Complete |  0
| 122|0x000000070f400000, 0x000000070f600000, 0x000000070f600000|100%| E|CS|TAMS 0x000000070f400000| PB 0x000000070f400000| Complete |  0
| 123|0x000000070f600000, 0x000000070f800000, 0x000000070f800000|100%| E|CS|TAMS 0x000000070f600000| PB 0x000000070f600000| Complete |  0
| 124|0x000000070f800000, 0x000000070fa00000, 0x000000070fa00000|100%| E|CS|TAMS 0x000000070f800000| PB 0x000000070f800000| Complete |  0
| 125|0x000000070fa00000, 0x000000070fc00000, 0x000000070fc00000|100%| E|CS|TAMS 0x000000070fa00000| PB 0x000000070fa00000| Complete |  0
| 126|0x000000070fc00000, 0x000000070fe00000, 0x000000070fe00000|100%| E|CS|TAMS 0x000000070fc00000| PB 0x000000070fc00000| Complete |  0
| 127|0x000000070fe00000, 0x0000000710000000, 0x0000000710000000|100%| E|CS|TAMS 0x000000070fe00000| PB 0x000000070fe00000| Complete |  0

Card table byte_map: [0x00000003004a4000,0x0000000300ca4000] _byte_map_base: 0x00000002fcca4000

Marking Bits: (CMBitMap*) 0x000000014a6e8a10
 Bits: [0x00000003150a0000, 0x00000003190a0000)

Polling page: 0x00000001177f4000

Metaspace:
Metaspace        used 20400K, committed 20672K, reserved 1114112K
 class space     used 2388K, committed 2496K, reserved 1048576K

Usage:
  Non-class:     17.59 MB used.
      Class:      2.33 MB used.
       Both:     19.92 MB used.

Virtual space:
  Non-class space:       64.00 MB reserved,      17.75 MB ( 28%) committed,  1 nodes.
      Class space:        1.00 GB reserved,       2.44 MB ( <1%) committed,  1 nodes.
             Both:        1.06 GB reserved,      20.19 MB (  2%) committed. 

Chunk freelists:
   Non-Class:  14.16 MB
       Class:  13.56 MB
        Both:  27.72 MB

MaxMetaspaceSize: unlimited
CompressedClassSpaceSize: 1.00 GB
Initial GC threshold: 21.00 MB
Current GC threshold: 21.00 MB
CDS: off
 - commit_granule_bytes: 65536.
 - commit_granule_words: 8192.
 - virtual_space_node_default_size: 8388608.
 - enlarge_chunks_in_place: 1.
UseCompressedClassPointers 1, UseCompactObjectHeaders 0
Narrow klass pointer bits 32, Max shift 3
Narrow klass base: 0x0000007c00000000, Narrow klass shift: 0
Encoding Range: [0x0000007c00000000 - 0x0000007d00000000), (4294967296 bytes)
Klass Range:    [0x0000007c00000000 - 0x0000007c40000000), (1073741824 bytes)
Klass ID Range:  [8 - 1073741817) (1073741809)
Protection zone: [0x0000007c00000000 - 0x0000007c00010000), (65536 bytes)


Internal statistics:

num_allocs_failed_limit: 0.
num_arena_births: 174.
num_arena_deaths: 0.
num_vsnodes_births: 2.
num_vsnodes_deaths: 0.
num_space_committed: 323.
num_space_uncommitted: 0.
num_chunks_returned_to_freelist: 0.
num_chunks_taken_from_freelist: 311.
num_chunk_merges: 0.
num_chunk_splits: 175.
num_chunks_enlarged: 107.
num_inconsistent_stats: 0.

CodeHeap 'non-profiled nmethods': size=120032Kb used=658Kb max_used=658Kb free=119373Kb
 bounds [0x000000030db68000, 0x000000030ddd8000, 0x00000003150a0000]
CodeHeap 'profiled nmethods': size=120032Kb used=2904Kb max_used=2904Kb free=117127Kb
 bounds [0x000000030609c000, 0x000000030637c000, 0x000000030d5d4000]
CodeHeap 'non-nmethods': size=5712Kb used=1501Kb max_used=1555Kb free=4210Kb
 bounds [0x000000030d5d4000, 0x000000030d844000, 0x000000030db68000]
CodeCache: size=245776Kb, used=5063Kb, max_used=5117Kb, free=240710Kb
 total_blobs=2921, nmethods=2177, adapters=652, full_count=0
Compilation: enabled, stopped_count=0, restarted_count=0

Compilation events (20 events):
Event: 2956.365 Thread 0x000000014f84c400 2174       3       java.io.BufferedWriter::min (9 bytes)
Event: 2956.365 Thread 0x000000014f84c400 nmethod 2174 0x0000000306370788 code [0x0000000306370880, 0x00000003063709f8]
Event: 2956.365 Thread 0x000000014f84c400 2175       3       java.lang.StringLatin1::getChars (12 bytes)
Event: 2956.365 Thread 0x000000014f84c400 nmethod 2175 0x0000000306370a08 code [0x0000000306370b00, 0x0000000306370c48]
Event: 3047.955 Thread 0x000000014f840400 2176   !   4       de.mossgrabers.reaper.MainApp::lambda$updateModel$0 (120 bytes)
Event: 3047.968 Thread 0x000000014f840400 nmethod 2176 0x000000030dc0af48 code [0x000000030dc0b040, 0x000000030dc0b900]
Event: 3126.572 Thread 0x000000014f84c400 2177       3       java.lang.System::lineSeparator (4 bytes)
Event: 3126.573 Thread 0x000000014f84c400 nmethod 2177 0x0000000306370c88 code [0x0000000306370d80, 0x0000000306370e70]
Event: 3127.968 Thread 0x000000014f84c400 2178       3       java.io.BufferedWriter::newLine (8 bytes)
Event: 3127.968 Thread 0x000000014f84c400 nmethod 2178 0x0000000306370e88 code [0x0000000306370f80, 0x0000000306371440]
Event: 3127.968 Thread 0x000000014f84c400 2179       3       java.util.concurrent.ConcurrentHashMap$EntryIterator::next (5 bytes)
Event: 3127.968 Thread 0x000000014f84c400 nmethod 2179 0x0000000306371488 code [0x0000000306371580, 0x0000000306371768]
Event: 3127.968 Thread 0x000000014f84c400 2180       3       java.util.concurrent.ConcurrentHashMap$EntryIterator::next (51 bytes)
Event: 3127.969 Thread 0x000000014f84c400 nmethod 2180 0x0000000306371788 code [0x0000000306371880, 0x0000000306371d90]
Event: 3307.120 Thread 0x000000014f840400 2181 %     4       java.awt.EventDispatchThread::pumpEventsForFilter @ 10 (47 bytes)
Event: 3307.122 Thread 0x000000014f840400 nmethod 2181% 0x000000030dc0b948 code [0x000000030dc0ba40, 0x000000030dc0bc28]
Event: 3387.540 Thread 0x000000014f840400 2182 % !   4       javax.swing.TimerQueue::run @ 9 (189 bytes)
Event: 3387.558 Thread 0x000000014f840400 nmethod 2182% 0x000000030dc0bc48 code [0x000000030dc0bd40, 0x000000030dc0c958]
Event: 3686.915 Thread 0x000000014f84c400 2183       3       sun.util.calendar.CalendarUtils::isGregorianLeapYear (40 bytes)
Event: 3686.916 Thread 0x000000014f84c400 nmethod 2183 0x0000000306371dc8 code [0x0000000306371ec0, 0x00000003063720d0]

GC Heap Usage History (2 events):
Event: 1842.172 {heap Before GC invocations=0 (full 0):
 garbage-first heap   total reserved 4194304K, committed 262144K, used 49152K [0x0000000700000000, 0x0000000800000000)
  region size 2048K, 24 young (49152K), 0 survivors (0K)
}
Event: 1842.189 {heap After GC invocations=1 (full 0):
 garbage-first heap   total reserved 4194304K, committed 262144K, used 6440K [0x0000000700000000, 0x0000000800000000)
  region size 2048K, 3 young (6144K), 3 survivors (6144K)
}

Metaspace Usage History (2 events):
Event: 1842.172 {metaspace Before GC invocations=0 (full 0):
 Metaspace       used 20374K, committed 20608K, reserved 1114112K
  class space    used 2388K, committed 2496K, reserved 1048576K
}
Event: 1842.189 {metaspace After GC invocations=1 (full 0):
 Metaspace       used 20374K, committed 20608K, reserved 1114112K
  class space    used 2388K, committed 2496K, reserved 1048576K
}

Dll operation events (11 events):
Event: 0.010 Loaded shared library /Users/jonathankawchuk/Library/Application Support/REAPER/UserPlugins/java-runtime/lib/libjava.dylib
Event: 0.073 Loaded shared library /Users/jonathankawchuk/Library/Application Support/REAPER/UserPlugins/java-runtime/lib/libnio.dylib
Event: 0.084 Loaded shared library /Users/jonathankawchuk/Library/Application Support/REAPER/UserPlugins/java-runtime/lib/libzip.dylib
Event: 0.128 Loaded shared library /Users/jonathankawchuk/Library/Application Support/REAPER/UserPlugins/java-runtime/lib/libverify.dylib
Event: 0.170 Loaded shared library /Users/jonathankawchuk/Library/Application Support/REAPER/UserPlugins/java-runtime/lib/libjimage.dylib
Event: 0.174 Loaded shared library /Users/jonathankawchuk/Library/Application Support/REAPER/UserPlugins/java-runtime/lib/libawt.dylib
Event: 0.185 Loaded shared library /Users/jonathankawchuk/Library/Application Support/REAPER/UserPlugins/java-runtime/lib/libawt_lwawt.dylib
Event: 0.193 Loaded shared library /Users/jonathankawchuk/Library/Application Support/REAPER/UserPlugins/java-runtime/lib/libfontmanager.dylib
Event: 1.187 Loaded shared library /Users/jonathankawchuk/Library/Application Support/REAPER/UserPlugins/java-runtime/lib/libnet.dylib
Event: 1.667 Loaded shared library /private/var/folders/6g/_dyszwd54rd36jmvjmmd4htw0000gn/T/usb4java1363286935205122609.tmp/libusb4java.dylib
Event: 1.716 Loaded shared library /Users/jonathankawchuk/Library/Application Support/REAPER/UserPlugins/java-runtime/lib/libosxui.dylib

Deoptimization events (20 events):
Event: 1404.581 Thread 0x000000014881ca00 DEOPT PACKING pc=0x000000030dbedad0 sp=0x000000032ff52720
Event: 1404.581 Thread 0x000000014881ca00 DEOPT UNPACKING pc=0x000000030d6e49dc sp=0x000000032ff52680 mode 2
Event: 1428.831 Thread 0x000000014881ca00 Uncommon trap: trap_request=0xffffff45 fr.pc=0x000000030dbdcb88 relative=0x00000000000001c8
Event: 1428.831 Thread 0x000000014881ca00 Uncommon trap: reason=unstable_if action=reinterpret pc=0x000000030dbdcb88 method=java.awt.EventQueue.getNextEventPrivate()Ljava/awt/AWTEvent; @ 45 c2
Event: 1428.831 Thread 0x000000014881ca00 DEOPT PACKING pc=0x000000030dbdcb88 sp=0x000000032ff52730
Event: 1428.831 Thread 0x000000014881ca00 DEOPT UNPACKING pc=0x000000030d6e49dc sp=0x000000032ff526b0 mode 2
Event: 1447.584 Thread 0x000000014881ca00 Uncommon trap: trap_request=0xffffffcc fr.pc=0x000000030dc0081c relative=0x000000000000151c
Event: 1447.584 Thread 0x000000014881ca00 Uncommon trap: reason=intrinsic_or_type_checked_inlining action=make_not_entrant pc=0x000000030dc0081c method=java.util.ArrayList$SubList.toArray([Ljava/lang/Object;)[Ljava/lang/Object; @ 58 c2
Event: 1447.584 Thread 0x000000014881ca00 DEOPT PACKING pc=0x000000030dc0081c sp=0x000000032ff524f0
Event: 1447.584 Thread 0x000000014881ca00 DEOPT UNPACKING pc=0x000000030d6e49dc sp=0x000000032ff52300 mode 2
Event: 2120.175 Thread 0x000000014a6b1000 Uncommon trap: trap_request=0xffffff45 fr.pc=0x000000030dbcbd88 relative=0x00000000000000c8
Event: 2120.175 Thread 0x000000014a6b1000 Uncommon trap: reason=unstable_if action=reinterpret pc=0x000000030dbcbd88 method=java.lang.ref.SoftReference.get()Ljava/lang/Object; @ 17 c2
Event: 2120.175 Thread 0x000000014a6b1000 DEOPT PACKING pc=0x000000030dbcbd88 sp=0x000000016f982a90
Event: 2120.175 Thread 0x000000014a6b1000 DEOPT UNPACKING pc=0x000000030d6e49dc sp=0x000000016f982a10 mode 2
Event: 2120.175 Thread 0x000000014a6b1000 DEOPT PACKING pc=0x0000000306120b2c sp=0x000000016f982ba0
Event: 2120.175 Thread 0x000000014a6b1000 DEOPT UNPACKING pc=0x000000030d6110bc sp=0x000000016f982840 mode 0
Event: 3572.683 Thread 0x000000014881ca00 DEOPT PACKING pc=0x0000000306360ef8 sp=0x000000032ff52800
Event: 3572.683 Thread 0x000000014881ca00 DEOPT UNPACKING pc=0x000000030d6110bc sp=0x000000032ff52500 mode 0
Event: 3661.327 Thread 0x0000000123016200 DEOPT PACKING pc=0x0000000306362a1c sp=0x0000000320ac2830
Event: 3661.327 Thread 0x0000000123016200 DEOPT UNPACKING pc=0x000000030d6110bc sp=0x0000000320ac25c0 mode 0

Classes loaded (20 events):
Event: 1049.424 Loading class java/lang/invoke/InnerClassLambdaMetafactory$SerializationSupport
Event: 1049.424 Loading class java/lang/invoke/InnerClassLambdaMetafactory$SerializationSupport done
Event: 1049.424 Loading class java/lang/invoke/InnerClassLambdaMetafactory$4
Event: 1049.424 Loading class java/lang/invoke/InnerClassLambdaMetafactory$4 done
Event: 1049.425 Loading class jdk/internal/classfile/impl/AbstractPoolEntry$StringEntryImpl
Event: 1049.425 Loading class java/lang/classfile/constantpool/StringEntry
Event: 1049.425 Loading class java/lang/classfile/constantpool/ConstantValueEntry
Event: 1049.425 Loading class java/lang/classfile/constantpool/ConstantValueEntry done
Event: 1049.425 Loading class java/lang/classfile/constantpool/StringEntry done
Event: 1049.425 Loading class jdk/internal/classfile/impl/AbstractPoolEntry$StringEntryImpl done
Event: 1049.426 Loading class sun/invoke/util/BytecodeDescriptor
Event: 1049.426 Loading class sun/invoke/util/BytecodeDescriptor done
Event: 1049.426 Loading class jdk/internal/classfile/impl/AbstractPoolEntry$IntegerEntryImpl
Event: 1049.426 Loading class java/lang/classfile/constantpool/IntegerEntry
Event: 1049.426 Loading class java/lang/classfile/constantpool/IntegerEntry done
Event: 1049.426 Loading class jdk/internal/classfile/impl/AbstractPoolEntry$IntegerEntryImpl done
Event: 1068.455 Loading class java/util/Base64$Decoder
Event: 1068.456 Loading class java/util/Base64$Decoder done
Event: 1068.457 Loading class java/io/Reader$2
Event: 1068.458 Loading class java/io/Reader$2 done

Classes unloaded (0 events):
No events

Classes redefined (0 events):
No events

Internal exceptions (20 events):
Event: 1.783 Thread 0x000000014a6b1000 Exception <a 'java/lang/NoSuchMethodError'{0x000000070eaef238}: 'int java.lang.invoke.Invokers$Holder.invokeExact_MT(java.lang.Object, java.lang.Object)'> (0x000000070eaef238) 
thrown [src/hotspot/share/interpreter/linkResolver.cpp, line 804]
Event: 1.784 Thread 0x000000014a6b1000 Implicit null exception at 0x000000030dba55a0 to 0x000000030dba59f4
Event: 1.784 Thread 0x000000014a6b1000 Implicit null exception at 0x000000030db83f20 to 0x000000030db84344
Event: 1.820 Thread 0x000000014a6b1000 Exception <a 'java/lang/NoSuchMethodError'{0x000000070eb9f6f8}: 'java.lang.Object java.lang.invoke.DirectMethodHandle$Holder.newInvokeSpecial(java.lang.Object, int, java.lang.Object)'> (0x000000070eb9f6f8) 
thrown [src/hotspot/share/interpreter/linkResolver.cpp, line 804]
Event: 2.602 Thread 0x000000014a6b1000 Exception <a 'java/lang/NoSuchMethodError'{0x000000070e8bc090}: 'void java.lang.invoke.DirectMethodHandle$Holder.invokeSpecial(java.lang.Object, java.lang.Object, int, java.lang.Object)'> (0x000000070e8bc090) 
thrown [src/hotspot/share/interpreter/linkResolver.cpp, line 804]
Event: 2.603 Thread 0x000000014a6b1000 Exception <a 'java/lang/NoSuchMethodError'{0x000000070e8cb3f8}: 'java.lang.Object java.lang.invoke.DirectMethodHandle$Holder.newInvokeSpecial(java.lang.Object, java.lang.Object, int)'> (0x000000070e8cb3f8) 
thrown [src/hotspot/share/interpreter/linkResolver.cpp, line 804]
Event: 2.617 Thread 0x000000014a6b1000 Exception <a 'java/lang/NoSuchMethodError'{0x000000070e9239b0}: 'void java.lang.invoke.Invokers$Holder.invokeExact_MT(java.lang.Object, java.lang.Object, java.lang.Object, java.lang.Object)'> (0x000000070e9239b0) 
thrown [src/hotspot/share/interpreter/linkResolver.cpp, line 804]
Event: 2.619 Thread 0x000000014a6b1000 Exception <a 'java/lang/NoSuchMethodError'{0x000000070e93d078}: 'java.lang.Object java.lang.invoke.DirectMethodHandle$Holder.newInvokeSpecial(java.lang.Object, java.lang.Object, java.lang.Object, int, java.lang.Object)'> (0x000000070e93d078) 
thrown [src/hotspot/share/interpreter/linkResolver.cpp, line 804]
Event: 2.619 Thread 0x000000014a6b1000 Exception <a 'java/lang/NoSuchMethodError'{0x000000070e94d8e0}: 'java.lang.Object java.lang.invoke.Invokers$Holder.linkToTargetMethod(java.lang.Object, java.lang.Object, int, java.lang.Object, java.lang.Object)'> (0x000000070e94d8e0) 
thrown [src/hotspot/share/interpreter/linkResolver.cpp, line 804]
Event: 2.627 Thread 0x000000014a6b1000 Exception <a 'java/lang/NoSuchMethodError'{0x000000070e956268}: 'void java.lang.invoke.DirectMethodHandle$Holder.invokeStatic(java.lang.Object, int, long)'> (0x000000070e956268) 
thrown [src/hotspot/share/interpreter/linkResolver.cpp, line 804]
Event: 2.635 Thread 0x000000014a6b1000 Exception <a 'java/lang/NoSuchMethodError'{0x000000070e9a2cd8}: 'java.lang.Object java.lang.invoke.Invokers$Holder.linkToTargetMethod(int, int, int, int, java.lang.Object)'> (0x000000070e9a2cd8) 
thrown [src/hotspot/share/interpreter/linkResolver.cpp, line 804]
Event: 2.635 Thread 0x000000014a6b1000 Exception <a 'java/lang/NoSuchMethodError'{0x000000070e9aafa8}: 'void java.lang.invoke.DirectMethodHandle$Holder.invokeStatic(java.lang.Object, java.lang.Object, long)'> (0x000000070e9aafa8) 
thrown [src/hotspot/share/interpreter/linkResolver.cpp, line 804]
Event: 2.691 Thread 0x000000014a6b1000 Exception <a 'java/lang/NoSuchMethodError'{0x000000070e41f980}: 'java.lang.Object java.lang.invoke.DirectMethodHandle$Holder.newInvokeSpecial(java.lang.Object, java.lang.Object, int, int)'> (0x000000070e41f980) 
thrown [src/hotspot/share/interpreter/linkResolver.cpp, line 804]
Event: 2.705 Thread 0x000000014a6b1000 Exception <a 'java/lang/NoSuchMethodError'{0x000000070e4c1e08}: 'void java.lang.invoke.DirectMethodHandle$Holder.invokeStatic(java.lang.Object, java.lang.Object, java.lang.Object, java.lang.Object)'> (0x000000070e4c1e08) 
thrown [src/hotspot/share/interpreter/linkResolver.cpp, line 804]
Event: 2.727 Thread 0x000000014a6b1000 Exception <a 'java/lang/NoSuchMethodError'{0x000000070e592f00}: 'void java.lang.invoke.DirectMethodHandle$Holder.invokeStatic(java.lang.Object, long, long)'> (0x000000070e592f00) 
thrown [src/hotspot/share/interpreter/linkResolver.cpp, line 804]
Event: 2.727 Thread 0x000000014a6b1000 Exception <a 'java/lang/NoSuchMethodError'{0x000000070e5a1db8}: 'java.lang.Object java.lang.invoke.DirectMethodHandle$Holder.newInvokeSpecial(java.lang.Object, long)'> (0x000000070e5a1db8) 
thrown [src/hotspot/share/interpreter/linkResolver.cpp, line 804]
Event: 2.732 Thread 0x000000014a6b1000 Exception <a 'java/lang/NoSuchMethodError'{0x000000070e5d0b08}: 'void java.lang.invoke.DirectMethodHandle$Holder.invokeVirtual(java.lang.Object, java.lang.Object)'> (0x000000070e5d0b08) 
thrown [src/hotspot/share/interpreter/linkResolver.cpp, line 804]
Event: 2.733 Thread 0x000000014881ca00 Exception <a 'java/lang/NoSuchMethodError'{0x000000070eff71d0}: 'void java.lang.invoke.DirectMethodHandle$Holder.invokeStatic(java.lang.Object, long)'> (0x000000070eff71d0) 
thrown [src/hotspot/share/interpreter/linkResolver.cpp, line 804]
Event: 2.736 Thread 0x000000014881ca00 Exception <a 'java/lang/NoSuchMethodError'{0x000000070e223d80}: 'void java.lang.invoke.DirectMethodHandle$Holder.invokeSpecial(java.lang.Object, java.lang.Object, java.lang.Object, java.lang.Object, java.lang.Object)'> (0x000000070e223d80) 
thrown [src/hotspot/share/interpreter/linkResolver.cpp, line 804]
Event: 1378.747 Thread 0x0000000123016200 Implicit null exception at 0x000000030dbe286c to 0x000000030dbe3704

VM Operations (20 events):
Event: 1.681 Executing non-safepoint VM operation: HandshakeAllThreads (Deoptimize)
Event: 1.681 Executing non-safepoint VM operation: HandshakeAllThreads (Deoptimize) done
Event: 1.742 Executing non-safepoint VM operation: HandshakeAllThreads (Deoptimize)
Event: 1.742 Executing non-safepoint VM operation: HandshakeAllThreads (Deoptimize) done
Event: 2.686 Executing non-safepoint VM operation: HandshakeAllThreads (Deoptimize)
Event: 2.686 Executing non-safepoint VM operation: HandshakeAllThreads (Deoptimize) done
Event: 2.696 Executing non-safepoint VM operation: HandshakeAllThreads (Deoptimize)
Event: 2.696 Executing non-safepoint VM operation: HandshakeAllThreads (Deoptimize) done
Event: 2.726 Executing non-safepoint VM operation: HandshakeAllThreads (Deoptimize)
Event: 2.726 Executing non-safepoint VM operation: HandshakeAllThreads (Deoptimize) done
Event: 2.730 Executing non-safepoint VM operation: HandshakeAllThreads (Deoptimize)
Event: 2.730 Executing non-safepoint VM operation: HandshakeAllThreads (Deoptimize) done
Event: 60.258 Executing non-safepoint VM operation: HandshakeAllThreads (HandshakeForDeflation)
Event: 60.258 Executing non-safepoint VM operation: HandshakeAllThreads (HandshakeForDeflation) done
Event: 60.258 Executing non-safepoint VM operation: RendezvousGCThreads
Event: 60.258 Executing non-safepoint VM operation: RendezvousGCThreads done
Event: 1049.426 Executing non-safepoint VM operation: HandshakeAllThreads (Deoptimize)
Event: 1049.426 Executing non-safepoint VM operation: HandshakeAllThreads (Deoptimize) done
Event: 1842.171 Executing safepoint VM operation: G1CollectForAllocation (G1 Evacuation Pause)
Event: 1842.189 Executing safepoint VM operation: G1CollectForAllocation (G1 Evacuation Pause) done

Memory protections (20 events):
Event: 0.217 Protecting memory [0x0000000320c4c000,0x0000000320c58000] with protection modes 0
Event: 0.222 Protecting memory [0x0000000321804000,0x0000000321810000] with protection modes 0
Event: 0.694 Protecting memory [0x0000000321804000,0x0000000321810000] with protection modes 3
Event: 1.127 Protecting memory [0x000000032fb44000,0x000000032fb50000] with protection modes 0
Event: 1.229 Protecting memory [0x0000000320834000,0x0000000320840000] with protection modes 3
Event: 1.229 Protecting memory [0x0000000320a40000,0x0000000320a4c000] with protection modes 3
Event: 1.675 Protecting memory [0x00000003208c0000,0x00000003208cc000] with protection modes 0
Event: 1.675 Protecting memory [0x000000032fb44000,0x000000032fb50000] with protection modes 3
Event: 1.707 Protecting memory [0x000000032fb44000,0x000000032fb50000] with protection modes 0
Event: 1.707 Protecting memory [0x000000032fd50000,0x000000032fd5c000] with protection modes 0
Event: 1.734 Protecting memory [0x00000003392a4000,0x00000003392b0000] with protection modes 0
Event: 1.740 Protecting memory [0x00000003394b0000,0x00000003394bc000] with protection modes 0
Event: 2.126 Protecting memory [0x0000000320c4c000,0x0000000320c58000] with protection modes 3
Event: 2.608 Protecting memory [0x000000036cd3c000,0x000000036cd48000] with protection modes 0
Event: 2.667 Protecting memory [0x000000036cf48000,0x000000036cf54000] with protection modes 0
Event: 2.730 Protecting memory [0x000000036d158000,0x000000036d164000] with protection modes 0
Event: 2.970 Protecting memory [0x000000036cf48000,0x000000036cf54000] with protection modes 3
Event: 7.723 Protecting memory [0x000000036cd3c000,0x000000036cd48000] with protection modes 3
Event: 1069.686 Protecting memory [0x0000000379548000,0x0000000379554000] with protection modes 0
Event: 1074.696 Protecting memory [0x0000000379548000,0x0000000379554000] with protection modes 3

Nmethod flushes (0 events):
No events

Events (20 events):
Event: 0.217 Thread 0x000000014f84c400 Thread added: 0x00000001141e9a00
Event: 0.222 Thread 0x00000001141e9a00 Thread added: 0x00000001141cae00
Event: 0.694 Thread 0x00000001141cae00 Thread exited: 0x00000001141cae00
Event: 1.127 Thread 0x00000001141e9a00 Thread added: 0x000000014980fe00
Event: 1.229 Thread 0x00000001141db600 Thread exited: 0x00000001141db600
Event: 1.229 Thread 0x00000001143ed400 Thread exited: 0x00000001143ed400
Event: 1.675 Thread 0x000000014a6b1000 Thread added: 0x0000000123016200
Event: 1.675 Thread 0x000000014980fe00 Thread exited: 0x000000014980fe00
Event: 1.707 Thread 0x0000000123016200 Thread added: 0x00000001491efe00
Event: 1.707 Thread 0x0000000123016200 Thread added: 0x000000014881ca00
Event: 1.734 Thread 0x000000014a6b1000 Thread added: 0x0000000148008200
Event: 1.740 Thread 0x000000014a6b1000 Thread added: 0x00000001143ed400
Event: 2.126 Thread 0x00000001141e9a00 Thread exited: 0x00000001141e9a00
Event: 2.608 Thread 0x000000014a6b1000 Thread added: 0x000000012310e000
Event: 2.667 Thread 0x000000014f84c400 Thread added: 0x000000014a648c00
Event: 2.730 Thread 0x000000014a6b1000 Thread added: 0x000000033a51e200
Event: 2.970 Thread 0x000000014a648c00 Thread exited: 0x000000014a648c00
Event: 7.723 Thread 0x000000012310e000 Thread exited: 0x000000012310e000
Event: 1069.686 Thread 0x000000014f84c400 Thread added: 0x000000014a450600
Event: 1074.696 Thread 0x000000014a450600 Thread exited: 0x000000014a450600


Dynamic libraries:
0x00000001a0f10000 	/System/Library/Frameworks/Cocoa.framework/Versions/A/Cocoa
0x00000001886c2000 	/System/Library/Frameworks/AppKit.framework/Versions/C/AppKit
0x000000018b9b2000 	/System/Library/Frameworks/CoreData.framework/Versions/A/CoreData
0x0000000185d53000 	/System/Library/Frameworks/Foundation.framework/Versions/C/Foundation
0x0000000192950000 	/usr/lib/libSystem.B.dylib
0x0000000189b53000 	/System/Library/PrivateFrameworks/UIFoundation.framework/Versions/A/UIFoundation
0x00000002326fe000 	/System/Library/PrivateFrameworks/CollectionViewCore.framework/Versions/A/CollectionViewCore
0x00000001904d4000 	/System/Library/PrivateFrameworks/XCTTargetBootstrap.framework/Versions/A/XCTTargetBootstrap
0x000000019514a000 	/System/Library/PrivateFrameworks/InternationalSupport.framework/Versions/A/InternationalSupport
0x00000001954a1000 	/System/Library/PrivateFrameworks/UserActivity.framework/Versions/A/UserActivity
0x0000000261086000 	/System/Library/PrivateFrameworks/UIIntelligenceSupport.framework/Versions/A/UIIntelligenceSupport
0x00000001eb210000 	/System/Library/Frameworks/SwiftUICore.framework/Versions/A/SwiftUICore
0x000000026610c000 	/System/Library/PrivateFrameworks/WritingTools.framework/Versions/A/WritingTools
0x0000000265150000 	/System/Library/PrivateFrameworks/WindowManagement.framework/Versions/A/WindowManagement
0x00000001859b6000 	/System/Library/Frameworks/SystemConfiguration.framework/Versions/A/SystemConfiguration
0x000000019457f000 	/usr/lib/libspindump.dylib
0x0000000189d05000 	/System/Library/Frameworks/UniformTypeIdentifiers.framework/Versions/A/UniformTypeIdentifiers
0x0000000191d3b000 	/usr/lib/libbsm.0.dylib
0x000000018df55000 	/usr/lib/libapp_launch_measurement.dylib
0x000000018d2fe000 	/System/Library/PrivateFrameworks/CoreAnalytics.framework/Versions/A/CoreAnalytics
0x000000018df59000 	/System/Library/PrivateFrameworks/CoreAutoLayout.framework/Versions/A/CoreAutoLayout
0x000000018faee000 	/System/Library/Frameworks/Metal.framework/Versions/A/Metal
0x0000000190d17000 	/usr/lib/liblangid.dylib
0x00000001904da000 	/System/Library/PrivateFrameworks/CoreSVG.framework/Versions/A/CoreSVG
0x000000018a72a000 	/System/Library/PrivateFrameworks/SkyLight.framework/Versions/A/SkyLight
0x000000018ac51000 	/System/Library/Frameworks/CoreGraphics.framework/Versions/A/CoreGraphics
0x000000019a621000 	/System/Library/Frameworks/Accelerate.framework/Versions/A/Accelerate
0x00000001943c2000 	/System/Library/PrivateFrameworks/IconServices.framework/Versions/A/IconServices
0x000000018facb000 	/System/Library/Frameworks/IOSurface.framework/Versions/A/IOSurface
0x000000018d32f000 	/usr/lib/libDiagnosticMessagesClient.dylib
0x000000019289a000 	/usr/lib/libz.1.dylib
0x000000019e536000 	/System/Library/Frameworks/ApplicationServices.framework/Versions/A/ApplicationServices
0x00000001904bf000 	/System/Library/PrivateFrameworks/DFRFoundation.framework/Versions/A/DFRFoundation
0x0000000187f27000 	/usr/lib/libicucore.A.dylib
0x000000019652a000 	/System/Library/Frameworks/AudioToolbox.framework/Versions/A/AudioToolbox
0x0000000195452000 	/System/Library/PrivateFrameworks/DataDetectorsCore.framework/Versions/A/DataDetectorsCore
0x00000001b0fbd000 	/System/Library/PrivateFrameworks/TextInput.framework/Versions/A/TextInput
0x000000018a675000 	/usr/lib/libMobileGestalt.dylib
0x00000001901b8000 	/System/Library/Frameworks/Carbon.framework/Versions/A/Frameworks/HIToolbox.framework/Versions/A/HIToolbox
0x000000018d836000 	/System/Library/Frameworks/QuartzCore.framework/Versions/A/QuartzCore
0x0000000187b22000 	/System/Library/Frameworks/Security.framework/Versions/A/Security
0x0000000199f7e000 	/System/Library/Frameworks/Carbon.framework/Versions/A/Frameworks/SpeechRecognition.framework/Versions/A/SpeechRecognition
0x000000018dc5c000 	/System/Library/PrivateFrameworks/CoreUI.framework/Versions/A/CoreUI
0x00000001873f0000 	/System/Library/Frameworks/CoreAudio.framework/Versions/A/CoreAudio
0x000000018d41d000 	/System/Library/Frameworks/DiskArbitration.framework/Versions/A/DiskArbitration
0x00000001949e8000 	/System/Library/PrivateFrameworks/MultitouchSupport.framework/Versions/A/MultitouchSupport
0x000000018a673000 	/usr/lib/libenergytrace.dylib
0x00000001a5561000 	/System/Library/PrivateFrameworks/RenderBox.framework/Versions/A/RenderBox
0x0000000188572000 	/System/Library/Frameworks/IOKit.framework/Versions/A/IOKit
0x000000019a375000 	/System/Library/Frameworks/CoreServices.framework/Versions/A/CoreServices
0x000000018dee6000 	/System/Library/PrivateFrameworks/PerformanceAnalysis.framework/Versions/A/PerformanceAnalysis
0x00000001e4bd1000 	/System/Library/Frameworks/OpenGL.framework/Versions/A/OpenGL
0x000000018dfa3000 	/usr/lib/libxml2.2.dylib
0x0000000191c1f000 	/System/Library/PrivateFrameworks/MobileKeyBag.framework/Versions/A/MobileKeyBag
0x00000001842f8000 	/usr/lib/libobjc.A.dylib
0x0000000184606000 	/usr/lib/libc++.1.dylib
0x000000019a2f6000 	/System/Library/Frameworks/Accessibility.framework/Versions/A/Accessibility
0x000000018b382000 	/System/Library/Frameworks/ColorSync.framework/Versions/A/ColorSync
0x0000000184762000 	/System/Library/Frameworks/CoreFoundation.framework/Versions/A/CoreFoundation
0x0000000190899000 	/System/Library/Frameworks/CoreImage.framework/Versions/A/CoreImage
0x00000001871d1000 	/System/Library/Frameworks/CoreText.framework/Versions/A/CoreText
0x00000001e611d000 	/System/Library/Frameworks/CoreTransferable.framework/Versions/A/CoreTransferable
0x00000001e66a2000 	/System/Library/Frameworks/DataDetection.framework/Versions/A/DataDetection
0x00000001e66a5000 	/System/Library/Frameworks/DeveloperToolsSupport.framework/Versions/A/DeveloperToolsSupport
0x0000000190515000 	/System/Library/Frameworks/ImageIO.framework/Versions/A/ImageIO
0x00000001ebdd3000 	/System/Library/Frameworks/Symbols.framework/Versions/A/Symbols
0x00000001d837e000 	/System/Library/PrivateFrameworks/FeatureFlags.framework/Versions/A/FeatureFlags
0x0000000192955000 	/System/Library/PrivateFrameworks/SoftLinking.framework/Versions/A/SoftLinking
0x00000001c3c37000 	/usr/lib/swift/libswiftAccelerate.dylib
0x0000000195ebf000 	/usr/lib/swift/libswiftCore.dylib
0x00000001ad660000 	/usr/lib/swift/libswiftCoreFoundation.dylib
0x00000001ad6ba000 	/usr/lib/swift/libswiftCoreImage.dylib
0x00000001aa9c9000 	/usr/lib/swift/libswiftDarwin.dylib
0x000000026cd29000 	/usr/lib/swift/libswiftDataDetection.dylib
0x000000019be6e000 	/usr/lib/swift/libswiftDispatch.dylib
0x00000001ad6bb000 	/usr/lib/swift/libswiftIOKit.dylib
0x00000001ba22b000 	/usr/lib/swift/libswiftMetal.dylib
0x00000001c91d0000 	/usr/lib/swift/libswiftOSLog.dylib
0x000000019eaf0000 	/usr/lib/swift/libswiftObjectiveC.dylib
0x000000026cd56000 	/usr/lib/swift/libswiftObservation.dylib
0x00000001bf5cd000 	/usr/lib/swift/libswiftQuartzCore.dylib
0x00000001c3c28000 	/usr/lib/swift/libswiftUniformTypeIdentifiers.dylib
0x00000001ad672000 	/usr/lib/swift/libswiftXPC.dylib
0x000000026ce3c000 	/usr/lib/swift/libswift_Builtin_float.dylib
0x000000026ce3f000 	/usr/lib/swift/libswift_Concurrency.dylib
0x000000026cf9e000 	/usr/lib/swift/libswift_StringProcessing.dylib
0x000000026d031000 	/usr/lib/swift/libswift_errno.dylib
0x000000026d033000 	/usr/lib/swift/libswift_math.dylib
0x000000026d036000 	/usr/lib/swift/libswift_signal.dylib
0x000000026d037000 	/usr/lib/swift/libswift_stdio.dylib
0x000000026d038000 	/usr/lib/swift/libswift_time.dylib
0x000000019eaf4000 	/usr/lib/swift/libswiftos.dylib
0x00000001b0f14000 	/usr/lib/swift/libswiftsimd.dylib
0x000000026d039000 	/usr/lib/swift/libswiftsys_time.dylib
0x000000026d03a000 	/usr/lib/swift/libswiftunistd.dylib
0x0000000192b7e000 	/usr/lib/libcompression.dylib
0x00000001950aa000 	/System/Library/PrivateFrameworks/TextureIO.framework/Versions/A/TextureIO
0x0000000194061000 	/usr/lib/libate.dylib
0x000000019294a000 	/usr/lib/system/libcache.dylib
0x0000000192905000 	/usr/lib/system/libcommonCrypto.dylib
0x0000000192930000 	/usr/lib/system/libcompiler_rt.dylib
0x0000000192925000 	/usr/lib/system/libcopyfile.dylib
0x0000000184453000 	/usr/lib/system/libcorecrypto.dylib
0x000000018453a000 	/usr/lib/system/libdispatch.dylib
0x00000001846fa000 	/usr/lib/system/libdyld.dylib
0x0000000192940000 	/usr/lib/system/libkeymgr.dylib
0x00000001928e8000 	/usr/lib/system/libmacho.dylib
0x0000000191d14000 	/usr/lib/system/libquarantine.dylib
0x000000019293d000 	/usr/lib/system/libremovefile.dylib
0x000000018a6ef000 	/usr/lib/system/libsystem_asl.dylib
0x00000001843e8000 	/usr/lib/system/libsystem_blocks.dylib
0x0000000184584000 	/usr/lib/system/libsystem_c.dylib
0x0000000192934000 	/usr/lib/system/libsystem_collections.dylib
0x0000000190d04000 	/usr/lib/system/libsystem_configuration.dylib
0x000000018fa9a000 	/usr/lib/system/libsystem_containermanager.dylib
0x000000019242a000 	/usr/lib/system/libsystem_coreservices.dylib
0x00000001881f3000 	/usr/lib/system/libsystem_darwin.dylib
0x000000026d171000 	/usr/lib/system/libsystem_darwindirectory.dylib
0x0000000192941000 	/usr/lib/system/libsystem_dnssd.dylib
0x000000026d175000 	/usr/lib/system/libsystem_eligibility.dylib
0x0000000184581000 	/usr/lib/system/libsystem_featureflags.dylib
0x0000000184732000 	/usr/lib/system/libsystem_info.dylib
0x00000001928a9000 	/usr/lib/system/libsystem_m.dylib
0x00000001844f2000 	/usr/lib/system/libsystem_malloc.dylib
0x000000018a658000 	/usr/lib/system/libsystem_networkextension.dylib
0x0000000188655000 	/usr/lib/system/libsystem_notify.dylib
0x0000000190d09000 	/usr/lib/system/libsystem_sandbox.dylib
0x000000026d17d000 	/usr/lib/system/libsystem_sanitizers.dylib
0x0000000192939000 	/usr/lib/system/libsystem_secinit.dylib
0x00000001846b1000 	/usr/lib/system/libsystem_kernel.dylib
0x000000018472a000 	/usr/lib/system/libsystem_platform.dylib
0x00000001846ed000 	/usr/lib/system/libsystem_pthread.dylib
0x000000018c24c000 	/usr/lib/system/libsystem_symptoms.dylib
0x0000000184437000 	/usr/lib/system/libsystem_trace.dylib
0x0000000192913000 	/usr/lib/system/libunwind.dylib
0x00000001843ec000 	/usr/lib/system/libxpc.dylib
0x0000000184693000 	/usr/lib/libc++abi.dylib
0x000000026bd46000 	/usr/lib/libRosetta.dylib
0x00000001884f1000 	/System/Library/PrivateFrameworks/CoreServicesInternal.framework/Versions/A/CoreServicesInternal
0x000000019291d000 	/usr/lib/liboah.dylib
0x0000000192952000 	/usr/lib/libfakelink.dylib
0x000000019dfe9000 	/System/Library/PrivateFrameworks/DiskImages.framework/Versions/A/DiskImages
0x00000001aa4f2000 	/System/Library/Frameworks/NetFS.framework/Versions/A/NetFS
0x000000018a28e000 	/System/Library/Frameworks/CFNetwork.framework/Versions/A/CFNetwork
0x000000018df1d000 	/System/Library/Frameworks/CoreServices.framework/Versions/A/Frameworks/FSEvents.framework/Versions/A/FSEvents
0x00000001881fe000 	/System/Library/Frameworks/CoreServices.framework/Versions/A/Frameworks/CarbonCore.framework/Versions/A/CarbonCore
0x000000018d392000 	/System/Library/Frameworks/CoreServices.framework/Versions/A/Frameworks/Metadata.framework/Versions/A/Metadata
0x0000000192432000 	/System/Library/Frameworks/CoreServices.framework/Versions/A/Frameworks/OSServices.framework/Versions/A/OSServices
0x0000000192a9f000 	/System/Library/Frameworks/CoreServices.framework/Versions/A/Frameworks/SearchKit.framework/Versions/A/SearchKit
0x000000018c1c7000 	/System/Library/Frameworks/CoreServices.framework/Versions/A/Frameworks/AE.framework/Versions/A/AE
0x0000000184ca1000 	/System/Library/Frameworks/CoreServices.framework/Versions/A/Frameworks/LaunchServices.framework/Versions/A/LaunchServices
0x0000000193eb6000 	/System/Library/Frameworks/CoreServices.framework/Versions/A/Frameworks/DictionaryServices.framework/Versions/A/DictionaryServices
0x000000018df2b000 	/System/Library/Frameworks/CoreServices.framework/Versions/A/Frameworks/SharedFileList.framework/Versions/A/SharedFileList
0x0000000192b35000 	/usr/lib/libapple_nghttp2.dylib
0x000000018be28000 	/usr/lib/libsqlite3.dylib
0x0000000196b6d000 	/System/Library/Frameworks/GSS.framework/Versions/A/GSS
0x000000018c15e000 	/System/Library/PrivateFrameworks/RunningBoardServices.framework/Versions/A/RunningBoardServices
0x000000018c255000 	/System/Library/Frameworks/Network.framework/Versions/A/Network
0x00000001928ec000 	/usr/lib/system/libkxld.dylib
0x000000022e589000 	/System/Library/PrivateFrameworks/AppleKeyStore.framework/Versions/A/AppleKeyStore
0x000000026bb9e000 	/usr/lib/libCoreEntitlements.dylib
0x0000000249577000 	/System/Library/PrivateFrameworks/MessageSecurity.framework/Versions/A/MessageSecurity
0x000000018be0d000 	/System/Library/PrivateFrameworks/ProtocolBuffer.framework/Versions/A/ProtocolBuffer
0x0000000192411000 	/System/Library/PrivateFrameworks/AppleFSCompression.framework/Versions/A/AppleFSCompression
0x0000000191d23000 	/usr/lib/libcoretls.dylib
0x0000000193f2c000 	/usr/lib/libcoretls_cfhelpers.dylib
0x0000000192b78000 	/usr/lib/libpam.2.dylib
0x0000000193fa0000 	/usr/lib/libxar.1.dylib
0x00000001929a7000 	/usr/lib/libarchive.2.dylib
0x0000000198270000 	/System/Library/Frameworks/Combine.framework/Versions/A/Combine
0x0000000232722000 	/System/Library/PrivateFrameworks/CollectionsInternal.framework/Versions/A/CollectionsInternal
0x00000002525d2000 	/System/Library/PrivateFrameworks/ReflectionInternal.framework/Versions/A/ReflectionInternal
0x00000002532a9000 	/System/Library/PrivateFrameworks/RuntimeInternal.framework/Versions/A/RuntimeInternal
0x000000026cdcd000 	/usr/lib/swift/libswiftSystem.dylib
0x0000000190d12000 	/System/Library/PrivateFrameworks/AppleSystemInfo.framework/Versions/A/AppleSystemInfo
0x00000001ad54b000 	/System/Library/PrivateFrameworks/LoggingSupport.framework/Versions/A/LoggingSupport
0x000000019b32f000 	/System/Library/PrivateFrameworks/PowerLog.framework/Versions/A/PowerLog
0x00000001eb0d5000 	/System/Library/Frameworks/SwiftData.framework/Versions/A/SwiftData
0x000000018e12e000 	/System/Library/PrivateFrameworks/UserManagement.framework/Versions/A/UserManagement
0x000000018a1bc000 	/usr/lib/libboringssl.dylib
0x000000018c23b000 	/usr/lib/libdns_services.dylib
0x00000001ac6fa000 	/usr/lib/libquic.dylib
0x0000000195e4e000 	/usr/lib/libusrtcp.dylib
0x00000001d1045000 	/System/Library/PrivateFrameworks/InternalSwiftProtobuf.framework/Versions/A/InternalSwiftProtobuf
0x000000026cd2a000 	/usr/lib/swift/libswiftDistributed.dylib
0x000000026cdc3000 	/usr/lib/swift/libswiftSynchronization.dylib
0x000000018a28d000 	/usr/lib/libnetwork.dylib
0x00000001be201000 	/System/Library/PrivateFrameworks/OSAnalytics.framework/Versions/A/OSAnalytics
0x0000000192b10000 	/System/Library/PrivateFrameworks/AppleSauce.framework/Versions/A/AppleSauce
0x000000019c604000 	/System/Library/PrivateFrameworks/CoreSymbolication.framework/Versions/A/CoreSymbolication
0x00000001ccd0e000 	/System/Library/PrivateFrameworks/Symbolication.framework/Versions/A/Symbolication
0x000000019c5e0000 	/System/Library/PrivateFrameworks/DebugSymbols.framework/Versions/A/DebugSymbols
0x000000026ba69000 	/usr/lib/libAppleArchive.dylib
0x000000019241d000 	/usr/lib/libbz2.1.0.dylib
0x0000000193f0d000 	/usr/lib/liblzma.5.dylib
0x0000000191a0f000 	/System/Library/PrivateFrameworks/IOMobileFramebuffer.framework/Versions/A/IOMobileFramebuffer
0x00000001ad5d4000 	/System/Library/PrivateFrameworks/MallocStackLogging.framework/Versions/A/MallocStackLogging
0x00000001940fb000 	/System/Library/PrivateFrameworks/CrashReporterSupport.framework/Versions/A/CrashReporterSupport
0x00000001857ad000 	/System/Library/PrivateFrameworks/Lexicon.framework/Versions/A/Lexicon
0x00000002418b6000 	/System/Library/PrivateFrameworks/IO80211.framework/Versions/A/IO80211
0x000000019c106000 	/System/Library/PrivateFrameworks/FrontBoardServices.framework/Versions/A/FrontBoardServices
0x0000000191c4b000 	/System/Library/Frameworks/SecurityFoundation.framework/Versions/A/SecurityFoundation
0x0000000191dad000 	/usr/lib/libgermantok.dylib
0x0000000190e36000 	/System/Library/PrivateFrameworks/LinguisticData.framework/Versions/A/LinguisticData
0x000000018c079000 	/System/Library/PrivateFrameworks/BaseBoard.framework/Versions/A/BaseBoard
0x000000019c1d3000 	/System/Library/PrivateFrameworks/BoardServices.framework/Versions/A/BoardServices
0x0000000191c3c000 	/System/Library/PrivateFrameworks/AssertionServices.framework/Versions/A/AssertionServices
0x000000019de23000 	/System/Library/PrivateFrameworks/BackBoardServices.framework/Versions/A/BackBoardServices
0x000000018fee5000 	/System/Library/PrivateFrameworks/FontServices.framework/libFontParser.dylib
0x000000018a707000 	/System/Library/PrivateFrameworks/TCC.framework/Versions/A/TCC
0x00000001a181b000 	/System/Library/PrivateFrameworks/IOSurfaceAccelerator.framework/Versions/A/IOSurfaceAccelerator
0x00000001949e6000 	/System/Library/PrivateFrameworks/WatchdogClient.framework/Versions/A/WatchdogClient
0x0000000186cf8000 	/System/Library/Frameworks/CoreDisplay.framework/Versions/A/CoreDisplay
0x000000018fd89000 	/System/Library/Frameworks/CoreMedia.framework/Versions/A/CoreMedia
0x000000018fae4000 	/System/Library/PrivateFrameworks/IOAccelerator.framework/Versions/A/IOAccelerator
0x000000018e08d000 	/System/Library/Frameworks/CoreVideo.framework/Versions/A/CoreVideo
0x0000000192b76000 	/System/Library/Frameworks/MetalPerformanceShaders.framework/Versions/A/MetalPerformanceShaders
0x0000000251910000 	/System/Library/PrivateFrameworks/ProDisplayLibrary.framework/Versions/A/ProDisplayLibrary
0x0000000194a2e000 	/System/Library/Frameworks/VideoToolbox.framework/Versions/A/VideoToolbox
0x0000000190d10000 	/System/Library/PrivateFrameworks/AggregateDictionary.framework/Versions/A/AggregateDictionary
0x0000000193f2e000 	/System/Library/PrivateFrameworks/APFS.framework/Versions/A/APFS
0x0000000193faf000 	/usr/lib/libutil.dylib
0x000000025c835000 	/System/Library/PrivateFrameworks/SwiftASN1Internal.framework/Versions/A/SwiftASN1Internal
0x000000018d426000 	/System/Library/Frameworks/Accelerate.framework/Versions/A/Frameworks/vImage.framework/Versions/A/vImage
0x000000019a350000 	/System/Library/Frameworks/Accelerate.framework/Versions/A/Frameworks/vecLib.framework/Versions/A/vecLib
0x0000000193fe7000 	/System/Library/Frameworks/Accelerate.framework/Versions/A/Frameworks/vecLib.framework/Versions/A/libvMisc.dylib
0x0000000185119000 	/System/Library/Frameworks/Accelerate.framework/Versions/A/Frameworks/vecLib.framework/Versions/A/libBLAS.dylib
0x000000019677a000 	/System/Library/Frameworks/ApplicationServices.framework/Versions/A/Frameworks/ATS.framework/Versions/A/ATS
0x000000018b538000 	/System/Library/Frameworks/ApplicationServices.framework/Versions/A/Frameworks/HIServices.framework/Versions/A/HIServices
0x0000000195033000 	/System/Library/Frameworks/ApplicationServices.framework/Versions/A/Frameworks/PrintCore.framework/Versions/A/PrintCore
0x0000000196b37000 	/System/Library/Frameworks/ApplicationServices.framework/Versions/A/Frameworks/QD.framework/Versions/A/QD
0x0000000196b2e000 	/System/Library/Frameworks/ApplicationServices.framework/Versions/A/Frameworks/ColorSyncLegacy.framework/Versions/A/ColorSyncLegacy
0x000000019674c000 	/System/Library/Frameworks/ApplicationServices.framework/Versions/A/Frameworks/SpeechSynthesis.framework/Versions/A/SpeechSynthesis
0x00000001919dc000 	/System/Library/PrivateFrameworks/CoreEmoji.framework/Versions/A/CoreEmoji
0x000000023897b000 	/System/Library/PrivateFrameworks/FontServices.framework/Versions/A/FontServices
0x0000000194534000 	/System/Library/PrivateFrameworks/OTSVG.framework/Versions/A/OTSVG
0x000000018dc0a000 	/System/Library/Frameworks/ApplicationServices.framework/Versions/A/Frameworks/ATS.framework/Versions/A/Resources/libFontRegistry.dylib
0x000000026c12b000 	/usr/lib/libhvf.dylib
0x000000024d814000 	/System/Library/PrivateFrameworks/ParsingInternal.framework/Versions/A/ParsingInternal
0x000000026cd73000 	/usr/lib/swift/libswiftRegexBuilder.dylib
0x000000026cefb000 	/usr/lib/swift/libswift_RegexParser.dylib
0x00000001948af000 	/System/Library/PrivateFrameworks/AppleJPEG.framework/Versions/A/AppleJPEG
0x0000000194350000 	/usr/lib/libexpat.1.dylib
0x0000000194f09000 	/System/Library/Frameworks/ImageIO.framework/Versions/A/Resources/libPng.dylib
0x0000000194f34000 	/System/Library/Frameworks/ImageIO.framework/Versions/A/Resources/libTIFF.dylib
0x000000019501e000 	/System/Library/Frameworks/ImageIO.framework/Versions/A/Resources/libGIF.dylib
0x00000001948f5000 	/System/Library/Frameworks/ImageIO.framework/Versions/A/Resources/libJP2.dylib
0x0000000194fc5000 	/System/Library/Frameworks/ImageIO.framework/Versions/A/Resources/libJPEG.dylib
0x0000000194fbc000 	/System/Library/Frameworks/ImageIO.framework/Versions/A/Resources/libRadiance.dylib
0x000000023d64a000 	/System/Library/PrivateFrameworks/GPUCompiler.framework/Versions/32023/Libraries/libllvm-flatbuffers.dylib
0x0000000238a46000 	/System/Library/PrivateFrameworks/FramePacing.framework/Versions/A/FramePacing
0x00000001e4bc3000 	/System/Library/Frameworks/OpenGL.framework/Versions/A/Libraries/libCoreFSCache.dylib
0x00000002395bb000 	/System/Library/PrivateFrameworks/GPUCompiler.framework/Versions/32023/Libraries/libGPUCompilerUtils.dylib
0x000000023897c000 	/System/Library/PrivateFrameworks/FontServices.framework/libXTFontStaticRegistryData.dylib
0x000000019fc33000 	/System/Library/PrivateFrameworks/ASEProcessing.framework/Versions/A/ASEProcessing
0x0000000250a7d000 	/System/Library/PrivateFrameworks/PhotosensitivityProcessing.framework/Versions/A/PhotosensitivityProcessing
0x0000000194528000 	/System/Library/PrivateFrameworks/GraphVisualizer.framework/Versions/A/GraphVisualizer
0x00000001e4c21000 	/System/Library/Frameworks/OpenGL.framework/Versions/A/Libraries/libGLU.dylib
0x00000001e4be5000 	/System/Library/Frameworks/OpenGL.framework/Versions/A/Libraries/libGFXShared.dylib
0x00000001e4dad000 	/System/Library/Frameworks/OpenGL.framework/Versions/A/Libraries/libGL.dylib
0x00000001e4bee000 	/System/Library/Frameworks/OpenGL.framework/Versions/A/Libraries/libGLImage.dylib
0x00000001e4be2000 	/System/Library/Frameworks/OpenGL.framework/Versions/A/Libraries/libCVMSPluginSupport.dylib
0x00000001e4bcb000 	/System/Library/Frameworks/OpenGL.framework/Versions/A/Libraries/libCoreVMClient.dylib
0x0000000190c54000 	/System/Library/Frameworks/MetalPerformanceShaders.framework/Versions/A/Frameworks/MPSCore.framework/Versions/A/MPSCore
0x000000019237c000 	/System/Library/Frameworks/MetalPerformanceShaders.framework/Versions/A/Frameworks/MPSImage.framework/Versions/A/MPSImage
0x0000000191dc5000 	/System/Library/Frameworks/MetalPerformanceShaders.framework/Versions/A/Frameworks/MPSNeuralNetwork.framework/Versions/A/MPSNeuralNetwork
0x00000001921fc000 	/System/Library/Frameworks/MetalPerformanceShaders.framework/Versions/A/Frameworks/MPSMatrix.framework/Versions/A/MPSMatrix
0x0000000192011000 	/System/Library/Frameworks/MetalPerformanceShaders.framework/Versions/A/Frameworks/MPSRayIntersector.framework/Versions/A/MPSRayIntersector
0x000000019222e000 	/System/Library/Frameworks/MetalPerformanceShaders.framework/Versions/A/Frameworks/MPSNDArray.framework/Versions/A/MPSNDArray
0x00000001e84c3000 	/System/Library/Frameworks/MetalPerformanceShaders.framework/Versions/A/Frameworks/MPSFunctions.framework/Versions/A/MPSFunctions
0x00000001e84a5000 	/System/Library/Frameworks/MetalPerformanceShaders.framework/Versions/A/Frameworks/MPSBenchmarkLoop.framework/Versions/A/MPSBenchmarkLoop
0x0000000184f94000 	/System/Library/PrivateFrameworks/MetalTools.framework/Versions/A/MetalTools
0x00000001b22bd000 	/System/Library/PrivateFrameworks/IOAccelMemoryInfo.framework/Versions/A/IOAccelMemoryInfo
0x00000001bf9c2000 	/System/Library/PrivateFrameworks/kperf.framework/Versions/A/kperf
0x00000001ad63b000 	/System/Library/PrivateFrameworks/GPURawCounter.framework/Versions/A/GPURawCounter
0x0000000194ff0000 	/System/Library/Frameworks/ApplicationServices.framework/Versions/A/Frameworks/ATSUI.framework/Versions/A/ATSUI
0x0000000196ac2000 	/usr/lib/libcups.2.dylib
0x0000000196b5c000 	/System/Library/Frameworks/Kerberos.framework/Versions/A/Kerberos
0x00000001967c2000 	/usr/lib/libresolv.9.dylib
0x000000019298c000 	/usr/lib/libiconv.2.dylib
0x0000000194586000 	/System/Library/PrivateFrameworks/Heimdal.framework/Versions/A/Heimdal
0x000000019ea47000 	/System/Library/Frameworks/Kerberos.framework/Versions/A/Libraries/libHeimdalProxy.dylib
0x000000019436b000 	/usr/lib/libheimdal-asn1.dylib
0x000000018def0000 	/System/Library/Frameworks/OpenDirectory.framework/Versions/A/OpenDirectory
0x0000000196bbf000 	/System/Library/PrivateFrameworks/CommonAuth.framework/Versions/A/CommonAuth
0x000000018defe000 	/System/Library/Frameworks/OpenDirectory.framework/Versions/A/Frameworks/CFOpenDirectory.framework/Versions/A/CFOpenDirectory
0x00000001928e7000 	/usr/lib/libcharset.1.dylib
0x00000001e5149000 	/System/Library/Frameworks/AVFAudio.framework/Versions/A/AVFAudio
0x00000001a6f27000 	/System/Library/PrivateFrameworks/AXCoreUtilities.framework/Versions/A/AXCoreUtilities
0x00000002451ef000 	/System/Library/PrivateFrameworks/IsolatedCoreAudioClient.framework/Versions/A/IsolatedCoreAudioClient
0x0000000196733000 	/usr/lib/libAudioStatistics.dylib
0x000000018fd61000 	/System/Library/PrivateFrameworks/caulk.framework/Versions/A/caulk
0x0000000186e19000 	/System/Library/PrivateFrameworks/AudioToolboxCore.framework/Versions/A/AudioToolboxCore
0x00000001a0d3d000 	/System/Library/Frameworks/CoreMIDI.framework/Versions/A/CoreMIDI
0x00000001966d5000 	/System/Library/PrivateFrameworks/AudioSession.framework/Versions/A/AudioSession
0x0000000197fd8000 	/System/Library/Frameworks/IOBluetooth.framework/Versions/A/IOBluetooth
0x0000000194455000 	/System/Library/PrivateFrameworks/MediaExperience.framework/Versions/A/MediaExperience
0x000000025f2f9000 	/System/Library/PrivateFrameworks/Tightbeam.framework/Versions/A/Tightbeam
0x00000002331e0000 	/System/Library/PrivateFrameworks/CoreAudioOrchestration.framework/Versions/A/CoreAudioOrchestration
0x00000001c42fa000 	/System/Library/PrivateFrameworks/AFKUser.framework/Versions/A/AFKUser
0x00000001ad63f000 	/usr/lib/swift/libswiftCoreAudio.dylib
0x0000000194575000 	/System/Library/PrivateFrameworks/AppServerSupport.framework/Versions/A/AppServerSupport
0x0000000196b40000 	/System/Library/PrivateFrameworks/perfdata.framework/Versions/A/perfdata
0x00000001ac7f3000 	/System/Library/PrivateFrameworks/SystemPolicy.framework/Versions/A/SystemPolicy
0x00000001969e1000 	/usr/lib/libSMC.dylib
0x0000000194ed3000 	/usr/lib/libAudioToolboxUtility.dylib
0x0000000196b4e000 	/usr/lib/libperfcheck.dylib
0x000000022f107000 	/System/Library/PrivateFrameworks/AudioAnalytics.framework/Versions/A/AudioAnalytics
0x00000001d0e0c000 	/System/Library/Frameworks/OSLog.framework/Versions/A/OSLog
0x00000001ad606000 	/usr/lib/libmis.dylib
0x00000001964e3000 	/System/Library/PrivateFrameworks/AudioSession.framework/libSessionUtility.dylib
0x0000000195024000 	/System/Library/PrivateFrameworks/CMCaptureCore.framework/Versions/A/CMCaptureCore
0x00000001e67f2000 	/System/Library/Frameworks/ExtensionFoundation.framework/Versions/A/ExtensionFoundation
0x000000019c711000 	/System/Library/PrivateFrameworks/CoreTime.framework/Versions/A/CoreTime
0x000000019424f000 	/System/Library/PrivateFrameworks/PlugInKit.framework/Versions/A/PlugInKit
0x000000019b238000 	/System/Library/Frameworks/CoreBluetooth.framework/Versions/A/CoreBluetooth
0x000000019ea48000 	/System/Library/Frameworks/AudioUnit.framework/Versions/A/AudioUnit
0x0000000191aa0000 	/System/Library/PrivateFrameworks/CoreUtils.framework/Versions/A/CoreUtils
0x0000000236193000 	/System/Library/PrivateFrameworks/CoreUtilsExtras.framework/Versions/A/CoreUtilsExtras
0x000000019a671000 	/System/Library/Frameworks/MediaAccessibility.framework/Versions/A/MediaAccessibility
0x00000001b5c5d000 	/System/Library/PrivateFrameworks/AttributeGraph.framework/Versions/A/AttributeGraph
0x000000026b9e7000 	/usr/lib/libAXSafeCategoryBundle.dylib
0x00000001a6fe3000 	/usr/lib/libAccessibility.dylib
0x00000001918ea000 	/System/Library/Frameworks/Accelerate.framework/Versions/A/Frameworks/vecLib.framework/Versions/A/libvDSP.dylib
0x0000000192c54000 	/System/Library/Frameworks/Accelerate.framework/Versions/A/Frameworks/vecLib.framework/Versions/A/libLAPACK.dylib
0x0000000191db0000 	/System/Library/Frameworks/Accelerate.framework/Versions/A/Frameworks/vecLib.framework/Versions/A/libLinearAlgebra.dylib
0x0000000192b4f000 	/System/Library/Frameworks/Accelerate.framework/Versions/A/Frameworks/vecLib.framework/Versions/A/libSparseBLAS.dylib
0x0000000192c4f000 	/System/Library/Frameworks/Accelerate.framework/Versions/A/Frameworks/vecLib.framework/Versions/A/libQuadrature.dylib
0x0000000190e3d000 	/System/Library/Frameworks/Accelerate.framework/Versions/A/Frameworks/vecLib.framework/Versions/A/libBNNS.dylib
0x00000001858ba000 	/System/Library/Frameworks/Accelerate.framework/Versions/A/Frameworks/vecLib.framework/Versions/A/libSparse.dylib
0x0000000246966000 	/System/Library/PrivateFrameworks/MIL.framework/Versions/A/MIL
0x0000000194fb7000 	/System/Library/PrivateFrameworks/GPUWrangler.framework/Versions/A/GPUWrangler
0x0000000194f97000 	/System/Library/PrivateFrameworks/IOPresentment.framework/Versions/A/IOPresentment
0x0000000194fbf000 	/System/Library/PrivateFrameworks/DSExternalDisplay.framework/Versions/A/DSExternalDisplay
0x00000001d1213000 	/System/Library/PrivateFrameworks/HIDDisplay.framework/Versions/A/HIDDisplay
0x00000001a6201000 	/System/Library/PrivateFrameworks/HID.framework/Versions/A/HID
0x0000000262b3b000 	/System/Library/PrivateFrameworks/VideoToolboxParavirtualizationSupport.framework/Versions/A/VideoToolboxParavirtualizationSupport
0x0000000194307000 	/System/Library/PrivateFrameworks/AppleVA.framework/Versions/A/AppleVA
0x000000019c280000 	/System/Library/PrivateFrameworks/GraphicsServices.framework/Versions/A/GraphicsServices
0x0000000196d32000 	/System/Library/PrivateFrameworks/CorePhoneNumbers.framework/Versions/A/CorePhoneNumbers
0x000000019b420000 	/System/Library/PrivateFrameworks/MediaKit.framework/Versions/A/MediaKit
0x000000019b36b000 	/System/Library/Frameworks/DiscRecording.framework/Versions/A/DiscRecording
0x0000000196b21000 	/System/Library/PrivateFrameworks/NetAuth.framework/Versions/A/NetAuth
0x000000018e0ee000 	/System/Library/PrivateFrameworks/login.framework/Versions/A/Frameworks/loginsupport.framework/Versions/A/loginsupport
0x0000000194375000 	/System/Library/PrivateFrameworks/IconFoundation.framework/Versions/A/IconFoundation
0x00000001940f2000 	/usr/lib/libIOReport.dylib
0x000000022ed17000 	/System/Library/PrivateFrameworks/AppleMobileFileIntegrity.framework/Versions/A/AppleMobileFileIntegrity
0x000000026bda9000 	/usr/lib/libTLE.dylib
0x00000001e1c1f000 	/System/Library/PrivateFrameworks/ConfigProfileHelper.framework/Versions/A/ConfigProfileHelper
0x0000000191d4d000 	/usr/lib/libmecab.dylib
0x0000000185a4a000 	/usr/lib/libCRFSuite.dylib
0x0000000190d19000 	/System/Library/PrivateFrameworks/CoreNLP.framework/Versions/A/CoreNLP
0x0000000192b07000 	/usr/lib/libThaiTokenizer.dylib
0x0000000191d17000 	/usr/lib/libCheckFix.dylib
0x000000018d331000 	/System/Library/PrivateFrameworks/MetadataUtilities.framework/Versions/A/MetadataUtilities
0x000000024219a000 	/System/Library/PrivateFrameworks/InstalledContentLibrary.framework/Versions/A/InstalledContentLibrary
0x0000000188531000 	/System/Library/PrivateFrameworks/CoreServicesStore.framework/Versions/A/CoreServicesStore
0x00000001bfacc000 	/System/Library/PrivateFrameworks/MobileSystemServices.framework/Versions/A/MobileSystemServices
0x0000000193fb3000 	/usr/lib/libxslt.1.dylib
0x0000000191cda000 	/System/Library/PrivateFrameworks/BackgroundTaskManagement.framework/Versions/A/BackgroundTaskManagement
0x000000019e1a7000 	/usr/lib/libcurl.4.dylib
0x000000026bfdd000 	/usr/lib/libcrypto.46.dylib
0x000000026cb07000 	/usr/lib/libssl.48.dylib
0x000000019de7f000 	/System/Library/Frameworks/LDAP.framework/Versions/A/LDAP
0x000000019debb000 	/System/Library/PrivateFrameworks/TrustEvaluationAgent.framework/Versions/A/TrustEvaluationAgent
0x00000001967df000 	/usr/lib/libsasl2.2.dylib
0x00000001aa9c8000 	/usr/lib/swift/libswiftCoreGraphics.dylib
0x000000019aca0000 	/usr/lib/swift/libswiftFoundation.dylib
0x00000001e16a9000 	/usr/lib/swift/libswiftSwiftOnoneSupport.dylib
0x00000001cd4bf000 	/System/Library/PrivateFrameworks/CoreMaterial.framework/Versions/A/CoreMaterial
0x00000002533a0000 	/System/Library/PrivateFrameworks/SFSymbols.framework/Versions/A/SFSymbols
0x0000000199f6b000 	/System/Library/PrivateFrameworks/SpeechRecognitionCore.framework/Versions/A/SpeechRecognitionCore
0x00000001ac216000 	/System/Library/Frameworks/Carbon.framework/Versions/A/Carbon
0x00000001a324c000 	/System/Library/Frameworks/Carbon.framework/Versions/A/Frameworks/CommonPanels.framework/Versions/A/CommonPanels
0x000000019e192000 	/System/Library/Frameworks/Carbon.framework/Versions/A/Frameworks/Help.framework/Versions/A/Help
0x00000001a3250000 	/System/Library/Frameworks/Carbon.framework/Versions/A/Frameworks/ImageCapture.framework/Versions/A/ImageCapture
0x00000001a322c000 	/System/Library/Frameworks/Carbon.framework/Versions/A/Frameworks/OpenScripting.framework/Versions/A/OpenScripting
0x00000001a324b000 	/System/Library/Frameworks/Carbon.framework/Versions/A/Frameworks/Ink.framework/Versions/A/Ink
0x00000001a3248000 	/System/Library/Frameworks/Carbon.framework/Versions/A/Frameworks/SecurityHI.framework/Versions/A/SecurityHI
0x000000018ddb5000 	/System/Library/PrivateFrameworks/ViewBridge.framework/Versions/A/ViewBridge
0x000000010f330000 	/usr/lib/libobjc-trampolines.dylib
0x000000026b9eb000 	/usr/lib/libAccessibilityBaseImplementations.dylib
0x0000000266111000 	/System/Library/PrivateFrameworks/WritingToolsUI.framework/Versions/A/WritingToolsUI
0x000000023e7a5000 	/System/Library/PrivateFrameworks/GenerativeAssistantSettings.framework/Versions/A/GenerativeAssistantSettings
0x000000025d53b000 	/System/Library/PrivateFrameworks/TextComposer.framework/Versions/A/TextComposer
0x00000001ad667000 	/usr/lib/swift/libswiftIntents.dylib
0x000000026cd85000 	/usr/lib/swift/libswiftSpatial.dylib
0x00000001e52a2000 	/System/Library/Frameworks/AppIntents.framework/Versions/A/AppIntents
0x00000001b4535000 	/System/Library/Frameworks/SwiftUI.framework/Versions/A/SwiftUI
0x00000001aaaa4000 	/System/Library/Frameworks/WebKit.framework/Versions/A/WebKit
0x000000022a22e000 	/System/Library/Frameworks/_AuthenticationServices_SwiftUI.framework/Versions/A/_AuthenticationServices_SwiftUI
0x000000022ce0e000 	/System/Library/PrivateFrameworks/Anvil.framework/Versions/A/Anvil
0x00000001b3baa000 	/System/Library/PrivateFrameworks/AppStoreDaemon.framework/Versions/A/AppStoreDaemon
0x00000001a0f58000 	/System/Library/PrivateFrameworks/AppleMediaServices.framework/Versions/A/AppleMediaServices
0x00000001b0629000 	/System/Library/PrivateFrameworks/AppleMediaServicesUI.framework/Versions/A/AppleMediaServicesUI
0x000000023e77f000 	/System/Library/PrivateFrameworks/GenerativeAssistantCommon.framework/Versions/A/GenerativeAssistantCommon
0x00000001e0cc1000 	/System/Library/PrivateFrameworks/JetEngine.framework/Versions/A/JetEngine
0x00000002462c7000 	/System/Library/PrivateFrameworks/LinkMetadata.framework/Versions/A/LinkMetadata
0x00000001adee9000 	/System/Library/PrivateFrameworks/OnBoardingKit.framework/Versions/A/OnBoardingKit
0x000000025421b000 	/System/Library/PrivateFrameworks/Settings.framework/Versions/A/Settings
0x0000000192757000 	/System/Library/Frameworks/CoreSpotlight.framework/Versions/A/CoreSpotlight
0x0000000246508000 	/System/Library/PrivateFrameworks/LinkServices.framework/Versions/A/LinkServices
0x0000000236e24000 	/System/Library/PrivateFrameworks/DoNotDisturb.framework/Versions/A/DoNotDisturb
0x00000001b23cd000 	/System/Library/PrivateFrameworks/IntentsCore.framework/Versions/A/IntentsCore
0x000000022f4f4000 	/System/Library/PrivateFrameworks/AvailabilityKit.framework/Versions/A/AvailabilityKit
0x000000022d05e000 	/System/Library/PrivateFrameworks/AppIntentSchemas.framework/Versions/A/AppIntentSchemas
0x000000025c051000 	/System/Library/PrivateFrameworks/StatusKit.framework/Versions/A/StatusKit
0x000000025254d000 	/System/Library/PrivateFrameworks/RecapPerformanceTesting.framework/Versions/A/RecapPerformanceTesting
0x00000001aded9000 	/System/Library/PrivateFrameworks/SignpostCollection.framework/Versions/A/SignpostCollection
0x000000026bda8000 	/usr/lib/libSpatial.dylib
0x00000001a094e000 	/System/Library/Frameworks/WebKit.framework/Versions/A/Frameworks/WebKitLegacy.framework/Versions/A/WebKitLegacy
0x000000019e894000 	/System/Library/PrivateFrameworks/CorePrediction.framework/Versions/A/CorePrediction
0x000000018eda8000 	/System/Library/Frameworks/WebKit.framework/Versions/A/Frameworks/WebCore.framework/Versions/A/Frameworks/libwebrtc.dylib
0x00000001aaa30000 	/System/Library/PrivateFrameworks/SafariSafeBrowsing.framework/Versions/A/SafariSafeBrowsing
0x0000000196868000 	/System/Library/Frameworks/SecurityInterface.framework/Versions/A/SecurityInterface
0x00000001adee8000 	/System/Library/PrivateFrameworks/WebInspectorUI.framework/Versions/A/WebInspectorUI
0x00000001a3253000 	/System/Library/Frameworks/JavaScriptCore.framework/Versions/A/JavaScriptCore
0x00000001a7014000 	/System/Library/Frameworks/WebKit.framework/Versions/A/Frameworks/WebCore.framework/Versions/A/WebCore
0x00000001e5c80000 	/System/Library/Frameworks/BrowserEngineCore.framework/Versions/A/BrowserEngineCore
0x0000000229d8c000 	/System/Library/Frameworks/WebKit.framework/Versions/A/Frameworks/WebCore.framework/Versions/A/Frameworks/libANGLE-shared.dylib
0x0000000264d08000 	/System/Library/PrivateFrameworks/WebGPU.framework/Versions/A/WebGPU
0x00000001afcbb000 	/System/Library/Frameworks/SceneKit.framework/Versions/A/SceneKit
0x00000001c02f3000 	/System/Library/Frameworks/ModelIO.framework/Versions/A/ModelIO
0x00000001981a3000 	/System/Library/Frameworks/MetalKit.framework/Versions/A/MetalKit
0x000000019a282000 	/System/Library/Frameworks/GLKit.framework/Versions/A/GLKit
0x000000026d2be000 	/usr/lib/usd/libusd_ms.dylib
0x0000000261350000 	/System/Library/PrivateFrameworks/USDLib_FormatLoaderProxy.framework/Versions/A/USDLib_FormatLoaderProxy
0x00000001ad0ef000 	/System/Library/PrivateFrameworks/CoreOptimization.framework/Versions/A/CoreOptimization
0x000000022f3c7000 	/System/Library/PrivateFrameworks/AuthenticationServicesCore.framework/Versions/A/AuthenticationServicesCore
0x00000001b6e52000 	/System/Library/Frameworks/AuthenticationServices.framework/Versions/A/AuthenticationServices
0x000000019422b000 	/System/Library/PrivateFrameworks/SharedWebCredentials.framework/Versions/A/SharedWebCredentials
0x00000001aed25000 	/System/Library/PrivateFrameworks/SafariCore.framework/Versions/A/SafariCore
0x00000001b69a4000 	/System/Library/PrivateFrameworks/SafariFoundation.framework/Versions/A/SafariFoundation
0x0000000230451000 	/System/Library/PrivateFrameworks/CBORLibrary.framework/Versions/A/CBORLibrary
0x00000002311f9000 	/System/Library/PrivateFrameworks/Chirp.framework/Versions/A/Chirp
0x00000001e1f54000 	/System/Library/PrivateFrameworks/RemoteManagement.framework/Versions/A/RemoteManagement
0x00000002528a3000 	/System/Library/PrivateFrameworks/RemoteManagementModel.framework/Versions/A/RemoteManagementModel
0x0000000252930000 	/System/Library/PrivateFrameworks/RemoteManagementStore.framework/Versions/A/RemoteManagementStore
0x00000001981c1000 	/usr/lib/libxcselect.dylib
0x00000001b6913000 	/System/Library/PrivateFrameworks/DifferentialPrivacy.framework/Versions/A/DifferentialPrivacy
0x000000019af51000 	/System/Library/Frameworks/Contacts.framework/Versions/A/Contacts
0x0000000261b74000 	/System/Library/PrivateFrameworks/VDAF.framework/Versions/A/VDAF
0x000000019ad6e000 	/System/Library/PrivateFrameworks/ContactsPersistence.framework/Versions/A/ContactsPersistence
0x0000000199f85000 	/System/Library/PrivateFrameworks/AppleLDAP.framework/Versions/A/AppleLDAP
0x000000019e53b000 	/System/Library/Frameworks/ClassKit.framework/Versions/A/ClassKit
0x00000001a067a000 	/System/Library/PrivateFrameworks/CoreSuggestions.framework/Versions/A/CoreSuggestions
0x000000019aca1000 	/System/Library/PrivateFrameworks/ContactsFoundation.framework/Versions/A/ContactsFoundation
0x000000019c242000 	/System/Library/PrivateFrameworks/vCard.framework/Versions/A/vCard
0x0000000232a1c000 	/System/Library/PrivateFrameworks/ContactsMetrics.framework/Versions/A/ContactsMetrics
0x0000000194647000 	/System/Library/PrivateFrameworks/login.framework/Versions/A/login
0x0000000248650000 	/System/Library/PrivateFrameworks/ManagedOrganizationContacts.framework/Versions/A/ManagedOrganizationContacts
0x000000018e514000 	/System/Library/PrivateFrameworks/CloudDocs.framework/Versions/A/CloudDocs
0x000000019fc69000 	/System/Library/PrivateFrameworks/ConfigurationProfiles.framework/Versions/A/ConfigurationProfiles
0x00000002363a3000 	/System/Library/PrivateFrameworks/DMCUtilities.framework/Versions/A/DMCUtilities
0x00000002468e3000 	/System/Library/PrivateFrameworks/MDMClientLibrary.framework/Versions/A/MDMClientLibrary
0x0000000252924000 	/System/Library/PrivateFrameworks/RemoteManagementProtocol.framework/Versions/A/RemoteManagementProtocol
0x000000026bbb4000 	/usr/lib/libEndpointSecuritySystem.dylib
0x000000019a6ab000 	/System/Library/PrivateFrameworks/SystemAdministration.framework/Versions/A/SystemAdministration
0x00000001a4b59000 	/System/Library/PrivateFrameworks/PowerlogControl.framework/Versions/A/PowerlogControl
0x0000000191d09000 	/System/Library/Frameworks/ServiceManagement.framework/Versions/A/ServiceManagement
0x00000001a4b5b000 	/usr/lib/libUniversalAccess.dylib
0x00000001a1826000 	/System/Library/PrivateFrameworks/FamilyControls.framework/Versions/A/FamilyControls
0x0000000199f36000 	/System/Library/Frameworks/DirectoryService.framework/Versions/A/DirectoryService
0x000000019e229000 	/System/Library/PrivateFrameworks/LoginUIKit.framework/Versions/A/Frameworks/LoginUICore.framework/Versions/A/LoginUICore
0x0000000194837000 	/usr/lib/libodfde.dylib
0x00000001a1820000 	/System/Library/PrivateFrameworks/UniversalAccess.framework/Versions/A/Libraries/libUAPreferences.dylib
0x00000001a184a000 	/System/Library/PrivateFrameworks/CommerceKit.framework/Versions/A/Frameworks/CommerceCore.framework/Versions/A/CommerceCore
0x0000000236351000 	/System/Library/PrivateFrameworks/DEPClientLibrary.framework/Versions/A/DEPClientLibrary
0x0000000236371000 	/System/Library/PrivateFrameworks/DMCEnrollmentLibrary.framework/Versions/A/DMCEnrollmentLibrary
0x00000001a4c3f000 	/System/Library/PrivateFrameworks/SetupAssistantFramework.framework/Versions/A/SetupAssistantFramework
0x000000019e8ee000 	/System/Library/PrivateFrameworks/AuthKitUI.framework/Versions/A/AuthKitUI
0x000000019e273000 	/System/Library/PrivateFrameworks/AppSSO.framework/Versions/A/AppSSO
0x00000001b3910000 	/System/Library/PrivateFrameworks/LocalAuthenticationUI.framework/Versions/A/LocalAuthenticationUI
0x0000000250ae2000 	/System/Library/PrivateFrameworks/PlatformSSO.framework/Versions/A/PlatformSSO
0x00000001b42fd000 	/System/Library/PrivateFrameworks/AOSUI.framework/Versions/A/AOSUI
0x00000001a66d0000 	/System/Library/Frameworks/ContactsUI.framework/Versions/A/ContactsUI
0x000000019b188000 	/System/Library/PrivateFrameworks/FamilyCircle.framework/Versions/A/FamilyCircle
0x00000001c19a2000 	/System/Library/Frameworks/LinkPresentation.framework/Versions/A/LinkPresentation
0x0000000250bae000 	/System/Library/PrivateFrameworks/PlatformSSOCore.framework/Versions/A/PlatformSSOCore
0x00000001a63e2000 	/System/Library/PrivateFrameworks/IASUtilities.framework/Versions/A/IASUtilities
0x00000002417e6000 	/System/Library/PrivateFrameworks/IASUtilitiesCore.framework/Versions/A/IASUtilitiesCore
0x00000002467cb000 	/System/Library/PrivateFrameworks/LocalAuthenticationCoreUI.framework/Versions/A/LocalAuthenticationCoreUI
0x00000001ad384000 	/System/Library/Frameworks/LocalAuthentication.framework/Support/DaemonUtils.framework/Versions/A/DaemonUtils
0x00000001b05f0000 	/System/Library/PrivateFrameworks/BridgeXPC.framework/Versions/A/BridgeXPC
0x000000019466b000 	/System/Library/PrivateFrameworks/CoreBrightness.framework/Versions/A/CoreBrightness
0x00000001adfc2000 	/System/Library/PrivateFrameworks/CoreKDL.framework/Versions/A/CoreKDL
0x00000001ac7ec000 	/System/Library/PrivateFrameworks/EmbeddedOSSupportHost.framework/Versions/A/EmbeddedOSSupportHost
0x000000025cd64000 	/System/Library/PrivateFrameworks/SystemStatus.framework/Versions/A/SystemStatus
0x00000001bba79000 	/System/Library/PrivateFrameworks/StorageKit.framework/Versions/A/StorageKit
0x00000001e35ce000 	/System/Library/Frameworks/DeviceCheck.framework/Versions/A/DeviceCheck
0x00000001e68f9000 	/System/Library/Frameworks/FSKit.framework/Versions/A/FSKit
0x0000000236b41000 	/System/Library/PrivateFrameworks/DiskImages2.framework/Versions/A/DiskImages2
0x0000000246658000 	/System/Library/PrivateFrameworks/LiveFS.framework/Versions/A/LiveFS
0x0000000269453000 	/System/Library/PrivateFrameworks/icloudMCCKit.framework/Versions/A/icloudMCCKit
0x000000022dd5c000 	/System/Library/PrivateFrameworks/AppleAccountUI.framework/Versions/A/AppleAccountUI
0x0000000231d1f000 	/System/Library/PrivateFrameworks/CloudSubscriptionFeatures.framework/Versions/A/CloudSubscriptionFeatures
0x00000001cd48b000 	/System/Library/PrivateFrameworks/PreferencePanesSupport.framework/Versions/A/PreferencePanesSupport
0x00000001b44ad000 	/System/Library/PrivateFrameworks/FindMyDeviceUI.framework/Versions/A/FindMyDeviceUI
0x000000026708b000 	/System/Library/PrivateFrameworks/iCloudQuotaUI.framework/Versions/A/iCloudQuotaUI
0x00000001cd63e000 	/System/Library/PrivateFrameworks/CoreCDPUI.framework/Versions/A/CoreCDPUI
0x00000001aea8c000 	/System/Library/PrivateFrameworks/CoreFollowUpUI.framework/Versions/A/CoreFollowUpUI
0x00000001968a1000 	/System/Library/PrivateFrameworks/CoreFollowUp.framework/Versions/A/CoreFollowUp
0x00000001ba7f4000 	/System/Library/PrivateFrameworks/IMCore.framework/Versions/A/IMCore
0x00000001a4bc1000 	/System/Library/PrivateFrameworks/CoreCDP.framework/Versions/A/CoreCDP
0x00000001a0f4a000 	/System/Library/PrivateFrameworks/AskPermission.framework/Versions/A/AskPermission
0x00000001b2348000 	/System/Library/Frameworks/Quartz.framework/Versions/A/Quartz
0x00000001be31e000 	/System/Library/PrivateFrameworks/CloudPhotoServicesConfiguration.framework/Versions/A/CloudPhotoServicesConfiguration
0x00000001b0d5e000 	/System/Library/PrivateFrameworks/CommerceKit.framework/Versions/A/CommerceKit
0x00000001bfc5e000 	/System/Library/PrivateFrameworks/FindMyMac.framework/Versions/A/FindMyMac
0x00000001bfb35000 	/System/Library/Frameworks/PreferencePanes.framework/Versions/A/PreferencePanes
0x00000001b3a08000 	/System/Library/Frameworks/AddressBook.framework/Versions/A/AddressBook
0x000000019ff32000 	/System/Library/PrivateFrameworks/AOSAccounts.framework/Versions/A/AOSAccounts
0x000000019a6a5000 	/System/Library/PrivateFrameworks/AppleSRP.framework/Versions/A/AppleSRP
0x00000001ad29e000 	/System/Library/Frameworks/SafariServices.framework/Versions/A/SafariServices
0x000000019ea50000 	/System/Library/PrivateFrameworks/NetFSServer.framework/Versions/A/NetFSServer
0x00000001afb94000 	/System/Library/Frameworks/PDFKit.framework/Versions/A/PDFKit
0x00000001c0b56000 	/System/Library/PrivateFrameworks/EmailFoundation.framework/Versions/A/EmailFoundation
0x00000001bfb92000 	/System/Library/PrivateFrameworks/EmailCore.framework/Versions/A/EmailCore
0x00000001c3982000 	/System/Library/PrivateFrameworks/EmailAddressing.framework/Versions/A/EmailAddressing
0x00000001c398e000 	/System/Library/PrivateFrameworks/Email.framework/Versions/A/Email
0x00000001ebdea000 	/System/Library/Frameworks/TabularData.framework/Versions/A/TabularData
0x000000026cd65000 	/usr/lib/swift/libswiftPassKit.dylib
0x000000022f636000 	/System/Library/PrivateFrameworks/BackgroundSystemTasks.framework/Versions/A/BackgroundSystemTasks
0x000000024685a000 	/System/Library/PrivateFrameworks/LockdownMode.framework/Versions/A/LockdownMode
0x000000019b182000 	/System/Library/PrivateFrameworks/CommunicationsFilter.framework/Versions/A/CommunicationsFilter
0x00000001d114f000 	/System/Library/Frameworks/PassKit.framework/Versions/A/PassKit
0x00000001a234a000 	/System/Library/PrivateFrameworks/PassKitCore.framework/Versions/A/PassKitCore
0x000000024e099000 	/System/Library/PrivateFrameworks/PassKitMacHelperTemp.framework/Versions/A/PassKitMacHelperTemp
0x000000022d09b000 	/System/Library/PrivateFrameworks/AppIntentsServices.framework/Versions/A/AppIntentsServices
0x000000019fb48000 	/System/Library/PrivateFrameworks/CoreRecents.framework/Versions/A/CoreRecents
0x00000001ad3d1000 	/System/Library/PrivateFrameworks/BiometricKit.framework/Versions/A/BiometricKit
0x00000002532e1000 	/System/Library/PrivateFrameworks/SEService.framework/Versions/A/SEService
0x00000001a0746000 	/System/Library/Frameworks/EventKit.framework/Versions/A/EventKit
0x00000001b23ed000 	/System/Library/PrivateFrameworks/NearField.framework/Versions/A/NearField
0x00000001b4125000 	/System/Library/PrivateFrameworks/FTClientServices.framework/Versions/A/FTClientServices
0x00000001cceac000 	/System/Library/PrivateFrameworks/DiagnosticRequest.framework/Versions/A/DiagnosticRequest
0x000000026bd62000 	/usr/lib/libSESShared.dylib
0x0000000253482000 	/System/Library/PrivateFrameworks/STSXPCHelperClient.framework/Versions/A/STSXPCHelperClient
0x000000025cb37000 	/System/Library/PrivateFrameworks/Symptoms.framework/Versions/A/Frameworks/SymptomPresentationFeed.framework/Versions/A/SymptomPresentationFeed
0x000000022e60f000 	/System/Library/PrivateFrameworks/AppleMediaServicesKitInternal.framework/Versions/A/AppleMediaServicesKitInternal
0x000000025c8b2000 	/System/Library/PrivateFrameworks/SymptomShared.framework/Versions/A/SymptomShared
0x0000000230d89000 	/System/Library/PrivateFrameworks/CalendarDatabase.framework/Versions/A/CalendarDatabase
0x0000000230cdd000 	/System/Library/PrivateFrameworks/CalendarDaemon.framework/Versions/A/CalendarDaemon
0x000000019fb9d000 	/System/Library/PrivateFrameworks/CalendarFoundation.framework/Versions/A/CalendarFoundation
0x000000019fb59000 	/System/Library/PrivateFrameworks/iCalendar.framework/Versions/A/iCalendar
0x00000002365d8000 	/System/Library/PrivateFrameworks/DataAccessExpress.framework/Versions/A/DataAccessExpress
0x00000001a6274000 	/System/Library/PrivateFrameworks/CoreDAV.framework/Versions/A/CoreDAV
0x00000001a061b000 	/System/Library/PrivateFrameworks/CalDAV.framework/Versions/A/CalDAV
0x00000001aa78d000 	/System/Library/PrivateFrameworks/TelephonyUtilities.framework/Versions/A/TelephonyUtilities
0x00000001aeb57000 	/System/Library/Frameworks/CallKit.framework/Versions/A/CallKit
0x00000001d679d000 	/System/Library/PrivateFrameworks/IMTransferServices.framework/Versions/A/IMTransferServices
0x00000001ad109000 	/System/Library/PrivateFrameworks/IncomingCallFilter.framework/Versions/A/IncomingCallFilter
0x000000024b9a4000 	/System/Library/PrivateFrameworks/NeighborhoodActivityConduit.framework/Versions/A/NeighborhoodActivityConduit
0x000000026bb8a000 	/usr/lib/libBASupport.dylib
0x00000001ba59e000 	/System/Library/PrivateFrameworks/SpotlightReceiver.framework/Versions/A/SpotlightReceiver
0x00000001b3dc6000 	/usr/lib/libnfshared.dylib
0x00000001d397d000 	/System/Library/PrivateFrameworks/PassKitUIFoundation.framework/Versions/A/PassKitUIFoundation
0x0000000199f97000 	/System/Library/Frameworks/MapKit.framework/Versions/A/MapKit
0x00000001e68bd000 	/System/Library/Frameworks/ExtensionKit.framework/Versions/A/ExtensionKit
0x000000023ec08000 	/System/Library/PrivateFrameworks/GeoAnalytics.framework/Versions/A/GeoAnalytics
0x00000001ae117000 	/System/Library/PrivateFrameworks/SearchFoundation.framework/Versions/A/SearchFoundation
0x00000001b3dfc000 	/System/Library/PrivateFrameworks/Navigation.framework/Versions/A/Navigation
0x00000001bce3e000 	/System/Library/PrivateFrameworks/VectorKit.framework/Versions/A/VectorKit
0x00000001a64aa000 	/System/Library/PrivateFrameworks/VirtualGarage.framework/Versions/A/VirtualGarage
0x00000001b3f75000 	/System/Library/Frameworks/ExternalAccessory.framework/ExternalAccessory
0x00000001b3f8f000 	/System/Library/PrivateFrameworks/IAP.framework/Versions/A/IAP
0x000000019a24a000 	/System/Library/PrivateFrameworks/IOPlatformPluginFamily.framework/Versions/A/IOPlatformPluginFamily
0x000000022f4f7000 	/System/Library/PrivateFrameworks/AvatarKit.framework/Versions/A/AvatarKit
0x000000022f5af000 	/System/Library/PrivateFrameworks/AvatarPersistence.framework/Versions/A/AvatarPersistence
0x0000000252999000 	/System/Library/PrivateFrameworks/RemoteUI.framework/Versions/A/RemoteUI
0x000000019a34e000 	/usr/lib/libCTGreenTeaLogger.dylib
0x00000001ec014000 	/System/Library/Frameworks/TipKit.framework/Versions/A/TipKit
0x00000001cf106000 	/System/Library/PrivateFrameworks/AppleCVA.framework/Versions/A/AppleCVA
0x000000022f5ae000 	/System/Library/PrivateFrameworks/AvatarKitContent.framework/Versions/A/AvatarKitContent
0x000000019a376000 	/System/Library/PrivateFrameworks/CoreAppleCVA.framework/Versions/A/CoreAppleCVA
0x0000000245696000 	/System/Library/PrivateFrameworks/LiftUI.framework/Versions/A/LiftUI
0x0000000231c8e000 	/System/Library/PrivateFrameworks/CloudSettings.framework/Versions/A/CloudSettings
0x00000001acd33000 	/System/Library/PrivateFrameworks/CoreRoutine.framework/Versions/A/CoreRoutine
0x00000001bb5ce000 	/System/Library/PrivateFrameworks/Categories.framework/Versions/A/Categories
0x000000023218e000 	/System/Library/PrivateFrameworks/Coherence.framework/Versions/A/Coherence
0x00000001aa688000 	/System/Library/PrivateFrameworks/CoreParsec.framework/Versions/A/CoreParsec
0x000000024e728000 	/System/Library/PrivateFrameworks/PegasusAPI.framework/Versions/A/PegasusAPI
0x000000024f3f6000 	/System/Library/PrivateFrameworks/PegasusConfiguration.framework/Versions/A/PegasusConfiguration
0x0000000246831000 	/System/Library/PrivateFrameworks/LocalStatusKit.framework/Versions/A/LocalStatusKit
0x00000001aed0b000 	/System/Library/PrivateFrameworks/ContextKit.framework/Versions/A/ContextKit
0x0000000232b4a000 	/System/Library/PrivateFrameworks/ContextKitCore.framework/Versions/A/ContextKitCore
0x00000001b4129000 	/System/Library/PrivateFrameworks/CharacterPicker.framework/Versions/A/CharacterPicker
0x00000001ad210000 	/System/Library/PrivateFrameworks/ContactsDonation.framework/Versions/A/ContactsDonation
0x00000001a65cc000 	/System/Library/PrivateFrameworks/ContactsUICore.framework/Versions/A/ContactsUICore
0x00000001acb16000 	/System/Library/PrivateFrameworks/DataDetectors.framework/Versions/A/DataDetectors
0x00000001a0607000 	/System/Library/Frameworks/MediaLibrary.framework/Versions/A/MediaLibrary
0x000000019b171000 	/System/Library/PrivateFrameworks/PersonaKit.framework/Versions/A/PersonaKit
0x00000001a65ba000 	/System/Library/PrivateFrameworks/PersonaUI.framework/Versions/A/PersonaUI
0x00000002420a7000 	/System/Library/PrivateFrameworks/InputToolKitUI.framework/Versions/A/InputToolKitUI
0x0000000242092000 	/System/Library/PrivateFrameworks/InputToolKit.framework/Versions/A/InputToolKit
0x000000025c18a000 	/System/Library/PrivateFrameworks/Stickers.framework/Versions/A/Stickers
0x0000000242000000 	/System/Library/PrivateFrameworks/InputAnalytics.framework/Versions/A/InputAnalytics
0x00000001b5ca0000 	/System/Library/PrivateFrameworks/EmojiFoundation.framework/Versions/A/EmojiFoundation
0x0000000237f7a000 	/System/Library/PrivateFrameworks/FeedbackService.framework/Versions/A/FeedbackService
0x000000019aded000 	/System/Library/PrivateFrameworks/AddressBookCore.framework/Versions/A/AddressBookCore
0x00000001aea0c000 	/System/Library/PrivateFrameworks/IntlPreferences.framework/Versions/A/IntlPreferences
0x00000001b3b8b000 	/System/Library/PrivateFrameworks/ToneKit.framework/Versions/A/ToneKit
0x00000001aea52000 	/System/Library/PrivateFrameworks/ToneLibrary.framework/Versions/A/ToneLibrary
0x00000002329e2000 	/System/Library/PrivateFrameworks/ContactsAccounts.framework/Versions/A/ContactsAccounts
0x00000001bf553000 	/System/Library/PrivateFrameworks/Transparency.framework/Versions/A/Transparency
0x00000001b2265000 	/System/Library/PrivateFrameworks/Lookup.framework/Versions/A/Lookup
0x00000001ea1e8000 	/System/Library/Frameworks/QuickLookUI.framework/Versions/A/QuickLookUI
0x00000001eabc8000 	/System/Library/Frameworks/ScreenCaptureKit.framework/Versions/A/ScreenCaptureKit
0x00000001af6a8000 	/System/Library/Frameworks/Quartz.framework/Versions/A/Frameworks/QuartzComposer.framework/Versions/A/QuartzComposer
0x00000001ae9e3000 	/System/Library/Frameworks/Quartz.framework/Versions/A/Frameworks/QuartzFilters.framework/Versions/A/QuartzFilters
0x00000001adac9000 	/System/Library/Frameworks/Quartz.framework/Versions/A/Frameworks/ImageKit.framework/Versions/A/ImageKit
0x00000001e4f3d000 	/System/Library/Frameworks/OpenCL.framework/Versions/A/OpenCL
0x00000001ac215000 	/System/Library/PrivateFrameworks/CorePDF.framework/Versions/A/CorePDF
0x000000019813a000 	/System/Library/Frameworks/QuickLook.framework/Versions/A/QuickLook
0x00000001a224f000 	/System/Library/PrivateFrameworks/DisplayServices.framework/Versions/A/DisplayServices
0x00000001ae953000 	/System/Library/Frameworks/ImageCaptureCore.framework/Versions/A/ImageCaptureCore
0x0000000263629000 	/System/Library/PrivateFrameworks/VisionKitCore.framework/Versions/A/VisionKitCore
0x00000001aa658000 	/System/Library/PrivateFrameworks/QuickLookSupport.framework/Versions/A/QuickLookSupport
0x0000000248eba000 	/System/Library/PrivateFrameworks/MediaAnalysisServices.framework/Versions/A/MediaAnalysisServices
0x00000001b1254000 	/System/Library/PrivateFrameworks/PhotoLibraryServices.framework/Versions/A/PhotoLibraryServices
0x00000001ae59c000 	/System/Library/Frameworks/Photos.framework/Versions/A/Photos
0x00000001c1d83000 	/System/Library/PrivateFrameworks/PhotosFormats.framework/Versions/A/PhotosFormats
0x00000001be350000 	/System/Library/PrivateFrameworks/CloudPhotoLibrary.framework/Versions/A/CloudPhotoLibrary
0x00000001c7374000 	/System/Library/PrivateFrameworks/CloudPhotoServices.framework/Versions/A/CloudPhotoServices
0x00000001c3b0b000 	/System/Library/PrivateFrameworks/CoreMediaStream.framework/Versions/A/CoreMediaStream
0x000000019b79d000 	/System/Library/PrivateFrameworks/CPAnalytics.framework/Versions/A/CPAnalytics
0x00000001c01f8000 	/System/Library/PrivateFrameworks/MediaConversionService.framework/Versions/A/MediaConversionService
0x00000001a1ebc000 	/System/Library/PrivateFrameworks/PhotoFoundation.framework/Versions/A/PhotoFoundation
0x000000024f98e000 	/System/Library/PrivateFrameworks/PhotoLibraryServicesCore.framework/Versions/A/PhotoLibraryServicesCore
0x00000001b9f4f000 	/System/Library/PrivateFrameworks/MMCS.framework/Versions/A/MMCS
0x00000001a0470000 	/System/Library/PrivateFrameworks/ChunkingLibrary.framework/Versions/A/ChunkingLibrary
0x000000019a650000 	/System/Library/PrivateFrameworks/AssetCacheServices.framework/Versions/A/AssetCacheServices
0x000000019c378000 	/System/Library/PrivateFrameworks/AVFoundationCF.framework/Versions/A/AVFoundationCF
0x00000001d669a000 	/usr/lib/swift/libswiftDemangle.dylib
0x00000001acd93000 	/System/Library/PrivateFrameworks/MediaStream.framework/Versions/A/MediaStream
0x00000001c0712000 	/System/Library/PrivateFrameworks/NeutrinoCore.framework/Versions/A/NeutrinoCore
0x000000018b8b8000 	/System/Library/PrivateFrameworks/NLP.framework/Versions/A/NLP
0x00000001c6120000 	/System/Library/PrivateFrameworks/PhotoImaging.framework/Versions/A/PhotoImaging
0x00000001c7335000 	/System/Library/PrivateFrameworks/PhotosImagingFoundation.framework/Versions/A/PhotosImagingFoundation
0x0000000250469000 	/System/Library/PrivateFrameworks/PhotosIntelligenceCore.framework/Versions/A/PhotosIntelligenceCore
0x000000019c80f000 	/System/Library/PrivateFrameworks/EmbeddedAcousticRecognition.framework/Versions/A/EmbeddedAcousticRecognition
0x00000001be5b7000 	/System/Library/PrivateFrameworks/SDAPI.framework/Versions/A/SDAPI
0x00000001c7382000 	/System/Library/PrivateFrameworks/AutoLoop.framework/Versions/A/AutoLoop
0x0000000250ed2000 	/System/Library/PrivateFrameworks/Portrait.framework/Versions/A/Portrait
0x000000022de05000 	/System/Library/PrivateFrameworks/AppleDepth.framework/Versions/A/AppleDepth
0x0000000238b10000 	/System/Library/PrivateFrameworks/FusionTracker.framework/Versions/A/FusionTracker
0x000000022def3000 	/System/Library/PrivateFrameworks/AppleDepthCore.framework/Versions/A/AppleDepthCore
0x00000001af168000 	/System/Library/PrivateFrameworks/iTunesCloud.framework/Versions/A/iTunesCloud
0x00000001b7a14000 	/System/Library/PrivateFrameworks/DAAPKit.framework/Versions/A/DAAPKit
0x000000026cde9000 	/usr/lib/swift/libswiftVideoToolbox.dylib
0x00000001aa969000 	/System/Library/PrivateFrameworks/DeviceManagement.framework/Versions/A/DeviceManagement
0x00000001cce0b000 	/System/Library/PrivateFrameworks/ScreenTimeUI.framework/Versions/A/ScreenTimeUI
0x00000001acb10000 	/System/Library/PrivateFrameworks/QuickLookNonBaseSystem.framework/Versions/A/QuickLookNonBaseSystem
0x00000001ad2df000 	/System/Library/PrivateFrameworks/Catalyst.framework/Versions/A/Catalyst
0x0000000248656000 	/System/Library/PrivateFrameworks/ManagedSettingsObjC.framework/Versions/A/ManagedSettingsObjC
0x00000001aebf9000 	/System/Library/PrivateFrameworks/ScreenTimeCore.framework/Versions/A/ScreenTimeCore
0x00000001c12e6000 	/System/Library/PrivateFrameworks/ScreenTimeServiceUI.framework/Versions/A/ScreenTimeServiceUI
0x00000001ba0da000 	/System/Library/PrivateFrameworks/ConfigurationEngineModel.framework/Versions/A/ConfigurationEngineModel
0x00000001bcdfa000 	/System/Library/PrivateFrameworks/UsageTracking.framework/Versions/A/UsageTracking
0x00000001e66be000 	/System/Library/Frameworks/DeviceActivity.framework/Versions/A/DeviceActivity
0x00000001bcdca000 	/System/Library/PrivateFrameworks/KnowledgeMonitor.framework/Versions/A/KnowledgeMonitor
0x00000001d3922000 	/System/Library/PrivateFrameworks/BluetoothManager.framework/Versions/A/BluetoothManager
0x00000001e7819000 	/System/Library/Frameworks/ManagedSettings.framework/Versions/A/ManagedSettings
0x000000024868f000 	/System/Library/PrivateFrameworks/ManagedSettingsSupport.framework/Versions/A/ManagedSettingsSupport
0x00000001d121f000 	/System/Library/Frameworks/ReplayKit.framework/Versions/A/ReplayKit
0x00000001a31e8000 	/System/Library/PrivateFrameworks/MarkupUI.framework/Versions/A/MarkupUI
0x00000001acae8000 	/System/Library/PrivateFrameworks/SidecarCore.framework/Versions/A/SidecarCore
0x00000001af569000 	/System/Library/PrivateFrameworks/AnnotationKit.framework/Versions/A/AnnotationKit
0x00000001ec174000 	/System/Library/Frameworks/Translation.framework/Versions/A/Translation
0x00000001c8d4a000 	/System/Library/PrivateFrameworks/RevealCore.framework/Versions/A/RevealCore
0x00000001c8d3e000 	/System/Library/PrivateFrameworks/Reveal.framework/Versions/A/Reveal
0x0000000260431000 	/System/Library/PrivateFrameworks/TranslationUIServices.framework/Versions/A/TranslationUIServices
0x00000001add0f000 	/System/Library/Frameworks/PencilKit.framework/Versions/A/PencilKit
0x00000001adec4000 	/System/Library/PrivateFrameworks/SidecarUI.framework/Versions/A/SidecarUI
0x00000001ad6bc000 	/System/Library/PrivateFrameworks/CoreHandwriting.framework/Versions/A/CoreHandwriting
0x0000000185a7f000 	/usr/lib/libmecabra.dylib
0x00000001a6a43000 	/System/Library/PrivateFrameworks/Calculate.framework/Versions/A/Calculate
0x0000000193fdf000 	/usr/lib/libChineseTokenizer.dylib
0x00000001e1e7d000 	/System/Library/PrivateFrameworks/ScreenReaderCore.framework/Versions/A/ScreenReaderCore
0x000000025c561000 	/System/Library/PrivateFrameworks/StocksKit.framework/Versions/A/StocksKit
0x00000001a5bbc000 	/System/Library/PrivateFrameworks/OAuth.framework/Versions/A/OAuth
0x000000025c20e000 	/System/Library/PrivateFrameworks/StocksCore.framework/Versions/A/StocksCore
0x000000025d272000 	/System/Library/PrivateFrameworks/TeaFoundation.framework/Versions/A/TeaFoundation
0x000000025d45b000 	/System/Library/PrivateFrameworks/TeaSettings.framework/Versions/A/TeaSettings
0x00000001d7a64000 	/System/Library/PrivateFrameworks/NewsCore.framework/Versions/A/NewsCore
0x000000025d20f000 	/System/Library/PrivateFrameworks/TeaDB.framework/Versions/A/TeaDB
0x00000001d470b000 	/System/Library/PrivateFrameworks/RemoteConfiguration.framework/Versions/A/RemoteConfiguration
0x00000001d769e000 	/System/Library/PrivateFrameworks/NewsTransport.framework/Versions/A/NewsTransport
0x00000001d7a54000 	/System/Library/PrivateFrameworks/NewsFoundation.framework/Versions/A/NewsFoundation
0x000000024beec000 	/System/Library/PrivateFrameworks/NewsURLBucket.framework/Versions/A/NewsURLBucket
0x00000001b0f88000 	/System/Library/PrivateFrameworks/MobileInstallation.framework/Versions/A/MobileInstallation
0x000000025f478000 	/System/Library/PrivateFrameworks/TipKitCore.framework/Versions/A/TipKitCore
0x00000001b5d23000 	/System/Library/PrivateFrameworks/CoreCDPInternal.framework/Versions/A/CoreCDPInternal
0x00000001a5b0e000 	/System/Library/PrivateFrameworks/AccountsDaemon.framework/Versions/A/AccountsDaemon
0x00000002525db000 	/System/Library/PrivateFrameworks/RegulatoryDomain.framework/Versions/A/RegulatoryDomain
0x00000001cd63b000 	/System/Library/PrivateFrameworks/MachineSettings.framework/Versions/A/MachineSettings
0x00000001bfab8000 	/System/Library/PrivateFrameworks/BezelServices.framework/Versions/A/BezelServices
0x00000001b7a9d000 	/System/Library/PrivateFrameworks/SPOwner.framework/Versions/A/SPOwner
0x00000001b0dc3000 	/System/Library/PrivateFrameworks/FMCore.framework/Versions/A/FMCore
0x0000000266fe8000 	/System/Library/PrivateFrameworks/iCloudQuota.framework/Versions/A/iCloudQuota
0x00000001a653f000 	/System/Library/PrivateFrameworks/CoreRecognition.framework/Versions/A/CoreRecognition
0x00000001bfb6d000 	/System/Library/PrivateFrameworks/InAppMessages.framework/Versions/A/InAppMessages
0x00000001e0bc8000 	/System/Library/PrivateFrameworks/JetUI.framework/Versions/A/JetUI
0x00000002453f2000 	/System/Library/PrivateFrameworks/JetPack.framework/Versions/A/JetPack
0x00000001bfb64000 	/System/Library/PrivateFrameworks/InAppMessagesCore.framework/Versions/A/InAppMessagesCore
0x00000002666e0000 	/System/Library/PrivateFrameworks/_JetEngine_SwiftUI.framework/Versions/A/_JetEngine_SwiftUI
0x000000025cb5f000 	/System/Library/PrivateFrameworks/Synapse.framework/Versions/A/Synapse
0x0000000230b79000 	/System/Library/PrivateFrameworks/CSExattrCrypto.framework/Versions/A/CSExattrCrypto
0x00000001a1ecd000 	/System/Library/PrivateFrameworks/IMSharedUtilities.framework/Versions/A/IMSharedUtilities
0x00000001bae88000 	/System/Library/Frameworks/InstantMessage.framework/Versions/A/InstantMessage
0x00000001b3909000 	/System/Library/PrivateFrameworks/IDSKVStore.framework/Versions/A/IDSKVStore
0x00000001b3749000 	/System/Library/PrivateFrameworks/IMDPersistence.framework/Versions/A/IMDPersistence
0x000000026cd05000 	/usr/lib/swift/libswiftAppleArchive.dylib
0x0000000261b66000 	/System/Library/PrivateFrameworks/UserSafety.framework/Versions/A/UserSafety
0x00000001d2b74000 	/System/Library/PrivateFrameworks/BlastDoor.framework/Versions/A/BlastDoor
0x00000001eac4c000 	/System/Library/Frameworks/SensitiveContentAnalysis.framework/Versions/A/SensitiveContentAnalysis
0x00000002464d8000 	/System/Library/PrivateFrameworks/LinkPresentationStyleSheetParsing.framework/Versions/A/LinkPresentationStyleSheetParsing
0x00000001ad168000 	/System/Library/PrivateFrameworks/CoreSDB.framework/Versions/A/CoreSDB
0x000000022ef4d000 	/System/Library/PrivateFrameworks/AskToCore.framework/Versions/A/AskToCore
0x00000001b1f52000 	/System/Library/PrivateFrameworks/StoreFoundation.framework/Versions/A/StoreFoundation
0x00000001b0dbd000 	/System/Library/PrivateFrameworks/ServerInformation.framework/Versions/A/ServerInformation
0x00000001b082e000 	/System/Library/PrivateFrameworks/Install.framework/Frameworks/DistributionKit.framework/Versions/A/DistributionKit
0x00000001aa425000 	/System/Library/PrivateFrameworks/PackageKit.framework/Versions/A/PackageKit
0x00000001b0851000 	/System/Library/PrivateFrameworks/OSPersonalization.framework/Versions/A/OSPersonalization
0x00000001b24be000 	/System/Library/PrivateFrameworks/BridgeOSSoftwareUpdate.framework/Versions/A/BridgeOSSoftwareUpdate
0x00000001ad5e4000 	/System/Library/PrivateFrameworks/StorageManagement.framework/Versions/A/StorageManagement
0x00000001c0e6f000 	/usr/lib/libauthinstall.dylib
0x00000001b24c7000 	/System/Library/PrivateFrameworks/InstallerDiagnostics.framework/Versions/A/InstallerDiagnostics
0x00000001c14a2000 	/usr/lib/libcrypto.42.dylib
0x00000001b24ac000 	/System/Library/PrivateFrameworks/GPUInfo.framework/Versions/A/GPUInfo
0x00000001bfc64000 	/System/Library/PrivateFrameworks/MobileActivationMacOS.framework/Versions/A/MobileActivationMacOS
0x000000019b744000 	/System/Library/PrivateFrameworks/GenerationalStorage.framework/Versions/A/GenerationalStorage
0x0000000196ca4000 	/System/Library/PrivateFrameworks/CacheDelete.framework/Versions/A/CacheDelete
0x000000019eb82000 	/System/Library/Frameworks/QuickLookThumbnailing.framework/Versions/A/QuickLookThumbnailing
0x000000019b576000 	/System/Library/Frameworks/FileProvider.framework/Versions/A/FileProvider
0x0000000189d1b000 	/System/Library/PrivateFrameworks/DesktopServicesPriv.framework/Versions/A/DesktopServicesPriv
0x000000018bfdd000 	/System/Library/Frameworks/Accounts.framework/Versions/A/Accounts
0x00000001b250b000 	/System/Library/PrivateFrameworks/AOSKit.framework/Versions/A/AOSKit
0x000000019410f000 	/System/Library/PrivateFrameworks/AppSSOCore.framework/Versions/A/AppSSOCore
0x000000019e22f000 	/System/Library/PrivateFrameworks/AppSupport.framework/Versions/A/AppSupport
0x00000001ac5ee000 	/System/Library/Frameworks/AVFoundation.framework/Versions/A/AVFoundation
0x000000019eaa5000 	/System/Library/PrivateFrameworks/DuetActivityScheduler.framework/Versions/A/DuetActivityScheduler
0x00000001ad10f000 	/System/Library/PrivateFrameworks/FTServices.framework/Versions/A/FTServices
0x00000001be289000 	/System/Library/PrivateFrameworks/NetworkServiceProxy.framework/Versions/A/NetworkServiceProxy
0x000000019ea6b000 	/System/Library/PrivateFrameworks/StreamingZip.framework/Versions/A/StreamingZip
0x000000019db5b000 	/System/Library/PrivateFrameworks/CoreWiFi.framework/Versions/A/CoreWiFi
0x0000000196bd0000 	/System/Library/PrivateFrameworks/MobileAsset.framework/Versions/A/MobileAsset
0x000000019c71c000 	/System/Library/PrivateFrameworks/Rapport.framework/Versions/A/Rapport
0x000000025c8c2000 	/System/Library/PrivateFrameworks/Symptoms.framework/Versions/A/Frameworks/SymptomAnalytics.framework/Versions/A/SymptomAnalytics
0x000000019a2bc000 	/usr/lib/libnetworkextension.dylib
0x000000026c5eb000 	/usr/lib/libmrc.dylib
0x0000000241913000 	/System/Library/PrivateFrameworks/IPConfiguration.framework/Versions/A/IPConfiguration
0x00000001cd483000 	/System/Library/PrivateFrameworks/Netrb.framework/Versions/A/Netrb
0x00000001d8406000 	/System/Library/PrivateFrameworks/WiFiPeerToPeer.framework/Versions/A/WiFiPeerToPeer
0x00000001b40a9000 	/System/Library/PrivateFrameworks/SoftwareUpdateCoreSupport.framework/Versions/A/SoftwareUpdateCoreSupport
0x00000001bba4a000 	/System/Library/PrivateFrameworks/SoftwareUpdateCoreConnect.framework/Versions/A/SoftwareUpdateCoreConnect
0x000000019e0e7000 	/System/Library/PrivateFrameworks/RemoteServiceDiscovery.framework/Versions/A/RemoteServiceDiscovery
0x00000001b3d2f000 	/System/Library/PrivateFrameworks/MSUDataAccessor.framework/Versions/A/MSUDataAccessor
0x00000001af524000 	/usr/lib/libbootpolicy.dylib
0x000000019e0fd000 	/System/Library/PrivateFrameworks/RemoteXPC.framework/Versions/A/RemoteXPC
0x00000001bae98000 	/usr/lib/libFDR.dylib
0x00000001c0f42000 	/usr/lib/libamsupport.dylib
0x000000026bd3e000 	/usr/lib/libReverseProxyDevice.dylib
0x000000022df73000 	/System/Library/PrivateFrameworks/AppleDeviceQuerySupport.framework/Versions/A/AppleDeviceQuerySupport
0x00000001c3e2f000 	/usr/lib/libpartition2_dynamic.dylib
0x0000000192709000 	/System/Library/Frameworks/UserNotifications.framework/Versions/A/UserNotifications
0x00000001d3738000 	/System/Library/Frameworks/CryptoKit.framework/Versions/A/CryptoKit
0x000000019ea43000 	/System/Library/PrivateFrameworks/CryptoKitCBridging.framework/Versions/A/CryptoKitCBridging
0x000000019c292000 	/System/Library/Frameworks/CryptoTokenKit.framework/Versions/A/CryptoTokenKit
0x00000001c798c000 	/usr/lib/swift/libswiftCryptoTokenKit.dylib
0x000000019c2f6000 	/System/Library/Frameworks/LocalAuthentication.framework/Versions/A/LocalAuthentication
0x00000002466ad000 	/System/Library/PrivateFrameworks/LocalAuthenticationCore.framework/Versions/A/LocalAuthenticationCore
0x000000019c34b000 	/System/Library/Frameworks/LocalAuthentication.framework/Support/SharedUtils.framework/Versions/A/SharedUtils
0x0000000196d3c000 	/usr/lib/libTelephonyUtilDynamic.dylib
0x000000019b31f000 	/System/Library/PrivateFrameworks/SymptomDiagnosticReporter.framework/Versions/A/SymptomDiagnosticReporter
0x000000023628f000 	/System/Library/PrivateFrameworks/CryptoKitPrivate.framework/Versions/A/CryptoKitPrivate
0x000000018e0f1000 	/System/Library/PrivateFrameworks/ApplePushService.framework/Versions/A/ApplePushService
0x00000001ac819000 	/System/Library/PrivateFrameworks/FindMyDevice.framework/Versions/A/FindMyDevice
0x000000018c062000 	/System/Library/PrivateFrameworks/CommonUtilities.framework/Versions/A/CommonUtilities
0x00000001c28b9000 	/System/Library/PrivateFrameworks/DeviceIdentity.framework/Versions/A/DeviceIdentity
0x0000000194839000 	/System/Library/PrivateFrameworks/Bom.framework/Versions/A/Bom
0x0000000196800000 	/usr/lib/libParallelCompression.dylib
0x00000001967f2000 	/System/Library/PrivateFrameworks/MultiverseSupport.framework/Versions/A/MultiverseSupport
0x00000001a232a000 	/System/Library/PrivateFrameworks/FMCoreLite.framework/Versions/A/FMCoreLite
0x0000000192465000 	/System/Library/PrivateFrameworks/AuthKit.framework/Versions/A/AuthKit
0x000000019b452000 	/System/Library/PrivateFrameworks/DiskManagement.framework/Versions/A/DiskManagement
0x000000019b35e000 	/System/Library/PrivateFrameworks/AppleIDAuthSupport.framework/Versions/A/AppleIDAuthSupport
0x000000022abcf000 	/System/Library/PrivateFrameworks/AAAFoundation.framework/Versions/A/AAAFoundation
0x0000000196cf0000 	/System/Library/PrivateFrameworks/KeychainCircle.framework/Versions/A/KeychainCircle
0x00000001a6f1d000 	/System/Library/PrivateFrameworks/URLFormatting.framework/Versions/A/URLFormatting
0x000000019e19b000 	/usr/lib/libcsfde.dylib
0x0000000194299000 	/usr/lib/libCoreStorage.dylib
0x00000001980af000 	/System/Library/PrivateFrameworks/ProtectedCloudStorage.framework/Versions/A/ProtectedCloudStorage
0x000000019e196000 	/System/Library/PrivateFrameworks/EFILogin.framework/Versions/A/EFILogin
0x00000001a61c5000 	/System/Library/PrivateFrameworks/CloudServices.framework/Versions/A/CloudServices
0x000000019b76b000 	/System/Library/PrivateFrameworks/OctagonTrust.framework/Versions/A/OctagonTrust
0x000000019be85000 	/System/Library/PrivateFrameworks/AVFCore.framework/Versions/A/AVFCore
0x00000001a4c4f000 	/System/Library/PrivateFrameworks/AVFCapture.framework/Versions/A/AVFCapture
0x000000019550f000 	/System/Library/Frameworks/MediaToolbox.framework/Versions/A/MediaToolbox
0x000000019b547000 	/System/Library/PrivateFrameworks/CoreAVCHD.framework/Versions/A/CoreAVCHD
0x000000019b543000 	/System/Library/PrivateFrameworks/Mangrove.framework/Versions/A/Mangrove
0x0000000230a69000 	/System/Library/PrivateFrameworks/CMPhoto.framework/Versions/A/CMPhoto
0x000000019bca2000 	/System/Library/Frameworks/CoreTelephony.framework/Versions/A/CoreTelephony
0x000000019b536000 	/System/Library/PrivateFrameworks/CoreAUC.framework/Versions/A/CoreAUC
0x000000022e3b5000 	/System/Library/PrivateFrameworks/AppleJPEGXL.framework/Versions/A/AppleJPEGXL
0x0000000230895000 	/System/Library/PrivateFrameworks/CMImaging.framework/Versions/A/CMImaging
0x00000001a4e67000 	/System/Library/PrivateFrameworks/Quagga.framework/Versions/A/Quagga
0x00000001a4f9a000 	/System/Library/PrivateFrameworks/CMCapture.framework/Versions/A/CMCapture
0x00000001968d4000 	/System/Library/Frameworks/CoreMediaIO.framework/Versions/A/CoreMediaIO
0x000000019ebce000 	/System/Library/PrivateFrameworks/Espresso.framework/Versions/A/Espresso
0x00000001e2239000 	/System/Library/PrivateFrameworks/ANECompiler.framework/Versions/A/ANECompiler
0x00000001a0bb4000 	/System/Library/PrivateFrameworks/AppleNeuralEngine.framework/Versions/A/AppleNeuralEngine
0x00000001e84d8000 	/System/Library/Frameworks/MetalPerformanceShadersGraph.framework/Versions/A/MetalPerformanceShadersGraph
0x00000002471a5000 	/System/Library/PrivateFrameworks/MLCompilerServices.framework/Versions/A/MLCompilerServices
0x000000019fa8a000 	/System/Library/PrivateFrameworks/ANEServices.framework/Versions/A/ANEServices
0x00000001b2280000 	/usr/lib/libncurses.5.4.dylib
0x0000000188667000 	/usr/lib/libsandbox.1.dylib
0x0000000194291000 	/usr/lib/libMatch.1.dylib
0x0000000247149000 	/System/Library/PrivateFrameworks/MLCompilerRuntime.framework/Versions/A/MLCompilerRuntime
0x00000002307cb000 	/System/Library/PrivateFrameworks/CMCaptureDevice.framework/Versions/A/CMCaptureDevice
0x00000002315bb000 	/System/Library/PrivateFrameworks/CinematicFraming.framework/Versions/A/CinematicFraming
0x00000001ac217000 	/System/Library/Frameworks/CoreMotion.framework/Versions/A/CoreMotion
0x00000001baf41000 	/System/Library/PrivateFrameworks/TimeSync.framework/Versions/A/TimeSync
0x0000000236d2f000 	/System/Library/PrivateFrameworks/DistributedSensing.framework/Versions/A/DistributedSensing
0x00000001b6e10000 	/System/Library/PrivateFrameworks/MobileBluetooth.framework/Versions/A/MobileBluetooth
0x00000001964a8000 	/System/Library/PrivateFrameworks/LocationSupport.framework/Versions/A/LocationSupport
0x00000001bca03000 	/System/Library/PrivateFrameworks/IOKitten.framework/Versions/A/IOKitten
0x0000000189f86000 	/System/Library/PrivateFrameworks/CoreDuet.framework/Versions/A/CoreDuet
0x000000019d4b4000 	/System/Library/PrivateFrameworks/CoreDuetContext.framework/Versions/A/CoreDuetContext
0x00000001b79bd000 	/System/Library/PrivateFrameworks/BiomeFoundation.framework/Versions/A/BiomeFoundation
0x000000022f6fa000 	/System/Library/PrivateFrameworks/BiomeLibrary.framework/Versions/A/BiomeLibrary
0x00000001bafbf000 	/System/Library/PrivateFrameworks/BiomeStreams.framework/Versions/A/BiomeStreams
0x00000001c12ed000 	/System/Library/PrivateFrameworks/BiomePubSub.framework/Versions/A/BiomePubSub
0x000000018e159000 	/System/Library/Frameworks/CloudKit.framework/Versions/A/CloudKit
0x000000019d50a000 	/System/Library/Frameworks/Intents.framework/Versions/A/Intents
0x000000019fc32000 	/System/Library/PrivateFrameworks/CoreDuetDaemonProtocol.framework/Versions/A/CoreDuetDaemonProtocol
0x000000019fab8000 	/System/Library/PrivateFrameworks/ProactiveSupport.framework/Versions/A/ProactiveSupport
0x0000000250e39000 	/System/Library/PrivateFrameworks/PoirotSchematizer.framework/Versions/A/PoirotSchematizer
0x000000022fd94000 	/System/Library/PrivateFrameworks/BiomeSync.framework/Versions/A/BiomeSync
0x000000022f6db000 	/System/Library/PrivateFrameworks/BiomeFlexibleStorage.framework/Versions/A/BiomeFlexibleStorage
0x000000022f6bf000 	/System/Library/PrivateFrameworks/BiomeDSL.framework/Versions/A/BiomeDSL
0x00000001c134a000 	/System/Library/PrivateFrameworks/BiomeStorage.framework/Versions/A/BiomeStorage
0x0000000250ea6000 	/System/Library/PrivateFrameworks/PoirotUDFs.framework/Versions/A/PoirotUDFs
0x0000000250e08000 	/System/Library/PrivateFrameworks/PoirotSQLite.framework/Versions/A/PoirotSQLite
0x000000019e537000 	/System/Library/PrivateFrameworks/InternationalTextSearch.framework/Versions/A/InternationalTextSearch
0x0000000244cd1000 	/System/Library/PrivateFrameworks/IntelligencePlatformLibrary.framework/Versions/A/IntelligencePlatformLibrary
0x0000000231180000 	/System/Library/PrivateFrameworks/CascadeSets.framework/Versions/A/CascadeSets
0x000000019778e000 	/System/Library/PrivateFrameworks/IDS.framework/Versions/A/IDS
0x000000019642e000 	/System/Library/PrivateFrameworks/IMFoundation.framework/Versions/A/IMFoundation
0x00000001a64f4000 	/System/Library/PrivateFrameworks/Marco.framework/Versions/A/Marco
0x000000019795b000 	/System/Library/PrivateFrameworks/IDSFoundation.framework/Versions/A/IDSFoundation
0x00000001a3214000 	/System/Library/PrivateFrameworks/Engram.framework/Versions/A/Engram
0x00000001a31b4000 	/usr/lib/libtidy.A.dylib
0x00000001baaa8000 	/System/Library/PrivateFrameworks/FTAWD.framework/Versions/A/FTAWD
0x00000001ead0c000 	/System/Library/Frameworks/SharedWithYouCore.framework/Versions/A/SharedWithYouCore
0x000000019e602000 	/System/Library/PrivateFrameworks/AppleAccount.framework/Versions/A/AppleAccount
0x000000019eb28000 	/System/Library/PrivateFrameworks/C2.framework/Versions/A/C2
0x000000018f94b000 	/System/Library/Frameworks/CoreLocation.framework/Versions/A/CoreLocation
0x0000000231969000 	/System/Library/PrivateFrameworks/CloudAssets.framework/Versions/A/CloudAssets
0x000000019eb1f000 	/System/Library/Frameworks/PushKit.framework/Versions/A/PushKit
0x00000001c9460000 	/usr/lib/swift/libswiftAVFoundation.dylib
0x00000001b36f0000 	/usr/lib/swift/libswiftCoreLocation.dylib
0x00000001b3706000 	/usr/lib/swift/libswiftCoreMIDI.dylib
0x00000001c798e000 	/usr/lib/swift/libswiftCoreMedia.dylib
0x0000000197bef000 	/System/Library/PrivateFrameworks/Sharing.framework/Versions/A/Sharing
0x000000019db5a000 	/System/Library/PrivateFrameworks/Apple80211.framework/Versions/A/Apple80211
0x0000000191a20000 	/System/Library/Frameworks/CoreWLAN.framework/Versions/A/CoreWLAN
0x00000001a1c1f000 	/System/Library/PrivateFrameworks/AssistantServices.framework/Versions/A/AssistantServices
0x000000019c51f000 	/System/Library/PrivateFrameworks/SAObjects.framework/Versions/A/SAObjects
0x00000001a1857000 	/System/Library/PrivateFrameworks/MediaRemote.framework/Versions/A/MediaRemote
0x00000001b2962000 	/System/Library/PrivateFrameworks/SiriInstrumentation.framework/Versions/A/SiriInstrumentation
0x00000002546d6000 	/System/Library/PrivateFrameworks/SiriAnalytics.framework/Versions/A/SiriAnalytics
0x000000025a28c000 	/System/Library/PrivateFrameworks/SiriTTSService.framework/Versions/A/SiriTTSService
0x0000000255092000 	/System/Library/PrivateFrameworks/SiriCrossDeviceArbitration.framework/Versions/A/SiriCrossDeviceArbitration
0x00000001b05fb000 	/System/Library/PrivateFrameworks/FeedbackLogger.framework/Versions/A/FeedbackLogger
0x00000002550e6000 	/System/Library/PrivateFrameworks/SiriCrossDeviceArbitrationFeedback.framework/Versions/A/SiriCrossDeviceArbitrationFeedback
0x000000023ead1000 	/System/Library/PrivateFrameworks/GenerativeModels.framework/Versions/A/GenerativeModels
0x00000001a6360000 	/System/Library/PrivateFrameworks/MediaServices.framework/Versions/A/MediaServices
0x00000001944fc000 	/System/Library/PrivateFrameworks/PersistentConnection.framework/Versions/A/PersistentConnection
0x0000000198388000 	/System/Library/PrivateFrameworks/GeoServices.framework/Versions/A/GeoServices
0x000000023ecf9000 	/System/Library/PrivateFrameworks/GeoServicesCore.framework/Versions/A/GeoServicesCore
0x00000001a6f1b000 	/System/Library/PrivateFrameworks/PhoneNumbers.framework/Versions/A/PhoneNumbers
0x0000000236797000 	/System/Library/PrivateFrameworks/Dendrite.framework/Versions/A/Dendrite
0x000000022f073000 	/System/Library/PrivateFrameworks/AtomicsInternal.framework/Versions/A/AtomicsInternal
0x00000001b4500000 	/usr/lib/libtailspin.dylib
0x00000001c748a000 	/System/Library/PrivateFrameworks/Osprey.framework/Versions/A/Osprey
0x000000025990b000 	/System/Library/PrivateFrameworks/SiriTTS.framework/Versions/A/SiriTTS
0x00000001ad22c000 	/System/Library/Frameworks/NaturalLanguage.framework/Versions/A/NaturalLanguage
0x0000000258645000 	/System/Library/PrivateFrameworks/SiriPowerInstrumentation.framework/Versions/A/SiriPowerInstrumentation
0x00000001ae051000 	/System/Library/PrivateFrameworks/Trial.framework/Versions/A/Trial
0x00000001adfd3000 	/System/Library/PrivateFrameworks/TrialProto.framework/Versions/A/TrialProto
0x00000002613dc000 	/System/Library/PrivateFrameworks/UnifiedAssetFramework.framework/Versions/A/UnifiedAssetFramework
0x00000001d838a000 	/usr/lib/swift/libswiftNaturalLanguage.dylib
0x000000025d20d000 	/System/Library/PrivateFrameworks/TailspinSymbolication.framework/Versions/A/TailspinSymbolication
0x00000002364a6000 	/System/Library/PrivateFrameworks/Darwinup.framework/Versions/A/Darwinup
0x00000001c0265000 	/System/Library/PrivateFrameworks/SignpostSupport.framework/Versions/A/SignpostSupport
0x00000001ad0f5000 	/System/Library/PrivateFrameworks/FeatureFlagsSupport.framework/Versions/A/FeatureFlagsSupport
0x00000001bf9c8000 	/System/Library/PrivateFrameworks/ktrace.framework/Versions/A/ktrace
0x00000001c04e5000 	/System/Library/PrivateFrameworks/SampleAnalysis.framework/Versions/A/SampleAnalysis
0x00000001c8d26000 	/System/Library/PrivateFrameworks/kperfdata.framework/Versions/A/kperfdata
0x0000000198269000 	/usr/lib/libdscsym.dylib
0x00000001c91be000 	/System/Library/PrivateFrameworks/BulkSymbolication.framework/Versions/A/BulkSymbolication
0x000000018e5f4000 	/System/Library/Frameworks/CoreML.framework/Versions/A/CoreML
0x00000001d6664000 	/usr/lib/libedit.3.dylib
0x0000000192066000 	/System/Library/Frameworks/MLCompute.framework/Versions/A/MLCompute
0x0000000246ff8000 	/System/Library/PrivateFrameworks/MLAssetIO.framework/Versions/A/MLAssetIO
0x000000026cd47000 	/usr/lib/swift/libswiftMLCompute.dylib
0x0000000186b3d000 	/System/Library/PrivateFrameworks/LanguageModeling.framework/Versions/A/LanguageModeling
0x000000018b6a4000 	/System/Library/PrivateFrameworks/Montreal.framework/Versions/A/Montreal
0x0000000192994000 	/usr/lib/libcmph.dylib
0x000000023eb93000 	/System/Library/PrivateFrameworks/GenerativeModelsFoundation.framework/Versions/A/GenerativeModelsFoundation
0x000000025f7a3000 	/System/Library/PrivateFrameworks/TokenGeneration.framework/Versions/A/TokenGeneration
0x000000023e96a000 	/System/Library/PrivateFrameworks/GenerativeFunctions.framework/Versions/A/GenerativeFunctions
0x000000023e9bb000 	/System/Library/PrivateFrameworks/GenerativeFunctionsFoundation.framework/Versions/A/GenerativeFunctionsFoundation
0x0000000249f4c000 	/System/Library/PrivateFrameworks/ModelCatalog.framework/Versions/A/ModelCatalog
0x0000000253fd3000 	/System/Library/PrivateFrameworks/SensitiveContentAnalysisML.framework/Versions/A/SensitiveContentAnalysisML
0x000000023ea6a000 	/System/Library/PrivateFrameworks/GenerativeFunctionsInstrumentation.framework/Versions/A/GenerativeFunctionsInstrumentation
0x0000000251ecb000 	/System/Library/PrivateFrameworks/PromptKit.framework/Versions/A/PromptKit
0x00000002519f5000 	/System/Library/PrivateFrameworks/ProactiveDaemonSupport.framework/Versions/A/ProactiveDaemonSupport
0x000000025f95b000 	/System/Library/PrivateFrameworks/TokenGenerationCore.framework/Versions/A/TokenGenerationCore
0x0000000262a53000 	/System/Library/PrivateFrameworks/VectorSearch.framework/Versions/A/VectorSearch
0x000000024a211000 	/System/Library/PrivateFrameworks/ModelManagerServices.framework/Versions/A/ModelManagerServices
0x000000022dfd5000 	/System/Library/PrivateFrameworks/AppleFlatBuffers.framework/Versions/A/AppleFlatBuffers
0x00000001a690a000 	/System/Library/PrivateFrameworks/ProactiveEventTracker.framework/Versions/A/ProactiveEventTracker
0x000000022abeb000 	/System/Library/PrivateFrameworks/AAAFoundationSwift.framework/Versions/A/AAAFoundationSwift
0x000000019e857000 	/System/Library/PrivateFrameworks/AppleIDSSOAuthentication.framework/Versions/A/AppleIDSSOAuthentication
0x00000001ba233000 	/usr/lib/swift/libswiftCompression.dylib
0x000000025415e000 	/System/Library/PrivateFrameworks/SentencePieceInternal.framework/Versions/A/SentencePieceInternal
0x000000019a6ea000 	/System/Library/Frameworks/Vision.framework/Versions/A/Vision
0x0000000235efa000 	/System/Library/PrivateFrameworks/CoreSceneUnderstanding.framework/Versions/A/CoreSceneUnderstanding
0x00000002635de000 	/System/Library/PrivateFrameworks/VisionCore.framework/Versions/A/VisionCore
0x00000001b5e01000 	/System/Library/Frameworks/Vision.framework/libfaceCore.dylib
0x00000001b68fb000 	/System/Library/PrivateFrameworks/Futhark.framework/Versions/A/Futhark
0x00000001b9ffb000 	/System/Library/PrivateFrameworks/InertiaCam.framework/Versions/A/InertiaCam
0x00000001b66ae000 	/System/Library/PrivateFrameworks/TextRecognition.framework/Versions/A/TextRecognition
0x000000019412f000 	/System/Library/PrivateFrameworks/CVNLP.framework/Versions/A/CVNLP
0x000000023d6ec000 	/System/Library/PrivateFrameworks/GRDBInternal.framework/Versions/A/GRDBInternal
0x00000001a0922000 	/System/Library/PrivateFrameworks/RTCReporting.framework/Versions/A/RTCReporting
0x000000019eb0e000 	/System/Library/PrivateFrameworks/IntentsFoundation.framework/Versions/A/IntentsFoundation
0x0000000197517000 	/System/Library/Frameworks/NetworkExtension.framework/Versions/A/NetworkExtension
0x00000001b1e01000 	/System/Library/PrivateFrameworks/CaptiveNetwork.framework/Versions/A/CaptiveNetwork
0x000000019e0a7000 	/System/Library/PrivateFrameworks/EAP8021X.framework/Versions/A/EAP8021X
0x00000001c04b1000 	/System/Library/PrivateFrameworks/UIKitServices.framework/Versions/A/UIKitServices
0x00000001115f4000 	/System/Library/Extensions/AGXMetal13_3.bundle/Contents/MacOS/AGXMetal13_3
0x00000001a6212000 	/System/Library/PrivateFrameworks/IOGPU.framework/Versions/A/IOGPU
0x00000001b36d5000 	/System/Library/Frameworks/Accelerate.framework/Versions/A/Frameworks/vImage.framework/Versions/A/Libraries/libCGInterfaces.dylib
0x000000022c1d9000 	/System/Library/PrivateFrameworks/AccessibilityBundles.framework/Versions/A/AccessibilityBundles
0x00000001b69ec000 	/System/Library/CoreServices/RawCamera.bundle/Contents/MacOS/RawCamera
0x0000000110be4000 	/Applications/REAPER.app/Contents/Plugins/elastique3.dylib
0x0000000110b74000 	/Applications/REAPER.app/Contents/Plugins/soundtouch.dylib
0x0000000110b40000 	/Applications/REAPER.app/Contents/Plugins/rubberband.dylib
0x0000000110d2c000 	/Applications/REAPER.app/Contents/Plugins/jsfx.dylib
0x0000000111390000 	/Applications/REAPER.app/Contents/Plugins/reaper_wave.dylib
0x0000000111318000 	/Applications/REAPER.app/Contents/Plugins/reaper_mp3dec.dylib
0x0000000111488000 	/Applications/REAPER.app/Contents/Plugins/libmp3lame.dylib
0x0000000113c7c000 	/Applications/REAPER.app/Contents/Plugins/reaper_midi.dylib
0x0000000111514000 	/Applications/REAPER.app/Contents/Plugins/reaper_wavpack.dylib
0x00000001113cc000 	/Applications/REAPER.app/Contents/Plugins/reaper_opus.dylib
0x000000011155c000 	/Applications/REAPER.app/Contents/Plugins/reaper_flac.dylib
0x00000001115a8000 	/Applications/REAPER.app/Contents/Plugins/reaper_rex.dylib
0x000000011145c000 	/Applications/REAPER.app/Contents/Plugins/reaper_ddp.dylib
0x00000001130c4000 	/Applications/REAPER.app/Contents/Plugins/reaper_explorer.dylib
0x0000000112fc8000 	/Applications/REAPER.app/Contents/Plugins/reaper_cd.dylib
0x00000001e6774000 	/System/Library/Frameworks/DiscRecordingUI.framework/Versions/A/DiscRecordingUI
0x0000000113138000 	/Applications/REAPER.app/Contents/Plugins/reaper_ogg.dylib
0x0000000113df8000 	/Applications/REAPER.app/Contents/Plugins/reaper_csurf.dylib
0x0000000113e5c000 	/Applications/REAPER.app/Contents/Plugins/reaper_video.dylib
0x00000001111c8000 	/Applications/REAPER.app/Contents/Plugins/reap_osx_modern.dylib
0x00000001ac5ef000 	/System/Library/Frameworks/AVKit.framework/Versions/A/AVKit
0x000000022c08a000 	/System/Library/PrivateFrameworks/AVKitCore.framework/Versions/A/AVKitCore
0x00000001c1ead000 	/System/Library/PrivateFrameworks/PIP.framework/Versions/A/PIP
0x0000000115340000 	/opt/homebrew/Cellar/ffmpeg/8.1.2_1/lib/libavutil.60.26.102.dylib
0x0000000117618000 	/opt/homebrew/Cellar/openssl@3/3.6.3/lib/libssl.3.dylib
0x0000000131000000 	/opt/homebrew/Cellar/openssl@3/3.6.3/lib/libcrypto.3.dylib
0x00000001154f0000 	/opt/homebrew/Cellar/ffmpeg/8.1.2_1/lib/libswscale.9.5.102.dylib
0x0000000112fe8000 	/opt/homebrew/Cellar/ffmpeg/8.1.2_1/lib/libswresample.6.3.102.dylib
0x00000001439e4000 	/opt/homebrew/Cellar/ffmpeg/8.1.2_1/lib/libavcodec.62.28.102.dylib
0x00000001251b0000 	/opt/homebrew/Cellar/libvpx/1.16.0/lib/libvpx.12.dylib
0x0000000125000000 	/opt/homebrew/Cellar/dav1d/1.5.4/lib/libdav1d.7.dylib
0x0000000113044000 	/opt/homebrew/Cellar/lame/4.0/lib/libmp3lame.0.dylib
0x00000001176f8000 	/opt/homebrew/Cellar/opus/1.6.1/lib/libopus.0.dylib
0x0000000132428000 	/opt/homebrew/Cellar/svt-av1/4.2.0/lib/libSvtAv1Enc.4.2.0.dylib
0x00000001314ac000 	/opt/homebrew/Cellar/x264/r3222/lib/libx264.165.dylib
0x0000000134c10000 	/opt/homebrew/Cellar/x265/4.2/lib/libx265.216.dylib
0x0000000117754000 	/opt/homebrew/Cellar/mpg123/1.33.6/lib/libmpg123.0.dylib
0x00000001316e0000 	/opt/homebrew/Cellar/ffmpeg/8.1.2_1/lib/libavformat.62.12.102.dylib
0x0000000125448000 	/Applications/VLC.app/Contents/MacOS/lib/libvlccore.9.dylib
0x000000014adbc000 	/Applications/VLC.app/Contents/MacOS/plugins/libavcodec_plugin.dylib
0x0000000113008000 	/Applications/VLC.app/Contents/MacOS/lib/libvlc.5.dylib
0x00000001111a8000 	/Applications/VLC.app/Contents/MacOS/plugins/libi420_rgb_plugin.dylib
0x0000000111220000 	/Applications/VLC.app/Contents/MacOS/plugins/libi420_10_p010_plugin.dylib
0x0000000112fb0000 	/Applications/VLC.app/Contents/MacOS/plugins/libscaletempo_pitch_plugin.dylib
0x0000000113098000 	/Applications/VLC.app/Contents/MacOS/plugins/libi420_yuy2_plugin.dylib
0x00000001130ac000 	/Applications/VLC.app/Contents/MacOS/plugins/libi422_yuy2_plugin.dylib
0x000000011322c000 	/Applications/VLC.app/Contents/MacOS/plugins/libyuy2_i420_plugin.dylib
0x0000000113240000 	/Applications/VLC.app/Contents/MacOS/plugins/libi420_nv12_plugin.dylib
0x0000000113258000 	/Applications/VLC.app/Contents/MacOS/plugins/libyuy2_i422_plugin.dylib
0x0000000113fa4000 	/Applications/VLC.app/Contents/MacOS/plugins/libkeychain_plugin.dylib
0x0000000113fbc000 	/Applications/VLC.app/Contents/MacOS/plugins/libi422_i420_plugin.dylib
0x0000000113fd0000 	/Applications/VLC.app/Contents/MacOS/plugins/libgrey_yuv_plugin.dylib
0x0000000113fe4000 	/Applications/VLC.app/Contents/MacOS/plugins/libchain_plugin.dylib
0x00000001155cc000 	/Applications/VLC.app/Contents/MacOS/plugins/libscale_plugin.dylib
0x00000001155e0000 	/Applications/VLC.app/Contents/MacOS/plugins/libyuvp_plugin.dylib
0x0000000133000000 	/Applications/VLC.app/Contents/MacOS/plugins/libdav1d_plugin.dylib
0x000000011779c000 	/Applications/VLC.app/Contents/MacOS/plugins/libyuv_plugin.dylib
0x00000001177b0000 	/Applications/VLC.app/Contents/MacOS/plugins/libscaletempo_plugin.dylib
0x000000012552c000 	/Applications/VLC.app/Contents/MacOS/plugins/libswscale_plugin.dylib
0x00000001e4db7000 	/System/Library/Frameworks/OpenGL.framework/Versions/A/Resources/GLEngine.bundle/GLEngine
0x00000001e4c5c000 	/System/Library/Frameworks/OpenGL.framework/Versions/A/Libraries/libGLProgrammability.dylib
0x00000001250f8000 	/System/Library/Extensions/AppleMetalOpenGLRenderer.bundle/Contents/MacOS/AppleMetalOpenGLRenderer
0x00000001e4f18000 	/System/Library/Frameworks/OpenGL.framework/Versions/A/Resources/GLRendererFloat.bundle/GLRendererFloat
0x0000000133110000 	/Users/jonathankawchuk/Library/Application Support/REAPER/UserPlugins/reaper_command_palette.dylib
0x0000000133630000 	/Users/jonathankawchuk/Library/Application Support/REAPER/UserPlugins/reaper_csurf_integrator.dylib
0x00000001177c4000 	/Users/jonathankawchuk/Library/Application Support/REAPER/UserPlugins/reaper_ptx_import.dylib
0x0000000123fd0000 	/Users/jonathankawchuk/Library/Application Support/REAPER/UserPlugins/reaper_pt_spot.dylib
0x0000000125364000 	/Users/jonathankawchuk/Library/Application Support/REAPER/UserPlugins/reaper_drivenbymoss.dylib
0x00000001377a4000 	/Users/jonathankawchuk/Library/Application Support/REAPER/UserPlugins/reaper_imgui-arm64.dylib
0x0000000144ed0000 	/Users/jonathankawchuk/Library/Application Support/REAPER/UserPlugins/reaper_sws-arm64.dylib
0x00000001177e4000 	/Users/jonathankawchuk/Library/Application Support/REAPER/UserPlugins/reaper_reatc-arm64.dylib
0x0000000131924000 	/Users/jonathankawchuk/Library/Application Support/REAPER/UserPlugins/reaper_helgobox-arm64.dylib
0x0000000168000000 	/Users/jonathankawchuk/Library/Application Support/REAPER/UserPlugins/FX/helgobox-arm64.vst.dylib
0x000000014dd64000 	/Users/jonathankawchuk/Library/Application Support/REAPER/Helgoboss/App/bin/Contents/Frameworks/FlutterMacOS.framework/FlutterMacOS
0x0000000137428000 	/Users/jonathankawchuk/Library/Application Support/REAPER/UserPlugins/reaper_js_ReaScriptAPI64ARM.dylib
0x0000000123f70000 	/Users/jonathankawchuk/Library/Application Support/REAPER/Helgoboss/App/bin/Contents/Frameworks/cryptography_flutter.framework/cryptography_flutter
0x000000013535c000 	/Users/jonathankawchuk/Library/Application Support/REAPER/UserPlugins/reaper_reamo.dylib
0x0000000123fa8000 	/Users/jonathankawchuk/Library/Application Support/REAPER/Helgoboss/App/bin/Contents/Frameworks/device_info_plus.framework/device_info_plus
0x0000000125400000 	/Users/jonathankawchuk/Library/Application Support/REAPER/Helgoboss/App/bin/Contents/Frameworks/desktop_drop.framework/desktop_drop
0x0000000137d48000 	/Users/jonathankawchuk/Library/Application Support/REAPER/UserPlugins/reaper_reapack-arm64.dylib
0x0000000125194000 	/Users/jonathankawchuk/Library/Application Support/REAPER/Helgoboss/App/bin/Contents/Frameworks/native_context_menu.framework/native_context_menu
0x0000000125428000 	/Users/jonathankawchuk/Library/Application Support/REAPER/Helgoboss/App/bin/Contents/Frameworks/path_provider_foundation.framework/path_provider_foundation
0x0000000125700000 	/Users/jonathankawchuk/Library/Application Support/REAPER/Helgoboss/App/bin/Contents/Frameworks/screen_retriever.framework/screen_retriever
0x00000001319c0000 	/Users/jonathankawchuk/Library/Application Support/REAPER/Helgoboss/App/bin/Contents/Frameworks/url_launcher_macos.framework/url_launcher_macos
0x0000000125760000 	/Users/jonathankawchuk/Library/Application Support/REAPER/Helgoboss/App/bin/Contents/Frameworks/window_manager.framework/window_manager
0x0000000125720000 	/Users/jonathankawchuk/Library/Application Support/REAPER/Helgoboss/App/bin/Contents/Frameworks/pointer_lock.framework/pointer_lock
0x0000000125794000 	/Users/jonathankawchuk/Library/Application Support/REAPER/Helgoboss/App/bin/Contents/MacOS/helgobox
0x00000001bf5cc000 	/usr/lib/swift/libswiftAppKit.dylib
0x00000001449e4000 	/Users/jonathankawchuk/Library/Application Support/REAPER/UserPlugins/reaper_ReacomaExtension.dylib
0x000000025d7c8000 	/System/Library/PrivateFrameworks/TextInputUI.framework/Versions/A/TextInputUI
0x000000025d7ec000 	/System/Library/PrivateFrameworks/TextInputUIMacHelper.framework/Versions/A/TextInputUIMacHelper
0x00000002535f2000 	/System/Library/PrivateFrameworks/Sage.framework/Versions/A/Sage
0x00000001327ac000 	/Users/jonathankawchuk/Library/Application Support/REAPER/UserPlugins/java-runtime/lib/libjli.dylib
0x000000030172c000 	/Users/jonathankawchuk/Library/Application Support/REAPER/UserPlugins/java-runtime/lib/server/libjvm.dylib
0x00000001319e4000 	/Users/jonathankawchuk/Library/Application Support/REAPER/UserPlugins/java-runtime/lib/libjimage.dylib
0x00000001338b4000 	/Users/jonathankawchuk/Library/Application Support/REAPER/UserPlugins/java-runtime/lib/libjava.dylib
0x00000001327d4000 	/Users/jonathankawchuk/Library/Application Support/REAPER/UserPlugins/java-runtime/lib/libnio.dylib
0x0000000133884000 	/Users/jonathankawchuk/Library/Application Support/REAPER/UserPlugins/java-runtime/lib/libnet.dylib
0x0000000135580000 	/Users/jonathankawchuk/Library/Application Support/REAPER/UserPlugins/java-runtime/lib/libzip.dylib
0x00000001338e4000 	/Users/jonathankawchuk/Library/Application Support/REAPER/UserPlugins/java-runtime/lib/libverify.dylib
0x0000000145478000 	/Users/jonathankawchuk/Library/Application Support/REAPER/UserPlugins/java-runtime/lib/libawt.dylib
0x00000001e772c000 	/System/Library/Frameworks/JavaRuntimeSupport.framework/Versions/A/JavaRuntimeSupport
0x000000014a930000 	/Users/jonathankawchuk/Library/Application Support/REAPER/UserPlugins/java-runtime/lib/libawt_lwawt.dylib
0x000000013772c000 	/Users/jonathankawchuk/Library/Application Support/REAPER/UserPlugins/java-runtime/lib/libosxapp.dylib
0x00000001aaa2d000 	/System/Library/Frameworks/ExceptionHandling.framework/Versions/A/ExceptionHandling
0x000000014abc8000 	/Users/jonathankawchuk/Library/Application Support/REAPER/UserPlugins/java-runtime/lib/libfontmanager.dylib
0x0000000146f00000 	/Users/jonathankawchuk/Library/Application Support/REAPER/UserPlugins/java-runtime/lib/libfreetype.dylib
0x00000001355a8000 	/Applications/REAPER.app/Contents/Plugins/FX/reasurround2.vst.dylib
0x000000014ed28000 	/Library/Audio/Plug-Ins/VST3/dpMeter5.vst3/Contents/MacOS/dpMeter5
0x0000000324db8000 	/Library/Audio/Plug-Ins/VST3/SonoBus.vst3/Contents/MacOS/SonoBus
0x00000001e600d000 	/System/Library/Frameworks/CoreAudioKit.framework/Versions/A/CoreAudioKit
0x00000001e57da000 	/System/Library/Frameworks/AudioVideoBridging.framework/Versions/A/AudioVideoBridging
0x00000001d0f9e000 	/System/Library/Frameworks/ScriptingBridge.framework/Versions/A/ScriptingBridge
0x000000016b5d8000 	/System/Library/Components/CoreAudio.component/Contents/MacOS/CoreAudio
0x0000000322a54000 	/Library/Audio/Plug-Ins/Components/MusePlugin.component/Contents/MacOS/MusePlugin
0x0000000112460000 	/private/var/folders/6g/_dyszwd54rd36jmvjmmd4htw0000gn/T/usb4java1363286935205122609.tmp/libusb4java.dylib
0x000000011236c000 	/System/Library/Extensions/IOUSBHostFamily.kext/Contents/PlugIns/IOUSBLib.bundle/Contents/MacOS/IOUSBLib
0x00000001034e4000 	/Users/jonathankawchuk/Library/Application Support/REAPER/UserPlugins/java-runtime/lib/libosxui.dylib
0x00000001e1972000 	/System/Library/PrivateFrameworks/VoiceShortcutClient.framework/Versions/A/VoiceShortcutClient
0x00000001b41cc000 	/System/Library/PrivateFrameworks/ChronoServices.framework/Versions/A/ChronoServices
0x0000000252c67000 	/System/Library/PrivateFrameworks/ReplicatorEngine.framework/Versions/A/ReplicatorEngine
0x0000000252e1a000 	/System/Library/PrivateFrameworks/ReplicatorServices.framework/Versions/A/ReplicatorServices
0x000000025cddb000 	/System/Library/PrivateFrameworks/SystemWake.framework/Versions/A/SystemWake
0x000000036de10000 	/Library/Audio/Plug-Ins/VST/Cthulhu.vst/Contents/MacOS/Cthulhu
0x0000000137380000 	/Library/Audio/Plug-Ins/VST3/MeldaProduction/Reverb/MConvolutionEZ.vst3/Contents/MacOS/MConvolutionEZ.bin
0x000000039670c000 	/Library/Application Support/MeldaProduction/LIB/libMeldaProductionAudioPluginKernelV11.dylib
0x00000001e5144000 	/System/Library/Frameworks/AGL.framework/Versions/A/AGL
0x0000000390000000 	/Library/Audio/Plug-Ins/Components/Trackspacer25.component/Contents/MacOS/Trackspacer25
0x00000003ae70c000 	/Library/Audio/Plug-Ins/VST3/Kontakt 7.vst3/Contents/MacOS/Kontakt 7
0x00000003858e0000 	/System/Library/Frameworks/Security.framework/Versions/A/PlugIns/csparser.bundle/Contents/MacOS/csparser
0x00000003807b8000 	/System/Library/TextEncodings/Unicode Encodings.bundle/Contents/MacOS/Unicode Encodings
0x00000003864b4000 	/Library/Application Support/Native Instruments/Kontakt 7/sqlite3.dylib
0x000000038633c000 	/Library/Application Support/Native Instruments/Kontakt 7/REX Shared Library.framework/Versions/A/REX Shared Library
0x000000026b9d9000 	/usr/lib/i18n/libiconv_std.dylib
0x000000026b9cf000 	/usr/lib/i18n/libUTF8.dylib
0x000000026b9cb000 	/usr/lib/i18n/libUTF1632.dylib
0x000000026b9de000 	/usr/lib/i18n/libmapper_none.dylib
0x00000003f9a0c000 	/Library/Audio/Plug-Ins/VST3/UVIWorkstation.vst3/Contents/MacOS/UVIWorkstation
0x00000003d7d18000 	/Library/Audio/Plug-Ins/VST3/UVIWorkstation.vst3/Contents/Frameworks/libsndfile.1.0.37.dylib
0x00000003d7a34000 	/Library/Audio/Plug-Ins/VST3/UVIWorkstation.vst3/Contents/Frameworks/REX Shared Library.framework/Versions/A/REX Shared Library
0x000000040a7d0000 	/Library/Audio/Plug-Ins/VST3/Air.vst3/Contents/MacOS/Air
0x00000003f988c000 	/Library/Audio/Plug-Ins/VST3/Neutron 3.vst3/Contents/MacOS/PluginHooksVST3
0x0000000418000000 	/Library/Audio/Plug-Ins/VST3/Neutron 3.vst3/Contents/Resources/iZNeutron3.bundle/Contents/MacOS/iZNeutron3
0x00000003ff860000 	/Library/Audio/Plug-Ins/VST3/Neutron 3.vst3/Contents/Resources/iZNeutron3.bundle/Contents/MacOS/libmp3lame.dylib
0x00000003ffecc000 	/Library/Audio/Plug-Ins/VST3/Neutron 3.vst3/Contents/Resources/iZNeutron3.bundle/Contents/MacOS/libtag.dylib
0x00000003ffe74000 	/Library/Application Support/iZotope/Meter Tap 4/Meter Tap 4.bundle/Contents/MacOS/Meter Tap 4
0x000000042d69c000 	/Library/Audio/Plug-Ins/VST3/DecentSampler.vst3/Contents/MacOS/DecentSampler
0x00000003ffe30000 	/Applications/REAPER.app/Contents/Plugins/FX/reatune.vst.dylib
0x0000000469f24000 	/Library/Audio/Plug-Ins/VST3/Serum2.vst3/Contents/MacOS/Serum2
0x000000046f200000 	/Library/Audio/Plug-Ins/VST3/Dodo MIDI.vst3/Contents/MacOS/Dodo MIDI
0x00000004a1d98000 	/Library/Audio/Plug-Ins/VST3/Trackspacer25.vst3/Contents/MacOS/Trackspacer25
0x00000004a1a00000 	/Applications/REAPER.app/Contents/Plugins/FX/reaverb.vst.dylib
0x00000004a19b4000 	/Library/Audio/Plug-Ins/VST3/Kilohearts/kHs Compressor.vst3/Contents/MacOS/kHs Compressor
0x00000004c0000000 	/Library/Application Support/Kilohearts/HeartCore.core/Contents/MacOS/HeartCore
0x00000004a6164000 	/Library/Audio/Plug-Ins/Components/LittlePlate.component/Contents/MacOS/LittlePlate
0x00000004a2c48000 	/Library/Frameworks/PACEEdenExperience.framework/Versions/A/WrapPersist.bundle/Contents/MacOS/WrapPersist
0x00000001bb5e0000 	/System/Library/PrivateFrameworks/TextToSpeech.framework/Versions/A/TextToSpeech
0x00000001c09ad000 	/System/Library/PrivateFrameworks/AXAssetLoader.framework/Versions/A/AXAssetLoader
0x000000026c747000 	/usr/lib/libnwswifttls.dylib
0x00000001ad5e1000 	/usr/lib/log/liblog_network.dylib

JVMTI agents: none


VM Arguments:
java_command: <unknown>
java_class_path (initial): /Users/jonathankawchuk/Library/Application Support/REAPER/UserPlugins/drivenbymoss-libs/DrivenByMoss4Reaper-26.6.4.jar:/Users/jonathankawchuk/Library/Application Support/REAPER/UserPlugins/drivenbymoss-libs/slf4j-ext-2.0.13.jar:/Users/jonathankawchuk/Library/Application Support/REAPER/UserPlugins/drivenbymoss-libs/jackson-databind-2.22.1.jar:/Users/jonathankawchuk/Library/Application Support/REAPER/UserPlugins/drivenbymoss-libs/jna-platform-5.19.1.jar:/Users/jonathankawchuk/Library/Application Support/REAPER/UserPlugins/drivenbymoss-libs/libusb4java-1.0.24-darwin.jar:/Users/jonathankawchuk/Library/Application Support/REAPER/UserPlugins/drivenbymoss-libs/usb4java-1.3.0.jar:/Users/jonathankawchuk/Library/Application Support/REAPER/UserPlugins/drivenbymoss-libs/purejavahidapi-0.0.21.jar:/Users/jonathankawchuk/Library/Application Support/REAPER/UserPlugins/drivenbymoss-libs/svg-salamander-1.1.2.2.jar:/Users/jonathankawchuk/Library/Application Support/REAPER/UserPlugins/drivenbymoss-libs/jackson-core-2.22.1.jar:/Users/jonathankawchuk/Library/Application Support/REAPER/UserPlugins/drivenbymoss-libs/inieditor-r6.jar:/Users/jonathankawchuk/Library/Application Support/REAPER/UserPlugins/drivenbymoss-libs/jackson-annotations-2.22.jar:/Users/jonathankawchuk/Library/Application Support/REAPER/UserPlugins/drivenbymoss-libs/slf4j-api-2.0.13.jar:/Users/jonathankawchuk/Library/Application Support/REAPER/UserPlugins/drivenbymoss-libs/nativefilechooser-1.3.1.jar:/Users/jonathankawchuk/Library/Application Support/REAPER/UserPlugins/drivenbymoss-libs/jamepad-2.30.0.0.jar:/Users/jonathankawchuk/Library/Application Support/REAPER/UserPlugins/drivenbymoss-libs/jna-5.19.1.jar:/Users/jonathankawchuk/Library/Application Support/REAPER/UserPlugins/drivenbymoss-libs/javaosc-core-0.9.jar:/Users/jonathankawchuk/Library/Application Support/REAPER/UserPlugins/drivenbymoss-libs/commons-lang3-3.8.1.jar:/Users/jonathankawchuk/Library/Application Support/REAPER/UserPlugins/drivenbymoss-libs/gdx-jnigen-loader-2.2.0.jar
Launcher Type: generic

[Global flags]
     intx CICompilerCount                          = 4                                         {product} {ergonomic}
     uint ConcGCThreads                            = 2                                         {product} {ergonomic}
     uint G1ConcRefinementThreads                  = 8                                         {product} {ergonomic}
   size_t G1HeapRegionSize                         = 2097152                                   {product} {ergonomic}
   size_t InitialHeapSize                          = 268435456                                 {product} {ergonomic}
   size_t MarkStackSize                            = 4194304                                   {product} {ergonomic}
   size_t MarkStackSizeMax                         = 536870912                                 {product} {ergonomic}
   size_t MaxHeapSize                              = 4294967296                                {product} {ergonomic}
   size_t MaxNewSize                               = 2575302656                                {product} {ergonomic}
   size_t MinHeapDeltaBytes                        = 2097152                                   {product} {ergonomic}
   size_t MinHeapSize                              = 8388608                                   {product} {ergonomic}
    uintx NonNMethodCodeHeapSize                   = 5849088                                {pd product} {ergonomic}
    uintx NonProfiledCodeHeapSize                  = 122912768                              {pd product} {ergonomic}
    uintx ProfiledCodeHeapSize                     = 122912768                              {pd product} {ergonomic}
    uintx ReservedCodeCacheSize                    = 251674624                              {pd product} {ergonomic}
     bool SegmentedCodeCache                       = true                                      {product} {ergonomic}
   size_t SoftMaxHeapSize                          = 4294967296                             {manageable} {ergonomic}
     bool UseCompressedOops                        = true                           {product lp64_product} {ergonomic}
     bool UseG1GC                                  = true                                      {product} {ergonomic}
     bool UseNUMA                                  = false                                     {product} {ergonomic}
     bool UseNUMAInterleaving                      = false                                     {product} {ergonomic}

Logging:
Log output configuration:
 #0: stdout all=warning uptime,level,tags foldmultilines=false
 #1: stderr all=off uptime,level,tags foldmultilines=false

Release file:
JAVA_VERSION="25.0.3" 
MODULES="java.base java.datatransfer java.xml java.prefs java.desktop java.instrument java.logging java.management java.security.sasl java.naming java.transaction.xa java.sql jdk.accessibility" 

Environment Variables:
PATH=/usr/bin:/bin:/usr/sbin:/sbin:/usr/local/bin:/Users/jonathankawchuk/flucoma-cli/bin
SHELL=/bin/zsh
TMPDIR=/var/folders/6g/_dyszwd54rd36jmvjmmd4htw0000gn/T/

Active Locale:
LC_ALL=C/UTF-8/C/C/C/C
LC_COLLATE=C
LC_CTYPE=UTF-8
LC_MESSAGES=C
LC_MONETARY=C
LC_NUMERIC=C
LC_TIME=C

Signal Handlers:
   SIGSEGV: crash_handler in libjvm.dylib, mask=11100110000111110111111111111111, flags=SA_ONSTACK|SA_RESTART|SA_SIGINFO, unblocked
    SIGBUS: crash_handler in libjvm.dylib, mask=11100110000111110111111111111111, flags=SA_RESTART|SA_SIGINFO, unblocked
    SIGFPE: crash_handler in libjvm.dylib, mask=11100110000111110111111111111111, flags=SA_RESTART|SA_SIGINFO, unblocked
   SIGPIPE: javaSignalHandler in libjvm.dylib, mask=11100110000111110111111111111111, flags=SA_RESTART|SA_SIGINFO, blocked
  chained to: javaSignalHandler in libjvm.dylib, mask=11100110000111110111111111111111, flags=SA_RESTART|SA_SIGINFO
   SIGXFSZ: javaSignalHandler in libjvm.dylib, mask=11100110000111110111111111111111, flags=SA_RESTART|SA_SIGINFO, blocked
    SIGILL: crash_handler in libjvm.dylib, mask=11100110000111110111111111111111, flags=SA_RESTART|SA_SIGINFO, unblocked
   SIGUSR2: SR_handler in libjvm.dylib, mask=00000000000000000000000000000000, flags=SA_RESTART|SA_SIGINFO, blocked
    SIGHUP: UserHandler in libjvm.dylib, mask=11100110000111110111111111111111, flags=SA_RESTART|SA_SIGINFO, blocked
    SIGINT: UserHandler in libjvm.dylib, mask=11100110000111110111111111111111, flags=SA_RESTART|SA_SIGINFO, blocked
   SIGTERM: UserHandler in libjvm.dylib, mask=11100110000111110111111111111111, flags=SA_RESTART|SA_SIGINFO, blocked
   SIGQUIT: UserHandler in libjvm.dylib, mask=11100110000111110111111111111111, flags=SA_RESTART|SA_SIGINFO, blocked
   SIGTRAP: crash_handler in libjvm.dylib, mask=11100110000111110111111111111111, flags=SA_RESTART|SA_SIGINFO, unblocked


Compilation memory statistics disabled.

Periodic native trim disabled

---------------  S Y S T E M  ---------------

OS:
uname: Darwin 24.6.0 Darwin Kernel Version 24.6.0: Wed Oct 15 21:08:19 PDT 2025; root:xnu-11417.140.69.703.14~1/RELEASE_ARM64_T8103 arm64
OS uptime: 1 days 2:11 hours
rlimit (soft/hard): STACK 8176k/65520k , CORE 0k/infinity , NPROC 2666/4000 , NOFILE 10240/10240 , AS infinity/infinity , CPU infinity/infinity , DATA infinity/infinity , FSIZE infinity/infinity , MEMLOCK infinity/infinity , RSS infinity/infinity
load average: 9.37 8.56 7.99

CPU: total 8 (initial active 8) 0x61:0x0:0x1b588bb3:0, fp, asimd, aes, pmull, sha1, sha256, crc32, lse, sha3, sha512
machdep.cpu.brand_string:Apple M1
hw.cachelinesize:128
hw.l1icachesize:131072
hw.l1dcachesize:65536
hw.l2cachesize:4194304

Memory: 16k page, physical 16777216k(2837440k free), swap 2097152k(810432k free)

vm_info: OpenJDK 64-Bit Server VM (25.0.3+9-LTS) for bsd-aarch64 JRE (25.0.3+9-LTS), built on 2026-04-21T00:00:00Z with clang Apple LLVM 15.0.0 (clang-1500.1.0.2.5)

END.
