#
# A fatal error has been detected by the Java Runtime Environment:
#
#  SIGSEGV (0xb) at pc=0x00000003d0bff6f0, pid=60327, tid=227843
#
# JRE version: OpenJDK Runtime Environment Temurin-25.0.3+9 (25.0.3+9) (build 25.0.3+9-LTS)
# Java VM: OpenJDK 64-Bit Server VM Temurin-25.0.3+9 (25.0.3+9-LTS, mixed mode, tiered, compressed oops, compressed class ptrs, g1 gc, bsd-aarch64)
# Problematic frame:
# C  [Kontakt 7+0x23f36f0]  NI_6_5_3_R5::QApplication::~QApplication()+0x33c
#
# No core dump will be written. Core dumps have been disabled. To enable core dumping, try "ulimit -c unlimited" before starting Java again
#
# If you would like to submit a bug report, please visit:
#   https://github.com/adoptium/adoptium-support/issues
#

---------------  S U M M A R Y ------------

Command Line: 

Host: "MacBookPro17,1" arm64, 8 cores, 16G, Darwin 24.6.0, macOS 15.7.2 (24G325)
Time: Tue Aug 18 15:40:29 2026 MDT elapsed time: 1817.595187 seconds (0d 0h 30m 17s)

---------------  T H R E A D  ---------------

Current thread (0x000000015593cc00):  VMThread "VM Thread"          [id=227843, stack(0x0000000315c50000,0x0000000315e53000) (2060K)]

Stack: [0x0000000315c50000,0x0000000315e53000],  sp=0x0000000315e52770,  free space=2057k
Native frames: (J=compiled Java code, j=interpreted, Vv=VM code, C=native code)
C  [Kontakt 7+0x23f36f0]  NI_6_5_3_R5::QApplication::~QApplication()+0x33c
C  [Kontakt 7+0x23f3858]  NI_6_5_3_R5::QApplication::~QApplication()+0xc
C  [Kontakt 7+0x22bdab8]  ni::qt::Module::~Module()+0x3c
C  [Kontakt 7+0x7965a8]  std::__1::unique_ptr<ni::qt::Module, std::__1::default_delete<ni::qt::Module>>::~unique_ptr[abi:v15006]()+0x20
C  [libsystem_c.dylib+0x27944]  __cxa_finalize_ranges+0x1e0
C  [libsystem_c.dylib+0x27704]  exit+0x2c
V  [libjvm.dylib+0x89fc20]  os::_exit(int)+0x0
V  [libjvm.dylib+0x89fc14]  permit_forbidden_function::exit(int)+0x0
V  [libjvm.dylib+0x4e4f94]  notify_vm_shutdown()+0x0
V  [libjvm.dylib+0xb8005c]  VM_Exit::doit()+0x168
V  [libjvm.dylib+0xb7f368]  VM_Operation::evaluate()+0xec
V  [libjvm.dylib+0xb8ef10]  VMThread::evaluate_operation(VM_Operation*)+0x10c
V  [libjvm.dylib+0xb8f72c]  VMThread::inner_execute(VM_Operation*)+0x29c
V  [libjvm.dylib+0xb8ebac]  VMThread::run()+0xd0
V  [libjvm.dylib+0xaf9d74]  Thread::call_run()+0xc8
V  [libjvm.dylib+0x898aa0]  thread_native_entry(Thread*)+0x118
C  [libsystem_pthread.dylib+0x6bc8]  _pthread_start+0x88

siginfo: si_signo: 11 (SIGSEGV), si_code: 2 (SEGV_ACCERR), si_addr: 0x0000000000000000

Registers:
 x0=0x0000000000000000  x1=0x0000600002ee3f00  x2=0x0000000000000001  x3=0x00000003d229a55f
 x4=0x0000000000000014  x5=0x0000000000000013  x6=0x0000000000003fff  x7=0x0000000000000016
 x8=0x00000000000000fe  x9=0x00000000ffffffff x10=0x0000000000000000 x11=0x0000000000003f00
x12=0x00000000000007fb x13=0x00000000000007fd x14=0x000000002a9803f1 x15=0x000000002a77f9f9
x16=0x000000002a800000 x17=0x00000000000003f1 x18=0x0000000000000000 x19=0x0000600002e0e180
x20=0x0000000000000000 x21=0x00000003d71ec8c0 x22=0x0000000000000000 x23=0x00000003d7163068
x24=0x0000000000000002 x25=0x000000020a40f000 x26=0x0000000000000001 x27=0x0000000122c63010
x28=0x0000000000000000  fp=0x0000000315e527d0  lr=0x00000003d0bff638  sp=0x0000000315e52770
pc=0x00000003d0bff6f0 cpsr=0x0000000020001000

Register to memory mapping:

x0 =0x0 is null
x1 =0x0000600002ee3f00 points into unknown readable memory: 0x0000d63d18103f00 | 00 3f 10 18 3d d6 00 00
x2 =0x0000000000000001 is an unknown value
x3 =0x00000003d229a55f: _ZL16qt_resource_data+0 in /Library/Audio/Plug-Ins/VST3/Kontakt 7.vst3/Contents/MacOS/Kontakt 7 at 0x00000003ce80c000
x4 =0x0000000000000014 is an unknown value
x5 =0x0000000000000013 is an unknown value
x6 =0x0000000000003fff is an unknown value
x7 =0x0000000000000016 is an unknown value
x8 =0x00000000000000fe is an unknown value
x9 =0x00000000ffffffff is an unknown value
x10=0x0 is null
x11=0x0000000000003f00 is an unknown value
x12=0x00000000000007fb is an unknown value
x13=0x00000000000007fd is an unknown value
x14=0x000000002a9803f1 is an unknown value
x15=0x000000002a77f9f9 is an unknown value
x16=0x000000002a800000 is an unknown value
x17=0x00000000000003f1 is an unknown value
x18=0x0 is null
x19=0x0000600002e0e180 points into unknown readable memory: 0x00000003d6884858 | 58 48 88 d6 03 00 00 00
x20=0x0 is null
x21=0x00000003d71ec8c0: _MergedGlobals+0 in /Library/Audio/Plug-Ins/VST3/Kontakt 7.vst3/Contents/MacOS/Kontakt 7 at 0x00000003ce80c000
x22=0x0 is null
x23=0x00000003d7163068: _ZN11NI_6_5_3_R514QWidgetPrivate6mapperE+0 in /Library/Audio/Plug-Ins/VST3/Kontakt 7.vst3/Contents/MacOS/Kontakt 7 at 0x00000003ce80c000
x24=0x0000000000000002 is an unknown value
x25=0x000000020a40f000: usual+0x580 in /usr/lib/system/libsystem_c.dylib at 0x000000019c304000
x26=0x0000000000000001 is an unknown value
x27=0x0000000122c63010 points into unknown readable memory: 0x0000000000000000 | 00 00 00 00 00 00 00 00
x28=0x0 is null
 fp=0x0000000315e527d0 points into unknown readable memory: 0x0000000315e527e0 | e0 27 e5 15 03 00 00 00
 lr=0x00000003d0bff638: _ZN11NI_6_5_3_R512QApplicationD2Ev+0x284 in /Library/Audio/Plug-Ins/VST3/Kontakt 7.vst3/Contents/MacOS/Kontakt 7 at 0x00000003ce80c000
 sp=0x0000000315e52770 points into unknown readable memory: 0x0000000000000003 | 03 00 00 00 00 00 00 00

Top of Stack: (sp=0x0000000315e52770)
0x0000000315e52770:   0000000000000003 00000003d229a499   ..........).....
0x0000000315e52780:   00000003d229a507 00000003d71f3130   ..).....01......
0x0000000315e52790:   0000000315e52800 00000003d1c09e34   .(......4.......
0x0000000315e527a0:   0000000000000002 0000000000000000   ................
0x0000000315e527b0:   0000000122c63000 0000000122c63010   .0.".....0."....
0x0000000315e527c0:   000000020a40db68 0000600012b48280   h.@..........`..
0x0000000315e527d0:   0000000315e527e0 00000003d0bff858   .'......X.......
0x0000000315e527e0:   0000000315e52800 00000003d0ac9ab8   .(..............
0x0000000315e527f0:   000000020a40db68 00000003d6aeec20   h.@..... .......
0x0000000315e52800:   0000000315e52820 00000003cefa25a8    (.......%......
0x0000000315e52810:   000000020a40db68 0000000000000000   h.@.............
0x0000000315e52820:   0000000315e52890 000000019c32b944   .(......D.2.....
0x0000000315e52830:   0000000000000000 0000000000000008   ................
0x0000000315e52840:   0000000165e98000 0000000165e1af48   ...e....H..e....
0x0000000315e52850:   0000000165e1af10 0000000165e98558   ...e....X..e....
0x0000000315e52860:   0000000000000000 00000001584e1398   ..........NX....
0x0000000315e52870:   0000000343dee6b8 00000000000003d8   ...C............
0x0000000315e52880:   000000015593cc00 000000000000008f   ...U............
0x0000000315e52890:   0000000315e528b0 000000019c32b704   .(........2.....
0x0000000315e528a0:   000000015593cc00 000000000000008f   ...U............
0x0000000315e528b0:   0000000315e528c0 0000000165927c20   .(...... |.e....
0x0000000315e528c0:   0000000315e528d0 0000000165927c14   .(.......|.e....
0x0000000315e528d0:   0000000315e528f0 000000016556cf94   .(........Ve....
0x0000000315e528e0:   000000015593cc00 0000000343dee6b8   ...U.......C....
0x0000000315e528f0:   0000000315e52960 0000000165c0805c   `)......\..e....
0x0000000315e52900:   0000000000000000 0000000000000000   ................
0x0000000315e52910:   000000015593cc00 00006000129462c0   ...U.....b...`..
0x0000000315e52920:   0000000000000100 0000000000000000   ................
0x0000000315e52930:   0000000315e52968 0000000000000000   h)..............
0x0000000315e52940:   000000000000000d a4443901534000a0   ..........@S.9D.
0x0000000315e52950:   00000001584e1380 0000600002199f80   ..NX.........`..
0x0000000315e52960:   0000000315e52a80 0000000165c07368   .*......hs.e....

Instructions: (pc=0x00000003d0bff6f0)
  0x00000003d0bff5f0:   08 81 5f f8 68 01 00 b4 08 0d 08 8b 17 ed 7c d3
  0x00000003d0bff600:   03 00 00 14 f7 42 02 f1 c0 00 00 54 c0 6a 77 f8
  0x00000003d0bff610:   a0 ff ff b4 8d 62 51 94 df 6a 37 f8 fa ff ff 17
  0x00000003d0bff620:   e0 03 16 aa 89 62 51 94 e0 03 15 aa 8a 62 51 94
  0x00000003d0bff630:   e0 03 14 aa 88 62 51 94 34 2b 03 90 80 22 40 f9
  0x00000003d0bff640:   80 00 00 b4 08 00 40 f9 08 11 40 f9 00 01 3f d6
  0x00000003d0bff650:   9f 22 00 f9 34 2b 03 90 88 26 40 f9 88 01 00 b4
  0x00000003d0bff660:   09 01 40 b9 3f 05 00 31 20 01 00 54 09 00 80 12
  0x00000003d0bff670:   08 01 e9 b8 1f 05 00 71 a1 00 00 54 80 26 40 f9
  0x00000003d0bff680:   60 00 00 b4 f7 25 00 94 73 62 51 94 9f 26 00 f9
  0x00000003d0bff690:   14 2b 03 f0 80 fe 47 f9 60 00 00 b4 e6 15 31 94
  0x00000003d0bff6a0:   6d 62 51 94 9f fe 07 f9 35 2b 03 90 a0 02 40 f9
  0x00000003d0bff6b0:   60 00 00 b4 e0 15 31 94 67 62 51 94 14 00 80 d2
  0x00000003d0bff6c0:   bf 02 00 f9 75 2f 03 b0 b5 02 23 91 a8 c2 bf 38
  0x00000003d0bff6d0:   09 00 80 12 3f 81 28 6b cc 00 00 54 74 2f 03 b0
  0x00000003d0bff6e0:   94 42 23 91 80 22 00 91 08 c0 bf 38 08 09 00 36
=>0x00000003d0bff6f0:   88 02 40 f9 88 01 00 b4 09 01 40 b9 3f 05 00 31
  0x00000003d0bff700:   20 01 00 54 09 00 80 12 08 01 e9 b8 1f 05 00 71
  0x00000003d0bff710:   a1 00 00 54 80 02 40 f9 60 00 00 b4 1c 21 00 94
  0x00000003d0bff720:   4d 62 51 94 9f 02 00 f9 14 2b 03 f0 80 e6 47 f9
  0x00000003d0bff730:   80 00 00 b4 08 00 40 f9 08 11 40 f9 00 01 3f d6
  0x00000003d0bff740:   9f e6 07 f9 28 2b 03 90 08 21 12 91 08 01 40 39
  0x00000003d0bff750:   c8 00 00 35 d3 5f 35 94 80 00 00 b4 08 00 40 f9
  0x00000003d0bff760:   08 11 40 f9 00 01 3f d6 4c 15 2b 94 5d d6 02 94
  0x00000003d0bff770:   28 2b 03 90 1f 0d 00 f9 34 2b 03 90 88 c6 40 39
  0x00000003d0bff780:   88 02 00 34 48 00 80 52 e8 13 00 b9 ff c3 01 f8
  0x00000003d0bff790:   ff 43 01 f8 ff 27 00 b9 e8 b1 02 f0 08 fd 25 91
  0x00000003d0bff7a0:   e8 17 00 f9 28 2b 03 90 1f 20 03 d5 29 2b 03 90
  0x00000003d0bff7b0:   1f 20 03 d5 08 79 40 b9 29 7d 40 b9 e8 27 00 a9
  0x00000003d0bff7c0:   21 cb 02 b0 21 88 24 91 e0 43 00 91 24 6b 3f 94
  0x00000003d0bff7d0:   28 f5 02 f0 1f 20 03 d5 29 00 80 52 09 f1 10 39
  0x00000003d0bff7e0:   c8 f3 02 f0 09 71 03 b9 9f c6 00 39 e0 03 13 aa


Stack slot to memory mapping:

stack at sp + 0 slots: 0x0000000000000003 is an unknown value
stack at sp + 1 slots: 0x00000003d229a499: _ZL18qt_resource_struct+0 in /Library/Audio/Plug-Ins/VST3/Kontakt 7.vst3/Contents/MacOS/Kontakt 7 at 0x00000003ce80c000
stack at sp + 2 slots: 0x00000003d229a507: _ZL16qt_resource_name+0 in /Library/Audio/Plug-Ins/VST3/Kontakt 7.vst3/Contents/MacOS/Kontakt 7 at 0x00000003ce80c000
stack at sp + 3 slots: 0x00000003d71f3130: _MergedGlobals+0x28 in /Library/Audio/Plug-Ins/VST3/Kontakt 7.vst3/Contents/MacOS/Kontakt 7 at 0x00000003ce80c000
stack at sp + 4 slots: 0x0000000315e52800 points into unknown readable memory: 0x0000000315e52820 | 20 28 e5 15 03 00 00 00
stack at sp + 5 slots: 0x00000003d1c09e34: _ZN11NI_6_5_3_R523qUnregisterResourceDataEiPKhS1_S1_+0x1c8 in /Library/Audio/Plug-Ins/VST3/Kontakt 7.vst3/Contents/MacOS/Kontakt 7 at 0x00000003ce80c000
stack at sp + 6 slots: 0x0000000000000002 is an unknown value
stack at sp + 7 slots: 0x0 is null

VM_Operation (0x0000000343dee6b8): Exit, mode: safepoint, requested by thread 0x000000035dee1a00


---------------  P R O C E S S  ---------------

Threads class SMR info:
_java_thread_list=0x00006000129462c0, length=13, elements={
0x0000000122606000, 0x0000000121514c00, 0x000000015a24b000, 0x000000015eaab000,
0x000000015eaab800, 0x00000001236ec400, 0x0000000123707a00, 0x0000000155933200,
0x0000000155936600, 0x0000000122c47a00, 0x0000000334216e00, 0x0000000334217600,
0x000000035dee1a00
}

Java Threads: ( => current thread )
  0x0000000122606000 JavaThread "main"                              [_thread_in_native, id=259, stack(0x000000016b45c000,0x000000016bc58000) (8176K)]
  0x0000000121514c00 JavaThread "Reference Handler"          daemon [_thread_blocked, id=206083, stack(0x000000031a004000,0x000000031a207000) (2060K)]
  0x000000015a24b000 JavaThread "Finalizer"                  daemon [_thread_blocked, id=206339, stack(0x000000031a210000,0x000000031a413000) (2060K)]
  0x000000015eaab000 JavaThread "Service Thread"             daemon [_thread_blocked, id=224259, stack(0x000000031a628000,0x000000031a82b000) (2060K)]
  0x000000015eaab800 JavaThread "Monitor Deflation Thread"   daemon [_thread_blocked, id=207363, stack(0x000000031a834000,0x000000031aa37000) (2060K)]
  0x00000001236ec400 JavaThread "C2 CompilerThread0"         daemon [_thread_blocked, id=223747, stack(0x000000031aa40000,0x000000031ac43000) (2060K)]
  0x0000000123707a00 JavaThread "C1 CompilerThread0"         daemon [_thread_blocked, id=223235, stack(0x000000031ac4c000,0x000000031ae4f000) (2060K)]
  0x0000000155933200 JavaThread "Notification Thread"        daemon [_thread_blocked, id=222979, stack(0x000000031ae58000,0x000000031b05b000) (2060K)]
  0x0000000155936600 JavaThread "Common-Cleaner"             daemon [_thread_blocked, id=222467, stack(0x000000031b064000,0x000000031b267000) (2060K)]
  0x0000000122c47a00 JavaThread "TimerQueue"                 daemon [_thread_blocked, id=345347, stack(0x000000031b714000,0x000000031b917000) (2060K)]
  0x0000000334216e00 JavaThread "AWT-Shutdown"                      [_thread_blocked, id=207883, stack(0x000000031b270000,0x000000031b473000) (2060K)]
  0x0000000334217600 JavaThread "AWT-EventQueue-0"                  [_thread_blocked, id=208139, stack(0x000000031b47c000,0x000000031b67f000) (2060K)]
  0x000000035dee1a00 JavaThread "SIGTERM handler"            daemon [_thread_blocked, id=15111, stack(0x0000000343bec000,0x0000000343def000) (2060K)]
Total: 13

Other Threads:
=>0x000000015593cc00 VMThread "VM Thread"                           [id=227843, stack(0x0000000315c50000,0x0000000315e53000) (2060K)]
  0x0000000122c8e200 WorkerThread "GC Thread#0"                     [id=230147, stack(0x0000000313008000,0x000000031320b000) (2060K)]
  0x00000003b060ea00 WorkerThread "GC Thread#1"                     [id=291939, stack(0x00000003351dc000,0x00000003353df000) (2060K)]
  0x00000003b056a800 WorkerThread "GC Thread#2"                     [id=314535, stack(0x00000003353e8000,0x00000003355eb000) (2060K)]
  0x00000003b0413200 WorkerThread "GC Thread#3"                     [id=318043, stack(0x00000003355f4000,0x00000003357f7000) (2060K)]
  0x00000003b01ab600 WorkerThread "GC Thread#4"                     [id=292999, stack(0x0000000335800000,0x0000000335a03000) (2060K)]
  0x00000003b01cb400 WorkerThread "GC Thread#5"                     [id=267787, stack(0x0000000335a0c000,0x0000000335c0f000) (2060K)]
  0x00000001558d3400 ConcurrentGCThread "G1 Main Marker"            terminated
  0x00000001558d3a00 WorkerThread "G1 Conc#0"                       [id=229635, stack(0x0000000313420000,0x0000000313623000) (2060K)]
  0x00000001558fd400 ConcurrentGCThread "G1 Refine#0"               terminated
  0x00000001558fda00 ConcurrentGCThread "G1 Service"                terminated
Total: 11

Threads with active compile tasks:
Total: 0

VM state: at safepoint (shutting down)

VM Mutex/Monitor currently owned by a thread:  ([mutex/lock_event])
[0x0000000165f2a8c0] Threads_lock - owner thread: 0x000000015593cc00
[0x0000000165f2aa40] Heap_lock - owner thread: 0x000000035dee1a00

Heap address: 0x0000000700000000, size: 4096 MB, Compressed Oops mode: Zero based, Oop shift amount: 3

CDS archive(s) not mapped
Compressed class space mapped at: 0x000007f800000000-0x000007f840000000, reserved size: 1073741824
UseCompressedClassPointers 1, UseCompactObjectHeaders 0
Narrow klass pointer bits 32, Max shift 3
Narrow klass base: 0x000007f800000000, Narrow klass shift: 0
Encoding Range: [0x000007f800000000 - 0x000007f900000000), (4294967296 bytes)
Klass Range:    [0x000007f800000000 - 0x000007f840000000), (1073741824 bytes)
Klass ID Range:  [8 - 1073741817) (1073741809)
Protection zone: [0x000007f800000000 - 0x000007f800010000), (65536 bytes)

GC Precious Log:
 CardTable entry size: 512
 Card Set container configuration: InlinePtr #cards 4 size 8 Array Of Cards #cards 16 size 48 Howl #buckets 8 coarsen threshold 3686 Howl Bitmap #cards 512 size 80 coarsen threshold 460 Card regions per heap region 1 cards per card region 4096
 CPUs: 8 total, 8 available
 Memory: 16384M
 Large Page Support: Disabled
 NUMA Support: Disabled
 Compressed Oops: Enabled (Zero based)
 Heap Region Size: 2M
 Heap Min Capacity: 8M
 Heap Initial Capacity: 256M
 Heap Max Capacity: 4G
 Pre-touch: Disabled
 Parallel Workers: 8
 Concurrent Workers: 2
 Concurrent Refinement Workers: 8
 Periodic GC: Disabled

Heap:
 garbage-first heap   total reserved 4194304K, committed 262144K, used 93738K [0x0000000700000000, 0x0000000800000000)
  region size 2048K, 42 young (86016K), 3 survivors (6144K)

Heap Regions: E=young(eden), S=young(survivor), O=old, HS=humongous(starts), HC=humongous(continues), CS=collection set, F=free, TAMS=top-at-mark-start, PB=parsable bottom
|   0|0x0000000700000000, 0x0000000700200000, 0x0000000700200000|100%|HS|  |TAMS 0x0000000700000000| PB 0x0000000700000000| Complete |  0
|   1|0x0000000700200000, 0x0000000700400000, 0x0000000700400000|100%|HS|  |TAMS 0x0000000700200000| PB 0x0000000700200000| Complete |  0
|   2|0x0000000700400000, 0x0000000700600000, 0x0000000700600000|100%|HS|  |TAMS 0x0000000700400000| PB 0x0000000700400000| Complete |  0
|   3|0x0000000700600000, 0x0000000700800000, 0x0000000700800000|100%|HS|  |TAMS 0x0000000700600000| PB 0x0000000700600000| Complete |  0
|   4|0x0000000700800000, 0x0000000700a00000, 0x0000000700a00000|100%|HS|  |TAMS 0x0000000700800000| PB 0x0000000700800000| Complete |  0
|   5|0x0000000700a00000, 0x0000000700c00000, 0x0000000700c00000|100%|HS|  |TAMS 0x0000000700a00000| PB 0x0000000700a00000| Complete |  0
|   6|0x0000000700c00000, 0x0000000700c00000, 0x0000000700e00000|  0%| F|  |TAMS 0x0000000700c00000| PB 0x0000000700c00000| Untracked |  0
|   7|0x0000000700e00000, 0x0000000700e00000, 0x0000000701000000|  0%| F|  |TAMS 0x0000000700e00000| PB 0x0000000700e00000| Untracked |  0
|   8|0x0000000701000000, 0x0000000701000000, 0x0000000701200000|  0%| F|  |TAMS 0x0000000701000000| PB 0x0000000701000000| Untracked |  0
|   9|0x0000000701200000, 0x0000000701200000, 0x0000000701400000|  0%| F|  |TAMS 0x0000000701200000| PB 0x0000000701200000| Untracked |  0
|  10|0x0000000701400000, 0x0000000701400000, 0x0000000701600000|  0%| F|  |TAMS 0x0000000701400000| PB 0x0000000701400000| Untracked |  0
|  11|0x0000000701600000, 0x0000000701600000, 0x0000000701800000|  0%| F|  |TAMS 0x0000000701600000| PB 0x0000000701600000| Untracked |  0
|  12|0x0000000701800000, 0x0000000701800000, 0x0000000701a00000|  0%| F|  |TAMS 0x0000000701800000| PB 0x0000000701800000| Untracked |  0
|  13|0x0000000701a00000, 0x0000000701a00000, 0x0000000701c00000|  0%| F|  |TAMS 0x0000000701a00000| PB 0x0000000701a00000| Untracked |  0
|  14|0x0000000701c00000, 0x0000000701c00000, 0x0000000701e00000|  0%| F|  |TAMS 0x0000000701c00000| PB 0x0000000701c00000| Untracked |  0
|  15|0x0000000701e00000, 0x0000000701e00000, 0x0000000702000000|  0%| F|  |TAMS 0x0000000701e00000| PB 0x0000000701e00000| Untracked |  0
|  16|0x0000000702000000, 0x0000000702000000, 0x0000000702200000|  0%| F|  |TAMS 0x0000000702000000| PB 0x0000000702000000| Untracked |  0
|  17|0x0000000702200000, 0x0000000702200000, 0x0000000702400000|  0%| F|  |TAMS 0x0000000702200000| PB 0x0000000702200000| Untracked |  0
|  18|0x0000000702400000, 0x0000000702400000, 0x0000000702600000|  0%| F|  |TAMS 0x0000000702400000| PB 0x0000000702400000| Untracked |  0
|  19|0x0000000702600000, 0x0000000702600000, 0x0000000702800000|  0%| F|  |TAMS 0x0000000702600000| PB 0x0000000702600000| Untracked |  0
|  20|0x0000000702800000, 0x0000000702800000, 0x0000000702a00000|  0%| F|  |TAMS 0x0000000702800000| PB 0x0000000702800000| Untracked |  0
|  21|0x0000000702a00000, 0x0000000702a00000, 0x0000000702c00000|  0%| F|  |TAMS 0x0000000702a00000| PB 0x0000000702a00000| Untracked |  0
|  22|0x0000000702c00000, 0x0000000702c00000, 0x0000000702e00000|  0%| F|  |TAMS 0x0000000702c00000| PB 0x0000000702c00000| Untracked |  0
|  23|0x0000000702e00000, 0x0000000702e00000, 0x0000000703000000|  0%| F|  |TAMS 0x0000000702e00000| PB 0x0000000702e00000| Untracked |  0
|  24|0x0000000703000000, 0x0000000703000000, 0x0000000703200000|  0%| F|  |TAMS 0x0000000703000000| PB 0x0000000703000000| Untracked |  0
|  25|0x0000000703200000, 0x0000000703200000, 0x0000000703400000|  0%| F|  |TAMS 0x0000000703200000| PB 0x0000000703200000| Untracked |  0
|  26|0x0000000703400000, 0x0000000703400000, 0x0000000703600000|  0%| F|  |TAMS 0x0000000703400000| PB 0x0000000703400000| Untracked |  0
|  27|0x0000000703600000, 0x0000000703600000, 0x0000000703800000|  0%| F|  |TAMS 0x0000000703600000| PB 0x0000000703600000| Untracked |  0
|  28|0x0000000703800000, 0x0000000703800000, 0x0000000703a00000|  0%| F|  |TAMS 0x0000000703800000| PB 0x0000000703800000| Untracked |  0
|  29|0x0000000703a00000, 0x0000000703a00000, 0x0000000703c00000|  0%| F|  |TAMS 0x0000000703a00000| PB 0x0000000703a00000| Untracked |  0
|  30|0x0000000703c00000, 0x0000000703c00000, 0x0000000703e00000|  0%| F|  |TAMS 0x0000000703c00000| PB 0x0000000703c00000| Untracked |  0
|  31|0x0000000703e00000, 0x0000000703e00000, 0x0000000704000000|  0%| F|  |TAMS 0x0000000703e00000| PB 0x0000000703e00000| Untracked |  0
|  32|0x0000000704000000, 0x0000000704000000, 0x0000000704200000|  0%| F|  |TAMS 0x0000000704000000| PB 0x0000000704000000| Untracked |  0
|  33|0x0000000704200000, 0x0000000704200000, 0x0000000704400000|  0%| F|  |TAMS 0x0000000704200000| PB 0x0000000704200000| Untracked |  0
|  34|0x0000000704400000, 0x0000000704400000, 0x0000000704600000|  0%| F|  |TAMS 0x0000000704400000| PB 0x0000000704400000| Untracked |  0
|  35|0x0000000704600000, 0x0000000704600000, 0x0000000704800000|  0%| F|  |TAMS 0x0000000704600000| PB 0x0000000704600000| Untracked |  0
|  36|0x0000000704800000, 0x0000000704800000, 0x0000000704a00000|  0%| F|  |TAMS 0x0000000704800000| PB 0x0000000704800000| Untracked |  0
|  37|0x0000000704a00000, 0x0000000704a00000, 0x0000000704c00000|  0%| F|  |TAMS 0x0000000704a00000| PB 0x0000000704a00000| Untracked |  0
|  38|0x0000000704c00000, 0x0000000704c00000, 0x0000000704e00000|  0%| F|  |TAMS 0x0000000704c00000| PB 0x0000000704c00000| Untracked |  0
|  39|0x0000000704e00000, 0x0000000704e00000, 0x0000000705000000|  0%| F|  |TAMS 0x0000000704e00000| PB 0x0000000704e00000| Untracked |  0
|  40|0x0000000705000000, 0x0000000705000000, 0x0000000705200000|  0%| F|  |TAMS 0x0000000705000000| PB 0x0000000705000000| Untracked |  0
|  41|0x0000000705200000, 0x0000000705200000, 0x0000000705400000|  0%| F|  |TAMS 0x0000000705200000| PB 0x0000000705200000| Untracked |  0
|  42|0x0000000705400000, 0x0000000705400000, 0x0000000705600000|  0%| F|  |TAMS 0x0000000705400000| PB 0x0000000705400000| Untracked |  0
|  43|0x0000000705600000, 0x0000000705600000, 0x0000000705800000|  0%| F|  |TAMS 0x0000000705600000| PB 0x0000000705600000| Untracked |  0
|  44|0x0000000705800000, 0x0000000705800000, 0x0000000705a00000|  0%| F|  |TAMS 0x0000000705800000| PB 0x0000000705800000| Untracked |  0
|  45|0x0000000705a00000, 0x0000000705a00000, 0x0000000705c00000|  0%| F|  |TAMS 0x0000000705a00000| PB 0x0000000705a00000| Untracked |  0
|  46|0x0000000705c00000, 0x0000000705c00000, 0x0000000705e00000|  0%| F|  |TAMS 0x0000000705c00000| PB 0x0000000705c00000| Untracked |  0
|  47|0x0000000705e00000, 0x0000000705e00000, 0x0000000706000000|  0%| F|  |TAMS 0x0000000705e00000| PB 0x0000000705e00000| Untracked |  0
|  48|0x0000000706000000, 0x0000000706000000, 0x0000000706200000|  0%| F|  |TAMS 0x0000000706000000| PB 0x0000000706000000| Untracked |  0
|  49|0x0000000706200000, 0x0000000706200000, 0x0000000706400000|  0%| F|  |TAMS 0x0000000706200000| PB 0x0000000706200000| Untracked |  0
|  50|0x0000000706400000, 0x0000000706400000, 0x0000000706600000|  0%| F|  |TAMS 0x0000000706400000| PB 0x0000000706400000| Untracked |  0
|  51|0x0000000706600000, 0x0000000706600000, 0x0000000706800000|  0%| F|  |TAMS 0x0000000706600000| PB 0x0000000706600000| Untracked |  0
|  52|0x0000000706800000, 0x0000000706800000, 0x0000000706a00000|  0%| F|  |TAMS 0x0000000706800000| PB 0x0000000706800000| Untracked |  0
|  53|0x0000000706a00000, 0x0000000706a00000, 0x0000000706c00000|  0%| F|  |TAMS 0x0000000706a00000| PB 0x0000000706a00000| Untracked |  0
|  54|0x0000000706c00000, 0x0000000706c00000, 0x0000000706e00000|  0%| F|  |TAMS 0x0000000706c00000| PB 0x0000000706c00000| Untracked |  0
|  55|0x0000000706e00000, 0x0000000706e00000, 0x0000000707000000|  0%| F|  |TAMS 0x0000000706e00000| PB 0x0000000706e00000| Untracked |  0
|  56|0x0000000707000000, 0x0000000707000000, 0x0000000707200000|  0%| F|  |TAMS 0x0000000707000000| PB 0x0000000707000000| Untracked |  0
|  57|0x0000000707200000, 0x0000000707200000, 0x0000000707400000|  0%| F|  |TAMS 0x0000000707200000| PB 0x0000000707200000| Untracked |  0
|  58|0x0000000707400000, 0x0000000707400000, 0x0000000707600000|  0%| F|  |TAMS 0x0000000707400000| PB 0x0000000707400000| Untracked |  0
|  59|0x0000000707600000, 0x0000000707600000, 0x0000000707800000|  0%| F|  |TAMS 0x0000000707600000| PB 0x0000000707600000| Untracked |  0
|  60|0x0000000707800000, 0x0000000707800000, 0x0000000707a00000|  0%| F|  |TAMS 0x0000000707800000| PB 0x0000000707800000| Untracked |  0
|  61|0x0000000707a00000, 0x0000000707a00000, 0x0000000707c00000|  0%| F|  |TAMS 0x0000000707a00000| PB 0x0000000707a00000| Untracked |  0
|  62|0x0000000707c00000, 0x0000000707c00000, 0x0000000707e00000|  0%| F|  |TAMS 0x0000000707c00000| PB 0x0000000707c00000| Untracked |  0
|  63|0x0000000707e00000, 0x0000000707e00000, 0x0000000708000000|  0%| F|  |TAMS 0x0000000707e00000| PB 0x0000000707e00000| Untracked |  0
|  64|0x0000000708000000, 0x0000000708000000, 0x0000000708200000|  0%| F|  |TAMS 0x0000000708000000| PB 0x0000000708000000| Untracked |  0
|  65|0x0000000708200000, 0x0000000708200000, 0x0000000708400000|  0%| F|  |TAMS 0x0000000708200000| PB 0x0000000708200000| Untracked |  0
|  66|0x0000000708400000, 0x0000000708400000, 0x0000000708600000|  0%| F|  |TAMS 0x0000000708400000| PB 0x0000000708400000| Untracked |  0
|  67|0x0000000708600000, 0x0000000708600000, 0x0000000708800000|  0%| F|  |TAMS 0x0000000708600000| PB 0x0000000708600000| Untracked |  0
|  68|0x0000000708800000, 0x0000000708800000, 0x0000000708a00000|  0%| F|  |TAMS 0x0000000708800000| PB 0x0000000708800000| Untracked |  0
|  69|0x0000000708a00000, 0x0000000708a00000, 0x0000000708c00000|  0%| F|  |TAMS 0x0000000708a00000| PB 0x0000000708a00000| Untracked |  0
|  70|0x0000000708c00000, 0x0000000708c00000, 0x0000000708e00000|  0%| F|  |TAMS 0x0000000708c00000| PB 0x0000000708c00000| Untracked |  0
|  71|0x0000000708e00000, 0x0000000708e00000, 0x0000000709000000|  0%| F|  |TAMS 0x0000000708e00000| PB 0x0000000708e00000| Untracked |  0
|  72|0x0000000709000000, 0x0000000709000000, 0x0000000709200000|  0%| F|  |TAMS 0x0000000709000000| PB 0x0000000709000000| Untracked |  0
|  73|0x0000000709200000, 0x0000000709200000, 0x0000000709400000|  0%| F|  |TAMS 0x0000000709200000| PB 0x0000000709200000| Untracked |  0
|  74|0x0000000709400000, 0x0000000709400000, 0x0000000709600000|  0%| F|  |TAMS 0x0000000709400000| PB 0x0000000709400000| Untracked |  0
|  75|0x0000000709600000, 0x0000000709600000, 0x0000000709800000|  0%| F|  |TAMS 0x0000000709600000| PB 0x0000000709600000| Untracked |  0
|  76|0x0000000709800000, 0x0000000709800000, 0x0000000709a00000|  0%| F|  |TAMS 0x0000000709800000| PB 0x0000000709800000| Untracked |  0
|  77|0x0000000709a00000, 0x0000000709a00000, 0x0000000709c00000|  0%| F|  |TAMS 0x0000000709a00000| PB 0x0000000709a00000| Untracked |  0
|  78|0x0000000709c00000, 0x0000000709c00000, 0x0000000709e00000|  0%| F|  |TAMS 0x0000000709c00000| PB 0x0000000709c00000| Untracked |  0
|  79|0x0000000709e00000, 0x0000000709e00000, 0x000000070a000000|  0%| F|  |TAMS 0x0000000709e00000| PB 0x0000000709e00000| Untracked |  0
|  80|0x000000070a000000, 0x000000070a000000, 0x000000070a200000|  0%| F|  |TAMS 0x000000070a000000| PB 0x000000070a000000| Untracked |  0
|  81|0x000000070a200000, 0x000000070a200000, 0x000000070a400000|  0%| F|  |TAMS 0x000000070a200000| PB 0x000000070a200000| Untracked |  0
|  82|0x000000070a400000, 0x000000070a400000, 0x000000070a600000|  0%| F|  |TAMS 0x000000070a400000| PB 0x000000070a400000| Untracked |  0
|  83|0x000000070a600000, 0x000000070a600000, 0x000000070a800000|  0%| F|  |TAMS 0x000000070a600000| PB 0x000000070a600000| Untracked |  0
|  84|0x000000070a800000, 0x000000070a800000, 0x000000070aa00000|  0%| F|  |TAMS 0x000000070a800000| PB 0x000000070a800000| Untracked |  0
|  85|0x000000070aa00000, 0x000000070aa00000, 0x000000070ac00000|  0%| F|  |TAMS 0x000000070aa00000| PB 0x000000070aa00000| Untracked |  0
|  86|0x000000070ac00000, 0x000000070ae00000, 0x000000070ae00000|100%| E|  |TAMS 0x000000070ac00000| PB 0x000000070ac00000| Complete |  0
|  87|0x000000070ae00000, 0x000000070b000000, 0x000000070b000000|100%| E|CS|TAMS 0x000000070ae00000| PB 0x000000070ae00000| Complete |  0
|  88|0x000000070b000000, 0x000000070b200000, 0x000000070b200000|100%| E|CS|TAMS 0x000000070b000000| PB 0x000000070b000000| Complete |  0
|  89|0x000000070b200000, 0x000000070b400000, 0x000000070b400000|100%| E|CS|TAMS 0x000000070b200000| PB 0x000000070b200000| Complete |  0
|  90|0x000000070b400000, 0x000000070b600000, 0x000000070b600000|100%| E|CS|TAMS 0x000000070b400000| PB 0x000000070b400000| Complete |  0
|  91|0x000000070b600000, 0x000000070b800000, 0x000000070b800000|100%| E|CS|TAMS 0x000000070b600000| PB 0x000000070b600000| Complete |  0
|  92|0x000000070b800000, 0x000000070ba00000, 0x000000070ba00000|100%| E|CS|TAMS 0x000000070b800000| PB 0x000000070b800000| Complete |  0
|  93|0x000000070ba00000, 0x000000070bc00000, 0x000000070bc00000|100%| E|CS|TAMS 0x000000070ba00000| PB 0x000000070ba00000| Complete |  0
|  94|0x000000070bc00000, 0x000000070be00000, 0x000000070be00000|100%| E|CS|TAMS 0x000000070bc00000| PB 0x000000070bc00000| Complete |  0
|  95|0x000000070be00000, 0x000000070c000000, 0x000000070c000000|100%| E|CS|TAMS 0x000000070be00000| PB 0x000000070be00000| Complete |  0
|  96|0x000000070c000000, 0x000000070c200000, 0x000000070c200000|100%| E|CS|TAMS 0x000000070c000000| PB 0x000000070c000000| Complete |  0
|  97|0x000000070c200000, 0x000000070c400000, 0x000000070c400000|100%| E|  |TAMS 0x000000070c200000| PB 0x000000070c200000| Complete |  0
|  98|0x000000070c400000, 0x000000070c600000, 0x000000070c600000|100%| E|CS|TAMS 0x000000070c400000| PB 0x000000070c400000| Complete |  0
|  99|0x000000070c600000, 0x000000070c800000, 0x000000070c800000|100%| E|CS|TAMS 0x000000070c600000| PB 0x000000070c600000| Complete |  0
| 100|0x000000070c800000, 0x000000070ca00000, 0x000000070ca00000|100%| E|CS|TAMS 0x000000070c800000| PB 0x000000070c800000| Complete |  0
| 101|0x000000070ca00000, 0x000000070cb8aa48, 0x000000070cc00000| 77%| S|CS|TAMS 0x000000070ca00000| PB 0x000000070ca00000| Complete |  0
| 102|0x000000070cc00000, 0x000000070ce00000, 0x000000070ce00000|100%| S|CS|TAMS 0x000000070cc00000| PB 0x000000070cc00000| Complete |  0
| 103|0x000000070ce00000, 0x000000070d000000, 0x000000070d000000|100%| S|CS|TAMS 0x000000070ce00000| PB 0x000000070ce00000| Complete |  0
| 104|0x000000070d000000, 0x000000070d200000, 0x000000070d200000|100%| E|CS|TAMS 0x000000070d000000| PB 0x000000070d000000| Complete |  0
| 105|0x000000070d200000, 0x000000070d400000, 0x000000070d400000|100%| E|CS|TAMS 0x000000070d200000| PB 0x000000070d200000| Complete |  0
| 106|0x000000070d400000, 0x000000070d600000, 0x000000070d600000|100%| E|CS|TAMS 0x000000070d400000| PB 0x000000070d400000| Complete |  0
| 107|0x000000070d600000, 0x000000070d800000, 0x000000070d800000|100%| E|CS|TAMS 0x000000070d600000| PB 0x000000070d600000| Complete |  0
| 108|0x000000070d800000, 0x000000070da00000, 0x000000070da00000|100%| E|CS|TAMS 0x000000070d800000| PB 0x000000070d800000| Complete |  0
| 109|0x000000070da00000, 0x000000070dc00000, 0x000000070dc00000|100%| E|CS|TAMS 0x000000070da00000| PB 0x000000070da00000| Complete |  0
| 110|0x000000070dc00000, 0x000000070de00000, 0x000000070de00000|100%| E|CS|TAMS 0x000000070dc00000| PB 0x000000070dc00000| Complete |  0
| 111|0x000000070de00000, 0x000000070e000000, 0x000000070e000000|100%| E|CS|TAMS 0x000000070de00000| PB 0x000000070de00000| Complete |  0
| 112|0x000000070e000000, 0x000000070e200000, 0x000000070e200000|100%| E|CS|TAMS 0x000000070e000000| PB 0x000000070e000000| Complete |  0
| 113|0x000000070e200000, 0x000000070e400000, 0x000000070e400000|100%| E|CS|TAMS 0x000000070e200000| PB 0x000000070e200000| Complete |  0
| 114|0x000000070e400000, 0x000000070e600000, 0x000000070e600000|100%| E|CS|TAMS 0x000000070e400000| PB 0x000000070e400000| Complete |  0
| 115|0x000000070e600000, 0x000000070e800000, 0x000000070e800000|100%| E|CS|TAMS 0x000000070e600000| PB 0x000000070e600000| Complete |  0
| 116|0x000000070e800000, 0x000000070ea00000, 0x000000070ea00000|100%| E|CS|TAMS 0x000000070e800000| PB 0x000000070e800000| Complete |  0
| 117|0x000000070ea00000, 0x000000070ec00000, 0x000000070ec00000|100%| E|CS|TAMS 0x000000070ea00000| PB 0x000000070ea00000| Complete |  0
| 118|0x000000070ec00000, 0x000000070ee00000, 0x000000070ee00000|100%| E|CS|TAMS 0x000000070ec00000| PB 0x000000070ec00000| Complete |  0
| 119|0x000000070ee00000, 0x000000070f000000, 0x000000070f000000|100%| E|CS|TAMS 0x000000070ee00000| PB 0x000000070ee00000| Complete |  0
| 120|0x000000070f000000, 0x000000070f200000, 0x000000070f200000|100%| E|CS|TAMS 0x000000070f000000| PB 0x000000070f000000| Complete |  0
| 121|0x000000070f200000, 0x000000070f400000, 0x000000070f400000|100%| E|CS|TAMS 0x000000070f200000| PB 0x000000070f200000| Complete |  0
| 122|0x000000070f400000, 0x000000070f600000, 0x000000070f600000|100%| E|CS|TAMS 0x000000070f400000| PB 0x000000070f400000| Complete |  0
| 123|0x000000070f600000, 0x000000070f800000, 0x000000070f800000|100%| E|CS|TAMS 0x000000070f600000| PB 0x000000070f600000| Complete |  0
| 124|0x000000070f800000, 0x000000070fa00000, 0x000000070fa00000|100%| E|CS|TAMS 0x000000070f800000| PB 0x000000070f800000| Complete |  0
| 125|0x000000070fa00000, 0x000000070fc00000, 0x000000070fc00000|100%| E|CS|TAMS 0x000000070fa00000| PB 0x000000070fa00000| Complete |  0
| 126|0x000000070fc00000, 0x000000070fe00000, 0x000000070fe00000|100%| E|CS|TAMS 0x000000070fc00000| PB 0x000000070fc00000| Complete |  0
| 127|0x000000070fe00000, 0x0000000710000000, 0x0000000710000000|100%| E|CS|TAMS 0x000000070fe00000| PB 0x000000070fe00000| Complete |  0

Card table byte_map: [0x0000000143708000,0x0000000143f08000] _byte_map_base: 0x000000013ff08000

Marking Bits: (CMBitMap*) 0x0000000155973010
 Bits: [0x000000030f004000, 0x0000000313004000)

Polling page: 0x0000000114d88000

Metaspace:
Metaspace        used 10880K, committed 11008K, reserved 1114112K
 class space     used 1083K, committed 1152K, reserved 1048576K

Usage:
  Non-class:      9.57 MB used.
      Class:      1.06 MB used.
       Both:     10.63 MB used.

Virtual space:
  Non-class space:       64.00 MB reserved,       9.62 MB ( 15%) committed,  1 nodes.
      Class space:        1.00 GB reserved,       1.12 MB ( <1%) committed,  1 nodes.
             Both:        1.06 GB reserved,      10.75 MB ( <1%) committed. 

Chunk freelists:
   Non-Class:  6.33 MB
       Class:  14.73 MB
        Both:  21.06 MB

MaxMetaspaceSize: unlimited
CompressedClassSpaceSize: 1.00 GB
Initial GC threshold: 21.00 MB
Current GC threshold: 21.00 MB
CDS: off
 - commit_granule_bytes: 65536.
 - commit_granule_words: 8192.
 - virtual_space_node_default_size: 8388608.
 - enlarge_chunks_in_place: 1.
UseCompressedClassPointers 1, UseCompactObjectHeaders 0
Narrow klass pointer bits 32, Max shift 3
Narrow klass base: 0x000007f800000000, Narrow klass shift: 0
Encoding Range: [0x000007f800000000 - 0x000007f900000000), (4294967296 bytes)
Klass Range:    [0x000007f800000000 - 0x000007f840000000), (1073741824 bytes)
Klass ID Range:  [8 - 1073741817) (1073741809)
Protection zone: [0x000007f800000000 - 0x000007f800010000), (65536 bytes)


Internal statistics:

num_allocs_failed_limit: 0.
num_arena_births: 40.
num_arena_deaths: 0.
num_vsnodes_births: 2.
num_vsnodes_deaths: 0.
num_space_committed: 172.
num_space_uncommitted: 0.
num_chunks_returned_to_freelist: 0.
num_chunks_taken_from_freelist: 115.
num_chunk_merges: 0.
num_chunk_splits: 61.
num_chunks_enlarged: 37.
num_inconsistent_stats: 0.

CodeHeap 'non-profiled nmethods': size=120032Kb used=428Kb max_used=428Kb free=119604Kb
 bounds [0x0000000307acc000, 0x0000000307d3c000, 0x000000030f004000]
CodeHeap 'profiled nmethods': size=120032Kb used=1384Kb max_used=1384Kb free=118647Kb
 bounds [0x0000000300000000, 0x0000000300270000, 0x0000000307538000]
CodeHeap 'non-nmethods': size=5712Kb used=1265Kb max_used=1327Kb free=4446Kb
 bounds [0x0000000307538000, 0x00000003077a8000, 0x0000000307acc000]
CodeCache: size=245776Kb, used=3077Kb, max_used=3139Kb, free=242697Kb
 total_blobs=1575, nmethods=1108, adapters=376, full_count=0
Compilation: enabled, stopped_count=0, restarted_count=0

Compilation events (20 events):
Event: 363.870 Thread 0x00000001236ec400 1102   !   4       java.util.concurrent.locks.AbstractQueuedSynchronizer::acquire (448 bytes)
Event: 363.875 Thread 0x00000001236ec400 nmethod 1102 0x0000000307b34488 code [0x0000000307b34580, 0x0000000307b353c8]
Event: 864.600 Thread 0x0000000123707a00 1103 % !   3       sun.awt.AWTAutoShutdown::run @ 40 (159 bytes)
Event: 864.609 Thread 0x0000000123707a00 nmethod 1103% 0x0000000300156f48 code [0x0000000300157040, 0x0000000300157cd0]
Event: 881.925 Thread 0x0000000123707a00 1104 % !   3       sun.awt.AWTAutoShutdown::run @ 20 (159 bytes)
Event: 881.926 Thread 0x0000000123707a00 nmethod 1104% 0x0000000300157d08 code [0x0000000300157e00, 0x0000000300158a18]
Event: 899.090 Thread 0x0000000123707a00 1105   !   3       sun.awt.AWTAutoShutdown::run (159 bytes)
Event: 899.091 Thread 0x0000000123707a00 nmethod 1105 0x0000000300158a48 code [0x0000000300158b40, 0x00000003001595b8]
Event: 952.802 Thread 0x00000001236ec400 1106   !   4       de.mossgrabers.reaper.ui.utils.SafeRunLater::lambda$execute$0 (22 bytes)
Event: 952.822 Thread 0x00000001236ec400 nmethod 1106 0x0000000307b35408 code [0x0000000307b35500, 0x0000000307b35dd8]
Event: 952.981 Thread 0x00000001236ec400 1107       4       de.mossgrabers.reaper.Controller::updateModel (14 bytes)
Event: 952.982 Thread 0x00000001236ec400 nmethod 1107 0x0000000307b35e48 code [0x0000000307b35f40, 0x0000000307b361f0]
Event: 1447.785 Thread 0x00000001236ec400 1108 % !   4       sun.awt.AWTAutoShutdown::run @ 40 (159 bytes)
Event: 1447.810 Thread 0x00000001236ec400 nmethod 1108% 0x0000000307b36248 code [0x0000000307b36340, 0x0000000307b36890]
Event: 1602.630 Thread 0x00000001236ec400 1109 % !   4       sun.awt.AWTAutoShutdown::run @ 20 (159 bytes)
Event: 1602.636 Thread 0x00000001236ec400 nmethod 1109% 0x0000000307b368c8 code [0x0000000307b369c0, 0x0000000307b37000]
Event: 1736.970 Thread 0x0000000123707a00 1110 %     3       java.awt.EventDispatchThread::pumpEventsForFilter @ 10 (47 bytes)
Event: 1736.973 Thread 0x0000000123707a00 nmethod 1110% 0x00000003001595c8 code [0x00000003001596c0, 0x0000000300159c58]
Event: 1771.164 Thread 0x0000000123707a00 1111       3       java.awt.EventDispatchThread::pumpEventsForFilter (47 bytes)
Event: 1771.165 Thread 0x0000000123707a00 nmethod 1111 0x0000000300159c88 code [0x0000000300159d80, 0x000000030015a250]

GC Heap Usage History (2 events):
Event: 502.386 {heap Before GC invocations=0 (full 0):
 garbage-first heap   total reserved 4194304K, committed 262144K, used 49152K [0x0000000700000000, 0x0000000800000000)
  region size 2048K, 24 young (49152K), 0 survivors (0K)
}
Event: 502.394 {heap After GC invocations=1 (full 0):
 garbage-first heap   total reserved 4194304K, committed 262144K, used 7722K [0x0000000700000000, 0x0000000800000000)
  region size 2048K, 3 young (6144K), 3 survivors (6144K)
}

Metaspace Usage History (2 events):
Event: 502.386 {metaspace Before GC invocations=0 (full 0):
 Metaspace       used 10871K, committed 11008K, reserved 1114112K
  class space    used 1082K, committed 1152K, reserved 1048576K
}
Event: 502.394 {metaspace After GC invocations=1 (full 0):
 Metaspace       used 10871K, committed 11008K, reserved 1114112K
  class space    used 1082K, committed 1152K, reserved 1048576K
}

Dll operation events (10 events):
Event: 0.014 Loaded shared library /Users/jonathankawchuk/Library/Application Support/REAPER/UserPlugins/java-runtime/lib/libjava.dylib
Event: 0.085 Loaded shared library /Users/jonathankawchuk/Library/Application Support/REAPER/UserPlugins/java-runtime/lib/libnio.dylib
Event: 0.101 Loaded shared library /Users/jonathankawchuk/Library/Application Support/REAPER/UserPlugins/java-runtime/lib/libzip.dylib
Event: 0.152 Loaded shared library /Users/jonathankawchuk/Library/Application Support/REAPER/UserPlugins/java-runtime/lib/libverify.dylib
Event: 0.197 Loaded shared library /Users/jonathankawchuk/Library/Application Support/REAPER/UserPlugins/java-runtime/lib/libjimage.dylib
Event: 0.204 Loaded shared library /Users/jonathankawchuk/Library/Application Support/REAPER/UserPlugins/java-runtime/lib/libawt.dylib
Event: 0.217 Loaded shared library /Users/jonathankawchuk/Library/Application Support/REAPER/UserPlugins/java-runtime/lib/libawt_lwawt.dylib
Event: 0.226 Loaded shared library /Users/jonathankawchuk/Library/Application Support/REAPER/UserPlugins/java-runtime/lib/libfontmanager.dylib
Event: 1.571 Loaded shared library /Users/jonathankawchuk/Library/Application Support/REAPER/UserPlugins/java-runtime/lib/libnet.dylib
Event: 1.946 Loaded shared library /private/var/folders/6g/_dyszwd54rd36jmvjmmd4htw0000gn/T/usb4java38317507082286295.tmp/libusb4java.dylib

Deoptimization events (20 events):
Event: 240.901 Thread 0x0000000122606000 Uncommon trap: trap_request=0xffffff45 fr.pc=0x0000000307b04a84 relative=0x0000000000000104
Event: 240.901 Thread 0x0000000334217600 Uncommon trap: trap_request=0xffffff45 fr.pc=0x0000000307b27c40 relative=0x0000000000001940
Event: 240.901 Thread 0x0000000122606000 Uncommon trap: reason=unstable_if action=reinterpret pc=0x0000000307b04a84 method=java.util.concurrent.locks.AbstractQueuedSynchronizer.signalNext(Ljava/util/concurrent/locks/AbstractQueuedSynchronizer$Node;)V @ 17 c2
Event: 240.901 Thread 0x0000000334217600 Uncommon trap: reason=unstable_if action=reinterpret pc=0x0000000307b27c40 method=java.awt.EventQueue.getNextEventPrivate()Ljava/awt/AWTEvent; @ 45 c2
Event: 240.901 Thread 0x0000000122606000 DEOPT PACKING pc=0x0000000307b04a84 sp=0x000000016bc54620
Event: 240.901 Thread 0x0000000334217600 DEOPT PACKING pc=0x0000000307b27c40 sp=0x000000031b67e6f0
Event: 240.901 Thread 0x0000000122606000 DEOPT UNPACKING pc=0x0000000307648b5c sp=0x000000016bc545b0 mode 2
Event: 240.901 Thread 0x0000000334217600 DEOPT UNPACKING pc=0x0000000307648b5c sp=0x000000031b67e660 mode 2
Event: 310.891 Thread 0x0000000122606000 Uncommon trap: trap_request=0xffffff45 fr.pc=0x0000000307b2ecf4 relative=0x00000000000005f4
Event: 310.891 Thread 0x0000000122606000 Uncommon trap: reason=unstable_if action=reinterpret pc=0x0000000307b2ecf4 method=java.util.concurrent.locks.AbstractQueuedSynchronizer.acquire(Ljava/util/concurrent/locks/AbstractQueuedSynchronizer$Node;IZZZJ)I @ 26 c2
Event: 310.891 Thread 0x0000000122606000 DEOPT PACKING pc=0x0000000307b2ecf4 sp=0x000000016bc54510
Event: 310.891 Thread 0x0000000122606000 DEOPT UNPACKING pc=0x0000000307648b5c sp=0x000000016bc54490 mode 2
Event: 322.891 Thread 0x0000000334217600 Uncommon trap: trap_request=0xffffff45 fr.pc=0x0000000307b160b4 relative=0x00000000000001b4
Event: 322.891 Thread 0x0000000334217600 Uncommon trap: reason=unstable_if action=reinterpret pc=0x0000000307b160b4 method=java.awt.EventQueue.getNextEventPrivate()Ljava/awt/AWTEvent; @ 45 c2
Event: 322.891 Thread 0x0000000334217600 DEOPT PACKING pc=0x0000000307b160b4 sp=0x000000031b67e6e0
Event: 322.891 Thread 0x0000000334217600 DEOPT UNPACKING pc=0x0000000307648b5c sp=0x000000031b67e660 mode 2
Event: 1585.517 Thread 0x0000000334216e00 DEOPT PACKING pc=0x0000000300158774 sp=0x000000031b4728f0
Event: 1585.517 Thread 0x0000000334216e00 DEOPT UNPACKING pc=0x00000003075750bc sp=0x000000031b4725d0 mode 0
Event: 1698.132 Thread 0x0000000334216e00 DEOPT PACKING pc=0x0000000300158774 sp=0x000000031b4728f0
Event: 1698.132 Thread 0x0000000334216e00 DEOPT UNPACKING pc=0x00000003075750bc sp=0x000000031b4725d0 mode 0

Classes loaded (20 events):
Event: 1.956 Loading class java/util/TreeMap$EntryIterator
Event: 1.956 Loading class java/util/TreeMap$EntryIterator done
Event: 1.956 Loading class javax/sound/midi/MidiDevice
Event: 1.956 Loading class javax/sound/midi/MidiDevice done
Event: 1.957 Loading class javax/sound/midi/Receiver
Event: 1.957 Loading class javax/sound/midi/Receiver done
Event: 1.957 Loading class javax/sound/midi/Transmitter
Event: 1.957 Loading class javax/sound/midi/Transmitter done
Event: 1.957 Loading class javax/sound/midi/MidiUnavailableException
Event: 1.957 Loading class javax/sound/midi/MidiUnavailableException done
Event: 1.957 Loading class javax/sound/midi/MidiDevice$Info
Event: 1.957 Loading class javax/sound/midi/MidiDevice$Info done
Event: 1.958 Loading class java/lang/invoke/DirectMethodHandle$Interface
Event: 1.958 Loading class java/lang/invoke/DirectMethodHandle$Interface done
Event: 1.958 Loading class jdk/internal/classfile/impl/AbstractPoolEntry$InterfaceMethodRefEntryImpl
Event: 1.958 Loading class java/lang/classfile/constantpool/InterfaceMethodRefEntry
Event: 1.958 Loading class java/lang/classfile/constantpool/InterfaceMethodRefEntry done
Event: 1.958 Loading class jdk/internal/classfile/impl/AbstractPoolEntry$InterfaceMethodRefEntryImpl done
Event: 1816.829 Loading class jdk/internal/misc/Signal$1
Event: 1816.834 Loading class jdk/internal/misc/Signal$1 done

Classes unloaded (0 events):
No events

Classes redefined (0 events):
No events

Internal exceptions (12 events):
Event: 0.189 Thread 0x0000000122606000 Exception <a 'java/lang/NoSuchMethodError'{0x000000070fa753f0}: 'java.lang.Object java.lang.invoke.DirectMethodHandle$Holder.newInvokeSpecial(java.lang.Object, java.lang.Object, java.lang.Object, int)'> (0x000000070fa753f0) 
thrown [src/hotspot/share/interpreter/linkResolver.cpp, line 804]
Event: 0.189 Thread 0x0000000122606000 Exception <a 'java/lang/NoSuchMethodError'{0x000000070fa7dfb8}: 'java.lang.Object java.lang.invoke.Invokers$Holder.linkToTargetMethod(java.lang.Object, java.lang.Object, int, java.lang.Object)'> (0x000000070fa7dfb8) 
thrown [src/hotspot/share/interpreter/linkResolver.cpp, line 804]
Event: 0.190 Thread 0x0000000122606000 Exception <a 'java/lang/NoSuchMethodError'{0x000000070fa87b90}: 'void java.lang.invoke.DirectMethodHandle$Holder.invokeStatic(java.lang.Object, java.lang.Object, java.lang.Object)'> (0x000000070fa87b90) 
thrown [src/hotspot/share/interpreter/linkResolver.cpp, line 804]
Event: 0.194 Thread 0x0000000122606000 Exception <a 'java/lang/ClassNotFoundException'{0x000000070faa7020}: sun/awt/resources/spi/awtProvider> (0x000000070faa7020) 
thrown [src/hotspot/share/classfile/systemDictionary.cpp, line 328]
Event: 0.219 Thread 0x0000000122606000 Exception <a 'java/io/FileNotFoundException'{0x000000070fac7230}> (0x000000070fac7230) 
thrown [src/hotspot/share/prims/jni.cpp, line 516]
Event: 0.219 Thread 0x0000000122606000 Exception <a 'java/io/FileNotFoundException'{0x000000070fac7c40}> (0x000000070fac7c40) 
thrown [src/hotspot/share/prims/jni.cpp, line 516]
Event: 0.223 Thread 0x0000000122606000 Exception <a 'java/lang/ClassNotFoundException'{0x000000070fac97e8}: sun/awt/resources/spi/awtosxProvider> (0x000000070fac97e8) 
thrown [src/hotspot/share/classfile/systemDictionary.cpp, line 328]
Event: 1.558 Thread 0x0000000122606000 Exception <a 'java/lang/NoSuchMethodError'{0x000000070f1ba958}: 'void java.lang.invoke.DirectMethodHandle$Holder.invokeSpecial(java.lang.Object, java.lang.Object, java.lang.Object)'> (0x000000070f1ba958) 
thrown [src/hotspot/share/interpreter/linkResolver.cpp, line 804]
Event: 1.564 Thread 0x0000000122606000 Exception <a 'java/lang/NoSuchMethodError'{0x000000070f1e0268}: 'java.lang.Object java.lang.invoke.DirectMethodHandle$Holder.invokeStaticInit(java.lang.Object)'> (0x000000070f1e0268) 
thrown [src/hotspot/share/interpreter/linkResolver.cpp, line 804]
Event: 1.958 Thread 0x0000000122606000 Exception <a 'java/lang/NoSuchMethodError'{0x000000070ee75b50}: 'void java.lang.invoke.DirectMethodHandle$Holder.invokeInterface(java.lang.Object, java.lang.Object)'> (0x000000070ee75b50) 
thrown [src/hotspot/share/interpreter/linkResolver.cpp, line 804]
Event: 1.959 Thread 0x0000000122606000 Exception <a 'java/lang/NoSuchMethodError'{0x000000070ee850d8}: 'void java.lang.invoke.DirectMethodHandle$Holder.invokeVirtual(java.lang.Object, java.lang.Object)'> (0x000000070ee850d8) 
thrown [src/hotspot/share/interpreter/linkResolver.cpp, line 804]
Event: 1.960 Thread 0x0000000334217600 Exception <a 'java/lang/NoSuchMethodError'{0x000000070eff7118}: 'void java.lang.invoke.DirectMethodHandle$Holder.invokeSpecial(java.lang.Object, java.lang.Object, java.lang.Object, java.lang.Object, java.lang.Object)'> (0x000000070eff7118) 
thrown [src/hotspot/share/interpreter/linkResolver.cpp, line 804]

VM Operations (19 events):
Event: 0.105 Executing non-safepoint VM operation: HandshakeAllThreads (Deoptimize)
Event: 0.105 Executing non-safepoint VM operation: HandshakeAllThreads (Deoptimize) done
Event: 0.187 Executing non-safepoint VM operation: HandshakeAllThreads (Deoptimize)
Event: 0.187 Executing non-safepoint VM operation: HandshakeAllThreads (Deoptimize) done
Event: 0.253 Executing non-safepoint VM operation: HandshakeAllThreads (Deoptimize)
Event: 0.253 Executing non-safepoint VM operation: HandshakeAllThreads (Deoptimize) done
Event: 1.549 Executing non-safepoint VM operation: HandshakeAllThreads (Deoptimize)
Event: 1.549 Executing non-safepoint VM operation: HandshakeAllThreads (Deoptimize) done
Event: 1.566 Executing non-safepoint VM operation: HandshakeAllThreads (Deoptimize)
Event: 1.566 Executing non-safepoint VM operation: HandshakeAllThreads (Deoptimize) done
Event: 1.589 Executing non-safepoint VM operation: HandshakeAllThreads (Deoptimize)
Event: 1.589 Executing non-safepoint VM operation: HandshakeAllThreads (Deoptimize) done
Event: 60.225 Executing non-safepoint VM operation: HandshakeAllThreads (HandshakeForDeflation)
Event: 60.225 Executing non-safepoint VM operation: HandshakeAllThreads (HandshakeForDeflation) done
Event: 60.225 Executing non-safepoint VM operation: RendezvousGCThreads
Event: 60.225 Executing non-safepoint VM operation: RendezvousGCThreads done
Event: 502.385 Executing safepoint VM operation: G1CollectForAllocation (G1 Evacuation Pause)
Event: 502.394 Executing safepoint VM operation: G1CollectForAllocation (G1 Evacuation Pause) done
Event: 1816.844 Executing safepoint VM operation: Exit

Memory protections (20 events):
Event: 0.251 Protecting memory [0x000000031b47c000,0x000000031b488000] with protection modes 0
Event: 0.252 Protecting memory [0x000000031b688000,0x000000031b694000] with protection modes 0
Event: 0.274 Protecting memory [0x000000031b894000,0x000000031b8a0000] with protection modes 0
Event: 1.283 Protecting memory [0x000000031b47c000,0x000000031b488000] with protection modes 3
Event: 1.283 Protecting memory [0x000000031b688000,0x000000031b694000] with protection modes 3
Event: 1.505 Protecting memory [0x000000031b894000,0x000000031b8a0000] with protection modes 3
Event: 1.505 Protecting memory [0x000000031b270000,0x000000031b27c000] with protection modes 3
Event: 1.510 Protecting memory [0x000000031b270000,0x000000031b27c000] with protection modes 0
Event: 1.511 Protecting memory [0x000000031b47c000,0x000000031b488000] with protection modes 0
Event: 1.955 Protecting memory [0x000000031b714000,0x000000031b720000] with protection modes 0
Event: 1.956 Protecting memory [0x000000031b47c000,0x000000031b488000] with protection modes 3
Event: 1.956 Protecting memory [0x000000031b270000,0x000000031b27c000] with protection modes 3
Event: 1.959 Protecting memory [0x000000031b270000,0x000000031b27c000] with protection modes 0
Event: 1.959 Protecting memory [0x000000031b47c000,0x000000031b488000] with protection modes 0
Event: 63.152 Protecting memory [0x000000031d910000,0x000000031d91c000] with protection modes 0
Event: 63.153 Protecting memory [0x000000031db1c000,0x000000031db28000] with protection modes 0
Event: 70.352 Protecting memory [0x000000031db1c000,0x000000031db28000] with protection modes 3
Event: 71.701 Protecting memory [0x000000031d910000,0x000000031d91c000] with protection modes 3
Event: 1816.837 Protecting memory [0x0000000343bec000,0x0000000343bf8000] with protection modes 0
Event: 1816.843 Protecting memory [0x000000031a41c000,0x000000031a428000] with protection modes 3

Nmethod flushes (0 events):
No events

Events (20 events):
Event: 0.252 Thread 0x0000000122606000 Thread added: 0x0000000122ed8800
Event: 0.274 Thread 0x000000015700e200 Thread added: 0x00000001235f6a00
Event: 1.283 Thread 0x000000015f360000 Thread exited: 0x000000015f360000
Event: 1.283 Thread 0x0000000122ed8800 Thread exited: 0x0000000122ed8800
Event: 1.505 Thread 0x00000001235f6a00 Thread exited: 0x00000001235f6a00
Event: 1.505 Thread 0x000000015700e200 Thread exited: 0x000000015700e200
Event: 1.510 Thread 0x0000000123707a00 Thread added: 0x000000015e9a5a00
Event: 1.511 Thread 0x0000000123707a00 Thread added: 0x00000001235f6a00
Event: 1.955 Thread 0x0000000122606000 Thread added: 0x0000000122c47a00
Event: 1.956 Thread 0x00000001235f6a00 Thread exited: 0x00000001235f6a00
Event: 1.956 Thread 0x000000015e9a5a00 Thread exited: 0x000000015e9a5a00
Event: 1.959 Thread 0x0000000122606000 Thread added: 0x0000000334216e00
Event: 1.959 Thread 0x0000000122606000 Thread added: 0x0000000334217600
Event: 63.152 Thread 0x00000001236ec400 Thread added: 0x00000003b01f1200
Event: 63.153 Thread 0x00000003b01f1200 Thread added: 0x00000003a4e7d000
Event: 70.352 Thread 0x00000003a4e7d000 Thread exited: 0x00000003a4e7d000
Event: 71.701 Thread 0x00000003b01f1200 Thread exited: 0x00000003b01f1200
Event: 1816.837 Thread 0x000000015a00b000 Thread added: 0x000000035dee1a00
Event: 1816.842 Thread 0x000000035dee1a00 Before exit entered
Event: 1816.843 Thread 0x000000015a00b000 Thread exited: 0x000000015a00b000


Dynamic libraries:
0x00000001b8c90000 	/System/Library/Frameworks/Cocoa.framework/Versions/A/Cocoa
0x00000001a0442000 	/System/Library/Frameworks/AppKit.framework/Versions/C/AppKit
0x00000001a3732000 	/System/Library/Frameworks/CoreData.framework/Versions/A/CoreData
0x000000019dad3000 	/System/Library/Frameworks/Foundation.framework/Versions/C/Foundation
0x00000001aa6d0000 	/usr/lib/libSystem.B.dylib
0x00000001a18d3000 	/System/Library/PrivateFrameworks/UIFoundation.framework/Versions/A/UIFoundation
0x000000024a47e000 	/System/Library/PrivateFrameworks/CollectionViewCore.framework/Versions/A/CollectionViewCore
0x00000001a8254000 	/System/Library/PrivateFrameworks/XCTTargetBootstrap.framework/Versions/A/XCTTargetBootstrap
0x00000001aceca000 	/System/Library/PrivateFrameworks/InternationalSupport.framework/Versions/A/InternationalSupport
0x00000001ad221000 	/System/Library/PrivateFrameworks/UserActivity.framework/Versions/A/UserActivity
0x0000000278e06000 	/System/Library/PrivateFrameworks/UIIntelligenceSupport.framework/Versions/A/UIIntelligenceSupport
0x0000000202f90000 	/System/Library/Frameworks/SwiftUICore.framework/Versions/A/SwiftUICore
0x000000027de8c000 	/System/Library/PrivateFrameworks/WritingTools.framework/Versions/A/WritingTools
0x000000027ced0000 	/System/Library/PrivateFrameworks/WindowManagement.framework/Versions/A/WindowManagement
0x000000019d736000 	/System/Library/Frameworks/SystemConfiguration.framework/Versions/A/SystemConfiguration
0x00000001ac2ff000 	/usr/lib/libspindump.dylib
0x00000001a1a85000 	/System/Library/Frameworks/UniformTypeIdentifiers.framework/Versions/A/UniformTypeIdentifiers
0x00000001a9abb000 	/usr/lib/libbsm.0.dylib
0x00000001a5cd5000 	/usr/lib/libapp_launch_measurement.dylib
0x00000001a507e000 	/System/Library/PrivateFrameworks/CoreAnalytics.framework/Versions/A/CoreAnalytics
0x00000001a5cd9000 	/System/Library/PrivateFrameworks/CoreAutoLayout.framework/Versions/A/CoreAutoLayout
0x00000001a786e000 	/System/Library/Frameworks/Metal.framework/Versions/A/Metal
0x00000001a8a97000 	/usr/lib/liblangid.dylib
0x00000001a825a000 	/System/Library/PrivateFrameworks/CoreSVG.framework/Versions/A/CoreSVG
0x00000001a24aa000 	/System/Library/PrivateFrameworks/SkyLight.framework/Versions/A/SkyLight
0x00000001a29d1000 	/System/Library/Frameworks/CoreGraphics.framework/Versions/A/CoreGraphics
0x00000001b23a1000 	/System/Library/Frameworks/Accelerate.framework/Versions/A/Accelerate
0x00000001ac142000 	/System/Library/PrivateFrameworks/IconServices.framework/Versions/A/IconServices
0x00000001a784b000 	/System/Library/Frameworks/IOSurface.framework/Versions/A/IOSurface
0x00000001a50af000 	/usr/lib/libDiagnosticMessagesClient.dylib
0x00000001aa61a000 	/usr/lib/libz.1.dylib
0x00000001b62b6000 	/System/Library/Frameworks/ApplicationServices.framework/Versions/A/ApplicationServices
0x00000001a823f000 	/System/Library/PrivateFrameworks/DFRFoundation.framework/Versions/A/DFRFoundation
0x000000019fca7000 	/usr/lib/libicucore.A.dylib
0x00000001ae2aa000 	/System/Library/Frameworks/AudioToolbox.framework/Versions/A/AudioToolbox
0x00000001ad1d2000 	/System/Library/PrivateFrameworks/DataDetectorsCore.framework/Versions/A/DataDetectorsCore
0x00000001c8d3d000 	/System/Library/PrivateFrameworks/TextInput.framework/Versions/A/TextInput
0x00000001a23f5000 	/usr/lib/libMobileGestalt.dylib
0x00000001a7f38000 	/System/Library/Frameworks/Carbon.framework/Versions/A/Frameworks/HIToolbox.framework/Versions/A/HIToolbox
0x00000001a55b6000 	/System/Library/Frameworks/QuartzCore.framework/Versions/A/QuartzCore
0x000000019f8a2000 	/System/Library/Frameworks/Security.framework/Versions/A/Security
0x00000001b1cfe000 	/System/Library/Frameworks/Carbon.framework/Versions/A/Frameworks/SpeechRecognition.framework/Versions/A/SpeechRecognition
0x00000001a59dc000 	/System/Library/PrivateFrameworks/CoreUI.framework/Versions/A/CoreUI
0x000000019f170000 	/System/Library/Frameworks/CoreAudio.framework/Versions/A/CoreAudio
0x00000001a519d000 	/System/Library/Frameworks/DiskArbitration.framework/Versions/A/DiskArbitration
0x00000001ac768000 	/System/Library/PrivateFrameworks/MultitouchSupport.framework/Versions/A/MultitouchSupport
0x00000001a23f3000 	/usr/lib/libenergytrace.dylib
0x00000001bd2e1000 	/System/Library/PrivateFrameworks/RenderBox.framework/Versions/A/RenderBox
0x00000001a02f2000 	/System/Library/Frameworks/IOKit.framework/Versions/A/IOKit
0x00000001b20f5000 	/System/Library/Frameworks/CoreServices.framework/Versions/A/CoreServices
0x00000001a5c66000 	/System/Library/PrivateFrameworks/PerformanceAnalysis.framework/Versions/A/PerformanceAnalysis
0x00000001fc951000 	/System/Library/Frameworks/OpenGL.framework/Versions/A/OpenGL
0x00000001a5d23000 	/usr/lib/libxml2.2.dylib
0x00000001a999f000 	/System/Library/PrivateFrameworks/MobileKeyBag.framework/Versions/A/MobileKeyBag
0x000000019c078000 	/usr/lib/libobjc.A.dylib
0x000000019c386000 	/usr/lib/libc++.1.dylib
0x00000001b2076000 	/System/Library/Frameworks/Accessibility.framework/Versions/A/Accessibility
0x00000001a3102000 	/System/Library/Frameworks/ColorSync.framework/Versions/A/ColorSync
0x000000019c4e2000 	/System/Library/Frameworks/CoreFoundation.framework/Versions/A/CoreFoundation
0x00000001a8619000 	/System/Library/Frameworks/CoreImage.framework/Versions/A/CoreImage
0x000000019ef51000 	/System/Library/Frameworks/CoreText.framework/Versions/A/CoreText
0x00000001fde9d000 	/System/Library/Frameworks/CoreTransferable.framework/Versions/A/CoreTransferable
0x00000001fe422000 	/System/Library/Frameworks/DataDetection.framework/Versions/A/DataDetection
0x00000001fe425000 	/System/Library/Frameworks/DeveloperToolsSupport.framework/Versions/A/DeveloperToolsSupport
0x00000001a8295000 	/System/Library/Frameworks/ImageIO.framework/Versions/A/ImageIO
0x0000000203b53000 	/System/Library/Frameworks/Symbols.framework/Versions/A/Symbols
0x00000001f00fe000 	/System/Library/PrivateFrameworks/FeatureFlags.framework/Versions/A/FeatureFlags
0x00000001aa6d5000 	/System/Library/PrivateFrameworks/SoftLinking.framework/Versions/A/SoftLinking
0x00000001db9b7000 	/usr/lib/swift/libswiftAccelerate.dylib
0x00000001adc3f000 	/usr/lib/swift/libswiftCore.dylib
0x00000001c53e0000 	/usr/lib/swift/libswiftCoreFoundation.dylib
0x00000001c543a000 	/usr/lib/swift/libswiftCoreImage.dylib
0x00000001c2749000 	/usr/lib/swift/libswiftDarwin.dylib
0x0000000284aa9000 	/usr/lib/swift/libswiftDataDetection.dylib
0x00000001b3bee000 	/usr/lib/swift/libswiftDispatch.dylib
0x00000001c543b000 	/usr/lib/swift/libswiftIOKit.dylib
0x00000001d1fab000 	/usr/lib/swift/libswiftMetal.dylib
0x00000001e0f50000 	/usr/lib/swift/libswiftOSLog.dylib
0x00000001b6870000 	/usr/lib/swift/libswiftObjectiveC.dylib
0x0000000284ad6000 	/usr/lib/swift/libswiftObservation.dylib
0x00000001d734d000 	/usr/lib/swift/libswiftQuartzCore.dylib
0x00000001db9a8000 	/usr/lib/swift/libswiftUniformTypeIdentifiers.dylib
0x00000001c53f2000 	/usr/lib/swift/libswiftXPC.dylib
0x0000000284bbc000 	/usr/lib/swift/libswift_Builtin_float.dylib
0x0000000284bbf000 	/usr/lib/swift/libswift_Concurrency.dylib
0x0000000284d1e000 	/usr/lib/swift/libswift_StringProcessing.dylib
0x0000000284db1000 	/usr/lib/swift/libswift_errno.dylib
0x0000000284db3000 	/usr/lib/swift/libswift_math.dylib
0x0000000284db6000 	/usr/lib/swift/libswift_signal.dylib
0x0000000284db7000 	/usr/lib/swift/libswift_stdio.dylib
0x0000000284db8000 	/usr/lib/swift/libswift_time.dylib
0x00000001b6874000 	/usr/lib/swift/libswiftos.dylib
0x00000001c8c94000 	/usr/lib/swift/libswiftsimd.dylib
0x0000000284db9000 	/usr/lib/swift/libswiftsys_time.dylib
0x0000000284dba000 	/usr/lib/swift/libswiftunistd.dylib
0x00000001aa8fe000 	/usr/lib/libcompression.dylib
0x00000001ace2a000 	/System/Library/PrivateFrameworks/TextureIO.framework/Versions/A/TextureIO
0x00000001abde1000 	/usr/lib/libate.dylib
0x00000001aa6ca000 	/usr/lib/system/libcache.dylib
0x00000001aa685000 	/usr/lib/system/libcommonCrypto.dylib
0x00000001aa6b0000 	/usr/lib/system/libcompiler_rt.dylib
0x00000001aa6a5000 	/usr/lib/system/libcopyfile.dylib
0x000000019c1d3000 	/usr/lib/system/libcorecrypto.dylib
0x000000019c2ba000 	/usr/lib/system/libdispatch.dylib
0x000000019c47a000 	/usr/lib/system/libdyld.dylib
0x00000001aa6c0000 	/usr/lib/system/libkeymgr.dylib
0x00000001aa668000 	/usr/lib/system/libmacho.dylib
0x00000001a9a94000 	/usr/lib/system/libquarantine.dylib
0x00000001aa6bd000 	/usr/lib/system/libremovefile.dylib
0x00000001a246f000 	/usr/lib/system/libsystem_asl.dylib
0x000000019c168000 	/usr/lib/system/libsystem_blocks.dylib
0x000000019c304000 	/usr/lib/system/libsystem_c.dylib
0x00000001aa6b4000 	/usr/lib/system/libsystem_collections.dylib
0x00000001a8a84000 	/usr/lib/system/libsystem_configuration.dylib
0x00000001a781a000 	/usr/lib/system/libsystem_containermanager.dylib
0x00000001aa1aa000 	/usr/lib/system/libsystem_coreservices.dylib
0x000000019ff73000 	/usr/lib/system/libsystem_darwin.dylib
0x0000000284ef1000 	/usr/lib/system/libsystem_darwindirectory.dylib
0x00000001aa6c1000 	/usr/lib/system/libsystem_dnssd.dylib
0x0000000284ef5000 	/usr/lib/system/libsystem_eligibility.dylib
0x000000019c301000 	/usr/lib/system/libsystem_featureflags.dylib
0x000000019c4b2000 	/usr/lib/system/libsystem_info.dylib
0x00000001aa629000 	/usr/lib/system/libsystem_m.dylib
0x000000019c272000 	/usr/lib/system/libsystem_malloc.dylib
0x00000001a23d8000 	/usr/lib/system/libsystem_networkextension.dylib
0x00000001a03d5000 	/usr/lib/system/libsystem_notify.dylib
0x00000001a8a89000 	/usr/lib/system/libsystem_sandbox.dylib
0x0000000284efd000 	/usr/lib/system/libsystem_sanitizers.dylib
0x00000001aa6b9000 	/usr/lib/system/libsystem_secinit.dylib
0x000000019c431000 	/usr/lib/system/libsystem_kernel.dylib
0x000000019c4aa000 	/usr/lib/system/libsystem_platform.dylib
0x000000019c46d000 	/usr/lib/system/libsystem_pthread.dylib
0x00000001a3fcc000 	/usr/lib/system/libsystem_symptoms.dylib
0x000000019c1b7000 	/usr/lib/system/libsystem_trace.dylib
0x00000001aa693000 	/usr/lib/system/libunwind.dylib
0x000000019c16c000 	/usr/lib/system/libxpc.dylib
0x000000019c413000 	/usr/lib/libc++abi.dylib
0x0000000283ac6000 	/usr/lib/libRosetta.dylib
0x00000001a0271000 	/System/Library/PrivateFrameworks/CoreServicesInternal.framework/Versions/A/CoreServicesInternal
0x00000001aa69d000 	/usr/lib/liboah.dylib
0x00000001aa6d2000 	/usr/lib/libfakelink.dylib
0x00000001b5d69000 	/System/Library/PrivateFrameworks/DiskImages.framework/Versions/A/DiskImages
0x00000001c2272000 	/System/Library/Frameworks/NetFS.framework/Versions/A/NetFS
0x00000001a200e000 	/System/Library/Frameworks/CFNetwork.framework/Versions/A/CFNetwork
0x00000001a5c9d000 	/System/Library/Frameworks/CoreServices.framework/Versions/A/Frameworks/FSEvents.framework/Versions/A/FSEvents
0x000000019ff7e000 	/System/Library/Frameworks/CoreServices.framework/Versions/A/Frameworks/CarbonCore.framework/Versions/A/CarbonCore
0x00000001a5112000 	/System/Library/Frameworks/CoreServices.framework/Versions/A/Frameworks/Metadata.framework/Versions/A/Metadata
0x00000001aa1b2000 	/System/Library/Frameworks/CoreServices.framework/Versions/A/Frameworks/OSServices.framework/Versions/A/OSServices
0x00000001aa81f000 	/System/Library/Frameworks/CoreServices.framework/Versions/A/Frameworks/SearchKit.framework/Versions/A/SearchKit
0x00000001a3f47000 	/System/Library/Frameworks/CoreServices.framework/Versions/A/Frameworks/AE.framework/Versions/A/AE
0x000000019ca21000 	/System/Library/Frameworks/CoreServices.framework/Versions/A/Frameworks/LaunchServices.framework/Versions/A/LaunchServices
0x00000001abc36000 	/System/Library/Frameworks/CoreServices.framework/Versions/A/Frameworks/DictionaryServices.framework/Versions/A/DictionaryServices
0x00000001a5cab000 	/System/Library/Frameworks/CoreServices.framework/Versions/A/Frameworks/SharedFileList.framework/Versions/A/SharedFileList
0x00000001aa8b5000 	/usr/lib/libapple_nghttp2.dylib
0x00000001a3ba8000 	/usr/lib/libsqlite3.dylib
0x00000001ae8ed000 	/System/Library/Frameworks/GSS.framework/Versions/A/GSS
0x00000001a3ede000 	/System/Library/PrivateFrameworks/RunningBoardServices.framework/Versions/A/RunningBoardServices
0x00000001a3fd5000 	/System/Library/Frameworks/Network.framework/Versions/A/Network
0x00000001aa66c000 	/usr/lib/system/libkxld.dylib
0x0000000246309000 	/System/Library/PrivateFrameworks/AppleKeyStore.framework/Versions/A/AppleKeyStore
0x000000028391e000 	/usr/lib/libCoreEntitlements.dylib
0x00000002612f7000 	/System/Library/PrivateFrameworks/MessageSecurity.framework/Versions/A/MessageSecurity
0x00000001a3b8d000 	/System/Library/PrivateFrameworks/ProtocolBuffer.framework/Versions/A/ProtocolBuffer
0x00000001aa191000 	/System/Library/PrivateFrameworks/AppleFSCompression.framework/Versions/A/AppleFSCompression
0x00000001a9aa3000 	/usr/lib/libcoretls.dylib
0x00000001abcac000 	/usr/lib/libcoretls_cfhelpers.dylib
0x00000001aa8f8000 	/usr/lib/libpam.2.dylib
0x00000001abd20000 	/usr/lib/libxar.1.dylib
0x00000001aa727000 	/usr/lib/libarchive.2.dylib
0x00000001afff0000 	/System/Library/Frameworks/Combine.framework/Versions/A/Combine
0x000000024a4a2000 	/System/Library/PrivateFrameworks/CollectionsInternal.framework/Versions/A/CollectionsInternal
0x000000026a352000 	/System/Library/PrivateFrameworks/ReflectionInternal.framework/Versions/A/ReflectionInternal
0x000000026b029000 	/System/Library/PrivateFrameworks/RuntimeInternal.framework/Versions/A/RuntimeInternal
0x0000000284b4d000 	/usr/lib/swift/libswiftSystem.dylib
0x00000001a8a92000 	/System/Library/PrivateFrameworks/AppleSystemInfo.framework/Versions/A/AppleSystemInfo
0x00000001c52cb000 	/System/Library/PrivateFrameworks/LoggingSupport.framework/Versions/A/LoggingSupport
0x00000001b30af000 	/System/Library/PrivateFrameworks/PowerLog.framework/Versions/A/PowerLog
0x0000000202e55000 	/System/Library/Frameworks/SwiftData.framework/Versions/A/SwiftData
0x00000001a5eae000 	/System/Library/PrivateFrameworks/UserManagement.framework/Versions/A/UserManagement
0x00000001a1f3c000 	/usr/lib/libboringssl.dylib
0x00000001a3fbb000 	/usr/lib/libdns_services.dylib
0x00000001c447a000 	/usr/lib/libquic.dylib
0x00000001adbce000 	/usr/lib/libusrtcp.dylib
0x00000001e8dc5000 	/System/Library/PrivateFrameworks/InternalSwiftProtobuf.framework/Versions/A/InternalSwiftProtobuf
0x0000000284aaa000 	/usr/lib/swift/libswiftDistributed.dylib
0x0000000284b43000 	/usr/lib/swift/libswiftSynchronization.dylib
0x00000001a200d000 	/usr/lib/libnetwork.dylib
0x00000001d5f81000 	/System/Library/PrivateFrameworks/OSAnalytics.framework/Versions/A/OSAnalytics
0x00000001aa890000 	/System/Library/PrivateFrameworks/AppleSauce.framework/Versions/A/AppleSauce
0x00000001b4384000 	/System/Library/PrivateFrameworks/CoreSymbolication.framework/Versions/A/CoreSymbolication
0x00000001e4a8e000 	/System/Library/PrivateFrameworks/Symbolication.framework/Versions/A/Symbolication
0x00000001b4360000 	/System/Library/PrivateFrameworks/DebugSymbols.framework/Versions/A/DebugSymbols
0x00000002837e9000 	/usr/lib/libAppleArchive.dylib
0x00000001aa19d000 	/usr/lib/libbz2.1.0.dylib
0x00000001abc8d000 	/usr/lib/liblzma.5.dylib
0x00000001a978f000 	/System/Library/PrivateFrameworks/IOMobileFramebuffer.framework/Versions/A/IOMobileFramebuffer
0x00000001c5354000 	/System/Library/PrivateFrameworks/MallocStackLogging.framework/Versions/A/MallocStackLogging
0x00000001abe7b000 	/System/Library/PrivateFrameworks/CrashReporterSupport.framework/Versions/A/CrashReporterSupport
0x000000019d52d000 	/System/Library/PrivateFrameworks/Lexicon.framework/Versions/A/Lexicon
0x0000000259636000 	/System/Library/PrivateFrameworks/IO80211.framework/Versions/A/IO80211
0x00000001b3e86000 	/System/Library/PrivateFrameworks/FrontBoardServices.framework/Versions/A/FrontBoardServices
0x00000001a99cb000 	/System/Library/Frameworks/SecurityFoundation.framework/Versions/A/SecurityFoundation
0x00000001a9b2d000 	/usr/lib/libgermantok.dylib
0x00000001a8bb6000 	/System/Library/PrivateFrameworks/LinguisticData.framework/Versions/A/LinguisticData
0x00000001a3df9000 	/System/Library/PrivateFrameworks/BaseBoard.framework/Versions/A/BaseBoard
0x00000001b3f53000 	/System/Library/PrivateFrameworks/BoardServices.framework/Versions/A/BoardServices
0x00000001a99bc000 	/System/Library/PrivateFrameworks/AssertionServices.framework/Versions/A/AssertionServices
0x00000001b5ba3000 	/System/Library/PrivateFrameworks/BackBoardServices.framework/Versions/A/BackBoardServices
0x00000001a7c65000 	/System/Library/PrivateFrameworks/FontServices.framework/libFontParser.dylib
0x00000001a2487000 	/System/Library/PrivateFrameworks/TCC.framework/Versions/A/TCC
0x00000001b959b000 	/System/Library/PrivateFrameworks/IOSurfaceAccelerator.framework/Versions/A/IOSurfaceAccelerator
0x00000001ac766000 	/System/Library/PrivateFrameworks/WatchdogClient.framework/Versions/A/WatchdogClient
0x000000019ea78000 	/System/Library/Frameworks/CoreDisplay.framework/Versions/A/CoreDisplay
0x00000001a7b09000 	/System/Library/Frameworks/CoreMedia.framework/Versions/A/CoreMedia
0x00000001a7864000 	/System/Library/PrivateFrameworks/IOAccelerator.framework/Versions/A/IOAccelerator
0x00000001a5e0d000 	/System/Library/Frameworks/CoreVideo.framework/Versions/A/CoreVideo
0x00000001aa8f6000 	/System/Library/Frameworks/MetalPerformanceShaders.framework/Versions/A/MetalPerformanceShaders
0x0000000269690000 	/System/Library/PrivateFrameworks/ProDisplayLibrary.framework/Versions/A/ProDisplayLibrary
0x00000001ac7ae000 	/System/Library/Frameworks/VideoToolbox.framework/Versions/A/VideoToolbox
0x00000001a8a90000 	/System/Library/PrivateFrameworks/AggregateDictionary.framework/Versions/A/AggregateDictionary
0x00000001abcae000 	/System/Library/PrivateFrameworks/APFS.framework/Versions/A/APFS
0x00000001abd2f000 	/usr/lib/libutil.dylib
0x00000002745b5000 	/System/Library/PrivateFrameworks/SwiftASN1Internal.framework/Versions/A/SwiftASN1Internal
0x00000001a51a6000 	/System/Library/Frameworks/Accelerate.framework/Versions/A/Frameworks/vImage.framework/Versions/A/vImage
0x00000001b20d0000 	/System/Library/Frameworks/Accelerate.framework/Versions/A/Frameworks/vecLib.framework/Versions/A/vecLib
0x00000001abd67000 	/System/Library/Frameworks/Accelerate.framework/Versions/A/Frameworks/vecLib.framework/Versions/A/libvMisc.dylib
0x000000019ce99000 	/System/Library/Frameworks/Accelerate.framework/Versions/A/Frameworks/vecLib.framework/Versions/A/libBLAS.dylib
0x00000001ae4fa000 	/System/Library/Frameworks/ApplicationServices.framework/Versions/A/Frameworks/ATS.framework/Versions/A/ATS
0x00000001a32b8000 	/System/Library/Frameworks/ApplicationServices.framework/Versions/A/Frameworks/HIServices.framework/Versions/A/HIServices
0x00000001acdb3000 	/System/Library/Frameworks/ApplicationServices.framework/Versions/A/Frameworks/PrintCore.framework/Versions/A/PrintCore
0x00000001ae8b7000 	/System/Library/Frameworks/ApplicationServices.framework/Versions/A/Frameworks/QD.framework/Versions/A/QD
0x00000001ae8ae000 	/System/Library/Frameworks/ApplicationServices.framework/Versions/A/Frameworks/ColorSyncLegacy.framework/Versions/A/ColorSyncLegacy
0x00000001ae4cc000 	/System/Library/Frameworks/ApplicationServices.framework/Versions/A/Frameworks/SpeechSynthesis.framework/Versions/A/SpeechSynthesis
0x00000001a975c000 	/System/Library/PrivateFrameworks/CoreEmoji.framework/Versions/A/CoreEmoji
0x00000002506fb000 	/System/Library/PrivateFrameworks/FontServices.framework/Versions/A/FontServices
0x00000001ac2b4000 	/System/Library/PrivateFrameworks/OTSVG.framework/Versions/A/OTSVG
0x00000001a598a000 	/System/Library/Frameworks/ApplicationServices.framework/Versions/A/Frameworks/ATS.framework/Versions/A/Resources/libFontRegistry.dylib
0x0000000283eab000 	/usr/lib/libhvf.dylib
0x0000000265594000 	/System/Library/PrivateFrameworks/ParsingInternal.framework/Versions/A/ParsingInternal
0x0000000284af3000 	/usr/lib/swift/libswiftRegexBuilder.dylib
0x0000000284c7b000 	/usr/lib/swift/libswift_RegexParser.dylib
0x00000001ac62f000 	/System/Library/PrivateFrameworks/AppleJPEG.framework/Versions/A/AppleJPEG
0x00000001ac0d0000 	/usr/lib/libexpat.1.dylib
0x00000001acc89000 	/System/Library/Frameworks/ImageIO.framework/Versions/A/Resources/libPng.dylib
0x00000001accb4000 	/System/Library/Frameworks/ImageIO.framework/Versions/A/Resources/libTIFF.dylib
0x00000001acd9e000 	/System/Library/Frameworks/ImageIO.framework/Versions/A/Resources/libGIF.dylib
0x00000001ac675000 	/System/Library/Frameworks/ImageIO.framework/Versions/A/Resources/libJP2.dylib
0x00000001acd45000 	/System/Library/Frameworks/ImageIO.framework/Versions/A/Resources/libJPEG.dylib
0x00000001acd3c000 	/System/Library/Frameworks/ImageIO.framework/Versions/A/Resources/libRadiance.dylib
0x00000002553ca000 	/System/Library/PrivateFrameworks/GPUCompiler.framework/Versions/32023/Libraries/libllvm-flatbuffers.dylib
0x00000002507c6000 	/System/Library/PrivateFrameworks/FramePacing.framework/Versions/A/FramePacing
0x00000001fc943000 	/System/Library/Frameworks/OpenGL.framework/Versions/A/Libraries/libCoreFSCache.dylib
0x000000025133b000 	/System/Library/PrivateFrameworks/GPUCompiler.framework/Versions/32023/Libraries/libGPUCompilerUtils.dylib
0x00000002506fc000 	/System/Library/PrivateFrameworks/FontServices.framework/libXTFontStaticRegistryData.dylib
0x00000001b79b3000 	/System/Library/PrivateFrameworks/ASEProcessing.framework/Versions/A/ASEProcessing
0x00000002687fd000 	/System/Library/PrivateFrameworks/PhotosensitivityProcessing.framework/Versions/A/PhotosensitivityProcessing
0x00000001ac2a8000 	/System/Library/PrivateFrameworks/GraphVisualizer.framework/Versions/A/GraphVisualizer
0x00000001fc9a1000 	/System/Library/Frameworks/OpenGL.framework/Versions/A/Libraries/libGLU.dylib
0x00000001fc965000 	/System/Library/Frameworks/OpenGL.framework/Versions/A/Libraries/libGFXShared.dylib
0x00000001fcb2d000 	/System/Library/Frameworks/OpenGL.framework/Versions/A/Libraries/libGL.dylib
0x00000001fc96e000 	/System/Library/Frameworks/OpenGL.framework/Versions/A/Libraries/libGLImage.dylib
0x00000001fc962000 	/System/Library/Frameworks/OpenGL.framework/Versions/A/Libraries/libCVMSPluginSupport.dylib
0x00000001fc94b000 	/System/Library/Frameworks/OpenGL.framework/Versions/A/Libraries/libCoreVMClient.dylib
0x00000001a89d4000 	/System/Library/Frameworks/MetalPerformanceShaders.framework/Versions/A/Frameworks/MPSCore.framework/Versions/A/MPSCore
0x00000001aa0fc000 	/System/Library/Frameworks/MetalPerformanceShaders.framework/Versions/A/Frameworks/MPSImage.framework/Versions/A/MPSImage
0x00000001a9b45000 	/System/Library/Frameworks/MetalPerformanceShaders.framework/Versions/A/Frameworks/MPSNeuralNetwork.framework/Versions/A/MPSNeuralNetwork
0x00000001a9f7c000 	/System/Library/Frameworks/MetalPerformanceShaders.framework/Versions/A/Frameworks/MPSMatrix.framework/Versions/A/MPSMatrix
0x00000001a9d91000 	/System/Library/Frameworks/MetalPerformanceShaders.framework/Versions/A/Frameworks/MPSRayIntersector.framework/Versions/A/MPSRayIntersector
0x00000001a9fae000 	/System/Library/Frameworks/MetalPerformanceShaders.framework/Versions/A/Frameworks/MPSNDArray.framework/Versions/A/MPSNDArray
0x0000000200243000 	/System/Library/Frameworks/MetalPerformanceShaders.framework/Versions/A/Frameworks/MPSFunctions.framework/Versions/A/MPSFunctions
0x0000000200225000 	/System/Library/Frameworks/MetalPerformanceShaders.framework/Versions/A/Frameworks/MPSBenchmarkLoop.framework/Versions/A/MPSBenchmarkLoop
0x000000019cd14000 	/System/Library/PrivateFrameworks/MetalTools.framework/Versions/A/MetalTools
0x00000001ca03d000 	/System/Library/PrivateFrameworks/IOAccelMemoryInfo.framework/Versions/A/IOAccelMemoryInfo
0x00000001d7742000 	/System/Library/PrivateFrameworks/kperf.framework/Versions/A/kperf
0x00000001c53bb000 	/System/Library/PrivateFrameworks/GPURawCounter.framework/Versions/A/GPURawCounter
0x00000001acd70000 	/System/Library/Frameworks/ApplicationServices.framework/Versions/A/Frameworks/ATSUI.framework/Versions/A/ATSUI
0x00000001ae842000 	/usr/lib/libcups.2.dylib
0x00000001ae8dc000 	/System/Library/Frameworks/Kerberos.framework/Versions/A/Kerberos
0x00000001ae542000 	/usr/lib/libresolv.9.dylib
0x00000001aa70c000 	/usr/lib/libiconv.2.dylib
0x00000001ac306000 	/System/Library/PrivateFrameworks/Heimdal.framework/Versions/A/Heimdal
0x00000001b67c7000 	/System/Library/Frameworks/Kerberos.framework/Versions/A/Libraries/libHeimdalProxy.dylib
0x00000001ac0eb000 	/usr/lib/libheimdal-asn1.dylib
0x00000001a5c70000 	/System/Library/Frameworks/OpenDirectory.framework/Versions/A/OpenDirectory
0x00000001ae93f000 	/System/Library/PrivateFrameworks/CommonAuth.framework/Versions/A/CommonAuth
0x00000001a5c7e000 	/System/Library/Frameworks/OpenDirectory.framework/Versions/A/Frameworks/CFOpenDirectory.framework/Versions/A/CFOpenDirectory
0x00000001aa667000 	/usr/lib/libcharset.1.dylib
0x00000001fcec9000 	/System/Library/Frameworks/AVFAudio.framework/Versions/A/AVFAudio
0x00000001beca7000 	/System/Library/PrivateFrameworks/AXCoreUtilities.framework/Versions/A/AXCoreUtilities
0x000000025cf6f000 	/System/Library/PrivateFrameworks/IsolatedCoreAudioClient.framework/Versions/A/IsolatedCoreAudioClient
0x00000001ae4b3000 	/usr/lib/libAudioStatistics.dylib
0x00000001a7ae1000 	/System/Library/PrivateFrameworks/caulk.framework/Versions/A/caulk
0x000000019eb99000 	/System/Library/PrivateFrameworks/AudioToolboxCore.framework/Versions/A/AudioToolboxCore
0x00000001b8abd000 	/System/Library/Frameworks/CoreMIDI.framework/Versions/A/CoreMIDI
0x00000001ae455000 	/System/Library/PrivateFrameworks/AudioSession.framework/Versions/A/AudioSession
0x00000001afd58000 	/System/Library/Frameworks/IOBluetooth.framework/Versions/A/IOBluetooth
0x00000001ac1d5000 	/System/Library/PrivateFrameworks/MediaExperience.framework/Versions/A/MediaExperience
0x0000000277079000 	/System/Library/PrivateFrameworks/Tightbeam.framework/Versions/A/Tightbeam
0x000000024af60000 	/System/Library/PrivateFrameworks/CoreAudioOrchestration.framework/Versions/A/CoreAudioOrchestration
0x00000001dc07a000 	/System/Library/PrivateFrameworks/AFKUser.framework/Versions/A/AFKUser
0x00000001c53bf000 	/usr/lib/swift/libswiftCoreAudio.dylib
0x00000001ac2f5000 	/System/Library/PrivateFrameworks/AppServerSupport.framework/Versions/A/AppServerSupport
0x00000001ae8c0000 	/System/Library/PrivateFrameworks/perfdata.framework/Versions/A/perfdata
0x00000001c4573000 	/System/Library/PrivateFrameworks/SystemPolicy.framework/Versions/A/SystemPolicy
0x00000001ae761000 	/usr/lib/libSMC.dylib
0x00000001acc53000 	/usr/lib/libAudioToolboxUtility.dylib
0x00000001ae8ce000 	/usr/lib/libperfcheck.dylib
0x0000000246e87000 	/System/Library/PrivateFrameworks/AudioAnalytics.framework/Versions/A/AudioAnalytics
0x00000001e8b8c000 	/System/Library/Frameworks/OSLog.framework/Versions/A/OSLog
0x00000001c5386000 	/usr/lib/libmis.dylib
0x00000001ae263000 	/System/Library/PrivateFrameworks/AudioSession.framework/libSessionUtility.dylib
0x00000001acda4000 	/System/Library/PrivateFrameworks/CMCaptureCore.framework/Versions/A/CMCaptureCore
0x00000001fe572000 	/System/Library/Frameworks/ExtensionFoundation.framework/Versions/A/ExtensionFoundation
0x00000001b4491000 	/System/Library/PrivateFrameworks/CoreTime.framework/Versions/A/CoreTime
0x00000001abfcf000 	/System/Library/PrivateFrameworks/PlugInKit.framework/Versions/A/PlugInKit
0x00000001b2fb8000 	/System/Library/Frameworks/CoreBluetooth.framework/Versions/A/CoreBluetooth
0x00000001b67c8000 	/System/Library/Frameworks/AudioUnit.framework/Versions/A/AudioUnit
0x00000001a9820000 	/System/Library/PrivateFrameworks/CoreUtils.framework/Versions/A/CoreUtils
0x000000024df13000 	/System/Library/PrivateFrameworks/CoreUtilsExtras.framework/Versions/A/CoreUtilsExtras
0x00000001b23f1000 	/System/Library/Frameworks/MediaAccessibility.framework/Versions/A/MediaAccessibility
0x00000001cd9dd000 	/System/Library/PrivateFrameworks/AttributeGraph.framework/Versions/A/AttributeGraph
0x0000000283767000 	/usr/lib/libAXSafeCategoryBundle.dylib
0x00000001bed63000 	/usr/lib/libAccessibility.dylib
0x00000001a966a000 	/System/Library/Frameworks/Accelerate.framework/Versions/A/Frameworks/vecLib.framework/Versions/A/libvDSP.dylib
0x00000001aa9d4000 	/System/Library/Frameworks/Accelerate.framework/Versions/A/Frameworks/vecLib.framework/Versions/A/libLAPACK.dylib
0x00000001a9b30000 	/System/Library/Frameworks/Accelerate.framework/Versions/A/Frameworks/vecLib.framework/Versions/A/libLinearAlgebra.dylib
0x00000001aa8cf000 	/System/Library/Frameworks/Accelerate.framework/Versions/A/Frameworks/vecLib.framework/Versions/A/libSparseBLAS.dylib
0x00000001aa9cf000 	/System/Library/Frameworks/Accelerate.framework/Versions/A/Frameworks/vecLib.framework/Versions/A/libQuadrature.dylib
0x00000001a8bbd000 	/System/Library/Frameworks/Accelerate.framework/Versions/A/Frameworks/vecLib.framework/Versions/A/libBNNS.dylib
0x000000019d63a000 	/System/Library/Frameworks/Accelerate.framework/Versions/A/Frameworks/vecLib.framework/Versions/A/libSparse.dylib
0x000000025e6e6000 	/System/Library/PrivateFrameworks/MIL.framework/Versions/A/MIL
0x00000001acd37000 	/System/Library/PrivateFrameworks/GPUWrangler.framework/Versions/A/GPUWrangler
0x00000001acd17000 	/System/Library/PrivateFrameworks/IOPresentment.framework/Versions/A/IOPresentment
0x00000001acd3f000 	/System/Library/PrivateFrameworks/DSExternalDisplay.framework/Versions/A/DSExternalDisplay
0x00000001e8f93000 	/System/Library/PrivateFrameworks/HIDDisplay.framework/Versions/A/HIDDisplay
0x00000001bdf81000 	/System/Library/PrivateFrameworks/HID.framework/Versions/A/HID
0x000000027a8bb000 	/System/Library/PrivateFrameworks/VideoToolboxParavirtualizationSupport.framework/Versions/A/VideoToolboxParavirtualizationSupport
0x00000001ac087000 	/System/Library/PrivateFrameworks/AppleVA.framework/Versions/A/AppleVA
0x00000001b4000000 	/System/Library/PrivateFrameworks/GraphicsServices.framework/Versions/A/GraphicsServices
0x00000001aeab2000 	/System/Library/PrivateFrameworks/CorePhoneNumbers.framework/Versions/A/CorePhoneNumbers
0x00000001b31a0000 	/System/Library/PrivateFrameworks/MediaKit.framework/Versions/A/MediaKit
0x00000001b30eb000 	/System/Library/Frameworks/DiscRecording.framework/Versions/A/DiscRecording
0x00000001ae8a1000 	/System/Library/PrivateFrameworks/NetAuth.framework/Versions/A/NetAuth
0x00000001a5e6e000 	/System/Library/PrivateFrameworks/login.framework/Versions/A/Frameworks/loginsupport.framework/Versions/A/loginsupport
0x00000001ac0f5000 	/System/Library/PrivateFrameworks/IconFoundation.framework/Versions/A/IconFoundation
0x00000001abe72000 	/usr/lib/libIOReport.dylib
0x0000000246a97000 	/System/Library/PrivateFrameworks/AppleMobileFileIntegrity.framework/Versions/A/AppleMobileFileIntegrity
0x0000000283b29000 	/usr/lib/libTLE.dylib
0x00000001f999f000 	/System/Library/PrivateFrameworks/ConfigProfileHelper.framework/Versions/A/ConfigProfileHelper
0x00000001a9acd000 	/usr/lib/libmecab.dylib
0x000000019d7ca000 	/usr/lib/libCRFSuite.dylib
0x00000001a8a99000 	/System/Library/PrivateFrameworks/CoreNLP.framework/Versions/A/CoreNLP
0x00000001aa887000 	/usr/lib/libThaiTokenizer.dylib
0x00000001a9a97000 	/usr/lib/libCheckFix.dylib
0x00000001a50b1000 	/System/Library/PrivateFrameworks/MetadataUtilities.framework/Versions/A/MetadataUtilities
0x0000000259f1a000 	/System/Library/PrivateFrameworks/InstalledContentLibrary.framework/Versions/A/InstalledContentLibrary
0x00000001a02b1000 	/System/Library/PrivateFrameworks/CoreServicesStore.framework/Versions/A/CoreServicesStore
0x00000001d784c000 	/System/Library/PrivateFrameworks/MobileSystemServices.framework/Versions/A/MobileSystemServices
0x00000001abd33000 	/usr/lib/libxslt.1.dylib
0x00000001a9a5a000 	/System/Library/PrivateFrameworks/BackgroundTaskManagement.framework/Versions/A/BackgroundTaskManagement
0x00000001b5f27000 	/usr/lib/libcurl.4.dylib
0x0000000283d5d000 	/usr/lib/libcrypto.46.dylib
0x0000000284887000 	/usr/lib/libssl.48.dylib
0x00000001b5bff000 	/System/Library/Frameworks/LDAP.framework/Versions/A/LDAP
0x00000001b5c3b000 	/System/Library/PrivateFrameworks/TrustEvaluationAgent.framework/Versions/A/TrustEvaluationAgent
0x00000001ae55f000 	/usr/lib/libsasl2.2.dylib
0x00000001c2748000 	/usr/lib/swift/libswiftCoreGraphics.dylib
0x00000001b2a20000 	/usr/lib/swift/libswiftFoundation.dylib
0x00000001f9429000 	/usr/lib/swift/libswiftSwiftOnoneSupport.dylib
0x00000001e523f000 	/System/Library/PrivateFrameworks/CoreMaterial.framework/Versions/A/CoreMaterial
0x000000026b120000 	/System/Library/PrivateFrameworks/SFSymbols.framework/Versions/A/SFSymbols
0x00000001b1ceb000 	/System/Library/PrivateFrameworks/SpeechRecognitionCore.framework/Versions/A/SpeechRecognitionCore
0x00000001c3f96000 	/System/Library/Frameworks/Carbon.framework/Versions/A/Carbon
0x00000001bafcc000 	/System/Library/Frameworks/Carbon.framework/Versions/A/Frameworks/CommonPanels.framework/Versions/A/CommonPanels
0x00000001b5f12000 	/System/Library/Frameworks/Carbon.framework/Versions/A/Frameworks/Help.framework/Versions/A/Help
0x00000001bafd0000 	/System/Library/Frameworks/Carbon.framework/Versions/A/Frameworks/ImageCapture.framework/Versions/A/ImageCapture
0x00000001bafac000 	/System/Library/Frameworks/Carbon.framework/Versions/A/Frameworks/OpenScripting.framework/Versions/A/OpenScripting
0x00000001bafcb000 	/System/Library/Frameworks/Carbon.framework/Versions/A/Frameworks/Ink.framework/Versions/A/Ink
0x00000001bafc8000 	/System/Library/Frameworks/Carbon.framework/Versions/A/Frameworks/SecurityHI.framework/Versions/A/SecurityHI
0x00000001a5b35000 	/System/Library/PrivateFrameworks/ViewBridge.framework/Versions/A/ViewBridge
0x00000001130a4000 	/usr/lib/libobjc-trampolines.dylib
0x000000028376b000 	/usr/lib/libAccessibilityBaseImplementations.dylib
0x000000027de91000 	/System/Library/PrivateFrameworks/WritingToolsUI.framework/Versions/A/WritingToolsUI
0x0000000256525000 	/System/Library/PrivateFrameworks/GenerativeAssistantSettings.framework/Versions/A/GenerativeAssistantSettings
0x00000002752bb000 	/System/Library/PrivateFrameworks/TextComposer.framework/Versions/A/TextComposer
0x00000001c53e7000 	/usr/lib/swift/libswiftIntents.dylib
0x0000000284b05000 	/usr/lib/swift/libswiftSpatial.dylib
0x00000001fd022000 	/System/Library/Frameworks/AppIntents.framework/Versions/A/AppIntents
0x00000001cc2b5000 	/System/Library/Frameworks/SwiftUI.framework/Versions/A/SwiftUI
0x00000001c2824000 	/System/Library/Frameworks/WebKit.framework/Versions/A/WebKit
0x0000000241fae000 	/System/Library/Frameworks/_AuthenticationServices_SwiftUI.framework/Versions/A/_AuthenticationServices_SwiftUI
0x0000000244b8e000 	/System/Library/PrivateFrameworks/Anvil.framework/Versions/A/Anvil
0x00000001cb92a000 	/System/Library/PrivateFrameworks/AppStoreDaemon.framework/Versions/A/AppStoreDaemon
0x00000001b8cd8000 	/System/Library/PrivateFrameworks/AppleMediaServices.framework/Versions/A/AppleMediaServices
0x00000001c83a9000 	/System/Library/PrivateFrameworks/AppleMediaServicesUI.framework/Versions/A/AppleMediaServicesUI
0x00000002564ff000 	/System/Library/PrivateFrameworks/GenerativeAssistantCommon.framework/Versions/A/GenerativeAssistantCommon
0x00000001f8a41000 	/System/Library/PrivateFrameworks/JetEngine.framework/Versions/A/JetEngine
0x000000025e047000 	/System/Library/PrivateFrameworks/LinkMetadata.framework/Versions/A/LinkMetadata
0x00000001c5c69000 	/System/Library/PrivateFrameworks/OnBoardingKit.framework/Versions/A/OnBoardingKit
0x000000026bf9b000 	/System/Library/PrivateFrameworks/Settings.framework/Versions/A/Settings
0x00000001aa4d7000 	/System/Library/Frameworks/CoreSpotlight.framework/Versions/A/CoreSpotlight
0x000000025e288000 	/System/Library/PrivateFrameworks/LinkServices.framework/Versions/A/LinkServices
0x000000024eba4000 	/System/Library/PrivateFrameworks/DoNotDisturb.framework/Versions/A/DoNotDisturb
0x00000001ca14d000 	/System/Library/PrivateFrameworks/IntentsCore.framework/Versions/A/IntentsCore
0x0000000247274000 	/System/Library/PrivateFrameworks/AvailabilityKit.framework/Versions/A/AvailabilityKit
0x0000000244dde000 	/System/Library/PrivateFrameworks/AppIntentSchemas.framework/Versions/A/AppIntentSchemas
0x0000000273dd1000 	/System/Library/PrivateFrameworks/StatusKit.framework/Versions/A/StatusKit
0x000000026a2cd000 	/System/Library/PrivateFrameworks/RecapPerformanceTesting.framework/Versions/A/RecapPerformanceTesting
0x00000001c5c59000 	/System/Library/PrivateFrameworks/SignpostCollection.framework/Versions/A/SignpostCollection
0x0000000283b28000 	/usr/lib/libSpatial.dylib
0x00000001b86ce000 	/System/Library/Frameworks/WebKit.framework/Versions/A/Frameworks/WebKitLegacy.framework/Versions/A/WebKitLegacy
0x00000001b6614000 	/System/Library/PrivateFrameworks/CorePrediction.framework/Versions/A/CorePrediction
0x00000001a6b28000 	/System/Library/Frameworks/WebKit.framework/Versions/A/Frameworks/WebCore.framework/Versions/A/Frameworks/libwebrtc.dylib
0x00000001c27b0000 	/System/Library/PrivateFrameworks/SafariSafeBrowsing.framework/Versions/A/SafariSafeBrowsing
0x00000001ae5e8000 	/System/Library/Frameworks/SecurityInterface.framework/Versions/A/SecurityInterface
0x00000001c5c68000 	/System/Library/PrivateFrameworks/WebInspectorUI.framework/Versions/A/WebInspectorUI
0x00000001bafd3000 	/System/Library/Frameworks/JavaScriptCore.framework/Versions/A/JavaScriptCore
0x00000001bed94000 	/System/Library/Frameworks/WebKit.framework/Versions/A/Frameworks/WebCore.framework/Versions/A/WebCore
0x00000001fda00000 	/System/Library/Frameworks/BrowserEngineCore.framework/Versions/A/BrowserEngineCore
0x0000000241b0c000 	/System/Library/Frameworks/WebKit.framework/Versions/A/Frameworks/WebCore.framework/Versions/A/Frameworks/libANGLE-shared.dylib
0x000000027ca88000 	/System/Library/PrivateFrameworks/WebGPU.framework/Versions/A/WebGPU
0x00000001c7a3b000 	/System/Library/Frameworks/SceneKit.framework/Versions/A/SceneKit
0x00000001d8073000 	/System/Library/Frameworks/ModelIO.framework/Versions/A/ModelIO
0x00000001aff23000 	/System/Library/Frameworks/MetalKit.framework/Versions/A/MetalKit
0x00000001b2002000 	/System/Library/Frameworks/GLKit.framework/Versions/A/GLKit
0x000000028503e000 	/usr/lib/usd/libusd_ms.dylib
0x00000002790d0000 	/System/Library/PrivateFrameworks/USDLib_FormatLoaderProxy.framework/Versions/A/USDLib_FormatLoaderProxy
0x00000001c4e6f000 	/System/Library/PrivateFrameworks/CoreOptimization.framework/Versions/A/CoreOptimization
0x0000000247147000 	/System/Library/PrivateFrameworks/AuthenticationServicesCore.framework/Versions/A/AuthenticationServicesCore
0x00000001cebd2000 	/System/Library/Frameworks/AuthenticationServices.framework/Versions/A/AuthenticationServices
0x00000001abfab000 	/System/Library/PrivateFrameworks/SharedWebCredentials.framework/Versions/A/SharedWebCredentials
0x00000001c6aa5000 	/System/Library/PrivateFrameworks/SafariCore.framework/Versions/A/SafariCore
0x00000001ce724000 	/System/Library/PrivateFrameworks/SafariFoundation.framework/Versions/A/SafariFoundation
0x00000002481d1000 	/System/Library/PrivateFrameworks/CBORLibrary.framework/Versions/A/CBORLibrary
0x0000000248f79000 	/System/Library/PrivateFrameworks/Chirp.framework/Versions/A/Chirp
0x00000001f9cd4000 	/System/Library/PrivateFrameworks/RemoteManagement.framework/Versions/A/RemoteManagement
0x000000026a623000 	/System/Library/PrivateFrameworks/RemoteManagementModel.framework/Versions/A/RemoteManagementModel
0x000000026a6b0000 	/System/Library/PrivateFrameworks/RemoteManagementStore.framework/Versions/A/RemoteManagementStore
0x00000001aff41000 	/usr/lib/libxcselect.dylib
0x00000001ce693000 	/System/Library/PrivateFrameworks/DifferentialPrivacy.framework/Versions/A/DifferentialPrivacy
0x00000001b2cd1000 	/System/Library/Frameworks/Contacts.framework/Versions/A/Contacts
0x00000002798f4000 	/System/Library/PrivateFrameworks/VDAF.framework/Versions/A/VDAF
0x00000001b2aee000 	/System/Library/PrivateFrameworks/ContactsPersistence.framework/Versions/A/ContactsPersistence
0x00000001b1d05000 	/System/Library/PrivateFrameworks/AppleLDAP.framework/Versions/A/AppleLDAP
0x00000001b62bb000 	/System/Library/Frameworks/ClassKit.framework/Versions/A/ClassKit
0x00000001b83fa000 	/System/Library/PrivateFrameworks/CoreSuggestions.framework/Versions/A/CoreSuggestions
0x00000001b2a21000 	/System/Library/PrivateFrameworks/ContactsFoundation.framework/Versions/A/ContactsFoundation
0x00000001b3fc2000 	/System/Library/PrivateFrameworks/vCard.framework/Versions/A/vCard
0x000000024a79c000 	/System/Library/PrivateFrameworks/ContactsMetrics.framework/Versions/A/ContactsMetrics
0x00000001ac3c7000 	/System/Library/PrivateFrameworks/login.framework/Versions/A/login
0x00000002603d0000 	/System/Library/PrivateFrameworks/ManagedOrganizationContacts.framework/Versions/A/ManagedOrganizationContacts
0x00000001a6294000 	/System/Library/PrivateFrameworks/CloudDocs.framework/Versions/A/CloudDocs
0x00000001b79e9000 	/System/Library/PrivateFrameworks/ConfigurationProfiles.framework/Versions/A/ConfigurationProfiles
0x000000024e123000 	/System/Library/PrivateFrameworks/DMCUtilities.framework/Versions/A/DMCUtilities
0x000000025e663000 	/System/Library/PrivateFrameworks/MDMClientLibrary.framework/Versions/A/MDMClientLibrary
0x000000026a6a4000 	/System/Library/PrivateFrameworks/RemoteManagementProtocol.framework/Versions/A/RemoteManagementProtocol
0x0000000283934000 	/usr/lib/libEndpointSecuritySystem.dylib
0x00000001b242b000 	/System/Library/PrivateFrameworks/SystemAdministration.framework/Versions/A/SystemAdministration
0x00000001bc8d9000 	/System/Library/PrivateFrameworks/PowerlogControl.framework/Versions/A/PowerlogControl
0x00000001a9a89000 	/System/Library/Frameworks/ServiceManagement.framework/Versions/A/ServiceManagement
0x00000001bc8db000 	/usr/lib/libUniversalAccess.dylib
0x00000001b95a6000 	/System/Library/PrivateFrameworks/FamilyControls.framework/Versions/A/FamilyControls
0x00000001b1cb6000 	/System/Library/Frameworks/DirectoryService.framework/Versions/A/DirectoryService
0x00000001b5fa9000 	/System/Library/PrivateFrameworks/LoginUIKit.framework/Versions/A/Frameworks/LoginUICore.framework/Versions/A/LoginUICore
0x00000001ac5b7000 	/usr/lib/libodfde.dylib
0x00000001b95a0000 	/System/Library/PrivateFrameworks/UniversalAccess.framework/Versions/A/Libraries/libUAPreferences.dylib
0x00000001b95ca000 	/System/Library/PrivateFrameworks/CommerceKit.framework/Versions/A/Frameworks/CommerceCore.framework/Versions/A/CommerceCore
0x000000024e0d1000 	/System/Library/PrivateFrameworks/DEPClientLibrary.framework/Versions/A/DEPClientLibrary
0x000000024e0f1000 	/System/Library/PrivateFrameworks/DMCEnrollmentLibrary.framework/Versions/A/DMCEnrollmentLibrary
0x00000001bc9bf000 	/System/Library/PrivateFrameworks/SetupAssistantFramework.framework/Versions/A/SetupAssistantFramework
0x00000001b666e000 	/System/Library/PrivateFrameworks/AuthKitUI.framework/Versions/A/AuthKitUI
0x00000001b5ff3000 	/System/Library/PrivateFrameworks/AppSSO.framework/Versions/A/AppSSO
0x00000001cb690000 	/System/Library/PrivateFrameworks/LocalAuthenticationUI.framework/Versions/A/LocalAuthenticationUI
0x0000000268862000 	/System/Library/PrivateFrameworks/PlatformSSO.framework/Versions/A/PlatformSSO
0x00000001cc07d000 	/System/Library/PrivateFrameworks/AOSUI.framework/Versions/A/AOSUI
0x00000001be450000 	/System/Library/Frameworks/ContactsUI.framework/Versions/A/ContactsUI
0x00000001b2f08000 	/System/Library/PrivateFrameworks/FamilyCircle.framework/Versions/A/FamilyCircle
0x00000001d9722000 	/System/Library/Frameworks/LinkPresentation.framework/Versions/A/LinkPresentation
0x000000026892e000 	/System/Library/PrivateFrameworks/PlatformSSOCore.framework/Versions/A/PlatformSSOCore
0x00000001be162000 	/System/Library/PrivateFrameworks/IASUtilities.framework/Versions/A/IASUtilities
0x0000000259566000 	/System/Library/PrivateFrameworks/IASUtilitiesCore.framework/Versions/A/IASUtilitiesCore
0x000000025e54b000 	/System/Library/PrivateFrameworks/LocalAuthenticationCoreUI.framework/Versions/A/LocalAuthenticationCoreUI
0x00000001c5104000 	/System/Library/Frameworks/LocalAuthentication.framework/Support/DaemonUtils.framework/Versions/A/DaemonUtils
0x00000001c8370000 	/System/Library/PrivateFrameworks/BridgeXPC.framework/Versions/A/BridgeXPC
0x00000001ac3eb000 	/System/Library/PrivateFrameworks/CoreBrightness.framework/Versions/A/CoreBrightness
0x00000001c5d42000 	/System/Library/PrivateFrameworks/CoreKDL.framework/Versions/A/CoreKDL
0x00000001c456c000 	/System/Library/PrivateFrameworks/EmbeddedOSSupportHost.framework/Versions/A/EmbeddedOSSupportHost
0x0000000274ae4000 	/System/Library/PrivateFrameworks/SystemStatus.framework/Versions/A/SystemStatus
0x00000001d37f9000 	/System/Library/PrivateFrameworks/StorageKit.framework/Versions/A/StorageKit
0x00000001fb34e000 	/System/Library/Frameworks/DeviceCheck.framework/Versions/A/DeviceCheck
0x00000001fe679000 	/System/Library/Frameworks/FSKit.framework/Versions/A/FSKit
0x000000024e8c1000 	/System/Library/PrivateFrameworks/DiskImages2.framework/Versions/A/DiskImages2
0x000000025e3d8000 	/System/Library/PrivateFrameworks/LiveFS.framework/Versions/A/LiveFS
0x00000002811d3000 	/System/Library/PrivateFrameworks/icloudMCCKit.framework/Versions/A/icloudMCCKit
0x0000000245adc000 	/System/Library/PrivateFrameworks/AppleAccountUI.framework/Versions/A/AppleAccountUI
0x0000000249a9f000 	/System/Library/PrivateFrameworks/CloudSubscriptionFeatures.framework/Versions/A/CloudSubscriptionFeatures
0x00000001e520b000 	/System/Library/PrivateFrameworks/PreferencePanesSupport.framework/Versions/A/PreferencePanesSupport
0x00000001cc22d000 	/System/Library/PrivateFrameworks/FindMyDeviceUI.framework/Versions/A/FindMyDeviceUI
0x000000027ee0b000 	/System/Library/PrivateFrameworks/iCloudQuotaUI.framework/Versions/A/iCloudQuotaUI
0x00000001e53be000 	/System/Library/PrivateFrameworks/CoreCDPUI.framework/Versions/A/CoreCDPUI
0x00000001c680c000 	/System/Library/PrivateFrameworks/CoreFollowUpUI.framework/Versions/A/CoreFollowUpUI
0x00000001ae621000 	/System/Library/PrivateFrameworks/CoreFollowUp.framework/Versions/A/CoreFollowUp
0x00000001d2574000 	/System/Library/PrivateFrameworks/IMCore.framework/Versions/A/IMCore
0x00000001bc941000 	/System/Library/PrivateFrameworks/CoreCDP.framework/Versions/A/CoreCDP
0x00000001b8cca000 	/System/Library/PrivateFrameworks/AskPermission.framework/Versions/A/AskPermission
0x00000001ca0c8000 	/System/Library/Frameworks/Quartz.framework/Versions/A/Quartz
0x00000001d609e000 	/System/Library/PrivateFrameworks/CloudPhotoServicesConfiguration.framework/Versions/A/CloudPhotoServicesConfiguration
0x00000001c8ade000 	/System/Library/PrivateFrameworks/CommerceKit.framework/Versions/A/CommerceKit
0x00000001d79de000 	/System/Library/PrivateFrameworks/FindMyMac.framework/Versions/A/FindMyMac
0x00000001d78b5000 	/System/Library/Frameworks/PreferencePanes.framework/Versions/A/PreferencePanes
0x00000001cb788000 	/System/Library/Frameworks/AddressBook.framework/Versions/A/AddressBook
0x00000001b7cb2000 	/System/Library/PrivateFrameworks/AOSAccounts.framework/Versions/A/AOSAccounts
0x00000001b2425000 	/System/Library/PrivateFrameworks/AppleSRP.framework/Versions/A/AppleSRP
0x00000001c501e000 	/System/Library/Frameworks/SafariServices.framework/Versions/A/SafariServices
0x00000001b67d0000 	/System/Library/PrivateFrameworks/NetFSServer.framework/Versions/A/NetFSServer
0x00000001c7914000 	/System/Library/Frameworks/PDFKit.framework/Versions/A/PDFKit
0x00000001d88d6000 	/System/Library/PrivateFrameworks/EmailFoundation.framework/Versions/A/EmailFoundation
0x00000001d7912000 	/System/Library/PrivateFrameworks/EmailCore.framework/Versions/A/EmailCore
0x00000001db702000 	/System/Library/PrivateFrameworks/EmailAddressing.framework/Versions/A/EmailAddressing
0x00000001db70e000 	/System/Library/PrivateFrameworks/Email.framework/Versions/A/Email
0x0000000203b6a000 	/System/Library/Frameworks/TabularData.framework/Versions/A/TabularData
0x0000000284ae5000 	/usr/lib/swift/libswiftPassKit.dylib
0x00000002473b6000 	/System/Library/PrivateFrameworks/BackgroundSystemTasks.framework/Versions/A/BackgroundSystemTasks
0x000000025e5da000 	/System/Library/PrivateFrameworks/LockdownMode.framework/Versions/A/LockdownMode
0x00000001b2f02000 	/System/Library/PrivateFrameworks/CommunicationsFilter.framework/Versions/A/CommunicationsFilter
0x00000001e8ecf000 	/System/Library/Frameworks/PassKit.framework/Versions/A/PassKit
0x00000001ba0ca000 	/System/Library/PrivateFrameworks/PassKitCore.framework/Versions/A/PassKitCore
0x0000000265e19000 	/System/Library/PrivateFrameworks/PassKitMacHelperTemp.framework/Versions/A/PassKitMacHelperTemp
0x0000000244e1b000 	/System/Library/PrivateFrameworks/AppIntentsServices.framework/Versions/A/AppIntentsServices
0x00000001b78c8000 	/System/Library/PrivateFrameworks/CoreRecents.framework/Versions/A/CoreRecents
0x00000001c5151000 	/System/Library/PrivateFrameworks/BiometricKit.framework/Versions/A/BiometricKit
0x000000026b061000 	/System/Library/PrivateFrameworks/SEService.framework/Versions/A/SEService
0x00000001b84c6000 	/System/Library/Frameworks/EventKit.framework/Versions/A/EventKit
0x00000001ca16d000 	/System/Library/PrivateFrameworks/NearField.framework/Versions/A/NearField
0x00000001cbea5000 	/System/Library/PrivateFrameworks/FTClientServices.framework/Versions/A/FTClientServices
0x00000001e4c2c000 	/System/Library/PrivateFrameworks/DiagnosticRequest.framework/Versions/A/DiagnosticRequest
0x0000000283ae2000 	/usr/lib/libSESShared.dylib
0x000000026b202000 	/System/Library/PrivateFrameworks/STSXPCHelperClient.framework/Versions/A/STSXPCHelperClient
0x00000002748b7000 	/System/Library/PrivateFrameworks/Symptoms.framework/Versions/A/Frameworks/SymptomPresentationFeed.framework/Versions/A/SymptomPresentationFeed
0x000000024638f000 	/System/Library/PrivateFrameworks/AppleMediaServicesKitInternal.framework/Versions/A/AppleMediaServicesKitInternal
0x0000000274632000 	/System/Library/PrivateFrameworks/SymptomShared.framework/Versions/A/SymptomShared
0x0000000248b09000 	/System/Library/PrivateFrameworks/CalendarDatabase.framework/Versions/A/CalendarDatabase
0x0000000248a5d000 	/System/Library/PrivateFrameworks/CalendarDaemon.framework/Versions/A/CalendarDaemon
0x00000001b791d000 	/System/Library/PrivateFrameworks/CalendarFoundation.framework/Versions/A/CalendarFoundation
0x00000001b78d9000 	/System/Library/PrivateFrameworks/iCalendar.framework/Versions/A/iCalendar
0x000000024e358000 	/System/Library/PrivateFrameworks/DataAccessExpress.framework/Versions/A/DataAccessExpress
0x00000001bdff4000 	/System/Library/PrivateFrameworks/CoreDAV.framework/Versions/A/CoreDAV
0x00000001b839b000 	/System/Library/PrivateFrameworks/CalDAV.framework/Versions/A/CalDAV
0x00000001c250d000 	/System/Library/PrivateFrameworks/TelephonyUtilities.framework/Versions/A/TelephonyUtilities
0x00000001c68d7000 	/System/Library/Frameworks/CallKit.framework/Versions/A/CallKit
0x00000001ee51d000 	/System/Library/PrivateFrameworks/IMTransferServices.framework/Versions/A/IMTransferServices
0x00000001c4e89000 	/System/Library/PrivateFrameworks/IncomingCallFilter.framework/Versions/A/IncomingCallFilter
0x0000000263724000 	/System/Library/PrivateFrameworks/NeighborhoodActivityConduit.framework/Versions/A/NeighborhoodActivityConduit
0x000000028390a000 	/usr/lib/libBASupport.dylib
0x00000001d231e000 	/System/Library/PrivateFrameworks/SpotlightReceiver.framework/Versions/A/SpotlightReceiver
0x00000001cbb46000 	/usr/lib/libnfshared.dylib
0x00000001eb6fd000 	/System/Library/PrivateFrameworks/PassKitUIFoundation.framework/Versions/A/PassKitUIFoundation
0x00000001b1d17000 	/System/Library/Frameworks/MapKit.framework/Versions/A/MapKit
0x00000001fe63d000 	/System/Library/Frameworks/ExtensionKit.framework/Versions/A/ExtensionKit
0x0000000256988000 	/System/Library/PrivateFrameworks/GeoAnalytics.framework/Versions/A/GeoAnalytics
0x00000001c5e97000 	/System/Library/PrivateFrameworks/SearchFoundation.framework/Versions/A/SearchFoundation
0x00000001cbb7c000 	/System/Library/PrivateFrameworks/Navigation.framework/Versions/A/Navigation
0x00000001d4bbe000 	/System/Library/PrivateFrameworks/VectorKit.framework/Versions/A/VectorKit
0x00000001be22a000 	/System/Library/PrivateFrameworks/VirtualGarage.framework/Versions/A/VirtualGarage
0x00000001cbcf5000 	/System/Library/Frameworks/ExternalAccessory.framework/ExternalAccessory
0x00000001cbd0f000 	/System/Library/PrivateFrameworks/IAP.framework/Versions/A/IAP
0x00000001b1fca000 	/System/Library/PrivateFrameworks/IOPlatformPluginFamily.framework/Versions/A/IOPlatformPluginFamily
0x0000000247277000 	/System/Library/PrivateFrameworks/AvatarKit.framework/Versions/A/AvatarKit
0x000000024732f000 	/System/Library/PrivateFrameworks/AvatarPersistence.framework/Versions/A/AvatarPersistence
0x000000026a719000 	/System/Library/PrivateFrameworks/RemoteUI.framework/Versions/A/RemoteUI
0x00000001b20ce000 	/usr/lib/libCTGreenTeaLogger.dylib
0x0000000203d94000 	/System/Library/Frameworks/TipKit.framework/Versions/A/TipKit
0x00000001e6e86000 	/System/Library/PrivateFrameworks/AppleCVA.framework/Versions/A/AppleCVA
0x000000024732e000 	/System/Library/PrivateFrameworks/AvatarKitContent.framework/Versions/A/AvatarKitContent
0x00000001b20f6000 	/System/Library/PrivateFrameworks/CoreAppleCVA.framework/Versions/A/CoreAppleCVA
0x000000025d416000 	/System/Library/PrivateFrameworks/LiftUI.framework/Versions/A/LiftUI
0x0000000249a0e000 	/System/Library/PrivateFrameworks/CloudSettings.framework/Versions/A/CloudSettings
0x00000001c4ab3000 	/System/Library/PrivateFrameworks/CoreRoutine.framework/Versions/A/CoreRoutine
0x00000001d334e000 	/System/Library/PrivateFrameworks/Categories.framework/Versions/A/Categories
0x0000000249f0e000 	/System/Library/PrivateFrameworks/Coherence.framework/Versions/A/Coherence
0x00000001c2408000 	/System/Library/PrivateFrameworks/CoreParsec.framework/Versions/A/CoreParsec
0x00000002664a8000 	/System/Library/PrivateFrameworks/PegasusAPI.framework/Versions/A/PegasusAPI
0x0000000267176000 	/System/Library/PrivateFrameworks/PegasusConfiguration.framework/Versions/A/PegasusConfiguration
0x000000025e5b1000 	/System/Library/PrivateFrameworks/LocalStatusKit.framework/Versions/A/LocalStatusKit
0x00000001c6a8b000 	/System/Library/PrivateFrameworks/ContextKit.framework/Versions/A/ContextKit
0x000000024a8ca000 	/System/Library/PrivateFrameworks/ContextKitCore.framework/Versions/A/ContextKitCore
0x00000001cbea9000 	/System/Library/PrivateFrameworks/CharacterPicker.framework/Versions/A/CharacterPicker
0x00000001c4f90000 	/System/Library/PrivateFrameworks/ContactsDonation.framework/Versions/A/ContactsDonation
0x00000001be34c000 	/System/Library/PrivateFrameworks/ContactsUICore.framework/Versions/A/ContactsUICore
0x00000001c4896000 	/System/Library/PrivateFrameworks/DataDetectors.framework/Versions/A/DataDetectors
0x00000001b8387000 	/System/Library/Frameworks/MediaLibrary.framework/Versions/A/MediaLibrary
0x00000001b2ef1000 	/System/Library/PrivateFrameworks/PersonaKit.framework/Versions/A/PersonaKit
0x00000001be33a000 	/System/Library/PrivateFrameworks/PersonaUI.framework/Versions/A/PersonaUI
0x0000000259e27000 	/System/Library/PrivateFrameworks/InputToolKitUI.framework/Versions/A/InputToolKitUI
0x0000000259e12000 	/System/Library/PrivateFrameworks/InputToolKit.framework/Versions/A/InputToolKit
0x0000000273f0a000 	/System/Library/PrivateFrameworks/Stickers.framework/Versions/A/Stickers
0x0000000259d80000 	/System/Library/PrivateFrameworks/InputAnalytics.framework/Versions/A/InputAnalytics
0x00000001cda20000 	/System/Library/PrivateFrameworks/EmojiFoundation.framework/Versions/A/EmojiFoundation
0x000000024fcfa000 	/System/Library/PrivateFrameworks/FeedbackService.framework/Versions/A/FeedbackService
0x00000001b2b6d000 	/System/Library/PrivateFrameworks/AddressBookCore.framework/Versions/A/AddressBookCore
0x00000001c678c000 	/System/Library/PrivateFrameworks/IntlPreferences.framework/Versions/A/IntlPreferences
0x00000001cb90b000 	/System/Library/PrivateFrameworks/ToneKit.framework/Versions/A/ToneKit
0x00000001c67d2000 	/System/Library/PrivateFrameworks/ToneLibrary.framework/Versions/A/ToneLibrary
0x000000024a762000 	/System/Library/PrivateFrameworks/ContactsAccounts.framework/Versions/A/ContactsAccounts
0x00000001d72d3000 	/System/Library/PrivateFrameworks/Transparency.framework/Versions/A/Transparency
0x00000001c9fe5000 	/System/Library/PrivateFrameworks/Lookup.framework/Versions/A/Lookup
0x0000000201f68000 	/System/Library/Frameworks/QuickLookUI.framework/Versions/A/QuickLookUI
0x0000000202948000 	/System/Library/Frameworks/ScreenCaptureKit.framework/Versions/A/ScreenCaptureKit
0x00000001c7428000 	/System/Library/Frameworks/Quartz.framework/Versions/A/Frameworks/QuartzComposer.framework/Versions/A/QuartzComposer
0x00000001c6763000 	/System/Library/Frameworks/Quartz.framework/Versions/A/Frameworks/QuartzFilters.framework/Versions/A/QuartzFilters
0x00000001c5849000 	/System/Library/Frameworks/Quartz.framework/Versions/A/Frameworks/ImageKit.framework/Versions/A/ImageKit
0x00000001fccbd000 	/System/Library/Frameworks/OpenCL.framework/Versions/A/OpenCL
0x00000001c3f95000 	/System/Library/PrivateFrameworks/CorePDF.framework/Versions/A/CorePDF
0x00000001afeba000 	/System/Library/Frameworks/QuickLook.framework/Versions/A/QuickLook
0x00000001b9fcf000 	/System/Library/PrivateFrameworks/DisplayServices.framework/Versions/A/DisplayServices
0x00000001c66d3000 	/System/Library/Frameworks/ImageCaptureCore.framework/Versions/A/ImageCaptureCore
0x000000027b3a9000 	/System/Library/PrivateFrameworks/VisionKitCore.framework/Versions/A/VisionKitCore
0x00000001c23d8000 	/System/Library/PrivateFrameworks/QuickLookSupport.framework/Versions/A/QuickLookSupport
0x0000000260c3a000 	/System/Library/PrivateFrameworks/MediaAnalysisServices.framework/Versions/A/MediaAnalysisServices
0x00000001c8fd4000 	/System/Library/PrivateFrameworks/PhotoLibraryServices.framework/Versions/A/PhotoLibraryServices
0x00000001c631c000 	/System/Library/Frameworks/Photos.framework/Versions/A/Photos
0x00000001d9b03000 	/System/Library/PrivateFrameworks/PhotosFormats.framework/Versions/A/PhotosFormats
0x00000001d60d0000 	/System/Library/PrivateFrameworks/CloudPhotoLibrary.framework/Versions/A/CloudPhotoLibrary
0x00000001df0f4000 	/System/Library/PrivateFrameworks/CloudPhotoServices.framework/Versions/A/CloudPhotoServices
0x00000001db88b000 	/System/Library/PrivateFrameworks/CoreMediaStream.framework/Versions/A/CoreMediaStream
0x00000001b351d000 	/System/Library/PrivateFrameworks/CPAnalytics.framework/Versions/A/CPAnalytics
0x00000001d7f78000 	/System/Library/PrivateFrameworks/MediaConversionService.framework/Versions/A/MediaConversionService
0x00000001b9c3c000 	/System/Library/PrivateFrameworks/PhotoFoundation.framework/Versions/A/PhotoFoundation
0x000000026770e000 	/System/Library/PrivateFrameworks/PhotoLibraryServicesCore.framework/Versions/A/PhotoLibraryServicesCore
0x00000001d1ccf000 	/System/Library/PrivateFrameworks/MMCS.framework/Versions/A/MMCS
0x00000001b81f0000 	/System/Library/PrivateFrameworks/ChunkingLibrary.framework/Versions/A/ChunkingLibrary
0x00000001b23d0000 	/System/Library/PrivateFrameworks/AssetCacheServices.framework/Versions/A/AssetCacheServices
0x00000001b40f8000 	/System/Library/PrivateFrameworks/AVFoundationCF.framework/Versions/A/AVFoundationCF
0x00000001ee41a000 	/usr/lib/swift/libswiftDemangle.dylib
0x00000001c4b13000 	/System/Library/PrivateFrameworks/MediaStream.framework/Versions/A/MediaStream
0x00000001d8492000 	/System/Library/PrivateFrameworks/NeutrinoCore.framework/Versions/A/NeutrinoCore
0x00000001a3638000 	/System/Library/PrivateFrameworks/NLP.framework/Versions/A/NLP
0x00000001ddea0000 	/System/Library/PrivateFrameworks/PhotoImaging.framework/Versions/A/PhotoImaging
0x00000001df0b5000 	/System/Library/PrivateFrameworks/PhotosImagingFoundation.framework/Versions/A/PhotosImagingFoundation
0x00000002681e9000 	/System/Library/PrivateFrameworks/PhotosIntelligenceCore.framework/Versions/A/PhotosIntelligenceCore
0x00000001b458f000 	/System/Library/PrivateFrameworks/EmbeddedAcousticRecognition.framework/Versions/A/EmbeddedAcousticRecognition
0x00000001d6337000 	/System/Library/PrivateFrameworks/SDAPI.framework/Versions/A/SDAPI
0x00000001df102000 	/System/Library/PrivateFrameworks/AutoLoop.framework/Versions/A/AutoLoop
0x0000000268c52000 	/System/Library/PrivateFrameworks/Portrait.framework/Versions/A/Portrait
0x0000000245b85000 	/System/Library/PrivateFrameworks/AppleDepth.framework/Versions/A/AppleDepth
0x0000000250890000 	/System/Library/PrivateFrameworks/FusionTracker.framework/Versions/A/FusionTracker
0x0000000245c73000 	/System/Library/PrivateFrameworks/AppleDepthCore.framework/Versions/A/AppleDepthCore
0x00000001c6ee8000 	/System/Library/PrivateFrameworks/iTunesCloud.framework/Versions/A/iTunesCloud
0x00000001cf794000 	/System/Library/PrivateFrameworks/DAAPKit.framework/Versions/A/DAAPKit
0x0000000284b69000 	/usr/lib/swift/libswiftVideoToolbox.dylib
0x00000001c26e9000 	/System/Library/PrivateFrameworks/DeviceManagement.framework/Versions/A/DeviceManagement
0x00000001e4b8b000 	/System/Library/PrivateFrameworks/ScreenTimeUI.framework/Versions/A/ScreenTimeUI
0x00000001c4890000 	/System/Library/PrivateFrameworks/QuickLookNonBaseSystem.framework/Versions/A/QuickLookNonBaseSystem
0x00000001c505f000 	/System/Library/PrivateFrameworks/Catalyst.framework/Versions/A/Catalyst
0x00000002603d6000 	/System/Library/PrivateFrameworks/ManagedSettingsObjC.framework/Versions/A/ManagedSettingsObjC
0x00000001c6979000 	/System/Library/PrivateFrameworks/ScreenTimeCore.framework/Versions/A/ScreenTimeCore
0x00000001d9066000 	/System/Library/PrivateFrameworks/ScreenTimeServiceUI.framework/Versions/A/ScreenTimeServiceUI
0x00000001d1e5a000 	/System/Library/PrivateFrameworks/ConfigurationEngineModel.framework/Versions/A/ConfigurationEngineModel
0x00000001d4b7a000 	/System/Library/PrivateFrameworks/UsageTracking.framework/Versions/A/UsageTracking
0x00000001fe43e000 	/System/Library/Frameworks/DeviceActivity.framework/Versions/A/DeviceActivity
0x00000001d4b4a000 	/System/Library/PrivateFrameworks/KnowledgeMonitor.framework/Versions/A/KnowledgeMonitor
0x00000001eb6a2000 	/System/Library/PrivateFrameworks/BluetoothManager.framework/Versions/A/BluetoothManager
0x00000001ff599000 	/System/Library/Frameworks/ManagedSettings.framework/Versions/A/ManagedSettings
0x000000026040f000 	/System/Library/PrivateFrameworks/ManagedSettingsSupport.framework/Versions/A/ManagedSettingsSupport
0x00000001e8f9f000 	/System/Library/Frameworks/ReplayKit.framework/Versions/A/ReplayKit
0x00000001baf68000 	/System/Library/PrivateFrameworks/MarkupUI.framework/Versions/A/MarkupUI
0x00000001c4868000 	/System/Library/PrivateFrameworks/SidecarCore.framework/Versions/A/SidecarCore
0x00000001c72e9000 	/System/Library/PrivateFrameworks/AnnotationKit.framework/Versions/A/AnnotationKit
0x0000000203ef4000 	/System/Library/Frameworks/Translation.framework/Versions/A/Translation
0x00000001e0aca000 	/System/Library/PrivateFrameworks/RevealCore.framework/Versions/A/RevealCore
0x00000001e0abe000 	/System/Library/PrivateFrameworks/Reveal.framework/Versions/A/Reveal
0x00000002781b1000 	/System/Library/PrivateFrameworks/TranslationUIServices.framework/Versions/A/TranslationUIServices
0x00000001c5a8f000 	/System/Library/Frameworks/PencilKit.framework/Versions/A/PencilKit
0x00000001c5c44000 	/System/Library/PrivateFrameworks/SidecarUI.framework/Versions/A/SidecarUI
0x00000001c543c000 	/System/Library/PrivateFrameworks/CoreHandwriting.framework/Versions/A/CoreHandwriting
0x000000019d7ff000 	/usr/lib/libmecabra.dylib
0x00000001be7c3000 	/System/Library/PrivateFrameworks/Calculate.framework/Versions/A/Calculate
0x00000001abd5f000 	/usr/lib/libChineseTokenizer.dylib
0x00000001f9bfd000 	/System/Library/PrivateFrameworks/ScreenReaderCore.framework/Versions/A/ScreenReaderCore
0x00000002742e1000 	/System/Library/PrivateFrameworks/StocksKit.framework/Versions/A/StocksKit
0x00000001bd93c000 	/System/Library/PrivateFrameworks/OAuth.framework/Versions/A/OAuth
0x0000000273f8e000 	/System/Library/PrivateFrameworks/StocksCore.framework/Versions/A/StocksCore
0x0000000274ff2000 	/System/Library/PrivateFrameworks/TeaFoundation.framework/Versions/A/TeaFoundation
0x00000002751db000 	/System/Library/PrivateFrameworks/TeaSettings.framework/Versions/A/TeaSettings
0x00000001ef7e4000 	/System/Library/PrivateFrameworks/NewsCore.framework/Versions/A/NewsCore
0x0000000274f8f000 	/System/Library/PrivateFrameworks/TeaDB.framework/Versions/A/TeaDB
0x00000001ec48b000 	/System/Library/PrivateFrameworks/RemoteConfiguration.framework/Versions/A/RemoteConfiguration
0x00000001ef41e000 	/System/Library/PrivateFrameworks/NewsTransport.framework/Versions/A/NewsTransport
0x00000001ef7d4000 	/System/Library/PrivateFrameworks/NewsFoundation.framework/Versions/A/NewsFoundation
0x0000000263c6c000 	/System/Library/PrivateFrameworks/NewsURLBucket.framework/Versions/A/NewsURLBucket
0x00000001c8d08000 	/System/Library/PrivateFrameworks/MobileInstallation.framework/Versions/A/MobileInstallation
0x00000002771f8000 	/System/Library/PrivateFrameworks/TipKitCore.framework/Versions/A/TipKitCore
0x00000001cdaa3000 	/System/Library/PrivateFrameworks/CoreCDPInternal.framework/Versions/A/CoreCDPInternal
0x00000001bd88e000 	/System/Library/PrivateFrameworks/AccountsDaemon.framework/Versions/A/AccountsDaemon
0x000000026a35b000 	/System/Library/PrivateFrameworks/RegulatoryDomain.framework/Versions/A/RegulatoryDomain
0x00000001e53bb000 	/System/Library/PrivateFrameworks/MachineSettings.framework/Versions/A/MachineSettings
0x00000001d7838000 	/System/Library/PrivateFrameworks/BezelServices.framework/Versions/A/BezelServices
0x00000001cf81d000 	/System/Library/PrivateFrameworks/SPOwner.framework/Versions/A/SPOwner
0x00000001c8b43000 	/System/Library/PrivateFrameworks/FMCore.framework/Versions/A/FMCore
0x000000027ed68000 	/System/Library/PrivateFrameworks/iCloudQuota.framework/Versions/A/iCloudQuota
0x00000001be2bf000 	/System/Library/PrivateFrameworks/CoreRecognition.framework/Versions/A/CoreRecognition
0x00000001d78ed000 	/System/Library/PrivateFrameworks/InAppMessages.framework/Versions/A/InAppMessages
0x00000001f8948000 	/System/Library/PrivateFrameworks/JetUI.framework/Versions/A/JetUI
0x000000025d172000 	/System/Library/PrivateFrameworks/JetPack.framework/Versions/A/JetPack
0x00000001d78e4000 	/System/Library/PrivateFrameworks/InAppMessagesCore.framework/Versions/A/InAppMessagesCore
0x000000027e460000 	/System/Library/PrivateFrameworks/_JetEngine_SwiftUI.framework/Versions/A/_JetEngine_SwiftUI
0x00000002748df000 	/System/Library/PrivateFrameworks/Synapse.framework/Versions/A/Synapse
0x00000002488f9000 	/System/Library/PrivateFrameworks/CSExattrCrypto.framework/Versions/A/CSExattrCrypto
0x00000001b9c4d000 	/System/Library/PrivateFrameworks/IMSharedUtilities.framework/Versions/A/IMSharedUtilities
0x00000001d2c08000 	/System/Library/Frameworks/InstantMessage.framework/Versions/A/InstantMessage
0x00000001cb689000 	/System/Library/PrivateFrameworks/IDSKVStore.framework/Versions/A/IDSKVStore
0x00000001cb4c9000 	/System/Library/PrivateFrameworks/IMDPersistence.framework/Versions/A/IMDPersistence
0x0000000284a85000 	/usr/lib/swift/libswiftAppleArchive.dylib
0x00000002798e6000 	/System/Library/PrivateFrameworks/UserSafety.framework/Versions/A/UserSafety
0x00000001ea8f4000 	/System/Library/PrivateFrameworks/BlastDoor.framework/Versions/A/BlastDoor
0x00000002029cc000 	/System/Library/Frameworks/SensitiveContentAnalysis.framework/Versions/A/SensitiveContentAnalysis
0x000000025e258000 	/System/Library/PrivateFrameworks/LinkPresentationStyleSheetParsing.framework/Versions/A/LinkPresentationStyleSheetParsing
0x00000001c4ee8000 	/System/Library/PrivateFrameworks/CoreSDB.framework/Versions/A/CoreSDB
0x0000000246ccd000 	/System/Library/PrivateFrameworks/AskToCore.framework/Versions/A/AskToCore
0x00000001c9cd2000 	/System/Library/PrivateFrameworks/StoreFoundation.framework/Versions/A/StoreFoundation
0x00000001c8b3d000 	/System/Library/PrivateFrameworks/ServerInformation.framework/Versions/A/ServerInformation
0x00000001c85ae000 	/System/Library/PrivateFrameworks/Install.framework/Frameworks/DistributionKit.framework/Versions/A/DistributionKit
0x00000001c21a5000 	/System/Library/PrivateFrameworks/PackageKit.framework/Versions/A/PackageKit
0x00000001c85d1000 	/System/Library/PrivateFrameworks/OSPersonalization.framework/Versions/A/OSPersonalization
0x00000001ca23e000 	/System/Library/PrivateFrameworks/BridgeOSSoftwareUpdate.framework/Versions/A/BridgeOSSoftwareUpdate
0x00000001c5364000 	/System/Library/PrivateFrameworks/StorageManagement.framework/Versions/A/StorageManagement
0x00000001d8bef000 	/usr/lib/libauthinstall.dylib
0x00000001ca247000 	/System/Library/PrivateFrameworks/InstallerDiagnostics.framework/Versions/A/InstallerDiagnostics
0x00000001d9222000 	/usr/lib/libcrypto.42.dylib
0x00000001ca22c000 	/System/Library/PrivateFrameworks/GPUInfo.framework/Versions/A/GPUInfo
0x00000001d79e4000 	/System/Library/PrivateFrameworks/MobileActivationMacOS.framework/Versions/A/MobileActivationMacOS
0x00000001b34c4000 	/System/Library/PrivateFrameworks/GenerationalStorage.framework/Versions/A/GenerationalStorage
0x00000001aea24000 	/System/Library/PrivateFrameworks/CacheDelete.framework/Versions/A/CacheDelete
0x00000001b6902000 	/System/Library/Frameworks/QuickLookThumbnailing.framework/Versions/A/QuickLookThumbnailing
0x00000001b32f6000 	/System/Library/Frameworks/FileProvider.framework/Versions/A/FileProvider
0x00000001a1a9b000 	/System/Library/PrivateFrameworks/DesktopServicesPriv.framework/Versions/A/DesktopServicesPriv
0x00000001a3d5d000 	/System/Library/Frameworks/Accounts.framework/Versions/A/Accounts
0x00000001ca28b000 	/System/Library/PrivateFrameworks/AOSKit.framework/Versions/A/AOSKit
0x00000001abe8f000 	/System/Library/PrivateFrameworks/AppSSOCore.framework/Versions/A/AppSSOCore
0x00000001b5faf000 	/System/Library/PrivateFrameworks/AppSupport.framework/Versions/A/AppSupport
0x00000001c436e000 	/System/Library/Frameworks/AVFoundation.framework/Versions/A/AVFoundation
0x00000001b6825000 	/System/Library/PrivateFrameworks/DuetActivityScheduler.framework/Versions/A/DuetActivityScheduler
0x00000001c4e8f000 	/System/Library/PrivateFrameworks/FTServices.framework/Versions/A/FTServices
0x00000001d6009000 	/System/Library/PrivateFrameworks/NetworkServiceProxy.framework/Versions/A/NetworkServiceProxy
0x00000001b67eb000 	/System/Library/PrivateFrameworks/StreamingZip.framework/Versions/A/StreamingZip
0x00000001b58db000 	/System/Library/PrivateFrameworks/CoreWiFi.framework/Versions/A/CoreWiFi
0x00000001ae950000 	/System/Library/PrivateFrameworks/MobileAsset.framework/Versions/A/MobileAsset
0x00000001b449c000 	/System/Library/PrivateFrameworks/Rapport.framework/Versions/A/Rapport
0x0000000274642000 	/System/Library/PrivateFrameworks/Symptoms.framework/Versions/A/Frameworks/SymptomAnalytics.framework/Versions/A/SymptomAnalytics
0x00000001b203c000 	/usr/lib/libnetworkextension.dylib
0x000000028436b000 	/usr/lib/libmrc.dylib
0x0000000259693000 	/System/Library/PrivateFrameworks/IPConfiguration.framework/Versions/A/IPConfiguration
0x00000001e5203000 	/System/Library/PrivateFrameworks/Netrb.framework/Versions/A/Netrb
0x00000001f0186000 	/System/Library/PrivateFrameworks/WiFiPeerToPeer.framework/Versions/A/WiFiPeerToPeer
0x00000001cbe29000 	/System/Library/PrivateFrameworks/SoftwareUpdateCoreSupport.framework/Versions/A/SoftwareUpdateCoreSupport
0x00000001d37ca000 	/System/Library/PrivateFrameworks/SoftwareUpdateCoreConnect.framework/Versions/A/SoftwareUpdateCoreConnect
0x00000001b5e67000 	/System/Library/PrivateFrameworks/RemoteServiceDiscovery.framework/Versions/A/RemoteServiceDiscovery
0x00000001cbaaf000 	/System/Library/PrivateFrameworks/MSUDataAccessor.framework/Versions/A/MSUDataAccessor
0x00000001c72a4000 	/usr/lib/libbootpolicy.dylib
0x00000001b5e7d000 	/System/Library/PrivateFrameworks/RemoteXPC.framework/Versions/A/RemoteXPC
0x00000001d2c18000 	/usr/lib/libFDR.dylib
0x00000001d8cc2000 	/usr/lib/libamsupport.dylib
0x0000000283abe000 	/usr/lib/libReverseProxyDevice.dylib
0x0000000245cf3000 	/System/Library/PrivateFrameworks/AppleDeviceQuerySupport.framework/Versions/A/AppleDeviceQuerySupport
0x00000001dbbaf000 	/usr/lib/libpartition2_dynamic.dylib
0x00000001aa489000 	/System/Library/Frameworks/UserNotifications.framework/Versions/A/UserNotifications
0x00000001eb4b8000 	/System/Library/Frameworks/CryptoKit.framework/Versions/A/CryptoKit
0x00000001b67c3000 	/System/Library/PrivateFrameworks/CryptoKitCBridging.framework/Versions/A/CryptoKitCBridging
0x00000001b4012000 	/System/Library/Frameworks/CryptoTokenKit.framework/Versions/A/CryptoTokenKit
0x00000001df70c000 	/usr/lib/swift/libswiftCryptoTokenKit.dylib
0x00000001b4076000 	/System/Library/Frameworks/LocalAuthentication.framework/Versions/A/LocalAuthentication
0x000000025e42d000 	/System/Library/PrivateFrameworks/LocalAuthenticationCore.framework/Versions/A/LocalAuthenticationCore
0x00000001b40cb000 	/System/Library/Frameworks/LocalAuthentication.framework/Support/SharedUtils.framework/Versions/A/SharedUtils
0x00000001aeabc000 	/usr/lib/libTelephonyUtilDynamic.dylib
0x00000001b309f000 	/System/Library/PrivateFrameworks/SymptomDiagnosticReporter.framework/Versions/A/SymptomDiagnosticReporter
0x000000024e00f000 	/System/Library/PrivateFrameworks/CryptoKitPrivate.framework/Versions/A/CryptoKitPrivate
0x00000001a5e71000 	/System/Library/PrivateFrameworks/ApplePushService.framework/Versions/A/ApplePushService
0x00000001c4599000 	/System/Library/PrivateFrameworks/FindMyDevice.framework/Versions/A/FindMyDevice
0x00000001a3de2000 	/System/Library/PrivateFrameworks/CommonUtilities.framework/Versions/A/CommonUtilities
0x00000001da639000 	/System/Library/PrivateFrameworks/DeviceIdentity.framework/Versions/A/DeviceIdentity
0x00000001ac5b9000 	/System/Library/PrivateFrameworks/Bom.framework/Versions/A/Bom
0x00000001ae580000 	/usr/lib/libParallelCompression.dylib
0x00000001ae572000 	/System/Library/PrivateFrameworks/MultiverseSupport.framework/Versions/A/MultiverseSupport
0x00000001ba0aa000 	/System/Library/PrivateFrameworks/FMCoreLite.framework/Versions/A/FMCoreLite
0x00000001aa1e5000 	/System/Library/PrivateFrameworks/AuthKit.framework/Versions/A/AuthKit
0x00000001b31d2000 	/System/Library/PrivateFrameworks/DiskManagement.framework/Versions/A/DiskManagement
0x00000001b30de000 	/System/Library/PrivateFrameworks/AppleIDAuthSupport.framework/Versions/A/AppleIDAuthSupport
0x000000024294f000 	/System/Library/PrivateFrameworks/AAAFoundation.framework/Versions/A/AAAFoundation
0x00000001aea70000 	/System/Library/PrivateFrameworks/KeychainCircle.framework/Versions/A/KeychainCircle
0x00000001bec9d000 	/System/Library/PrivateFrameworks/URLFormatting.framework/Versions/A/URLFormatting
0x00000001b5f1b000 	/usr/lib/libcsfde.dylib
0x00000001ac019000 	/usr/lib/libCoreStorage.dylib
0x00000001afe2f000 	/System/Library/PrivateFrameworks/ProtectedCloudStorage.framework/Versions/A/ProtectedCloudStorage
0x00000001b5f16000 	/System/Library/PrivateFrameworks/EFILogin.framework/Versions/A/EFILogin
0x00000001bdf45000 	/System/Library/PrivateFrameworks/CloudServices.framework/Versions/A/CloudServices
0x00000001b34eb000 	/System/Library/PrivateFrameworks/OctagonTrust.framework/Versions/A/OctagonTrust
0x00000001b3c05000 	/System/Library/PrivateFrameworks/AVFCore.framework/Versions/A/AVFCore
0x00000001bc9cf000 	/System/Library/PrivateFrameworks/AVFCapture.framework/Versions/A/AVFCapture
0x00000001ad28f000 	/System/Library/Frameworks/MediaToolbox.framework/Versions/A/MediaToolbox
0x00000001b32c7000 	/System/Library/PrivateFrameworks/CoreAVCHD.framework/Versions/A/CoreAVCHD
0x00000001b32c3000 	/System/Library/PrivateFrameworks/Mangrove.framework/Versions/A/Mangrove
0x00000002487e9000 	/System/Library/PrivateFrameworks/CMPhoto.framework/Versions/A/CMPhoto
0x00000001b3a22000 	/System/Library/Frameworks/CoreTelephony.framework/Versions/A/CoreTelephony
0x00000001b32b6000 	/System/Library/PrivateFrameworks/CoreAUC.framework/Versions/A/CoreAUC
0x0000000246135000 	/System/Library/PrivateFrameworks/AppleJPEGXL.framework/Versions/A/AppleJPEGXL
0x0000000248615000 	/System/Library/PrivateFrameworks/CMImaging.framework/Versions/A/CMImaging
0x00000001bcbe7000 	/System/Library/PrivateFrameworks/Quagga.framework/Versions/A/Quagga
0x00000001bcd1a000 	/System/Library/PrivateFrameworks/CMCapture.framework/Versions/A/CMCapture
0x00000001ae654000 	/System/Library/Frameworks/CoreMediaIO.framework/Versions/A/CoreMediaIO
0x00000001b694e000 	/System/Library/PrivateFrameworks/Espresso.framework/Versions/A/Espresso
0x00000001f9fb9000 	/System/Library/PrivateFrameworks/ANECompiler.framework/Versions/A/ANECompiler
0x00000001b8934000 	/System/Library/PrivateFrameworks/AppleNeuralEngine.framework/Versions/A/AppleNeuralEngine
0x0000000200258000 	/System/Library/Frameworks/MetalPerformanceShadersGraph.framework/Versions/A/MetalPerformanceShadersGraph
0x000000025ef25000 	/System/Library/PrivateFrameworks/MLCompilerServices.framework/Versions/A/MLCompilerServices
0x00000001b780a000 	/System/Library/PrivateFrameworks/ANEServices.framework/Versions/A/ANEServices
0x00000001ca000000 	/usr/lib/libncurses.5.4.dylib
0x00000001a03e7000 	/usr/lib/libsandbox.1.dylib
0x00000001ac011000 	/usr/lib/libMatch.1.dylib
0x000000025eec9000 	/System/Library/PrivateFrameworks/MLCompilerRuntime.framework/Versions/A/MLCompilerRuntime
0x000000024854b000 	/System/Library/PrivateFrameworks/CMCaptureDevice.framework/Versions/A/CMCaptureDevice
0x000000024933b000 	/System/Library/PrivateFrameworks/CinematicFraming.framework/Versions/A/CinematicFraming
0x00000001c3f97000 	/System/Library/Frameworks/CoreMotion.framework/Versions/A/CoreMotion
0x00000001d2cc1000 	/System/Library/PrivateFrameworks/TimeSync.framework/Versions/A/TimeSync
0x000000024eaaf000 	/System/Library/PrivateFrameworks/DistributedSensing.framework/Versions/A/DistributedSensing
0x00000001ceb90000 	/System/Library/PrivateFrameworks/MobileBluetooth.framework/Versions/A/MobileBluetooth
0x00000001ae228000 	/System/Library/PrivateFrameworks/LocationSupport.framework/Versions/A/LocationSupport
0x00000001d4783000 	/System/Library/PrivateFrameworks/IOKitten.framework/Versions/A/IOKitten
0x00000001a1d06000 	/System/Library/PrivateFrameworks/CoreDuet.framework/Versions/A/CoreDuet
0x00000001b5234000 	/System/Library/PrivateFrameworks/CoreDuetContext.framework/Versions/A/CoreDuetContext
0x00000001cf73d000 	/System/Library/PrivateFrameworks/BiomeFoundation.framework/Versions/A/BiomeFoundation
0x000000024747a000 	/System/Library/PrivateFrameworks/BiomeLibrary.framework/Versions/A/BiomeLibrary
0x00000001d2d3f000 	/System/Library/PrivateFrameworks/BiomeStreams.framework/Versions/A/BiomeStreams
0x00000001d906d000 	/System/Library/PrivateFrameworks/BiomePubSub.framework/Versions/A/BiomePubSub
0x00000001a5ed9000 	/System/Library/Frameworks/CloudKit.framework/Versions/A/CloudKit
0x00000001b528a000 	/System/Library/Frameworks/Intents.framework/Versions/A/Intents
0x00000001b79b2000 	/System/Library/PrivateFrameworks/CoreDuetDaemonProtocol.framework/Versions/A/CoreDuetDaemonProtocol
0x00000001b7838000 	/System/Library/PrivateFrameworks/ProactiveSupport.framework/Versions/A/ProactiveSupport
0x0000000268bb9000 	/System/Library/PrivateFrameworks/PoirotSchematizer.framework/Versions/A/PoirotSchematizer
0x0000000247b14000 	/System/Library/PrivateFrameworks/BiomeSync.framework/Versions/A/BiomeSync
0x000000024745b000 	/System/Library/PrivateFrameworks/BiomeFlexibleStorage.framework/Versions/A/BiomeFlexibleStorage
0x000000024743f000 	/System/Library/PrivateFrameworks/BiomeDSL.framework/Versions/A/BiomeDSL
0x00000001d90ca000 	/System/Library/PrivateFrameworks/BiomeStorage.framework/Versions/A/BiomeStorage
0x0000000268c26000 	/System/Library/PrivateFrameworks/PoirotUDFs.framework/Versions/A/PoirotUDFs
0x0000000268b88000 	/System/Library/PrivateFrameworks/PoirotSQLite.framework/Versions/A/PoirotSQLite
0x00000001b62b7000 	/System/Library/PrivateFrameworks/InternationalTextSearch.framework/Versions/A/InternationalTextSearch
0x000000025ca51000 	/System/Library/PrivateFrameworks/IntelligencePlatformLibrary.framework/Versions/A/IntelligencePlatformLibrary
0x0000000248f00000 	/System/Library/PrivateFrameworks/CascadeSets.framework/Versions/A/CascadeSets
0x00000001af50e000 	/System/Library/PrivateFrameworks/IDS.framework/Versions/A/IDS
0x00000001ae1ae000 	/System/Library/PrivateFrameworks/IMFoundation.framework/Versions/A/IMFoundation
0x00000001be274000 	/System/Library/PrivateFrameworks/Marco.framework/Versions/A/Marco
0x00000001af6db000 	/System/Library/PrivateFrameworks/IDSFoundation.framework/Versions/A/IDSFoundation
0x00000001baf94000 	/System/Library/PrivateFrameworks/Engram.framework/Versions/A/Engram
0x00000001baf34000 	/usr/lib/libtidy.A.dylib
0x00000001d2828000 	/System/Library/PrivateFrameworks/FTAWD.framework/Versions/A/FTAWD
0x0000000202a8c000 	/System/Library/Frameworks/SharedWithYouCore.framework/Versions/A/SharedWithYouCore
0x00000001b6382000 	/System/Library/PrivateFrameworks/AppleAccount.framework/Versions/A/AppleAccount
0x00000001b68a8000 	/System/Library/PrivateFrameworks/C2.framework/Versions/A/C2
0x00000001a76cb000 	/System/Library/Frameworks/CoreLocation.framework/Versions/A/CoreLocation
0x00000002496e9000 	/System/Library/PrivateFrameworks/CloudAssets.framework/Versions/A/CloudAssets
0x00000001b689f000 	/System/Library/Frameworks/PushKit.framework/Versions/A/PushKit
0x00000001e11e0000 	/usr/lib/swift/libswiftAVFoundation.dylib
0x00000001cb470000 	/usr/lib/swift/libswiftCoreLocation.dylib
0x00000001cb486000 	/usr/lib/swift/libswiftCoreMIDI.dylib
0x00000001df70e000 	/usr/lib/swift/libswiftCoreMedia.dylib
0x00000001af96f000 	/System/Library/PrivateFrameworks/Sharing.framework/Versions/A/Sharing
0x00000001b58da000 	/System/Library/PrivateFrameworks/Apple80211.framework/Versions/A/Apple80211
0x00000001a97a0000 	/System/Library/Frameworks/CoreWLAN.framework/Versions/A/CoreWLAN
0x00000001b999f000 	/System/Library/PrivateFrameworks/AssistantServices.framework/Versions/A/AssistantServices
0x00000001b429f000 	/System/Library/PrivateFrameworks/SAObjects.framework/Versions/A/SAObjects
0x00000001b95d7000 	/System/Library/PrivateFrameworks/MediaRemote.framework/Versions/A/MediaRemote
0x00000001ca6e2000 	/System/Library/PrivateFrameworks/SiriInstrumentation.framework/Versions/A/SiriInstrumentation
0x000000026c456000 	/System/Library/PrivateFrameworks/SiriAnalytics.framework/Versions/A/SiriAnalytics
0x000000027200c000 	/System/Library/PrivateFrameworks/SiriTTSService.framework/Versions/A/SiriTTSService
0x000000026ce12000 	/System/Library/PrivateFrameworks/SiriCrossDeviceArbitration.framework/Versions/A/SiriCrossDeviceArbitration
0x00000001c837b000 	/System/Library/PrivateFrameworks/FeedbackLogger.framework/Versions/A/FeedbackLogger
0x000000026ce66000 	/System/Library/PrivateFrameworks/SiriCrossDeviceArbitrationFeedback.framework/Versions/A/SiriCrossDeviceArbitrationFeedback
0x0000000256851000 	/System/Library/PrivateFrameworks/GenerativeModels.framework/Versions/A/GenerativeModels
0x00000001be0e0000 	/System/Library/PrivateFrameworks/MediaServices.framework/Versions/A/MediaServices
0x00000001ac27c000 	/System/Library/PrivateFrameworks/PersistentConnection.framework/Versions/A/PersistentConnection
0x00000001b0108000 	/System/Library/PrivateFrameworks/GeoServices.framework/Versions/A/GeoServices
0x0000000256a79000 	/System/Library/PrivateFrameworks/GeoServicesCore.framework/Versions/A/GeoServicesCore
0x00000001bec9b000 	/System/Library/PrivateFrameworks/PhoneNumbers.framework/Versions/A/PhoneNumbers
0x000000024e517000 	/System/Library/PrivateFrameworks/Dendrite.framework/Versions/A/Dendrite
0x0000000246df3000 	/System/Library/PrivateFrameworks/AtomicsInternal.framework/Versions/A/AtomicsInternal
0x00000001cc280000 	/usr/lib/libtailspin.dylib
0x00000001df20a000 	/System/Library/PrivateFrameworks/Osprey.framework/Versions/A/Osprey
0x000000027168b000 	/System/Library/PrivateFrameworks/SiriTTS.framework/Versions/A/SiriTTS
0x00000001c4fac000 	/System/Library/Frameworks/NaturalLanguage.framework/Versions/A/NaturalLanguage
0x00000002703c5000 	/System/Library/PrivateFrameworks/SiriPowerInstrumentation.framework/Versions/A/SiriPowerInstrumentation
0x00000001c5dd1000 	/System/Library/PrivateFrameworks/Trial.framework/Versions/A/Trial
0x00000001c5d53000 	/System/Library/PrivateFrameworks/TrialProto.framework/Versions/A/TrialProto
0x000000027915c000 	/System/Library/PrivateFrameworks/UnifiedAssetFramework.framework/Versions/A/UnifiedAssetFramework
0x00000001f010a000 	/usr/lib/swift/libswiftNaturalLanguage.dylib
0x0000000274f8d000 	/System/Library/PrivateFrameworks/TailspinSymbolication.framework/Versions/A/TailspinSymbolication
0x000000024e226000 	/System/Library/PrivateFrameworks/Darwinup.framework/Versions/A/Darwinup
0x00000001d7fe5000 	/System/Library/PrivateFrameworks/SignpostSupport.framework/Versions/A/SignpostSupport
0x00000001c4e75000 	/System/Library/PrivateFrameworks/FeatureFlagsSupport.framework/Versions/A/FeatureFlagsSupport
0x00000001d7748000 	/System/Library/PrivateFrameworks/ktrace.framework/Versions/A/ktrace
0x00000001d8265000 	/System/Library/PrivateFrameworks/SampleAnalysis.framework/Versions/A/SampleAnalysis
0x00000001e0aa6000 	/System/Library/PrivateFrameworks/kperfdata.framework/Versions/A/kperfdata
0x00000001affe9000 	/usr/lib/libdscsym.dylib
0x00000001e0f3e000 	/System/Library/PrivateFrameworks/BulkSymbolication.framework/Versions/A/BulkSymbolication
0x00000001a6374000 	/System/Library/Frameworks/CoreML.framework/Versions/A/CoreML
0x00000001ee3e4000 	/usr/lib/libedit.3.dylib
0x00000001a9de6000 	/System/Library/Frameworks/MLCompute.framework/Versions/A/MLCompute
0x000000025ed78000 	/System/Library/PrivateFrameworks/MLAssetIO.framework/Versions/A/MLAssetIO
0x0000000284ac7000 	/usr/lib/swift/libswiftMLCompute.dylib
0x000000019e8bd000 	/System/Library/PrivateFrameworks/LanguageModeling.framework/Versions/A/LanguageModeling
0x00000001a3424000 	/System/Library/PrivateFrameworks/Montreal.framework/Versions/A/Montreal
0x00000001aa714000 	/usr/lib/libcmph.dylib
0x0000000256913000 	/System/Library/PrivateFrameworks/GenerativeModelsFoundation.framework/Versions/A/GenerativeModelsFoundation
0x0000000277523000 	/System/Library/PrivateFrameworks/TokenGeneration.framework/Versions/A/TokenGeneration
0x00000002566ea000 	/System/Library/PrivateFrameworks/GenerativeFunctions.framework/Versions/A/GenerativeFunctions
0x000000025673b000 	/System/Library/PrivateFrameworks/GenerativeFunctionsFoundation.framework/Versions/A/GenerativeFunctionsFoundation
0x0000000261ccc000 	/System/Library/PrivateFrameworks/ModelCatalog.framework/Versions/A/ModelCatalog
0x000000026bd53000 	/System/Library/PrivateFrameworks/SensitiveContentAnalysisML.framework/Versions/A/SensitiveContentAnalysisML
0x00000002567ea000 	/System/Library/PrivateFrameworks/GenerativeFunctionsInstrumentation.framework/Versions/A/GenerativeFunctionsInstrumentation
0x0000000269c4b000 	/System/Library/PrivateFrameworks/PromptKit.framework/Versions/A/PromptKit
0x0000000269775000 	/System/Library/PrivateFrameworks/ProactiveDaemonSupport.framework/Versions/A/ProactiveDaemonSupport
0x00000002776db000 	/System/Library/PrivateFrameworks/TokenGenerationCore.framework/Versions/A/TokenGenerationCore
0x000000027a7d3000 	/System/Library/PrivateFrameworks/VectorSearch.framework/Versions/A/VectorSearch
0x0000000261f91000 	/System/Library/PrivateFrameworks/ModelManagerServices.framework/Versions/A/ModelManagerServices
0x0000000245d55000 	/System/Library/PrivateFrameworks/AppleFlatBuffers.framework/Versions/A/AppleFlatBuffers
0x00000001be68a000 	/System/Library/PrivateFrameworks/ProactiveEventTracker.framework/Versions/A/ProactiveEventTracker
0x000000024296b000 	/System/Library/PrivateFrameworks/AAAFoundationSwift.framework/Versions/A/AAAFoundationSwift
0x00000001b65d7000 	/System/Library/PrivateFrameworks/AppleIDSSOAuthentication.framework/Versions/A/AppleIDSSOAuthentication
0x00000001d1fb3000 	/usr/lib/swift/libswiftCompression.dylib
0x000000026bede000 	/System/Library/PrivateFrameworks/SentencePieceInternal.framework/Versions/A/SentencePieceInternal
0x00000001b246a000 	/System/Library/Frameworks/Vision.framework/Versions/A/Vision
0x000000024dc7a000 	/System/Library/PrivateFrameworks/CoreSceneUnderstanding.framework/Versions/A/CoreSceneUnderstanding
0x000000027b35e000 	/System/Library/PrivateFrameworks/VisionCore.framework/Versions/A/VisionCore
0x00000001cdb81000 	/System/Library/Frameworks/Vision.framework/libfaceCore.dylib
0x00000001ce67b000 	/System/Library/PrivateFrameworks/Futhark.framework/Versions/A/Futhark
0x00000001d1d7b000 	/System/Library/PrivateFrameworks/InertiaCam.framework/Versions/A/InertiaCam
0x00000001ce42e000 	/System/Library/PrivateFrameworks/TextRecognition.framework/Versions/A/TextRecognition
0x00000001abeaf000 	/System/Library/PrivateFrameworks/CVNLP.framework/Versions/A/CVNLP
0x000000025546c000 	/System/Library/PrivateFrameworks/GRDBInternal.framework/Versions/A/GRDBInternal
0x00000001b86a2000 	/System/Library/PrivateFrameworks/RTCReporting.framework/Versions/A/RTCReporting
0x00000001b688e000 	/System/Library/PrivateFrameworks/IntentsFoundation.framework/Versions/A/IntentsFoundation
0x00000001af297000 	/System/Library/Frameworks/NetworkExtension.framework/Versions/A/NetworkExtension
0x00000001c9b81000 	/System/Library/PrivateFrameworks/CaptiveNetwork.framework/Versions/A/CaptiveNetwork
0x00000001b5e27000 	/System/Library/PrivateFrameworks/EAP8021X.framework/Versions/A/EAP8021X
0x00000001d8231000 	/System/Library/PrivateFrameworks/UIKitServices.framework/Versions/A/UIKitServices
0x0000000115368000 	/System/Library/Extensions/AGXMetal13_3.bundle/Contents/MacOS/AGXMetal13_3
0x00000001bdf92000 	/System/Library/PrivateFrameworks/IOGPU.framework/Versions/A/IOGPU
0x00000001cb455000 	/System/Library/Frameworks/Accelerate.framework/Versions/A/Frameworks/vImage.framework/Versions/A/Libraries/libCGInterfaces.dylib
0x0000000243f59000 	/System/Library/PrivateFrameworks/AccessibilityBundles.framework/Versions/A/AccessibilityBundles
0x00000001ce76c000 	/System/Library/CoreServices/RawCamera.bundle/Contents/MacOS/RawCamera
0x00000001147ec000 	/Applications/REAPER.app/Contents/Plugins/elastique3.dylib
0x000000011477c000 	/Applications/REAPER.app/Contents/Plugins/soundtouch.dylib
0x0000000114748000 	/Applications/REAPER.app/Contents/Plugins/rubberband.dylib
0x0000000114934000 	/Applications/REAPER.app/Contents/Plugins/jsfx.dylib
0x0000000115100000 	/Applications/REAPER.app/Contents/Plugins/reaper_wave.dylib
0x000000011513c000 	/Applications/REAPER.app/Contents/Plugins/reaper_mp3dec.dylib
0x0000000114f20000 	/Applications/REAPER.app/Contents/Plugins/libmp3lame.dylib
0x000000011519c000 	/Applications/REAPER.app/Contents/Plugins/reaper_midi.dylib
0x0000000115318000 	/Applications/REAPER.app/Contents/Plugins/reaper_wavpack.dylib
0x0000000116d5c000 	/Applications/REAPER.app/Contents/Plugins/reaper_opus.dylib
0x0000000117c00000 	/Applications/REAPER.app/Contents/Plugins/reaper_flac.dylib
0x0000000114fc8000 	/Applications/REAPER.app/Contents/Plugins/reaper_rex.dylib
0x0000000114d98000 	/Applications/REAPER.app/Contents/Plugins/reaper_ddp.dylib
0x0000000116f00000 	/Applications/REAPER.app/Contents/Plugins/reaper_explorer.dylib
0x00000001165d8000 	/Applications/REAPER.app/Contents/Plugins/reaper_cd.dylib
0x00000001fe4f4000 	/System/Library/Frameworks/DiscRecordingUI.framework/Versions/A/DiscRecordingUI
0x0000000124e14000 	/Applications/REAPER.app/Contents/Plugins/reaper_ogg.dylib
0x0000000117f8c000 	/Applications/REAPER.app/Contents/Plugins/reaper_csurf.dylib
0x0000000124c28000 	/Applications/REAPER.app/Contents/Plugins/reaper_video.dylib
0x0000000124d70000 	/Applications/REAPER.app/Contents/Plugins/reap_osx_modern.dylib
0x00000001c436f000 	/System/Library/Frameworks/AVKit.framework/Versions/A/AVKit
0x0000000243e0a000 	/System/Library/PrivateFrameworks/AVKitCore.framework/Versions/A/AVKitCore
0x00000001d9c2d000 	/System/Library/PrivateFrameworks/PIP.framework/Versions/A/PIP
0x0000000127410000 	/opt/homebrew/Cellar/ffmpeg/8.1.2_1/lib/libavutil.60.26.102.dylib
0x00000001275c0000 	/opt/homebrew/Cellar/openssl@3/3.6.3/lib/libssl.3.dylib
0x0000000133e90000 	/opt/homebrew/Cellar/openssl@3/3.6.3/lib/libcrypto.3.dylib
0x00000001276a0000 	/opt/homebrew/Cellar/ffmpeg/8.1.2_1/lib/libswscale.9.5.102.dylib
0x0000000116fc0000 	/opt/homebrew/Cellar/ffmpeg/8.1.2_1/lib/libswresample.6.3.102.dylib
0x0000000134c98000 	/opt/homebrew/Cellar/ffmpeg/8.1.2_1/lib/libavcodec.62.28.102.dylib
0x0000000133b94000 	/opt/homebrew/Cellar/libvpx/1.16.0/lib/libvpx.12.dylib
0x00000001339e4000 	/opt/homebrew/Cellar/dav1d/1.5.4/lib/libdav1d.7.dylib
0x0000000124f08000 	/opt/homebrew/Cellar/lame/4.0/lib/libmp3lame.0.dylib
0x0000000124f5c000 	/opt/homebrew/Cellar/opus/1.6.1/lib/libopus.0.dylib
0x0000000134630000 	/opt/homebrew/Cellar/svt-av1/4.2.0/lib/libSvtAv1Enc.4.2.0.dylib
0x000000013433c000 	/opt/homebrew/Cellar/x264/r3222/lib/libx264.165.dylib
0x0000000143f70000 	/opt/homebrew/Cellar/x265/4.2/lib/libx265.216.dylib
0x0000000124fb8000 	/opt/homebrew/Cellar/mpg123/1.33.6/lib/libmpg123.0.dylib
0x0000000135c98000 	/opt/homebrew/Cellar/ffmpeg/8.1.2_1/lib/libavformat.62.12.102.dylib
0x0000000134964000 	/Applications/VLC.app/Contents/MacOS/lib/libvlccore.9.dylib
0x0000000151800000 	/Applications/VLC.app/Contents/MacOS/plugins/libavcodec_plugin.dylib
0x0000000124dbc000 	/Applications/VLC.app/Contents/MacOS/lib/libvlc.5.dylib
0x0000000124d8c000 	/Applications/VLC.app/Contents/MacOS/plugins/libi420_rgb_plugin.dylib
0x0000000116fa4000 	/Applications/VLC.app/Contents/MacOS/plugins/libi420_10_p010_plugin.dylib
0x0000000124da4000 	/Applications/VLC.app/Contents/MacOS/plugins/libscaletempo_pitch_plugin.dylib
0x0000000124dec000 	/Applications/VLC.app/Contents/MacOS/plugins/libi420_yuy2_plugin.dylib
0x0000000124e00000 	/Applications/VLC.app/Contents/MacOS/plugins/libi422_yuy2_plugin.dylib
0x000000012777c000 	/Applications/VLC.app/Contents/MacOS/plugins/libyuy2_i420_plugin.dylib
0x00000001277a8000 	/Applications/VLC.app/Contents/MacOS/plugins/libi420_nv12_plugin.dylib
0x0000000127790000 	/Applications/VLC.app/Contents/MacOS/plugins/libyuy2_i422_plugin.dylib
0x00000001277d8000 	/Applications/VLC.app/Contents/MacOS/plugins/libkeychain_plugin.dylib
0x00000001277c0000 	/Applications/VLC.app/Contents/MacOS/plugins/libi422_i420_plugin.dylib
0x0000000133adc000 	/Applications/VLC.app/Contents/MacOS/plugins/libgrey_yuv_plugin.dylib
0x0000000133af0000 	/Applications/VLC.app/Contents/MacOS/plugins/libchain_plugin.dylib
0x0000000133b04000 	/Applications/VLC.app/Contents/MacOS/plugins/libscale_plugin.dylib
0x0000000133b18000 	/Applications/VLC.app/Contents/MacOS/plugins/libyuvp_plugin.dylib
0x0000000134a48000 	/Applications/VLC.app/Contents/MacOS/plugins/libdav1d_plugin.dylib
0x0000000133b2c000 	/Applications/VLC.app/Contents/MacOS/plugins/libyuv_plugin.dylib
0x0000000133b40000 	/Applications/VLC.app/Contents/MacOS/plugins/libscaletempo_plugin.dylib
0x0000000134b58000 	/Applications/VLC.app/Contents/MacOS/plugins/libswscale_plugin.dylib
0x0000000135edc000 	/Users/jonathankawchuk/Library/Application Support/REAPER/UserPlugins/reaper_command_palette.dylib
0x00000001446bc000 	/Users/jonathankawchuk/Library/Application Support/REAPER/UserPlugins/reaper_csurf_integrator.dylib
0x0000000133d48000 	/Users/jonathankawchuk/Library/Application Support/REAPER/UserPlugins/reaper_ptx_import.dylib
0x0000000133b54000 	/Users/jonathankawchuk/Library/Application Support/REAPER/UserPlugins/reaper_pt_spot.dylib
0x0000000133d68000 	/Users/jonathankawchuk/Library/Application Support/REAPER/UserPlugins/reaper_drivenbymoss.dylib
0x0000000144910000 	/Users/jonathankawchuk/Library/Application Support/REAPER/UserPlugins/reaper_imgui-arm64.dylib
0x0000000144cac000 	/Users/jonathankawchuk/Library/Application Support/REAPER/UserPlugins/reaper_sws-arm64.dylib
0x00000001179f0000 	/Users/jonathankawchuk/Library/Application Support/REAPER/UserPlugins/reaper_reatc-arm64.dylib
0x0000000136498000 	/Users/jonathankawchuk/Library/Application Support/REAPER/UserPlugins/reaper_helgobox-arm64.dylib
0x000000015b000000 	/Users/jonathankawchuk/Library/Application Support/REAPER/UserPlugins/FX/helgobox-arm64.vst.dylib
0x00000001547a8000 	/Users/jonathankawchuk/Library/Application Support/REAPER/Helgoboss/App/bin/Contents/Frameworks/FlutterMacOS.framework/FlutterMacOS
0x0000000137bf0000 	/Users/jonathankawchuk/Library/Application Support/REAPER/UserPlugins/reaper_js_ReaScriptAPI64ARM.dylib
0x0000000134570000 	/Users/jonathankawchuk/Library/Application Support/REAPER/Helgoboss/App/bin/Contents/Frameworks/cryptography_flutter.framework/cryptography_flutter
0x0000000137dd0000 	/Users/jonathankawchuk/Library/Application Support/REAPER/UserPlugins/reaper_reamo.dylib
0x0000000133e48000 	/Users/jonathankawchuk/Library/Application Support/REAPER/Helgoboss/App/bin/Contents/Frameworks/device_info_plus.framework/device_info_plus
0x0000000133e04000 	/Users/jonathankawchuk/Library/Application Support/REAPER/Helgoboss/App/bin/Contents/Frameworks/desktop_drop.framework/desktop_drop
0x00000001453d4000 	/Users/jonathankawchuk/Library/Application Support/REAPER/UserPlugins/reaper_reapack-arm64.dylib
0x0000000133e2c000 	/Users/jonathankawchuk/Library/Application Support/REAPER/Helgoboss/App/bin/Contents/Frameworks/native_context_menu.framework/native_context_menu
0x0000000133e68000 	/Users/jonathankawchuk/Library/Application Support/REAPER/Helgoboss/App/bin/Contents/Frameworks/path_provider_foundation.framework/path_provider_foundation
0x00000001345a8000 	/Users/jonathankawchuk/Library/Application Support/REAPER/Helgoboss/App/bin/Contents/Frameworks/screen_retriever.framework/screen_retriever
0x00000001345f0000 	/Users/jonathankawchuk/Library/Application Support/REAPER/Helgoboss/App/bin/Contents/Frameworks/url_launcher_macos.framework/url_launcher_macos
0x000000013643c000 	/Users/jonathankawchuk/Library/Application Support/REAPER/Helgoboss/App/bin/Contents/Frameworks/window_manager.framework/window_manager
0x0000000134c60000 	/Users/jonathankawchuk/Library/Application Support/REAPER/Helgoboss/App/bin/Contents/Frameworks/pointer_lock.framework/pointer_lock
0x0000000134c20000 	/Users/jonathankawchuk/Library/Application Support/REAPER/Helgoboss/App/bin/Contents/MacOS/helgobox
0x00000001d734c000 	/usr/lib/swift/libswiftAppKit.dylib
0x0000000147d00000 	/Users/jonathankawchuk/Library/Application Support/REAPER/UserPlugins/reaper_ReacomaExtension.dylib
0x0000000275548000 	/System/Library/PrivateFrameworks/TextInputUI.framework/Versions/A/TextInputUI
0x000000027556c000 	/System/Library/PrivateFrameworks/TextInputUIMacHelper.framework/Versions/A/TextInputUIMacHelper
0x000000026b372000 	/System/Library/PrivateFrameworks/Sage.framework/Versions/A/Sage
0x0000000114dec000 	/Users/jonathankawchuk/Library/Application Support/REAPER/UserPlugins/java-runtime/lib/libjli.dylib
0x0000000165088000 	/Users/jonathankawchuk/Library/Application Support/REAPER/UserPlugins/java-runtime/lib/server/libjvm.dylib
0x0000000114dd8000 	/Users/jonathankawchuk/Library/Application Support/REAPER/UserPlugins/java-runtime/lib/libjimage.dylib
0x0000000124038000 	/Users/jonathankawchuk/Library/Application Support/REAPER/UserPlugins/java-runtime/lib/libjava.dylib
0x00000001240f0000 	/Users/jonathankawchuk/Library/Application Support/REAPER/UserPlugins/java-runtime/lib/libnio.dylib
0x0000000124110000 	/Users/jonathankawchuk/Library/Application Support/REAPER/UserPlugins/java-runtime/lib/libnet.dylib
0x000000012412c000 	/Users/jonathankawchuk/Library/Application Support/REAPER/UserPlugins/java-runtime/lib/libzip.dylib
0x0000000124154000 	/Users/jonathankawchuk/Library/Application Support/REAPER/UserPlugins/java-runtime/lib/libverify.dylib
0x0000000126100000 	/Users/jonathankawchuk/Library/Application Support/REAPER/UserPlugins/java-runtime/lib/libawt.dylib
0x00000001ff4ac000 	/System/Library/Frameworks/JavaRuntimeSupport.framework/Versions/A/JavaRuntimeSupport
0x0000000146000000 	/Users/jonathankawchuk/Library/Application Support/REAPER/UserPlugins/java-runtime/lib/libawt_lwawt.dylib
0x0000000124170000 	/Users/jonathankawchuk/Library/Application Support/REAPER/UserPlugins/java-runtime/lib/libosxapp.dylib
0x00000001c27ad000 	/System/Library/Frameworks/ExceptionHandling.framework/Versions/A/ExceptionHandling
0x0000000146138000 	/Users/jonathankawchuk/Library/Application Support/REAPER/UserPlugins/java-runtime/lib/libfontmanager.dylib
0x0000000137b3c000 	/Users/jonathankawchuk/Library/Application Support/REAPER/UserPlugins/java-runtime/lib/libfreetype.dylib
0x00000001261a8000 	/Applications/REAPER.app/Contents/Plugins/FX/reasurround2.vst.dylib
0x00000001455e0000 	/Library/Audio/Plug-Ins/VST3/dpMeter5.vst3/Contents/MacOS/dpMeter5
0x0000000330000000 	/Library/Audio/Plug-Ins/VST3/SonoBus.vst3/Contents/MacOS/SonoBus
0x00000001fdd8d000 	/System/Library/Frameworks/CoreAudioKit.framework/Versions/A/CoreAudioKit
0x00000001fd55a000 	/System/Library/Frameworks/AudioVideoBridging.framework/Versions/A/AudioVideoBridging
0x00000001e8d1e000 	/System/Library/Frameworks/ScriptingBridge.framework/Versions/A/ScriptingBridge
0x0000000146400000 	/System/Library/Components/CoreAudio.component/Contents/MacOS/CoreAudio
0x0000000331884000 	/Library/Audio/Plug-Ins/Components/MusePlugin.component/Contents/MacOS/MusePlugin
0x0000000117728000 	/private/var/folders/6g/_dyszwd54rd36jmvjmmd4htw0000gn/T/usb4java38317507082286295.tmp/libusb4java.dylib
0x0000000116544000 	/System/Library/Extensions/IOUSBHostFamily.kext/Contents/PlugIns/IOUSBLib.bundle/Contents/MacOS/IOUSBLib
0x00000001f96f2000 	/System/Library/PrivateFrameworks/VoiceShortcutClient.framework/Versions/A/VoiceShortcutClient
0x00000001cbf4c000 	/System/Library/PrivateFrameworks/ChronoServices.framework/Versions/A/ChronoServices
0x000000026a9e7000 	/System/Library/PrivateFrameworks/ReplicatorEngine.framework/Versions/A/ReplicatorEngine
0x000000026ab9a000 	/System/Library/PrivateFrameworks/ReplicatorServices.framework/Versions/A/ReplicatorServices
0x0000000274b5b000 	/System/Library/PrivateFrameworks/SystemWake.framework/Versions/A/SystemWake
0x0000000342ec0000 	/Library/Audio/Plug-Ins/VST/hypercyclic.vst/Contents/MacOS/hypercyclic
0x000000015ff34000 	/Library/Audio/Plug-Ins/VST3/Phrasebox.vst3/Contents/MacOS/Phrasebox
0x00000003440f0000 	/Library/Audio/Plug-Ins/VST3/Stochas.vst3/Contents/MacOS/Stochas
0x00000003432c4000 	/Library/Audio/Plug-Ins/Components/Serum.component/Contents/MacOS/Serum
0x000000034bf3c000 	/Library/Audio/Plug-Ins/Components/LABS.component/Contents/MacOS/LABS
0x00000002844c7000 	/usr/lib/libnwswifttls.dylib
0x00000001c5361000 	/usr/lib/log/liblog_network.dylib
0x000000034dc64000 	/Library/Audio/Plug-Ins/Components/BBC Symphony Orchestra.component/Contents/MacOS/BBC Symphony Orchestra
0x00000003a511c000 	/Library/Audio/Plug-Ins/Components/Kontakt 7.component/Contents/MacOS/Kontakt 7
0x00000001fcec4000 	/System/Library/Frameworks/AGL.framework/Versions/A/AGL
0x0000000147fa0000 	/System/Library/Frameworks/Security.framework/Versions/A/PlugIns/csparser.bundle/Contents/MacOS/csparser
0x0000000124970000 	/System/Library/TextEncodings/Unicode Encodings.bundle/Contents/MacOS/Unicode Encodings
0x000000034bd40000 	/Library/Application Support/Native Instruments/Kontakt 7/sqlite3.dylib
0x0000000160554000 	/Library/Application Support/Native Instruments/Kontakt 7/REX Shared Library.framework/Versions/A/REX Shared Library
0x00000001fcb37000 	/System/Library/Frameworks/OpenGL.framework/Versions/A/Resources/GLEngine.bundle/GLEngine
0x00000001fc9dc000 	/System/Library/Frameworks/OpenGL.framework/Versions/A/Libraries/libGLProgrammability.dylib
0x0000000162c38000 	/System/Library/Extensions/AppleMetalOpenGLRenderer.bundle/Contents/MacOS/AppleMetalOpenGLRenderer
0x00000001fcc98000 	/System/Library/Frameworks/OpenGL.framework/Versions/A/Resources/GLRendererFloat.bundle/GLRendererFloat
0x000000038481c000 	/Library/Audio/Plug-Ins/Components/UVIWorkstationAU.component/Contents/MacOS/UVIWorkstationAU
0x000000035b4d4000 	/Library/Audio/Plug-Ins/Components/UVIWorkstationAU.component/Contents/Frameworks/libsndfile.1.0.37.dylib
0x000000035b6d0000 	/Library/Audio/Plug-Ins/Components/UVIWorkstationAU.component/Contents/Frameworks/REX Shared Library.framework/Versions/A/REX Shared Library
0x000000035e800000 	/Library/Frameworks/PACEEdenExperience.framework/Versions/A/WrapPersist.bundle/Contents/MacOS/WrapPersist
0x000000039c31c000 	/Library/Audio/Plug-Ins/VST3/Arcade.vst3/Contents/MacOS/Arcade
0x0000000162398000 	/Library/Audio/Plug-Ins/Components/iZNeutron3AUHook.component/Contents/MacOS/PluginHooksAU
0x0000000397200000 	/Library/Audio/Plug-Ins/Components/iZNeutron3AUHook.component/Contents/Resources/iZNeutron3.bundle/Contents/MacOS/iZNeutron3
0x0000000162438000 	/Library/Audio/Plug-Ins/Components/iZNeutron3AUHook.component/Contents/Resources/iZNeutron3.bundle/Contents/MacOS/libmp3lame.dylib
0x0000000399b6c000 	/Library/Audio/Plug-Ins/Components/iZNeutron3AUHook.component/Contents/Resources/iZNeutron3.bundle/Contents/MacOS/libtag.dylib
0x000000015ff00000 	/Library/Application Support/iZotope/Meter Tap 4/Meter Tap 4.bundle/Contents/MacOS/Meter Tap 4
0x00000001d3360000 	/System/Library/PrivateFrameworks/TextToSpeech.framework/Versions/A/TextToSpeech
0x00000001d872d000 	/System/Library/PrivateFrameworks/AXAssetLoader.framework/Versions/A/AXAssetLoader
0x000000015649c000 	/Library/Audio/Plug-Ins/Components/MTremolo.component/Contents/MacOS/MTremolo.bin
0x00000003a1818000 	/Library/Application Support/MeldaProduction/LIB/libMeldaProductionAudioPluginKernelV11.dylib
0x0000000379f24000 	/Library/Audio/Plug-Ins/VST3/Serum2.vst3/Contents/MacOS/Serum2
0x00000003b1cd0000 	/Library/Audio/Plug-Ins/VST3/Divisimate Micro.vst3/Contents/MacOS/Divisimate Micro
0x00000003b3998000 	/Library/Audio/Plug-Ins/Components/Divisimate Micro.component/Contents/MacOS/Divisimate Micro
0x00000001e4a68000 	/System/Library/PrivateFrameworks/Shortcut.framework/Versions/A/Shortcut
0x00000001e4a36000 	/System/Library/PrivateFrameworks/HelpData.framework/Versions/A/HelpData
0x0000000334ad4000 	/Library/Audio/Plug-Ins/VST/Cthulhu.vst/Contents/MacOS/Cthulhu
0x0000000382b4c000 	/Library/Audio/Plug-Ins/Components/Trackspacer25.component/Contents/MacOS/Trackspacer25
0x0000000380db0000 	/Library/Audio/Plug-Ins/Components/LittlePlate.component/Contents/MacOS/LittlePlate
0x00000003ce80c000 	/Library/Audio/Plug-Ins/VST3/Kontakt 7.vst3/Contents/MacOS/Kontakt 7
0x0000000283759000 	/usr/lib/i18n/libiconv_std.dylib
0x000000028374f000 	/usr/lib/i18n/libUTF8.dylib
0x000000028374b000 	/usr/lib/i18n/libUTF1632.dylib
0x000000028375e000 	/usr/lib/i18n/libmapper_none.dylib
0x0000000342650000 	/Library/Audio/Plug-Ins/VST3/BlueARP.vst3/Contents/MacOS/BlueARP

JVMTI agents: none


VM Arguments:
java_command: <unknown>
java_class_path (initial): /Users/jonathankawchuk/Library/Application Support/REAPER/UserPlugins/drivenbymoss-libs/DrivenByMoss4Reaper-26.6.4.jar:/Users/jonathankawchuk/Library/Application Support/REAPER/UserPlugins/drivenbymoss-libs/slf4j-ext-2.0.13.jar:/Users/jonathankawchuk/Library/Application Support/REAPER/UserPlugins/drivenbymoss-libs/jackson-databind-2.22.1.jar:/Users/jonathankawchuk/Library/Application Support/REAPER/UserPlugins/drivenbymoss-libs/jna-platform-5.19.1.jar:/Users/jonathankawchuk/Library/Application Support/REAPER/UserPlugins/drivenbymoss-libs/libusb4java-1.0.24-darwin.jar:/Users/jonathankawchuk/Library/Application Support/REAPER/UserPlugins/drivenbymoss-libs/usb4java-1.3.0.jar:/Users/jonathankawchuk/Library/Application Support/REAPER/UserPlugins/drivenbymoss-libs/purejavahidapi-0.0.21.jar:/Users/jonathankawchuk/Library/Application Support/REAPER/UserPlugins/drivenbymoss-libs/svg-salamander-1.1.2.2.jar:/Users/jonathankawchuk/Library/Application Support/REAPER/UserPlugins/drivenbymoss-libs/jackson-core-2.22.1.jar:/Users/jonathankawchuk/Library/Application Support/REAPER/UserPlugins/drivenbymoss-libs/inieditor-r6.jar:/Users/jonathankawchuk/Library/Application Support/REAPER/UserPlugins/drivenbymoss-libs/jackson-annotations-2.22.jar:/Users/jonathankawchuk/Library/Application Support/REAPER/UserPlugins/drivenbymoss-libs/slf4j-api-2.0.13.jar:/Users/jonathankawchuk/Library/Application Support/REAPER/UserPlugins/drivenbymoss-libs/nativefilechooser-1.3.1.jar:/Users/jonathankawchuk/Library/Application Support/REAPER/UserPlugins/drivenbymoss-libs/jamepad-2.30.0.0.jar:/Users/jonathankawchuk/Library/Application Support/REAPER/UserPlugins/drivenbymoss-libs/jna-5.19.1.jar:/Users/jonathankawchuk/Library/Application Support/REAPER/UserPlugins/drivenbymoss-libs/javaosc-core-0.9.jar:/Users/jonathankawchuk/Library/Application Support/REAPER/UserPlugins/drivenbymoss-libs/commons-lang3-3.8.1.jar:/Users/jonathankawchuk/Library/Application Support/REAPER/UserPlugins/drivenbymoss-libs/gdx-jnigen-loader-2.2.0.jar
Launcher Type: generic

[Global flags]
     intx CICompilerCount                          = 4                                         {product} {ergonomic}
     uint ConcGCThreads                            = 2                                         {product} {ergonomic}
     uint G1ConcRefinementThreads                  = 8                                         {product} {ergonomic}
   size_t G1HeapRegionSize                         = 2097152                                   {product} {ergonomic}
   size_t InitialHeapSize                          = 268435456                                 {product} {ergonomic}
   size_t MarkStackSize                            = 4194304                                   {product} {ergonomic}
   size_t MarkStackSizeMax                         = 536870912                                 {product} {ergonomic}
   size_t MaxHeapSize                              = 4294967296                                {product} {ergonomic}
   size_t MaxNewSize                               = 2575302656                                {product} {ergonomic}
   size_t MinHeapDeltaBytes                        = 2097152                                   {product} {ergonomic}
   size_t MinHeapSize                              = 8388608                                   {product} {ergonomic}
    uintx NonNMethodCodeHeapSize                   = 5849088                                {pd product} {ergonomic}
    uintx NonProfiledCodeHeapSize                  = 122912768                              {pd product} {ergonomic}
    uintx ProfiledCodeHeapSize                     = 122912768                              {pd product} {ergonomic}
    uintx ReservedCodeCacheSize                    = 251674624                              {pd product} {ergonomic}
     bool SegmentedCodeCache                       = true                                      {product} {ergonomic}
   size_t SoftMaxHeapSize                          = 4294967296                             {manageable} {ergonomic}
     bool UseCompressedOops                        = true                           {product lp64_product} {ergonomic}
     bool UseG1GC                                  = true                                      {product} {ergonomic}
     bool UseNUMA                                  = false                                     {product} {ergonomic}
     bool UseNUMAInterleaving                      = false                                     {product} {ergonomic}

Logging:
Log output configuration:
 #0: 
[error occurred during error reporting (printing log configuration), id 0xb, SIGSEGV (0xb) at pc=0x00000001657d2a08]
Release file:
JAVA_VERSION="25.0.3" 
MODULES="java.base java.datatransfer java.xml java.prefs java.desktop java.instrument java.logging java.management java.security.sasl java.naming java.transaction.xa java.sql jdk.accessibility" 

Environment Variables:
PATH=/usr/bin:/bin:/usr/sbin:/sbin:/usr/local/bin:/Users/jonathankawchuk/flucoma-cli/bin
SHELL=/bin/zsh
TMPDIR=/var/folders/6g/_dyszwd54rd36jmvjmmd4htw0000gn/T/

Active Locale:
LC_ALL=C/UTF-8/C/C/C/C
LC_COLLATE=C
LC_CTYPE=UTF-8
LC_MESSAGES=C
LC_MONETARY=C
LC_NUMERIC=C
LC_TIME=C

Signal Handlers:
   SIGSEGV: crash_handler in libjvm.dylib, mask=11100110000111110111111111111111, flags=SA_ONSTACK|SA_RESTART|SA_SIGINFO, unblocked
    SIGBUS: crash_handler in libjvm.dylib, mask=11100110000111110111111111111111, flags=SA_RESTART|SA_SIGINFO, unblocked
    SIGFPE: crash_handler in libjvm.dylib, mask=11100110000111110111111111111111, flags=SA_RESTART|SA_SIGINFO, unblocked
   SIGPIPE: SIG_IGN, mask=00000000000000000000000000000000, flags=none, blocked
  *** Handler was modified!
  *** Expected: javaSignalHandler in libjvm.dylib, mask=11100110100111111111111111111111, flags=SA_RESTART|SA_SIGINFO
  chained to: SIG_IGN, mask=00000000000000000000000000000000, flags=none
   SIGXFSZ: javaSignalHandler in libjvm.dylib, mask=11100110000111110111111111111111, flags=SA_RESTART|SA_SIGINFO, blocked
    SIGILL: crash_handler in libjvm.dylib, mask=11100110000111110111111111111111, flags=SA_RESTART|SA_SIGINFO, unblocked
   SIGUSR2: SR_handler in libjvm.dylib, mask=00000000000000000000000000000000, flags=SA_RESTART|SA_SIGINFO, blocked
    SIGHUP: UserHandler in libjvm.dylib, mask=11100110000111110111111111111111, flags=SA_RESTART|SA_SIGINFO, blocked
    SIGINT: UserHandler in libjvm.dylib, mask=11100110000111110111111111111111, flags=SA_RESTART|SA_SIGINFO, blocked
   SIGTERM: UserHandler in libjvm.dylib, mask=11100110000111110111111111111111, flags=SA_RESTART|SA_SIGINFO, blocked
   SIGQUIT: UserHandler in libjvm.dylib, mask=11100110000111110111111111111111, flags=SA_RESTART|SA_SIGINFO, blocked
   SIGTRAP: crash_handler in libjvm.dylib, mask=11100110000111110111111111111111, flags=SA_RESTART|SA_SIGINFO, unblocked


Compilation memory statistics disabled.

Periodic native trim disabled

---------------  S Y S T E M  ---------------

OS:
uname: Darwin 24.6.0 Darwin Kernel Version 24.6.0: Wed Oct 15 21:08:19 PDT 2025; root:xnu-11417.140.69.703.14~1/RELEASE_ARM64_T8103 arm64
OS uptime: 3 days 4:20 hours
rlimit (soft/hard): STACK 8176k/65520k , CORE 0k/infinity , NPROC 2666/4000 , NOFILE 10240/10240 , AS infinity/infinity , CPU infinity/infinity , DATA infinity/infinity , FSIZE infinity/infinity , MEMLOCK infinity/infinity , RSS infinity/infinity
load average: 5.35 4.55 4.12

CPU: total 8 (initial active 8) 0x61:0x0:0x1b588bb3:0, fp, asimd, aes, pmull, sha1, sha256, crc32, lse, sha3, sha512
machdep.cpu.brand_string:Apple M1
hw.cachelinesize:128
hw.l1icachesize:131072
hw.l1dcachesize:65536
hw.l2cachesize:4194304

Memory: 16k page, physical 16777216k(2629456k free), swap 11534336k(744832k free)

vm_info: OpenJDK 64-Bit Server VM (25.0.3+9-LTS) for bsd-aarch64 JRE (25.0.3+9-LTS), built on 2026-04-21T00:00:00Z with clang Apple LLVM 15.0.0 (clang-1500.1.0.2.5)

END.
