=== Reamo Extension Log ===
[31.07.2026 16:04:41.696] INFO  REAmo v0.7.3 starting
[31.07.2026 16:04:41.697] INFO  Project entities: tracks=1 items=0 markers=0 regions=0 fx=1 sends=0 tempo=0
[31.07.2026 16:04:41.697] INFO  Arena sizes: HIGH=1011KB MEDIUM=4045KB LOW=126KB SCRATCH=10113KB total=19MB
[31.07.2026 16:04:41.699] INFO  Tiered arenas initialized: 19MB total
[31.07.2026 16:04:41.699] INFO  Session token generated
[31.07.2026 16:04:41.699] INFO  CSurf registered for push-based callbacks
[31.07.2026 16:04:41.699] INFO  Auto-detected hostname: MacBookPro.lan
[31.07.2026 16:04:41.699] INFO  Loaded 0 playlists from project
[31.07.2026 16:04:41.699] INFO  Initialization complete, waiting for warmup
[31.07.2026 16:04:41.755] INFO  Initialization complete, starting processing timer
[31.07.2026 16:04:42.673] INFO  Starting HTTP+WS server (deferred)...
[31.07.2026 16:04:42.675] INFO  HTTP+WS server started on port 9224
[31.07.2026 16:04:42.675] INFO  FastTimer: started at 10ms interval (native)
=== Reamo Extension Log ===
[01.08.2026 19:27:28.614] INFO  REAmo v0.7.3 starting
[01.08.2026 19:27:28.614] INFO  Project entities: tracks=1 items=0 markers=0 regions=0 fx=1 sends=0 tempo=0
[01.08.2026 19:27:28.614] INFO  Arena sizes: HIGH=1011KB MEDIUM=4045KB LOW=126KB SCRATCH=10113KB total=19MB
[01.08.2026 19:27:28.616] INFO  Tiered arenas initialized: 19MB total
[01.08.2026 19:27:28.616] INFO  Session token generated
[01.08.2026 19:27:28.616] INFO  CSurf registered for push-based callbacks
[01.08.2026 19:27:28.616] INFO  Auto-detected hostname: MacBookPro.lan
[01.08.2026 19:27:28.616] INFO  Loaded 0 playlists from project
[01.08.2026 19:27:28.616] INFO  Initialization complete, waiting for warmup
[01.08.2026 19:27:28.672] INFO  Initialization complete, starting processing timer
[01.08.2026 19:27:29.685] INFO  Starting HTTP+WS server (deferred)...
[01.08.2026 19:27:29.688] INFO  HTTP+WS server started on port 9224
[01.08.2026 19:27:29.688] INFO  FastTimer: started at 10ms interval (native)
[01.08.2026 20:44:29.092] INFO  shutdown() called
[01.08.2026 20:44:29.094] INFO  FastTimer: stopped
[01.08.2026 20:44:29.094] INFO  timers stopped
[01.08.2026 20:44:29.094] INFO  cleaning up CSurf
[01.08.2026 20:44:29.094] INFO  CSurf cleaned up
[01.08.2026 20:44:29.094] INFO  cleaning up audio stream
[01.08.2026 20:44:29.095] INFO  audio stream cleaned up
[01.08.2026 20:44:29.095] INFO  menu: unregistered
[01.08.2026 20:44:29.095] INFO  stopping server
[01.08.2026 20:44:29.097] INFO  server stopped
[01.08.2026 20:44:29.097] INFO  cleaning up gesture state
[01.08.2026 20:44:29.097] INFO  gesture state cleaned up
[01.08.2026 20:44:29.097] INFO  cleaning up toggle subscriptions
[01.08.2026 20:44:29.097] INFO  toggle subscriptions cleaned up
[01.08.2026 20:44:29.098] INFO  cleaning up notes subscriptions
[01.08.2026 20:44:29.098] INFO  notes subscriptions cleaned up
[01.08.2026 20:44:29.098] INFO  cleaning up track subscriptions
[01.08.2026 20:44:29.098] INFO  track subscriptions cleaned up
[01.08.2026 20:44:29.098] INFO  cleaning up peaks subscriptions
[01.08.2026 20:44:29.098] INFO  peaks subscriptions cleaned up
[01.08.2026 20:44:29.098] INFO  cleaning up routing subscriptions
[01.08.2026 20:44:29.098] INFO  routing subscriptions cleaned up
[01.08.2026 20:44:29.098] INFO  cleaning up track FX subscriptions
[01.08.2026 20:44:29.098] INFO  track FX subscriptions cleaned up
[01.08.2026 20:44:29.098] INFO  cleaning up track FX param subscriptions
[01.08.2026 20:44:29.098] INFO  track FX param subscriptions cleaned up
[01.08.2026 20:44:29.098] INFO  cleaning up tuner subscriptions
[01.08.2026 20:44:29.098] INFO  tuner subscriptions cleaned up
[01.08.2026 20:44:29.098] INFO  cleaning up tile cache
[01.08.2026 20:44:29.098] INFO  tile cache cleaned up
[01.08.2026 20:44:29.098] INFO  cleaning up GUID cache
[01.08.2026 20:44:29.098] INFO  GUID cache cleaned up
[01.08.2026 20:44:29.098] INFO  cleaning up item GUID cache
[01.08.2026 20:44:29.098] INFO  item GUID cache cleaned up
[01.08.2026 20:44:29.098] INFO  cleaning up shared state
[01.08.2026 20:44:29.098] INFO  shared state cleaned up
[01.08.2026 20:44:29.098] INFO  cleaning up tiered arenas
[01.08.2026 20:44:29.109] INFO  tiered arenas cleaned up
[01.08.2026 20:44:29.109] INFO  shutdown() complete
=== Extension Unloaded ===

=== Reamo Extension Log ===
[01.08.2026 23:42:50.236] INFO  REAmo v0.7.3 starting
[01.08.2026 23:42:50.236] INFO  Project entities: tracks=1 items=0 markers=0 regions=0 fx=1 sends=0 tempo=0
[01.08.2026 23:42:50.236] INFO  Arena sizes: HIGH=1011KB MEDIUM=4045KB LOW=126KB SCRATCH=10113KB total=19MB
[01.08.2026 23:42:50.238] INFO  Tiered arenas initialized: 19MB total
[01.08.2026 23:42:50.238] INFO  Session token generated
[01.08.2026 23:42:50.238] INFO  CSurf registered for push-based callbacks
[01.08.2026 23:42:50.238] INFO  Auto-detected hostname: MacBookPro.lan
[01.08.2026 23:42:50.238] INFO  Loaded 0 playlists from project
[01.08.2026 23:42:50.238] INFO  Initialization complete, waiting for warmup
[01.08.2026 23:42:50.299] INFO  Initialization complete, starting processing timer
[01.08.2026 23:42:51.233] INFO  Starting HTTP+WS server (deferred)...
[01.08.2026 23:42:51.235] INFO  HTTP+WS server started on port 9224
[01.08.2026 23:42:51.235] INFO  FastTimer: started at 10ms interval (native)
[03.08.2026 17:54:08.475] INFO  shutdown() called
[03.08.2026 17:54:08.478] INFO  FastTimer: stopped
[03.08.2026 17:54:08.478] INFO  timers stopped
[03.08.2026 17:54:08.478] INFO  cleaning up CSurf
[03.08.2026 17:54:08.478] INFO  CSurf cleaned up
[03.08.2026 17:54:08.478] INFO  cleaning up audio stream
[03.08.2026 17:54:08.478] INFO  audio stream cleaned up
[03.08.2026 17:54:08.478] INFO  menu: unregistered
[03.08.2026 17:54:08.478] INFO  stopping server
[03.08.2026 17:54:08.480] INFO  server stopped
[03.08.2026 17:54:08.480] INFO  cleaning up gesture state
[03.08.2026 17:54:08.480] INFO  gesture state cleaned up
[03.08.2026 17:54:08.480] INFO  cleaning up toggle subscriptions
[03.08.2026 17:54:08.480] INFO  toggle subscriptions cleaned up
[03.08.2026 17:54:08.480] INFO  cleaning up notes subscriptions
[03.08.2026 17:54:08.480] INFO  notes subscriptions cleaned up
[03.08.2026 17:54:08.480] INFO  cleaning up track subscriptions
[03.08.2026 17:54:08.480] INFO  track subscriptions cleaned up
[03.08.2026 17:54:08.480] INFO  cleaning up peaks subscriptions
[03.08.2026 17:54:08.480] INFO  peaks subscriptions cleaned up
[03.08.2026 17:54:08.480] INFO  cleaning up routing subscriptions
[03.08.2026 17:54:08.480] INFO  routing subscriptions cleaned up
[03.08.2026 17:54:08.480] INFO  cleaning up track FX subscriptions
[03.08.2026 17:54:08.480] INFO  track FX subscriptions cleaned up
[03.08.2026 17:54:08.480] INFO  cleaning up track FX param subscriptions
[03.08.2026 17:54:08.480] INFO  track FX param subscriptions cleaned up
[03.08.2026 17:54:08.480] INFO  cleaning up tuner subscriptions
[03.08.2026 17:54:08.480] INFO  tuner subscriptions cleaned up
[03.08.2026 17:54:08.480] INFO  cleaning up tile cache
[03.08.2026 17:54:08.480] INFO  tile cache cleaned up
[03.08.2026 17:54:08.480] INFO  cleaning up GUID cache
[03.08.2026 17:54:08.480] INFO  GUID cache cleaned up
[03.08.2026 17:54:08.480] INFO  cleaning up item GUID cache
[03.08.2026 17:54:08.480] INFO  item GUID cache cleaned up
[03.08.2026 17:54:08.480] INFO  cleaning up shared state
[03.08.2026 17:54:08.480] INFO  shared state cleaned up
[03.08.2026 17:54:08.480] INFO  cleaning up tiered arenas
[03.08.2026 17:54:08.487] INFO  tiered arenas cleaned up
[03.08.2026 17:54:08.487] INFO  shutdown() complete
=== Extension Unloaded ===

=== Reamo Extension Log ===
[03.08.2026 19:34:32.702] INFO  REAmo v0.7.3 starting
[03.08.2026 19:34:32.703] INFO  Project entities: tracks=1 items=0 markers=0 regions=0 fx=1 sends=0 tempo=0
[03.08.2026 19:34:32.703] INFO  Arena sizes: HIGH=1011KB MEDIUM=4045KB LOW=126KB SCRATCH=10113KB total=19MB
[03.08.2026 19:34:32.705] INFO  Tiered arenas initialized: 19MB total
[03.08.2026 19:34:32.705] INFO  Session token generated
[03.08.2026 19:34:32.705] INFO  CSurf registered for push-based callbacks
[03.08.2026 19:34:32.705] INFO  Auto-detected hostname: MacBookPro.ht.home
[03.08.2026 19:34:32.705] INFO  Loaded 0 playlists from project
[03.08.2026 19:34:32.705] INFO  Initialization complete, waiting for warmup
[03.08.2026 19:34:32.792] INFO  Initialization complete, starting processing timer
[03.08.2026 19:34:33.689] INFO  Starting HTTP+WS server (deferred)...
[03.08.2026 19:34:33.690] INFO  HTTP+WS server started on port 9224
[03.08.2026 19:34:33.690] INFO  FastTimer: started at 10ms interval (native)
[03.08.2026 19:53:39.154] INFO  shutdown() called
[03.08.2026 19:53:39.157] INFO  FastTimer: stopped
[03.08.2026 19:53:39.157] INFO  timers stopped
[03.08.2026 19:53:39.157] INFO  cleaning up CSurf
[03.08.2026 19:53:39.157] INFO  CSurf cleaned up
[03.08.2026 19:53:39.157] INFO  cleaning up audio stream
[03.08.2026 19:53:39.157] INFO  audio stream cleaned up
[03.08.2026 19:53:39.157] INFO  menu: unregistered
[03.08.2026 19:53:39.157] INFO  stopping server
[03.08.2026 19:53:39.159] INFO  server stopped
[03.08.2026 19:53:39.159] INFO  cleaning up gesture state
[03.08.2026 19:53:39.159] INFO  gesture state cleaned up
[03.08.2026 19:53:39.159] INFO  cleaning up toggle subscriptions
[03.08.2026 19:53:39.159] INFO  toggle subscriptions cleaned up
[03.08.2026 19:53:39.159] INFO  cleaning up notes subscriptions
[03.08.2026 19:53:39.159] INFO  notes subscriptions cleaned up
[03.08.2026 19:53:39.159] INFO  cleaning up track subscriptions
[03.08.2026 19:53:39.159] INFO  track subscriptions cleaned up
[03.08.2026 19:53:39.159] INFO  cleaning up peaks subscriptions
[03.08.2026 19:53:39.159] INFO  peaks subscriptions cleaned up
[03.08.2026 19:53:39.159] INFO  cleaning up routing subscriptions
[03.08.2026 19:53:39.159] INFO  routing subscriptions cleaned up
[03.08.2026 19:53:39.159] INFO  cleaning up track FX subscriptions
[03.08.2026 19:53:39.159] INFO  track FX subscriptions cleaned up
[03.08.2026 19:53:39.159] INFO  cleaning up track FX param subscriptions
[03.08.2026 19:53:39.159] INFO  track FX param subscriptions cleaned up
[03.08.2026 19:53:39.159] INFO  cleaning up tuner subscriptions
[03.08.2026 19:53:39.159] INFO  tuner subscriptions cleaned up
[03.08.2026 19:53:39.159] INFO  cleaning up tile cache
[03.08.2026 19:53:39.159] INFO  tile cache cleaned up
[03.08.2026 19:53:39.159] INFO  cleaning up GUID cache
[03.08.2026 19:53:39.159] INFO  GUID cache cleaned up
[03.08.2026 19:53:39.159] INFO  cleaning up item GUID cache
[03.08.2026 19:53:39.159] INFO  item GUID cache cleaned up
[03.08.2026 19:53:39.159] INFO  cleaning up shared state
[03.08.2026 19:53:39.159] INFO  shared state cleaned up
[03.08.2026 19:53:39.159] INFO  cleaning up tiered arenas
[03.08.2026 19:53:39.166] INFO  tiered arenas cleaned up
[03.08.2026 19:53:39.166] INFO  shutdown() complete
=== Extension Unloaded ===

=== Reamo Extension Log ===
[04.08.2026 17:43:13.528] INFO  REAmo v0.7.3 starting
[04.08.2026 17:43:13.529] INFO  Project entities: tracks=1 items=0 markers=0 regions=0 fx=1 sends=0 tempo=0
[04.08.2026 17:43:13.529] INFO  Arena sizes: HIGH=1011KB MEDIUM=4045KB LOW=126KB SCRATCH=10113KB total=19MB
[04.08.2026 17:43:13.531] INFO  Tiered arenas initialized: 19MB total
[04.08.2026 17:43:13.531] INFO  Session token generated
[04.08.2026 17:43:13.531] INFO  CSurf registered for push-based callbacks
[04.08.2026 17:43:13.531] INFO  Auto-detected hostname: MacBookPro.ht.home
[04.08.2026 17:43:13.531] INFO  Loaded 0 playlists from project
[04.08.2026 17:43:13.531] INFO  Initialization complete, waiting for warmup
[04.08.2026 17:43:13.591] INFO  Initialization complete, starting processing timer
[04.08.2026 17:43:14.541] INFO  Starting HTTP+WS server (deferred)...
[04.08.2026 17:43:14.543] INFO  HTTP+WS server started on port 9224
[04.08.2026 17:43:14.543] INFO  FastTimer: started at 10ms interval (native)
=== Reamo Extension Log ===
[04.08.2026 23:03:39.550] INFO  REAmo v0.7.3 starting
[04.08.2026 23:03:39.551] INFO  Project entities: tracks=1 items=0 markers=0 regions=0 fx=1 sends=0 tempo=0
[04.08.2026 23:03:39.551] INFO  Arena sizes: HIGH=1011KB MEDIUM=4045KB LOW=126KB SCRATCH=10113KB total=19MB
[04.08.2026 23:03:39.553] INFO  Tiered arenas initialized: 19MB total
[04.08.2026 23:03:39.553] INFO  Session token generated
[04.08.2026 23:03:39.553] INFO  CSurf registered for push-based callbacks
[04.08.2026 23:03:39.553] INFO  Auto-detected hostname: MacBookPro.ht.home
[04.08.2026 23:03:39.553] INFO  Loaded 0 playlists from project
[04.08.2026 23:03:39.553] INFO  Initialization complete, waiting for warmup
[04.08.2026 23:03:39.602] INFO  Initialization complete, starting processing timer
[04.08.2026 23:03:40.554] INFO  Starting HTTP+WS server (deferred)...
[04.08.2026 23:03:40.557] INFO  HTTP+WS server started on port 9224
[04.08.2026 23:03:40.557] INFO  FastTimer: started at 10ms interval (native)
[04.08.2026 23:46:09.310] INFO  shutdown() called
[04.08.2026 23:46:09.313] INFO  FastTimer: stopped
[04.08.2026 23:46:09.313] INFO  timers stopped
[04.08.2026 23:46:09.313] INFO  cleaning up CSurf
[04.08.2026 23:46:09.313] INFO  CSurf cleaned up
[04.08.2026 23:46:09.313] INFO  cleaning up audio stream
[04.08.2026 23:46:09.313] INFO  audio stream cleaned up
[04.08.2026 23:46:09.314] INFO  menu: unregistered
[04.08.2026 23:46:09.314] INFO  stopping server
[04.08.2026 23:46:09.315] INFO  server stopped
[04.08.2026 23:46:09.315] INFO  cleaning up gesture state
[04.08.2026 23:46:09.315] INFO  gesture state cleaned up
[04.08.2026 23:46:09.315] INFO  cleaning up toggle subscriptions
[04.08.2026 23:46:09.315] INFO  toggle subscriptions cleaned up
[04.08.2026 23:46:09.315] INFO  cleaning up notes subscriptions
[04.08.2026 23:46:09.315] INFO  notes subscriptions cleaned up
[04.08.2026 23:46:09.315] INFO  cleaning up track subscriptions
[04.08.2026 23:46:09.315] INFO  track subscriptions cleaned up
[04.08.2026 23:46:09.315] INFO  cleaning up peaks subscriptions
[04.08.2026 23:46:09.315] INFO  peaks subscriptions cleaned up
[04.08.2026 23:46:09.315] INFO  cleaning up routing subscriptions
[04.08.2026 23:46:09.315] INFO  routing subscriptions cleaned up
[04.08.2026 23:46:09.315] INFO  cleaning up track FX subscriptions
[04.08.2026 23:46:09.315] INFO  track FX subscriptions cleaned up
[04.08.2026 23:46:09.315] INFO  cleaning up track FX param subscriptions
[04.08.2026 23:46:09.315] INFO  track FX param subscriptions cleaned up
[04.08.2026 23:46:09.315] INFO  cleaning up tuner subscriptions
[04.08.2026 23:46:09.315] INFO  tuner subscriptions cleaned up
[04.08.2026 23:46:09.315] INFO  cleaning up tile cache
[04.08.2026 23:46:09.315] INFO  tile cache cleaned up
[04.08.2026 23:46:09.315] INFO  cleaning up GUID cache
[04.08.2026 23:46:09.315] INFO  GUID cache cleaned up
[04.08.2026 23:46:09.315] INFO  cleaning up item GUID cache
[04.08.2026 23:46:09.315] INFO  item GUID cache cleaned up
[04.08.2026 23:46:09.315] INFO  cleaning up shared state
[04.08.2026 23:46:09.315] INFO  shared state cleaned up
[04.08.2026 23:46:09.315] INFO  cleaning up tiered arenas
[04.08.2026 23:46:09.321] INFO  tiered arenas cleaned up
[04.08.2026 23:46:09.321] INFO  shutdown() complete
=== Extension Unloaded ===

=== Reamo Extension Log ===
[04.08.2026 23:51:40.420] INFO  REAmo v0.7.3 starting
[04.08.2026 23:51:40.421] INFO  Project entities: tracks=1 items=0 markers=0 regions=0 fx=1 sends=0 tempo=0
[04.08.2026 23:51:40.421] INFO  Arena sizes: HIGH=1011KB MEDIUM=4045KB LOW=126KB SCRATCH=10113KB total=19MB
[04.08.2026 23:51:40.422] INFO  Tiered arenas initialized: 19MB total
[04.08.2026 23:51:40.422] INFO  Session token generated
[04.08.2026 23:51:40.422] INFO  CSurf registered for push-based callbacks
[04.08.2026 23:51:40.422] INFO  Auto-detected hostname: MacBookPro.ht.home
[04.08.2026 23:51:40.422] INFO  Loaded 0 playlists from project
[04.08.2026 23:51:40.422] INFO  Initialization complete, waiting for warmup
[04.08.2026 23:51:40.488] INFO  Initialization complete, starting processing timer
[04.08.2026 23:51:41.437] INFO  Starting HTTP+WS server (deferred)...
[04.08.2026 23:51:41.439] INFO  HTTP+WS server started on port 9224
[04.08.2026 23:51:41.439] INFO  FastTimer: started at 10ms interval (native)
[05.08.2026 06:31:22.539] INFO  shutdown() called
[05.08.2026 06:31:22.541] INFO  FastTimer: stopped
[05.08.2026 06:31:22.541] INFO  timers stopped
[05.08.2026 06:31:22.541] INFO  cleaning up CSurf
[05.08.2026 06:31:22.541] INFO  CSurf cleaned up
[05.08.2026 06:31:22.541] INFO  cleaning up audio stream
[05.08.2026 06:31:22.541] INFO  audio stream cleaned up
[05.08.2026 06:31:22.541] INFO  menu: unregistered
[05.08.2026 06:31:22.541] INFO  stopping server
[05.08.2026 06:31:22.542] INFO  server stopped
[05.08.2026 06:31:22.542] INFO  cleaning up gesture state
[05.08.2026 06:31:22.542] INFO  gesture state cleaned up
[05.08.2026 06:31:22.542] INFO  cleaning up toggle subscriptions
[05.08.2026 06:31:22.542] INFO  toggle subscriptions cleaned up
[05.08.2026 06:31:22.542] INFO  cleaning up notes subscriptions
[05.08.2026 06:31:22.542] INFO  notes subscriptions cleaned up
[05.08.2026 06:31:22.542] INFO  cleaning up track subscriptions
[05.08.2026 06:31:22.542] INFO  track subscriptions cleaned up
[05.08.2026 06:31:22.542] INFO  cleaning up peaks subscriptions
[05.08.2026 06:31:22.542] INFO  peaks subscriptions cleaned up
[05.08.2026 06:31:22.542] INFO  cleaning up routing subscriptions
[05.08.2026 06:31:22.542] INFO  routing subscriptions cleaned up
[05.08.2026 06:31:22.542] INFO  cleaning up track FX subscriptions
[05.08.2026 06:31:22.542] INFO  track FX subscriptions cleaned up
[05.08.2026 06:31:22.542] INFO  cleaning up track FX param subscriptions
[05.08.2026 06:31:22.542] INFO  track FX param subscriptions cleaned up
[05.08.2026 06:31:22.542] INFO  cleaning up tuner subscriptions
[05.08.2026 06:31:22.542] INFO  tuner subscriptions cleaned up
[05.08.2026 06:31:22.542] INFO  cleaning up tile cache
[05.08.2026 06:31:22.542] INFO  tile cache cleaned up
[05.08.2026 06:31:22.542] INFO  cleaning up GUID cache
[05.08.2026 06:31:22.542] INFO  GUID cache cleaned up
[05.08.2026 06:31:22.542] INFO  cleaning up item GUID cache
[05.08.2026 06:31:22.542] INFO  item GUID cache cleaned up
[05.08.2026 06:31:22.542] INFO  cleaning up shared state
[05.08.2026 06:31:22.542] INFO  shared state cleaned up
[05.08.2026 06:31:22.542] INFO  cleaning up tiered arenas
[05.08.2026 06:31:22.544] INFO  tiered arenas cleaned up
[05.08.2026 06:31:22.544] INFO  shutdown() complete
=== Extension Unloaded ===

=== Reamo Extension Log ===
[05.08.2026 17:01:50.280] INFO  REAmo v0.7.3 starting
[05.08.2026 17:01:50.280] INFO  Project entities: tracks=1 items=0 markers=0 regions=0 fx=1 sends=0 tempo=0
[05.08.2026 17:01:50.280] INFO  Arena sizes: HIGH=1011KB MEDIUM=4045KB LOW=126KB SCRATCH=10113KB total=19MB
[05.08.2026 17:01:50.282] INFO  Tiered arenas initialized: 19MB total
[05.08.2026 17:01:50.282] INFO  Session token generated
[05.08.2026 17:01:50.282] INFO  CSurf registered for push-based callbacks
[05.08.2026 17:01:50.282] INFO  Auto-detected hostname: MacBookPro.ht.home
[05.08.2026 17:01:50.282] INFO  Loaded 0 playlists from project
[05.08.2026 17:01:50.282] INFO  Initialization complete, waiting for warmup
[05.08.2026 17:01:50.353] INFO  Initialization complete, starting processing timer
[05.08.2026 17:01:51.257] INFO  Starting HTTP+WS server (deferred)...
[05.08.2026 17:01:51.259] INFO  HTTP+WS server started on port 9224
[05.08.2026 17:01:51.259] INFO  FastTimer: started at 10ms interval (native)
[06.08.2026 01:01:46.491] INFO  shutdown() called
[06.08.2026 01:01:46.499] INFO  FastTimer: stopped
[06.08.2026 01:01:46.499] INFO  timers stopped
[06.08.2026 01:01:46.499] INFO  cleaning up CSurf
[06.08.2026 01:01:46.499] INFO  CSurf cleaned up
[06.08.2026 01:01:46.499] INFO  cleaning up audio stream
[06.08.2026 01:01:46.499] INFO  audio stream cleaned up
[06.08.2026 01:01:46.499] INFO  menu: unregistered
[06.08.2026 01:01:46.499] INFO  stopping server
[06.08.2026 01:01:46.502] INFO  server stopped
[06.08.2026 01:01:46.502] INFO  cleaning up gesture state
[06.08.2026 01:01:46.502] INFO  gesture state cleaned up
[06.08.2026 01:01:46.502] INFO  cleaning up toggle subscriptions
[06.08.2026 01:01:46.502] INFO  toggle subscriptions cleaned up
[06.08.2026 01:01:46.502] INFO  cleaning up notes subscriptions
[06.08.2026 01:01:46.502] INFO  notes subscriptions cleaned up
[06.08.2026 01:01:46.502] INFO  cleaning up track subscriptions
[06.08.2026 01:01:46.502] INFO  track subscriptions cleaned up
[06.08.2026 01:01:46.502] INFO  cleaning up peaks subscriptions
[06.08.2026 01:01:46.502] INFO  peaks subscriptions cleaned up
[06.08.2026 01:01:46.502] INFO  cleaning up routing subscriptions
[06.08.2026 01:01:46.502] INFO  routing subscriptions cleaned up
[06.08.2026 01:01:46.502] INFO  cleaning up track FX subscriptions
[06.08.2026 01:01:46.502] INFO  track FX subscriptions cleaned up
[06.08.2026 01:01:46.502] INFO  cleaning up track FX param subscriptions
[06.08.2026 01:01:46.502] INFO  track FX param subscriptions cleaned up
[06.08.2026 01:01:46.502] INFO  cleaning up tuner subscriptions
[06.08.2026 01:01:46.502] INFO  tuner subscriptions cleaned up
[06.08.2026 01:01:46.502] INFO  cleaning up tile cache
[06.08.2026 01:01:46.502] INFO  tile cache cleaned up
[06.08.2026 01:01:46.502] INFO  cleaning up GUID cache
[06.08.2026 01:01:46.502] INFO  GUID cache cleaned up
[06.08.2026 01:01:46.502] INFO  cleaning up item GUID cache
[06.08.2026 01:01:46.502] INFO  item GUID cache cleaned up
[06.08.2026 01:01:46.502] INFO  cleaning up shared state
[06.08.2026 01:01:46.502] INFO  shared state cleaned up
[06.08.2026 01:01:46.502] INFO  cleaning up tiered arenas
[06.08.2026 01:01:46.506] INFO  tiered arenas cleaned up
[06.08.2026 01:01:46.506] INFO  shutdown() complete
=== Extension Unloaded ===

=== Reamo Extension Log ===
[06.08.2026 11:38:06.098] INFO  REAmo v0.7.3 starting
[06.08.2026 11:38:06.099] INFO  Project entities: tracks=61 items=40 markers=2 regions=0 fx=51 sends=8 tempo=0
[06.08.2026 11:38:06.099] INFO  Arena sizes: HIGH=1011KB MEDIUM=4045KB LOW=126KB SCRATCH=10113KB total=19MB
[06.08.2026 11:38:06.101] INFO  Tiered arenas initialized: 19MB total
[06.08.2026 11:38:06.101] INFO  Session token generated
[06.08.2026 11:38:06.101] INFO  CSurf registered for push-based callbacks
[06.08.2026 11:38:06.101] INFO  Auto-detected hostname: jonathans-m1-macbook-pro.tailaaa69.ts.net
[06.08.2026 11:38:06.101] INFO  Loaded 0 playlists from project
[06.08.2026 11:38:06.101] INFO  Initialization complete, waiting for warmup
[06.08.2026 11:38:06.204] INFO  Initialization complete, starting processing timer
[06.08.2026 11:38:07.149] INFO  Starting HTTP+WS server (deferred)...
[06.08.2026 11:38:07.150] INFO  HTTP+WS server started on port 9224
[06.08.2026 11:38:07.150] INFO  FastTimer: started at 10ms interval (native)
[07.08.2026 03:44:08.019] INFO  shutdown() called
[07.08.2026 03:44:08.020] INFO  FastTimer: stopped
[07.08.2026 03:44:08.020] INFO  timers stopped
[07.08.2026 03:44:08.020] INFO  cleaning up CSurf
[07.08.2026 03:44:08.020] INFO  CSurf cleaned up
[07.08.2026 03:44:08.020] INFO  cleaning up audio stream
[07.08.2026 03:44:08.020] INFO  audio stream cleaned up
[07.08.2026 03:44:08.020] INFO  menu: unregistered
[07.08.2026 03:44:08.020] INFO  stopping server
[07.08.2026 03:44:08.021] INFO  server stopped
[07.08.2026 03:44:08.021] INFO  cleaning up gesture state
[07.08.2026 03:44:08.021] INFO  gesture state cleaned up
[07.08.2026 03:44:08.021] INFO  cleaning up toggle subscriptions
[07.08.2026 03:44:08.021] INFO  toggle subscriptions cleaned up
[07.08.2026 03:44:08.022] INFO  cleaning up notes subscriptions
[07.08.2026 03:44:08.022] INFO  notes subscriptions cleaned up
[07.08.2026 03:44:08.022] INFO  cleaning up track subscriptions
[07.08.2026 03:44:08.022] INFO  track subscriptions cleaned up
[07.08.2026 03:44:08.022] INFO  cleaning up peaks subscriptions
[07.08.2026 03:44:08.022] INFO  peaks subscriptions cleaned up
[07.08.2026 03:44:08.022] INFO  cleaning up routing subscriptions
[07.08.2026 03:44:08.022] INFO  routing subscriptions cleaned up
[07.08.2026 03:44:08.022] INFO  cleaning up track FX subscriptions
[07.08.2026 03:44:08.022] INFO  track FX subscriptions cleaned up
[07.08.2026 03:44:08.022] INFO  cleaning up track FX param subscriptions
[07.08.2026 03:44:08.022] INFO  track FX param subscriptions cleaned up
[07.08.2026 03:44:08.022] INFO  cleaning up tuner subscriptions
[07.08.2026 03:44:08.022] INFO  tuner subscriptions cleaned up
[07.08.2026 03:44:08.022] INFO  cleaning up tile cache
[07.08.2026 03:44:08.022] INFO  tile cache cleaned up
[07.08.2026 03:44:08.022] INFO  cleaning up GUID cache
[07.08.2026 03:44:08.022] INFO  GUID cache cleaned up
[07.08.2026 03:44:08.022] INFO  cleaning up item GUID cache
[07.08.2026 03:44:08.022] INFO  item GUID cache cleaned up
[07.08.2026 03:44:08.022] INFO  cleaning up shared state
[07.08.2026 03:44:08.022] INFO  shared state cleaned up
[07.08.2026 03:44:08.022] INFO  cleaning up tiered arenas
[07.08.2026 03:44:08.024] INFO  tiered arenas cleaned up
[07.08.2026 03:44:08.024] INFO  shutdown() complete
=== Extension Unloaded ===

=== Reamo Extension Log ===
[08.08.2026 23:07:47.734] INFO  REAmo v0.7.3 starting
[08.08.2026 23:07:47.735] INFO  Project entities: tracks=1 items=0 markers=0 regions=0 fx=1 sends=0 tempo=0
[08.08.2026 23:07:47.735] INFO  Arena sizes: HIGH=1011KB MEDIUM=4045KB LOW=126KB SCRATCH=10113KB total=19MB
[08.08.2026 23:07:47.737] INFO  Tiered arenas initialized: 19MB total
[08.08.2026 23:07:47.737] INFO  Session token generated
[08.08.2026 23:07:47.737] INFO  CSurf registered for push-based callbacks
[08.08.2026 23:07:47.737] INFO  Auto-detected hostname: jonathans-m1-macbook-pro.tailaaa69.ts.net
[08.08.2026 23:07:47.737] INFO  Loaded 0 playlists from project
[08.08.2026 23:07:47.737] INFO  Initialization complete, waiting for warmup
[08.08.2026 23:07:47.789] INFO  Initialization complete, starting processing timer
[08.08.2026 23:07:48.716] INFO  Starting HTTP+WS server (deferred)...
[08.08.2026 23:07:48.719] INFO  HTTP+WS server started on port 9224
[08.08.2026 23:07:48.719] INFO  FastTimer: started at 10ms interval (native)
[11.08.2026 01:00:59.727] INFO  shutdown() called
[11.08.2026 01:00:59.730] INFO  FastTimer: stopped
[11.08.2026 01:00:59.730] INFO  timers stopped
[11.08.2026 01:00:59.730] INFO  cleaning up CSurf
[11.08.2026 01:00:59.731] INFO  CSurf cleaned up
[11.08.2026 01:00:59.731] INFO  cleaning up audio stream
[11.08.2026 01:00:59.731] INFO  audio stream cleaned up
[11.08.2026 01:00:59.731] INFO  menu: unregistered
[11.08.2026 01:00:59.731] INFO  stopping server
[11.08.2026 01:00:59.735] INFO  server stopped
[11.08.2026 01:00:59.735] INFO  cleaning up gesture state
[11.08.2026 01:00:59.735] INFO  gesture state cleaned up
[11.08.2026 01:00:59.735] INFO  cleaning up toggle subscriptions
[11.08.2026 01:00:59.737] INFO  toggle subscriptions cleaned up
[11.08.2026 01:00:59.741] INFO  cleaning up notes subscriptions
[11.08.2026 01:00:59.741] INFO  notes subscriptions cleaned up
[11.08.2026 01:00:59.741] INFO  cleaning up track subscriptions
[11.08.2026 01:00:59.741] INFO  track subscriptions cleaned up
[11.08.2026 01:00:59.741] INFO  cleaning up peaks subscriptions
[11.08.2026 01:00:59.741] INFO  peaks subscriptions cleaned up
[11.08.2026 01:00:59.741] INFO  cleaning up routing subscriptions
[11.08.2026 01:00:59.741] INFO  routing subscriptions cleaned up
[11.08.2026 01:00:59.741] INFO  cleaning up track FX subscriptions
[11.08.2026 01:00:59.741] INFO  track FX subscriptions cleaned up
[11.08.2026 01:00:59.741] INFO  cleaning up track FX param subscriptions
[11.08.2026 01:00:59.741] INFO  track FX param subscriptions cleaned up
[11.08.2026 01:00:59.741] INFO  cleaning up tuner subscriptions
[11.08.2026 01:00:59.741] INFO  tuner subscriptions cleaned up
[11.08.2026 01:00:59.741] INFO  cleaning up tile cache
[11.08.2026 01:00:59.741] INFO  tile cache cleaned up
[11.08.2026 01:00:59.741] INFO  cleaning up GUID cache
[11.08.2026 01:00:59.741] INFO  GUID cache cleaned up
[11.08.2026 01:00:59.741] INFO  cleaning up item GUID cache
[11.08.2026 01:00:59.741] INFO  item GUID cache cleaned up
[11.08.2026 01:00:59.741] INFO  cleaning up shared state
[11.08.2026 01:00:59.741] INFO  shared state cleaned up
[11.08.2026 01:00:59.741] INFO  cleaning up tiered arenas
[11.08.2026 01:00:59.751] INFO  tiered arenas cleaned up
[11.08.2026 01:00:59.751] INFO  shutdown() complete
=== Extension Unloaded ===

=== Reamo Extension Log ===
[11.08.2026 20:34:34.254] INFO  REAmo v0.7.3 starting
[11.08.2026 20:34:34.255] INFO  Project entities: tracks=1 items=0 markers=0 regions=0 fx=1 sends=0 tempo=0
[11.08.2026 20:34:34.255] INFO  Arena sizes: HIGH=1011KB MEDIUM=4045KB LOW=126KB SCRATCH=10113KB total=19MB
[11.08.2026 20:34:34.258] INFO  Tiered arenas initialized: 19MB total
[11.08.2026 20:34:34.258] INFO  Session token generated
[11.08.2026 20:34:34.258] INFO  CSurf registered for push-based callbacks
[11.08.2026 20:34:34.258] INFO  Auto-detected hostname: jonathans-m1-macbook-pro.tailaaa69.ts.net
[11.08.2026 20:34:34.258] INFO  Loaded 0 playlists from project
[11.08.2026 20:34:34.258] INFO  Initialization complete, waiting for warmup
[11.08.2026 20:34:34.313] INFO  Initialization complete, starting processing timer
[11.08.2026 20:34:35.189] INFO  Starting HTTP+WS server (deferred)...
[11.08.2026 20:34:35.191] INFO  HTTP+WS server started on port 9224
[11.08.2026 20:34:35.191] INFO  FastTimer: started at 10ms interval (native)
[12.08.2026 01:41:30.010] INFO  shutdown() called
[12.08.2026 01:41:30.012] INFO  FastTimer: stopped
[12.08.2026 01:41:30.012] INFO  timers stopped
[12.08.2026 01:41:30.012] INFO  cleaning up CSurf
[12.08.2026 01:41:30.013] INFO  CSurf cleaned up
[12.08.2026 01:41:30.013] INFO  cleaning up audio stream
[12.08.2026 01:41:30.013] INFO  audio stream cleaned up
[12.08.2026 01:41:30.013] INFO  menu: unregistered
[12.08.2026 01:41:30.013] INFO  stopping server
[12.08.2026 01:41:30.015] INFO  server stopped
[12.08.2026 01:41:30.015] INFO  cleaning up gesture state
[12.08.2026 01:41:30.015] INFO  gesture state cleaned up
[12.08.2026 01:41:30.015] INFO  cleaning up toggle subscriptions
[12.08.2026 01:41:30.015] INFO  toggle subscriptions cleaned up
[12.08.2026 01:41:30.015] INFO  cleaning up notes subscriptions
[12.08.2026 01:41:30.015] INFO  notes subscriptions cleaned up
[12.08.2026 01:41:30.015] INFO  cleaning up track subscriptions
[12.08.2026 01:41:30.015] INFO  track subscriptions cleaned up
[12.08.2026 01:41:30.015] INFO  cleaning up peaks subscriptions
[12.08.2026 01:41:30.015] INFO  peaks subscriptions cleaned up
[12.08.2026 01:41:30.015] INFO  cleaning up routing subscriptions
[12.08.2026 01:41:30.015] INFO  routing subscriptions cleaned up
[12.08.2026 01:41:30.015] INFO  cleaning up track FX subscriptions
[12.08.2026 01:41:30.015] INFO  track FX subscriptions cleaned up
[12.08.2026 01:41:30.015] INFO  cleaning up track FX param subscriptions
[12.08.2026 01:41:30.015] INFO  track FX param subscriptions cleaned up
[12.08.2026 01:41:30.015] INFO  cleaning up tuner subscriptions
[12.08.2026 01:41:30.015] INFO  tuner subscriptions cleaned up
[12.08.2026 01:41:30.015] INFO  cleaning up tile cache
[12.08.2026 01:41:30.015] INFO  tile cache cleaned up
[12.08.2026 01:41:30.015] INFO  cleaning up GUID cache
[12.08.2026 01:41:30.016] INFO  GUID cache cleaned up
[12.08.2026 01:41:30.016] INFO  cleaning up item GUID cache
[12.08.2026 01:41:30.016] INFO  item GUID cache cleaned up
[12.08.2026 01:41:30.016] INFO  cleaning up shared state
[12.08.2026 01:41:30.016] INFO  shared state cleaned up
[12.08.2026 01:41:30.016] INFO  cleaning up tiered arenas
[12.08.2026 01:41:30.018] INFO  tiered arenas cleaned up
[12.08.2026 01:41:30.018] INFO  shutdown() complete
=== Extension Unloaded ===

=== Reamo Extension Log ===
[12.08.2026 02:54:01.943] INFO  REAmo v0.7.3 starting
[12.08.2026 02:54:01.943] INFO  Project entities: tracks=1 items=0 markers=0 regions=0 fx=1 sends=0 tempo=0
[12.08.2026 02:54:01.943] INFO  Arena sizes: HIGH=1011KB MEDIUM=4045KB LOW=126KB SCRATCH=10113KB total=19MB
[12.08.2026 02:54:01.945] INFO  Tiered arenas initialized: 19MB total
[12.08.2026 02:54:01.945] INFO  Session token generated
[12.08.2026 02:54:01.945] INFO  CSurf registered for push-based callbacks
[12.08.2026 02:54:01.945] INFO  Auto-detected hostname: jonathans-m1-macbook-pro.tailaaa69.ts.net
[12.08.2026 02:54:01.945] INFO  Loaded 0 playlists from project
[12.08.2026 02:54:01.945] INFO  Initialization complete, waiting for warmup
[12.08.2026 02:54:01.970] INFO  Initialization complete, starting processing timer
[12.08.2026 02:54:02.894] INFO  Starting HTTP+WS server (deferred)...
[12.08.2026 02:54:02.896] INFO  HTTP+WS server started on port 9224
[12.08.2026 02:54:02.896] INFO  FastTimer: started at 10ms interval (native)
=== Reamo Extension Log ===
[12.08.2026 03:18:29.741] INFO  REAmo v0.7.3 starting
[12.08.2026 03:18:29.741] INFO  Project entities: tracks=1 items=0 markers=0 regions=0 fx=1 sends=0 tempo=0
[12.08.2026 03:18:29.741] INFO  Arena sizes: HIGH=1011KB MEDIUM=4045KB LOW=126KB SCRATCH=10113KB total=19MB
[12.08.2026 03:18:29.744] INFO  Tiered arenas initialized: 19MB total
[12.08.2026 03:18:29.744] INFO  Session token generated
[12.08.2026 03:18:29.744] INFO  CSurf registered for push-based callbacks
[12.08.2026 03:18:29.744] INFO  Auto-detected hostname: jonathans-m1-macbook-pro.tailaaa69.ts.net
[12.08.2026 03:18:29.744] INFO  Loaded 0 playlists from project
[12.08.2026 03:18:29.744] INFO  Initialization complete, waiting for warmup
[12.08.2026 03:18:29.878] INFO  Initialization complete, starting processing timer
[12.08.2026 03:18:30.829] INFO  Starting HTTP+WS server (deferred)...
[12.08.2026 03:18:30.831] INFO  HTTP+WS server started on port 9224
[12.08.2026 03:18:30.831] INFO  FastTimer: started at 10ms interval (native)
[12.08.2026 06:34:34.666] INFO  shutdown() called
[12.08.2026 06:34:34.667] INFO  FastTimer: stopped
[12.08.2026 06:34:34.667] INFO  timers stopped
[12.08.2026 06:34:34.667] INFO  cleaning up CSurf
[12.08.2026 06:34:34.667] INFO  CSurf cleaned up
[12.08.2026 06:34:34.667] INFO  cleaning up audio stream
[12.08.2026 06:34:34.667] INFO  audio stream cleaned up
[12.08.2026 06:34:34.667] INFO  menu: unregistered
[12.08.2026 06:34:34.667] INFO  stopping server
[12.08.2026 06:34:34.668] INFO  server stopped
[12.08.2026 06:34:34.668] INFO  cleaning up gesture state
[12.08.2026 06:34:34.668] INFO  gesture state cleaned up
[12.08.2026 06:34:34.668] INFO  cleaning up toggle subscriptions
[12.08.2026 06:34:34.668] INFO  toggle subscriptions cleaned up
[12.08.2026 06:34:34.669] INFO  cleaning up notes subscriptions
[12.08.2026 06:34:34.669] INFO  notes subscriptions cleaned up
[12.08.2026 06:34:34.669] INFO  cleaning up track subscriptions
[12.08.2026 06:34:34.669] INFO  track subscriptions cleaned up
[12.08.2026 06:34:34.669] INFO  cleaning up peaks subscriptions
[12.08.2026 06:34:34.669] INFO  peaks subscriptions cleaned up
[12.08.2026 06:34:34.669] INFO  cleaning up routing subscriptions
[12.08.2026 06:34:34.669] INFO  routing subscriptions cleaned up
[12.08.2026 06:34:34.669] INFO  cleaning up track FX subscriptions
[12.08.2026 06:34:34.669] INFO  track FX subscriptions cleaned up
[12.08.2026 06:34:34.669] INFO  cleaning up track FX param subscriptions
[12.08.2026 06:34:34.669] INFO  track FX param subscriptions cleaned up
[12.08.2026 06:34:34.669] INFO  cleaning up tuner subscriptions
[12.08.2026 06:34:34.669] INFO  tuner subscriptions cleaned up
[12.08.2026 06:34:34.669] INFO  cleaning up tile cache
[12.08.2026 06:34:34.669] INFO  tile cache cleaned up
[12.08.2026 06:34:34.669] INFO  cleaning up GUID cache
[12.08.2026 06:34:34.669] INFO  GUID cache cleaned up
[12.08.2026 06:34:34.669] INFO  cleaning up item GUID cache
[12.08.2026 06:34:34.669] INFO  item GUID cache cleaned up
[12.08.2026 06:34:34.669] INFO  cleaning up shared state
[12.08.2026 06:34:34.669] INFO  shared state cleaned up
[12.08.2026 06:34:34.669] INFO  cleaning up tiered arenas
[12.08.2026 06:34:34.671] INFO  tiered arenas cleaned up
[12.08.2026 06:34:34.671] INFO  shutdown() complete
=== Extension Unloaded ===

=== Reamo Extension Log ===
[12.08.2026 15:43:47.076] INFO  REAmo v0.7.3 starting
[12.08.2026 15:43:47.076] INFO  Project entities: tracks=1 items=0 markers=0 regions=0 fx=1 sends=0 tempo=0
[12.08.2026 15:43:47.076] INFO  Arena sizes: HIGH=1011KB MEDIUM=4045KB LOW=126KB SCRATCH=10113KB total=19MB
[12.08.2026 15:43:47.078] INFO  Tiered arenas initialized: 19MB total
[12.08.2026 15:43:47.078] INFO  Session token generated
[12.08.2026 15:43:47.078] INFO  CSurf registered for push-based callbacks
[12.08.2026 15:43:47.078] INFO  Auto-detected hostname: jonathans-m1-macbook-pro.tailaaa69.ts.net
[12.08.2026 15:43:47.078] INFO  Loaded 0 playlists from project
[12.08.2026 15:43:47.078] INFO  Initialization complete, waiting for warmup
[12.08.2026 15:43:47.144] INFO  Initialization complete, starting processing timer
[12.08.2026 15:43:48.052] INFO  Starting HTTP+WS server (deferred)...
[12.08.2026 15:43:48.054] INFO  HTTP+WS server started on port 9224
[12.08.2026 15:43:48.054] INFO  FastTimer: started at 10ms interval (native)
=== Reamo Extension Log ===
[13.08.2026 00:11:12.609] INFO  REAmo v0.7.3 starting
[13.08.2026 00:11:12.609] INFO  Project entities: tracks=1 items=0 markers=0 regions=0 fx=1 sends=0 tempo=0
[13.08.2026 00:11:12.609] INFO  Arena sizes: HIGH=1011KB MEDIUM=4045KB LOW=126KB SCRATCH=10113KB total=19MB
[13.08.2026 00:11:12.612] INFO  Tiered arenas initialized: 19MB total
[13.08.2026 00:11:12.612] INFO  Session token generated
[13.08.2026 00:11:12.612] INFO  CSurf registered for push-based callbacks
[13.08.2026 00:11:12.612] INFO  Auto-detected hostname: jonathans-m1-macbook-pro.tailaaa69.ts.net
[13.08.2026 00:11:12.612] INFO  Loaded 0 playlists from project
[13.08.2026 00:11:12.612] INFO  Initialization complete, waiting for warmup
[13.08.2026 00:11:12.675] INFO  Initialization complete, starting processing timer
[13.08.2026 00:11:13.579] INFO  Starting HTTP+WS server (deferred)...
[13.08.2026 00:11:13.581] INFO  HTTP+WS server started on port 9224
[13.08.2026 00:11:13.581] INFO  FastTimer: started at 10ms interval (native)
[13.08.2026 00:25:23.217] INFO  shutdown() called
[13.08.2026 00:25:23.219] INFO  FastTimer: stopped
[13.08.2026 00:25:23.219] INFO  timers stopped
[13.08.2026 00:25:23.219] INFO  cleaning up CSurf
[13.08.2026 00:25:23.219] INFO  CSurf cleaned up
[13.08.2026 00:25:23.219] INFO  cleaning up audio stream
[13.08.2026 00:25:23.219] INFO  audio stream cleaned up
[13.08.2026 00:25:23.219] INFO  menu: unregistered
[13.08.2026 00:25:23.219] INFO  stopping server
[13.08.2026 00:25:23.221] INFO  server stopped
[13.08.2026 00:25:23.221] INFO  cleaning up gesture state
[13.08.2026 00:25:23.221] INFO  gesture state cleaned up
[13.08.2026 00:25:23.221] INFO  cleaning up toggle subscriptions
[13.08.2026 00:25:23.221] INFO  toggle subscriptions cleaned up
[13.08.2026 00:25:23.221] INFO  cleaning up notes subscriptions
[13.08.2026 00:25:23.221] INFO  notes subscriptions cleaned up
[13.08.2026 00:25:23.221] INFO  cleaning up track subscriptions
[13.08.2026 00:25:23.221] INFO  track subscriptions cleaned up
[13.08.2026 00:25:23.221] INFO  cleaning up peaks subscriptions
[13.08.2026 00:25:23.221] INFO  peaks subscriptions cleaned up
[13.08.2026 00:25:23.221] INFO  cleaning up routing subscriptions
[13.08.2026 00:25:23.221] INFO  routing subscriptions cleaned up
[13.08.2026 00:25:23.221] INFO  cleaning up track FX subscriptions
[13.08.2026 00:25:23.221] INFO  track FX subscriptions cleaned up
[13.08.2026 00:25:23.221] INFO  cleaning up track FX param subscriptions
[13.08.2026 00:25:23.221] INFO  track FX param subscriptions cleaned up
[13.08.2026 00:25:23.221] INFO  cleaning up tuner subscriptions
[13.08.2026 00:25:23.221] INFO  tuner subscriptions cleaned up
[13.08.2026 00:25:23.221] INFO  cleaning up tile cache
[13.08.2026 00:25:23.221] INFO  tile cache cleaned up
[13.08.2026 00:25:23.221] INFO  cleaning up GUID cache
[13.08.2026 00:25:23.223] INFO  GUID cache cleaned up
[13.08.2026 00:25:23.223] INFO  cleaning up item GUID cache
[13.08.2026 00:25:23.223] INFO  item GUID cache cleaned up
[13.08.2026 00:25:23.223] INFO  cleaning up shared state
[13.08.2026 00:25:23.223] INFO  shared state cleaned up
[13.08.2026 00:25:23.223] INFO  cleaning up tiered arenas
[13.08.2026 00:25:23.228] INFO  tiered arenas cleaned up
[13.08.2026 00:25:23.228] INFO  shutdown() complete
=== Extension Unloaded ===

=== Reamo Extension Log ===
[13.08.2026 00:25:33.423] INFO  REAmo v0.7.3 starting
[13.08.2026 00:25:33.424] INFO  Project entities: tracks=1 items=0 markers=0 regions=0 fx=1 sends=0 tempo=0
[13.08.2026 00:25:33.424] INFO  Arena sizes: HIGH=1011KB MEDIUM=4045KB LOW=126KB SCRATCH=10113KB total=19MB
[13.08.2026 00:25:33.425] INFO  Tiered arenas initialized: 19MB total
[13.08.2026 00:25:33.425] INFO  Session token generated
[13.08.2026 00:25:33.425] INFO  CSurf registered for push-based callbacks
[13.08.2026 00:25:33.425] INFO  Auto-detected hostname: jonathans-m1-macbook-pro.tailaaa69.ts.net
[13.08.2026 00:25:33.425] INFO  Loaded 0 playlists from project
[13.08.2026 00:25:33.425] INFO  Initialization complete, waiting for warmup
[13.08.2026 00:25:33.471] INFO  Initialization complete, starting processing timer
[13.08.2026 00:25:34.374] INFO  Starting HTTP+WS server (deferred)...
[13.08.2026 00:25:34.375] INFO  HTTP+WS server started on port 9224
[13.08.2026 00:25:34.375] INFO  FastTimer: started at 10ms interval (native)
[13.08.2026 00:59:00.224] INFO  shutdown() called
[13.08.2026 00:59:00.226] INFO  FastTimer: stopped
[13.08.2026 00:59:00.226] INFO  timers stopped
[13.08.2026 00:59:00.226] INFO  cleaning up CSurf
[13.08.2026 00:59:00.226] INFO  CSurf cleaned up
[13.08.2026 00:59:00.226] INFO  cleaning up audio stream
[13.08.2026 00:59:00.226] INFO  audio stream cleaned up
[13.08.2026 00:59:00.226] INFO  menu: unregistered
[13.08.2026 00:59:00.226] INFO  stopping server
[13.08.2026 00:59:00.228] INFO  server stopped
[13.08.2026 00:59:00.228] INFO  cleaning up gesture state
[13.08.2026 00:59:00.228] INFO  gesture state cleaned up
[13.08.2026 00:59:00.228] INFO  cleaning up toggle subscriptions
[13.08.2026 00:59:00.228] INFO  toggle subscriptions cleaned up
[13.08.2026 00:59:00.229] INFO  cleaning up notes subscriptions
[13.08.2026 00:59:00.229] INFO  notes subscriptions cleaned up
[13.08.2026 00:59:00.229] INFO  cleaning up track subscriptions
[13.08.2026 00:59:00.229] INFO  track subscriptions cleaned up
[13.08.2026 00:59:00.229] INFO  cleaning up peaks subscriptions
[13.08.2026 00:59:00.229] INFO  peaks subscriptions cleaned up
[13.08.2026 00:59:00.229] INFO  cleaning up routing subscriptions
[13.08.2026 00:59:00.229] INFO  routing subscriptions cleaned up
[13.08.2026 00:59:00.229] INFO  cleaning up track FX subscriptions
[13.08.2026 00:59:00.229] INFO  track FX subscriptions cleaned up
[13.08.2026 00:59:00.229] INFO  cleaning up track FX param subscriptions
[13.08.2026 00:59:00.229] INFO  track FX param subscriptions cleaned up
[13.08.2026 00:59:00.229] INFO  cleaning up tuner subscriptions
[13.08.2026 00:59:00.229] INFO  tuner subscriptions cleaned up
[13.08.2026 00:59:00.229] INFO  cleaning up tile cache
[13.08.2026 00:59:00.229] INFO  tile cache cleaned up
[13.08.2026 00:59:00.229] INFO  cleaning up GUID cache
[13.08.2026 00:59:00.230] INFO  GUID cache cleaned up
[13.08.2026 00:59:00.230] INFO  cleaning up item GUID cache
[13.08.2026 00:59:00.230] INFO  item GUID cache cleaned up
[13.08.2026 00:59:00.230] INFO  cleaning up shared state
[13.08.2026 00:59:00.230] INFO  shared state cleaned up
[13.08.2026 00:59:00.230] INFO  cleaning up tiered arenas
[13.08.2026 00:59:00.235] INFO  tiered arenas cleaned up
[13.08.2026 00:59:00.235] INFO  shutdown() complete
=== Extension Unloaded ===

=== Reamo Extension Log ===
[13.08.2026 03:54:50.796] INFO  REAmo v0.7.3 starting
[13.08.2026 03:54:50.796] INFO  Project entities: tracks=1 items=0 markers=0 regions=0 fx=1 sends=0 tempo=0
[13.08.2026 03:54:50.796] INFO  Arena sizes: HIGH=1011KB MEDIUM=4045KB LOW=126KB SCRATCH=10113KB total=19MB
[13.08.2026 03:54:50.798] INFO  Tiered arenas initialized: 19MB total
[13.08.2026 03:54:50.798] INFO  Session token generated
[13.08.2026 03:54:50.798] INFO  CSurf registered for push-based callbacks
[13.08.2026 03:54:50.798] INFO  Auto-detected hostname: jonathans-m1-macbook-pro.tailaaa69.ts.net
[13.08.2026 03:54:50.798] INFO  Loaded 0 playlists from project
[13.08.2026 03:54:50.798] INFO  Initialization complete, waiting for warmup
[13.08.2026 03:54:50.890] INFO  Initialization complete, starting processing timer
[13.08.2026 03:54:51.842] INFO  Starting HTTP+WS server (deferred)...
[13.08.2026 03:54:51.844] INFO  HTTP+WS server started on port 9224
[13.08.2026 03:54:51.844] INFO  FastTimer: started at 10ms interval (native)
[13.08.2026 04:01:42.765] INFO  shutdown() called
[13.08.2026 04:01:42.767] INFO  FastTimer: stopped
[13.08.2026 04:01:42.767] INFO  timers stopped
[13.08.2026 04:01:42.767] INFO  cleaning up CSurf
[13.08.2026 04:01:42.767] INFO  CSurf cleaned up
[13.08.2026 04:01:42.767] INFO  cleaning up audio stream
[13.08.2026 04:01:42.767] INFO  audio stream cleaned up
[13.08.2026 04:01:42.767] INFO  menu: unregistered
[13.08.2026 04:01:42.767] INFO  stopping server
[13.08.2026 04:01:42.768] INFO  server stopped
[13.08.2026 04:01:42.768] INFO  cleaning up gesture state
[13.08.2026 04:01:42.768] INFO  gesture state cleaned up
[13.08.2026 04:01:42.768] INFO  cleaning up toggle subscriptions
[13.08.2026 04:01:42.768] INFO  toggle subscriptions cleaned up
[13.08.2026 04:01:42.768] INFO  cleaning up notes subscriptions
[13.08.2026 04:01:42.768] INFO  notes subscriptions cleaned up
[13.08.2026 04:01:42.768] INFO  cleaning up track subscriptions
[13.08.2026 04:01:42.768] INFO  track subscriptions cleaned up
[13.08.2026 04:01:42.768] INFO  cleaning up peaks subscriptions
[13.08.2026 04:01:42.768] INFO  peaks subscriptions cleaned up
[13.08.2026 04:01:42.768] INFO  cleaning up routing subscriptions
[13.08.2026 04:01:42.768] INFO  routing subscriptions cleaned up
[13.08.2026 04:01:42.768] INFO  cleaning up track FX subscriptions
[13.08.2026 04:01:42.768] INFO  track FX subscriptions cleaned up
[13.08.2026 04:01:42.768] INFO  cleaning up track FX param subscriptions
[13.08.2026 04:01:42.768] INFO  track FX param subscriptions cleaned up
[13.08.2026 04:01:42.768] INFO  cleaning up tuner subscriptions
[13.08.2026 04:01:42.768] INFO  tuner subscriptions cleaned up
[13.08.2026 04:01:42.768] INFO  cleaning up tile cache
[13.08.2026 04:01:42.768] INFO  tile cache cleaned up
[13.08.2026 04:01:42.768] INFO  cleaning up GUID cache
[13.08.2026 04:01:42.768] INFO  GUID cache cleaned up
[13.08.2026 04:01:42.768] INFO  cleaning up item GUID cache
[13.08.2026 04:01:42.768] INFO  item GUID cache cleaned up
[13.08.2026 04:01:42.768] INFO  cleaning up shared state
[13.08.2026 04:01:42.768] INFO  shared state cleaned up
[13.08.2026 04:01:42.768] INFO  cleaning up tiered arenas
[13.08.2026 04:01:42.771] INFO  tiered arenas cleaned up
[13.08.2026 04:01:42.771] INFO  shutdown() complete
=== Extension Unloaded ===

=== Reamo Extension Log ===
[13.08.2026 04:01:54.612] INFO  REAmo v0.7.3 starting
[13.08.2026 04:01:54.612] INFO  Project entities: tracks=1 items=0 markers=0 regions=0 fx=1 sends=0 tempo=0
[13.08.2026 04:01:54.612] INFO  Arena sizes: HIGH=1011KB MEDIUM=4045KB LOW=126KB SCRATCH=10113KB total=19MB
[13.08.2026 04:01:54.614] INFO  Tiered arenas initialized: 19MB total
[13.08.2026 04:01:54.614] INFO  Session token generated
[13.08.2026 04:01:54.614] INFO  CSurf registered for push-based callbacks
[13.08.2026 04:01:54.614] INFO  Auto-detected hostname: jonathans-m1-macbook-pro.tailaaa69.ts.net
[13.08.2026 04:01:54.614] INFO  Loaded 0 playlists from project
[13.08.2026 04:01:54.614] INFO  Initialization complete, waiting for warmup
[13.08.2026 04:01:54.665] INFO  Initialization complete, starting processing timer
[13.08.2026 04:01:55.619] INFO  Starting HTTP+WS server (deferred)...
[13.08.2026 04:01:55.621] INFO  HTTP+WS server started on port 9224
[13.08.2026 04:01:55.621] INFO  FastTimer: started at 10ms interval (native)
[13.08.2026 04:57:06.007] INFO  shutdown() called
[13.08.2026 04:57:06.008] INFO  FastTimer: stopped
[13.08.2026 04:57:06.008] INFO  timers stopped
[13.08.2026 04:57:06.008] INFO  cleaning up CSurf
[13.08.2026 04:57:06.008] INFO  CSurf cleaned up
[13.08.2026 04:57:06.008] INFO  cleaning up audio stream
[13.08.2026 04:57:06.008] INFO  audio stream cleaned up
[13.08.2026 04:57:06.008] INFO  menu: unregistered
[13.08.2026 04:57:06.008] INFO  stopping server
[13.08.2026 04:57:06.010] INFO  server stopped
[13.08.2026 04:57:06.010] INFO  cleaning up gesture state
[13.08.2026 04:57:06.010] INFO  gesture state cleaned up
[13.08.2026 04:57:06.010] INFO  cleaning up toggle subscriptions
[13.08.2026 04:57:06.010] INFO  toggle subscriptions cleaned up
[13.08.2026 04:57:06.010] INFO  cleaning up notes subscriptions
[13.08.2026 04:57:06.010] INFO  notes subscriptions cleaned up
[13.08.2026 04:57:06.010] INFO  cleaning up track subscriptions
[13.08.2026 04:57:06.010] INFO  track subscriptions cleaned up
[13.08.2026 04:57:06.010] INFO  cleaning up peaks subscriptions
[13.08.2026 04:57:06.010] INFO  peaks subscriptions cleaned up
[13.08.2026 04:57:06.010] INFO  cleaning up routing subscriptions
[13.08.2026 04:57:06.010] INFO  routing subscriptions cleaned up
[13.08.2026 04:57:06.010] INFO  cleaning up track FX subscriptions
[13.08.2026 04:57:06.010] INFO  track FX subscriptions cleaned up
[13.08.2026 04:57:06.010] INFO  cleaning up track FX param subscriptions
[13.08.2026 04:57:06.010] INFO  track FX param subscriptions cleaned up
[13.08.2026 04:57:06.010] INFO  cleaning up tuner subscriptions
[13.08.2026 04:57:06.010] INFO  tuner subscriptions cleaned up
[13.08.2026 04:57:06.010] INFO  cleaning up tile cache
[13.08.2026 04:57:06.010] INFO  tile cache cleaned up
[13.08.2026 04:57:06.010] INFO  cleaning up GUID cache
[13.08.2026 04:57:06.010] INFO  GUID cache cleaned up
[13.08.2026 04:57:06.010] INFO  cleaning up item GUID cache
[13.08.2026 04:57:06.010] INFO  item GUID cache cleaned up
[13.08.2026 04:57:06.010] INFO  cleaning up shared state
[13.08.2026 04:57:06.010] INFO  shared state cleaned up
[13.08.2026 04:57:06.010] INFO  cleaning up tiered arenas
[13.08.2026 04:57:06.015] INFO  tiered arenas cleaned up
[13.08.2026 04:57:06.015] INFO  shutdown() complete
=== Extension Unloaded ===

=== Reamo Extension Log ===
[13.08.2026 06:25:34.754] INFO  REAmo v0.7.3 starting
[13.08.2026 06:25:34.754] INFO  Project entities: tracks=1 items=0 markers=0 regions=0 fx=1 sends=0 tempo=0
[13.08.2026 06:25:34.754] INFO  Arena sizes: HIGH=1011KB MEDIUM=4045KB LOW=126KB SCRATCH=10113KB total=19MB
[13.08.2026 06:25:34.756] INFO  Tiered arenas initialized: 19MB total
[13.08.2026 06:25:34.756] INFO  Session token generated
[13.08.2026 06:25:34.756] INFO  CSurf registered for push-based callbacks
[13.08.2026 06:25:34.756] INFO  Auto-detected hostname: jonathans-m1-macbook-pro.tailaaa69.ts.net
[13.08.2026 06:25:34.756] INFO  Loaded 0 playlists from project
[13.08.2026 06:25:34.756] INFO  Initialization complete, waiting for warmup
[13.08.2026 06:25:34.814] INFO  Initialization complete, starting processing timer
[13.08.2026 06:25:35.843] INFO  Starting HTTP+WS server (deferred)...
[13.08.2026 06:25:35.845] INFO  HTTP+WS server started on port 9224
[13.08.2026 06:25:35.845] INFO  FastTimer: started at 10ms interval (native)
[13.08.2026 18:18:23.740] INFO  shutdown() called
[13.08.2026 18:18:23.741] INFO  FastTimer: stopped
[13.08.2026 18:18:23.741] INFO  timers stopped
[13.08.2026 18:18:23.741] INFO  cleaning up CSurf
[13.08.2026 18:18:23.741] INFO  CSurf cleaned up
[13.08.2026 18:18:23.741] INFO  cleaning up audio stream
[13.08.2026 18:18:23.742] INFO  audio stream cleaned up
[13.08.2026 18:18:23.742] INFO  menu: unregistered
[13.08.2026 18:18:23.742] INFO  stopping server
[13.08.2026 18:18:23.744] INFO  server stopped
[13.08.2026 18:18:23.744] INFO  cleaning up gesture state
[13.08.2026 18:18:23.744] INFO  gesture state cleaned up
[13.08.2026 18:18:23.744] INFO  cleaning up toggle subscriptions
[13.08.2026 18:18:23.744] INFO  toggle subscriptions cleaned up
[13.08.2026 18:18:23.745] INFO  cleaning up notes subscriptions
[13.08.2026 18:18:23.745] INFO  notes subscriptions cleaned up
[13.08.2026 18:18:23.745] INFO  cleaning up track subscriptions
[13.08.2026 18:18:23.745] INFO  track subscriptions cleaned up
[13.08.2026 18:18:23.745] INFO  cleaning up peaks subscriptions
[13.08.2026 18:18:23.745] INFO  peaks subscriptions cleaned up
[13.08.2026 18:18:23.745] INFO  cleaning up routing subscriptions
[13.08.2026 18:18:23.745] INFO  routing subscriptions cleaned up
[13.08.2026 18:18:23.745] INFO  cleaning up track FX subscriptions
[13.08.2026 18:18:23.745] INFO  track FX subscriptions cleaned up
[13.08.2026 18:18:23.745] INFO  cleaning up track FX param subscriptions
[13.08.2026 18:18:23.745] INFO  track FX param subscriptions cleaned up
[13.08.2026 18:18:23.745] INFO  cleaning up tuner subscriptions
[13.08.2026 18:18:23.745] INFO  tuner subscriptions cleaned up
[13.08.2026 18:18:23.745] INFO  cleaning up tile cache
[13.08.2026 18:18:23.745] INFO  tile cache cleaned up
[13.08.2026 18:18:23.745] INFO  cleaning up GUID cache
[13.08.2026 18:18:23.745] INFO  GUID cache cleaned up
[13.08.2026 18:18:23.745] INFO  cleaning up item GUID cache
[13.08.2026 18:18:23.745] INFO  item GUID cache cleaned up
[13.08.2026 18:18:23.745] INFO  cleaning up shared state
[13.08.2026 18:18:23.745] INFO  shared state cleaned up
[13.08.2026 18:18:23.745] INFO  cleaning up tiered arenas
[13.08.2026 18:18:23.748] INFO  tiered arenas cleaned up
[13.08.2026 18:18:23.748] INFO  shutdown() complete
=== Extension Unloaded ===

=== Reamo Extension Log ===
[13.08.2026 18:18:40.344] INFO  REAmo v0.7.3 starting
[13.08.2026 18:18:40.344] INFO  Project entities: tracks=1 items=0 markers=0 regions=0 fx=1 sends=0 tempo=0
[13.08.2026 18:18:40.344] INFO  Arena sizes: HIGH=1011KB MEDIUM=4045KB LOW=126KB SCRATCH=10113KB total=19MB
[13.08.2026 18:18:40.346] INFO  Tiered arenas initialized: 19MB total
[13.08.2026 18:18:40.346] INFO  Session token generated
[13.08.2026 18:18:40.346] INFO  CSurf registered for push-based callbacks
[13.08.2026 18:18:40.346] INFO  Auto-detected hostname: jonathans-m1-macbook-pro.tailaaa69.ts.net
[13.08.2026 18:18:40.346] INFO  Loaded 0 playlists from project
[13.08.2026 18:18:40.346] INFO  Initialization complete, waiting for warmup
[13.08.2026 18:18:40.396] INFO  Initialization complete, starting processing timer
[13.08.2026 18:18:41.318] INFO  Starting HTTP+WS server (deferred)...
[13.08.2026 18:18:41.320] INFO  HTTP+WS server started on port 9224
[13.08.2026 18:18:41.320] INFO  FastTimer: started at 10ms interval (native)
[14.08.2026 15:46:17.813] INFO  shutdown() called
[14.08.2026 15:46:17.822] INFO  FastTimer: stopped
[14.08.2026 15:46:17.822] INFO  timers stopped
[14.08.2026 15:46:17.822] INFO  cleaning up CSurf
[14.08.2026 15:46:17.823] INFO  CSurf cleaned up
[14.08.2026 15:46:17.823] INFO  cleaning up audio stream
[14.08.2026 15:46:17.823] INFO  audio stream cleaned up
[14.08.2026 15:46:17.823] INFO  menu: unregistered
[14.08.2026 15:46:17.823] INFO  stopping server
[14.08.2026 15:46:17.824] INFO  server stopped
[14.08.2026 15:46:17.824] INFO  cleaning up gesture state
[14.08.2026 15:46:17.824] INFO  gesture state cleaned up
[14.08.2026 15:46:17.824] INFO  cleaning up toggle subscriptions
[14.08.2026 15:46:17.824] INFO  toggle subscriptions cleaned up
[14.08.2026 15:46:17.824] INFO  cleaning up notes subscriptions
[14.08.2026 15:46:17.824] INFO  notes subscriptions cleaned up
[14.08.2026 15:46:17.824] INFO  cleaning up track subscriptions
[14.08.2026 15:46:17.824] INFO  track subscriptions cleaned up
[14.08.2026 15:46:17.824] INFO  cleaning up peaks subscriptions
[14.08.2026 15:46:17.824] INFO  peaks subscriptions cleaned up
[14.08.2026 15:46:17.824] INFO  cleaning up routing subscriptions
[14.08.2026 15:46:17.824] INFO  routing subscriptions cleaned up
[14.08.2026 15:46:17.824] INFO  cleaning up track FX subscriptions
[14.08.2026 15:46:17.824] INFO  track FX subscriptions cleaned up
[14.08.2026 15:46:17.824] INFO  cleaning up track FX param subscriptions
[14.08.2026 15:46:17.824] INFO  track FX param subscriptions cleaned up
[14.08.2026 15:46:17.824] INFO  cleaning up tuner subscriptions
[14.08.2026 15:46:17.824] INFO  tuner subscriptions cleaned up
[14.08.2026 15:46:17.824] INFO  cleaning up tile cache
[14.08.2026 15:46:17.824] INFO  tile cache cleaned up
[14.08.2026 15:46:17.825] INFO  cleaning up GUID cache
[14.08.2026 15:46:17.825] INFO  GUID cache cleaned up
[14.08.2026 15:46:17.825] INFO  cleaning up item GUID cache
[14.08.2026 15:46:17.825] INFO  item GUID cache cleaned up
[14.08.2026 15:46:17.825] INFO  cleaning up shared state
[14.08.2026 15:46:17.825] INFO  shared state cleaned up
[14.08.2026 15:46:17.825] INFO  cleaning up tiered arenas
[14.08.2026 15:46:17.830] INFO  tiered arenas cleaned up
[14.08.2026 15:46:17.830] INFO  shutdown() complete
=== Extension Unloaded ===

=== Reamo Extension Log ===
[14.08.2026 15:46:42.161] INFO  REAmo v0.7.3 starting
[14.08.2026 15:46:42.161] INFO  Project entities: tracks=1 items=0 markers=0 regions=0 fx=1 sends=0 tempo=0
[14.08.2026 15:46:42.161] INFO  Arena sizes: HIGH=1011KB MEDIUM=4045KB LOW=126KB SCRATCH=10113KB total=19MB
[14.08.2026 15:46:42.163] INFO  Tiered arenas initialized: 19MB total
[14.08.2026 15:46:42.164] INFO  Session token generated
[14.08.2026 15:46:42.164] INFO  CSurf registered for push-based callbacks
[14.08.2026 15:46:42.164] INFO  Auto-detected hostname: jonathans-m1-macbook-pro.tailaaa69.ts.net
[14.08.2026 15:46:42.164] INFO  Loaded 0 playlists from project
[14.08.2026 15:46:42.164] INFO  Initialization complete, waiting for warmup
[14.08.2026 15:46:42.218] INFO  Initialization complete, starting processing timer
[14.08.2026 15:46:49.901] INFO  Starting HTTP+WS server (deferred)...
[14.08.2026 15:46:49.924] INFO  HTTP+WS server started on port 9224
[14.08.2026 15:46:49.924] INFO  FastTimer: started at 10ms interval (native)
=== Reamo Extension Log ===
[15.08.2026 00:55:27.311] INFO  REAmo v0.7.3 starting
[15.08.2026 00:55:27.312] INFO  Project entities: tracks=1 items=0 markers=0 regions=0 fx=1 sends=0 tempo=0
[15.08.2026 00:55:27.312] INFO  Arena sizes: HIGH=1011KB MEDIUM=4045KB LOW=126KB SCRATCH=10113KB total=19MB
[15.08.2026 00:55:27.313] INFO  Tiered arenas initialized: 19MB total
[15.08.2026 00:55:27.313] INFO  Session token generated
[15.08.2026 00:55:27.313] INFO  CSurf registered for push-based callbacks
[15.08.2026 00:55:27.314] INFO  Auto-detected hostname: jonathans-m1-macbook-pro.tailaaa69.ts.net
[15.08.2026 00:55:27.314] INFO  Loaded 0 playlists from project
[15.08.2026 00:55:27.314] INFO  Initialization complete, waiting for warmup
[15.08.2026 00:55:27.361] INFO  Initialization complete, starting processing timer
[15.08.2026 00:55:28.334] INFO  Starting HTTP+WS server (deferred)...
[15.08.2026 00:55:28.336] INFO  HTTP+WS server started on port 9224
[15.08.2026 00:55:28.336] INFO  FastTimer: started at 10ms interval (native)
=== Reamo Extension Log ===
[15.08.2026 15:56:57.872] INFO  REAmo v0.7.3 starting
[15.08.2026 15:56:57.872] INFO  Project entities: tracks=1 items=0 markers=0 regions=0 fx=1 sends=0 tempo=0
[15.08.2026 15:56:57.872] INFO  Arena sizes: HIGH=1011KB MEDIUM=4045KB LOW=126KB SCRATCH=10113KB total=19MB
[15.08.2026 15:56:57.875] INFO  Tiered arenas initialized: 19MB total
[15.08.2026 15:56:57.875] INFO  Session token generated
[15.08.2026 15:56:57.875] INFO  CSurf registered for push-based callbacks
[15.08.2026 15:56:57.875] INFO  Auto-detected hostname: jonathans-m1-macbook-pro.tailaaa69.ts.net
[15.08.2026 15:56:57.875] INFO  Loaded 0 playlists from project
[15.08.2026 15:56:57.875] INFO  Initialization complete, waiting for warmup
[15.08.2026 15:56:57.974] INFO  Initialization complete, starting processing timer
[15.08.2026 15:56:58.896] INFO  Starting HTTP+WS server (deferred)...
[15.08.2026 15:56:58.903] INFO  HTTP+WS server started on port 9224
[15.08.2026 15:56:58.903] INFO  FastTimer: started at 10ms interval (native)
[15.08.2026 16:11:37.996] INFO  shutdown() called
[15.08.2026 16:11:37.998] INFO  FastTimer: stopped
[15.08.2026 16:11:37.998] INFO  timers stopped
[15.08.2026 16:11:37.998] INFO  cleaning up CSurf
[15.08.2026 16:11:37.998] INFO  CSurf cleaned up
[15.08.2026 16:11:37.998] INFO  cleaning up audio stream
[15.08.2026 16:11:37.998] INFO  audio stream cleaned up
[15.08.2026 16:11:37.998] INFO  menu: unregistered
[15.08.2026 16:11:37.998] INFO  stopping server
[15.08.2026 16:11:37.999] INFO  server stopped
[15.08.2026 16:11:37.999] INFO  cleaning up gesture state
[15.08.2026 16:11:37.999] INFO  gesture state cleaned up
[15.08.2026 16:11:37.999] INFO  cleaning up toggle subscriptions
[15.08.2026 16:11:37.999] INFO  toggle subscriptions cleaned up
[15.08.2026 16:11:38.000] INFO  cleaning up notes subscriptions
[15.08.2026 16:11:38.000] INFO  notes subscriptions cleaned up
[15.08.2026 16:11:38.000] INFO  cleaning up track subscriptions
[15.08.2026 16:11:38.000] INFO  track subscriptions cleaned up
[15.08.2026 16:11:38.000] INFO  cleaning up peaks subscriptions
[15.08.2026 16:11:38.000] INFO  peaks subscriptions cleaned up
[15.08.2026 16:11:38.000] INFO  cleaning up routing subscriptions
[15.08.2026 16:11:38.000] INFO  routing subscriptions cleaned up
[15.08.2026 16:11:38.000] INFO  cleaning up track FX subscriptions
[15.08.2026 16:11:38.000] INFO  track FX subscriptions cleaned up
[15.08.2026 16:11:38.000] INFO  cleaning up track FX param subscriptions
[15.08.2026 16:11:38.000] INFO  track FX param subscriptions cleaned up
[15.08.2026 16:11:38.000] INFO  cleaning up tuner subscriptions
[15.08.2026 16:11:38.000] INFO  tuner subscriptions cleaned up
[15.08.2026 16:11:38.000] INFO  cleaning up tile cache
[15.08.2026 16:11:38.000] INFO  tile cache cleaned up
[15.08.2026 16:11:38.000] INFO  cleaning up GUID cache
[15.08.2026 16:11:38.000] INFO  GUID cache cleaned up
[15.08.2026 16:11:38.000] INFO  cleaning up item GUID cache
[15.08.2026 16:11:38.000] INFO  item GUID cache cleaned up
[15.08.2026 16:11:38.000] INFO  cleaning up shared state
[15.08.2026 16:11:38.000] INFO  shared state cleaned up
[15.08.2026 16:11:38.000] INFO  cleaning up tiered arenas
[15.08.2026 16:11:38.002] INFO  tiered arenas cleaned up
[15.08.2026 16:11:38.002] INFO  shutdown() complete
=== Extension Unloaded ===

=== Reamo Extension Log ===
[17.08.2026 17:17:10.329] INFO  REAmo v0.7.3 starting
[17.08.2026 17:17:10.329] INFO  Project entities: tracks=57 items=0 markers=0 regions=0 fx=0 sends=0 tempo=0
[17.08.2026 17:17:10.329] INFO  Arena sizes: HIGH=1011KB MEDIUM=4045KB LOW=126KB SCRATCH=10113KB total=19MB
[17.08.2026 17:17:10.331] INFO  Tiered arenas initialized: 19MB total
[17.08.2026 17:17:10.331] INFO  Session token generated
[17.08.2026 17:17:10.331] INFO  CSurf registered for push-based callbacks
[17.08.2026 17:17:10.331] INFO  Auto-detected hostname: jonathans-m1-macbook-pro.tailaaa69.ts.net
[17.08.2026 17:17:10.331] INFO  Loaded 0 playlists from project
[17.08.2026 17:17:10.331] INFO  Initialization complete, waiting for warmup
[17.08.2026 17:17:10.411] INFO  Initialization complete, starting processing timer
[17.08.2026 17:17:39.904] INFO  Starting HTTP+WS server (deferred)...
[17.08.2026 17:17:39.906] INFO  HTTP+WS server started on port 9224
[17.08.2026 17:17:39.906] INFO  FastTimer: started at 10ms interval (native)
[17.08.2026 17:20:19.219] INFO  shutdown() called
[17.08.2026 17:20:19.221] INFO  FastTimer: stopped
[17.08.2026 17:20:19.221] INFO  timers stopped
[17.08.2026 17:20:19.221] INFO  cleaning up CSurf
[17.08.2026 17:20:19.221] INFO  CSurf cleaned up
[17.08.2026 17:20:19.221] INFO  cleaning up audio stream
[17.08.2026 17:20:19.221] INFO  audio stream cleaned up
[17.08.2026 17:20:19.221] INFO  menu: unregistered
[17.08.2026 17:20:19.221] INFO  stopping server
[17.08.2026 17:20:19.221] INFO  server stopped
[17.08.2026 17:20:19.221] INFO  cleaning up gesture state
[17.08.2026 17:20:19.221] INFO  gesture state cleaned up
[17.08.2026 17:20:19.221] INFO  cleaning up toggle subscriptions
[17.08.2026 17:20:19.221] INFO  toggle subscriptions cleaned up
[17.08.2026 17:20:19.221] INFO  cleaning up notes subscriptions
[17.08.2026 17:20:19.221] INFO  notes subscriptions cleaned up
[17.08.2026 17:20:19.221] INFO  cleaning up track subscriptions
[17.08.2026 17:20:19.221] INFO  track subscriptions cleaned up
[17.08.2026 17:20:19.221] INFO  cleaning up peaks subscriptions
[17.08.2026 17:20:19.221] INFO  peaks subscriptions cleaned up
[17.08.2026 17:20:19.221] INFO  cleaning up routing subscriptions
[17.08.2026 17:20:19.221] INFO  routing subscriptions cleaned up
[17.08.2026 17:20:19.221] INFO  cleaning up track FX subscriptions
[17.08.2026 17:20:19.221] INFO  track FX subscriptions cleaned up
[17.08.2026 17:20:19.221] INFO  cleaning up track FX param subscriptions
[17.08.2026 17:20:19.221] INFO  track FX param subscriptions cleaned up
[17.08.2026 17:20:19.221] INFO  cleaning up tuner subscriptions
[17.08.2026 17:20:19.221] INFO  tuner subscriptions cleaned up
[17.08.2026 17:20:19.221] INFO  cleaning up tile cache
[17.08.2026 17:20:19.221] INFO  tile cache cleaned up
[17.08.2026 17:20:19.221] INFO  cleaning up GUID cache
[17.08.2026 17:20:19.221] INFO  GUID cache cleaned up
[17.08.2026 17:20:19.221] INFO  cleaning up item GUID cache
[17.08.2026 17:20:19.221] INFO  item GUID cache cleaned up
[17.08.2026 17:20:19.221] INFO  cleaning up shared state
[17.08.2026 17:20:19.221] INFO  shared state cleaned up
[17.08.2026 17:20:19.221] INFO  cleaning up tiered arenas
[17.08.2026 17:20:19.224] INFO  tiered arenas cleaned up
[17.08.2026 17:20:19.224] INFO  shutdown() complete
=== Extension Unloaded ===

=== Reamo Extension Log ===
[17.08.2026 17:20:43.253] INFO  REAmo v0.7.3 starting
[17.08.2026 17:20:43.253] INFO  Project entities: tracks=1 items=0 markers=0 regions=0 fx=1 sends=0 tempo=0
[17.08.2026 17:20:43.253] INFO  Arena sizes: HIGH=1011KB MEDIUM=4045KB LOW=126KB SCRATCH=10113KB total=19MB
[17.08.2026 17:20:43.255] INFO  Tiered arenas initialized: 19MB total
[17.08.2026 17:20:43.255] INFO  Session token generated
[17.08.2026 17:20:43.255] INFO  CSurf registered for push-based callbacks
[17.08.2026 17:20:43.255] INFO  Auto-detected hostname: jonathans-m1-macbook-pro.tailaaa69.ts.net
[17.08.2026 17:20:43.255] INFO  Loaded 0 playlists from project
[17.08.2026 17:20:43.255] INFO  Initialization complete, waiting for warmup
[17.08.2026 17:20:43.306] INFO  Initialization complete, starting processing timer
[17.08.2026 17:20:44.223] INFO  Starting HTTP+WS server (deferred)...
[17.08.2026 17:20:44.225] INFO  HTTP+WS server started on port 9224
[17.08.2026 17:20:44.225] INFO  FastTimer: started at 10ms interval (native)
=== Reamo Extension Log ===
[17.08.2026 21:24:34.568] INFO  REAmo v0.7.3 starting
[17.08.2026 21:24:34.569] INFO  Project entities: tracks=60 items=906 markers=0 regions=0 fx=0 sends=0 tempo=0
[17.08.2026 21:24:34.569] INFO  Arena sizes: HIGH=931KB MEDIUM=4535KB LOW=116KB SCRATCH=9313KB total=19MB
[17.08.2026 21:24:34.571] INFO  Tiered arenas initialized: 19MB total
[17.08.2026 21:24:34.571] INFO  Session token generated
[17.08.2026 21:24:34.571] INFO  CSurf registered for push-based callbacks
[17.08.2026 21:24:34.601] INFO  Auto-detected hostname: jonathans-m1-macbook-pro.tailaaa69.ts.net
[17.08.2026 21:24:34.601] INFO  Loaded 0 playlists from project
[17.08.2026 21:24:34.601] INFO  Initialization complete, waiting for warmup
[17.08.2026 21:24:34.623] INFO  Initialization complete, starting processing timer
[17.08.2026 21:24:35.543] INFO  Starting HTTP+WS server (deferred)...
[17.08.2026 21:24:35.548] INFO  HTTP+WS server started on port 9224
[17.08.2026 21:24:35.548] INFO  FastTimer: started at 10ms interval (native)
[17.08.2026 22:33:58.980] INFO  shutdown() called
[17.08.2026 22:33:58.981] INFO  FastTimer: stopped
[17.08.2026 22:33:58.981] INFO  timers stopped
[17.08.2026 22:33:58.981] INFO  cleaning up CSurf
[17.08.2026 22:33:58.981] INFO  CSurf cleaned up
[17.08.2026 22:33:58.981] INFO  cleaning up audio stream
[17.08.2026 22:33:58.981] INFO  audio stream cleaned up
[17.08.2026 22:33:58.981] INFO  menu: unregistered
[17.08.2026 22:33:58.981] INFO  stopping server
[17.08.2026 22:33:58.983] INFO  server stopped
[17.08.2026 22:33:58.983] INFO  cleaning up gesture state
[17.08.2026 22:33:58.983] INFO  gesture state cleaned up
[17.08.2026 22:33:58.983] INFO  cleaning up toggle subscriptions
[17.08.2026 22:33:58.983] INFO  toggle subscriptions cleaned up
[17.08.2026 22:33:58.983] INFO  cleaning up notes subscriptions
[17.08.2026 22:33:58.983] INFO  notes subscriptions cleaned up
[17.08.2026 22:33:58.983] INFO  cleaning up track subscriptions
[17.08.2026 22:33:58.983] INFO  track subscriptions cleaned up
[17.08.2026 22:33:58.983] INFO  cleaning up peaks subscriptions
[17.08.2026 22:33:58.983] INFO  peaks subscriptions cleaned up
[17.08.2026 22:33:58.983] INFO  cleaning up routing subscriptions
[17.08.2026 22:33:58.983] INFO  routing subscriptions cleaned up
[17.08.2026 22:33:58.983] INFO  cleaning up track FX subscriptions
[17.08.2026 22:33:58.983] INFO  track FX subscriptions cleaned up
[17.08.2026 22:33:58.983] INFO  cleaning up track FX param subscriptions
[17.08.2026 22:33:58.983] INFO  track FX param subscriptions cleaned up
[17.08.2026 22:33:58.983] INFO  cleaning up tuner subscriptions
[17.08.2026 22:33:58.983] INFO  tuner subscriptions cleaned up
[17.08.2026 22:33:58.983] INFO  cleaning up tile cache
[17.08.2026 22:33:58.983] INFO  tile cache cleaned up
[17.08.2026 22:33:58.983] INFO  cleaning up GUID cache
[17.08.2026 22:33:58.983] INFO  GUID cache cleaned up
[17.08.2026 22:33:58.983] INFO  cleaning up item GUID cache
[17.08.2026 22:33:58.984] INFO  item GUID cache cleaned up
[17.08.2026 22:33:58.984] INFO  cleaning up shared state
[17.08.2026 22:33:58.984] INFO  shared state cleaned up
[17.08.2026 22:33:58.984] INFO  cleaning up tiered arenas
[17.08.2026 22:33:58.988] INFO  tiered arenas cleaned up
[17.08.2026 22:33:58.988] INFO  shutdown() complete
=== Extension Unloaded ===

=== Reamo Extension Log ===
[17.08.2026 22:34:22.396] INFO  REAmo v0.7.3 starting
[17.08.2026 22:34:22.397] INFO  Project entities: tracks=1 items=0 markers=0 regions=0 fx=1 sends=0 tempo=0
[17.08.2026 22:34:22.397] INFO  Arena sizes: HIGH=1011KB MEDIUM=4045KB LOW=126KB SCRATCH=10113KB total=19MB
[17.08.2026 22:34:22.399] INFO  Tiered arenas initialized: 19MB total
[17.08.2026 22:34:22.399] INFO  Session token generated
[17.08.2026 22:34:22.399] INFO  CSurf registered for push-based callbacks
[17.08.2026 22:34:22.409] INFO  Auto-detected hostname: jonathans-m1-macbook-pro.tailaaa69.ts.net
[17.08.2026 22:34:22.409] INFO  Loaded 0 playlists from project
[17.08.2026 22:34:22.409] INFO  Initialization complete, waiting for warmup
[17.08.2026 22:34:22.471] INFO  Initialization complete, starting processing timer
[17.08.2026 22:34:23.375] INFO  Starting HTTP+WS server (deferred)...
[17.08.2026 22:34:23.377] INFO  HTTP+WS server started on port 9224
[17.08.2026 22:34:23.377] INFO  FastTimer: started at 10ms interval (native)
[18.08.2026 05:02:00.996] INFO  shutdown() called
[18.08.2026 05:02:00.999] INFO  FastTimer: stopped
[18.08.2026 05:02:00.999] INFO  timers stopped
[18.08.2026 05:02:00.999] INFO  cleaning up CSurf
[18.08.2026 05:02:00.999] INFO  CSurf cleaned up
[18.08.2026 05:02:00.999] INFO  cleaning up audio stream
[18.08.2026 05:02:00.999] INFO  audio stream cleaned up
[18.08.2026 05:02:00.999] INFO  menu: unregistered
[18.08.2026 05:02:00.999] INFO  stopping server
[18.08.2026 05:02:01.000] INFO  server stopped
[18.08.2026 05:02:01.000] INFO  cleaning up gesture state
[18.08.2026 05:02:01.000] INFO  gesture state cleaned up
[18.08.2026 05:02:01.000] INFO  cleaning up toggle subscriptions
[18.08.2026 05:02:01.000] INFO  toggle subscriptions cleaned up
[18.08.2026 05:02:01.001] INFO  cleaning up notes subscriptions
[18.08.2026 05:02:01.001] INFO  notes subscriptions cleaned up
[18.08.2026 05:02:01.001] INFO  cleaning up track subscriptions
[18.08.2026 05:02:01.001] INFO  track subscriptions cleaned up
[18.08.2026 05:02:01.001] INFO  cleaning up peaks subscriptions
[18.08.2026 05:02:01.001] INFO  peaks subscriptions cleaned up
[18.08.2026 05:02:01.001] INFO  cleaning up routing subscriptions
[18.08.2026 05:02:01.001] INFO  routing subscriptions cleaned up
[18.08.2026 05:02:01.001] INFO  cleaning up track FX subscriptions
[18.08.2026 05:02:01.001] INFO  track FX subscriptions cleaned up
[18.08.2026 05:02:01.001] INFO  cleaning up track FX param subscriptions
[18.08.2026 05:02:01.001] INFO  track FX param subscriptions cleaned up
[18.08.2026 05:02:01.001] INFO  cleaning up tuner subscriptions
[18.08.2026 05:02:01.001] INFO  tuner subscriptions cleaned up
[18.08.2026 05:02:01.001] INFO  cleaning up tile cache
[18.08.2026 05:02:01.001] INFO  tile cache cleaned up
[18.08.2026 05:02:01.001] INFO  cleaning up GUID cache
[18.08.2026 05:02:01.002] INFO  GUID cache cleaned up
[18.08.2026 05:02:01.002] INFO  cleaning up item GUID cache
[18.08.2026 05:02:01.002] INFO  item GUID cache cleaned up
[18.08.2026 05:02:01.002] INFO  cleaning up shared state
[18.08.2026 05:02:01.002] INFO  shared state cleaned up
[18.08.2026 05:02:01.002] INFO  cleaning up tiered arenas
[18.08.2026 05:02:01.007] INFO  tiered arenas cleaned up
[18.08.2026 05:02:01.007] INFO  shutdown() complete
=== Extension Unloaded ===

=== Reamo Extension Log ===
[18.08.2026 16:18:02.174] INFO  REAmo v0.7.3 starting
[18.08.2026 16:18:02.175] INFO  Project entities: tracks=1 items=0 markers=0 regions=0 fx=1 sends=0 tempo=0
[18.08.2026 16:18:02.175] INFO  Arena sizes: HIGH=1011KB MEDIUM=4045KB LOW=126KB SCRATCH=10113KB total=19MB
[18.08.2026 16:18:02.177] INFO  Tiered arenas initialized: 19MB total
[18.08.2026 16:18:02.177] INFO  Session token generated
[18.08.2026 16:18:02.177] INFO  CSurf registered for push-based callbacks
[18.08.2026 16:18:02.177] INFO  Auto-detected hostname: jonathans-m1-macbook-pro.tailaaa69.ts.net
[18.08.2026 16:18:02.177] INFO  Loaded 0 playlists from project
[18.08.2026 16:18:02.177] INFO  Initialization complete, waiting for warmup
[18.08.2026 16:18:02.245] INFO  Initialization complete, starting processing timer
[18.08.2026 16:18:03.197] INFO  Starting HTTP+WS server (deferred)...
[18.08.2026 16:18:03.199] INFO  HTTP+WS server started on port 9224
[18.08.2026 16:18:03.199] INFO  FastTimer: started at 10ms interval (native)
[18.08.2026 20:09:47.375] INFO  shutdown() called
[18.08.2026 20:09:47.377] INFO  FastTimer: stopped
[18.08.2026 20:09:47.377] INFO  timers stopped
[18.08.2026 20:09:47.377] INFO  cleaning up CSurf
[18.08.2026 20:09:47.377] INFO  CSurf cleaned up
[18.08.2026 20:09:47.377] INFO  cleaning up audio stream
[18.08.2026 20:09:47.377] INFO  audio stream cleaned up
[18.08.2026 20:09:47.377] INFO  menu: unregistered
[18.08.2026 20:09:47.377] INFO  stopping server
[18.08.2026 20:09:47.378] INFO  server stopped
[18.08.2026 20:09:47.378] INFO  cleaning up gesture state
[18.08.2026 20:09:47.378] INFO  gesture state cleaned up
[18.08.2026 20:09:47.378] INFO  cleaning up toggle subscriptions
[18.08.2026 20:09:47.378] INFO  toggle subscriptions cleaned up
[18.08.2026 20:09:47.378] INFO  cleaning up notes subscriptions
[18.08.2026 20:09:47.378] INFO  notes subscriptions cleaned up
[18.08.2026 20:09:47.378] INFO  cleaning up track subscriptions
[18.08.2026 20:09:47.378] INFO  track subscriptions cleaned up
[18.08.2026 20:09:47.378] INFO  cleaning up peaks subscriptions
[18.08.2026 20:09:47.378] INFO  peaks subscriptions cleaned up
[18.08.2026 20:09:47.378] INFO  cleaning up routing subscriptions
[18.08.2026 20:09:47.378] INFO  routing subscriptions cleaned up
[18.08.2026 20:09:47.378] INFO  cleaning up track FX subscriptions
[18.08.2026 20:09:47.378] INFO  track FX subscriptions cleaned up
[18.08.2026 20:09:47.378] INFO  cleaning up track FX param subscriptions
[18.08.2026 20:09:47.378] INFO  track FX param subscriptions cleaned up
[18.08.2026 20:09:47.378] INFO  cleaning up tuner subscriptions
[18.08.2026 20:09:47.378] INFO  tuner subscriptions cleaned up
[18.08.2026 20:09:47.378] INFO  cleaning up tile cache
[18.08.2026 20:09:47.378] INFO  tile cache cleaned up
[18.08.2026 20:09:47.378] INFO  cleaning up GUID cache
[18.08.2026 20:09:47.378] INFO  GUID cache cleaned up
[18.08.2026 20:09:47.378] INFO  cleaning up item GUID cache
[18.08.2026 20:09:47.378] INFO  item GUID cache cleaned up
[18.08.2026 20:09:47.378] INFO  cleaning up shared state
[18.08.2026 20:09:47.378] INFO  shared state cleaned up
[18.08.2026 20:09:47.378] INFO  cleaning up tiered arenas
[18.08.2026 20:09:47.381] INFO  tiered arenas cleaned up
[18.08.2026 20:09:47.381] INFO  shutdown() complete
=== Extension Unloaded ===

=== Reamo Extension Log ===
[18.08.2026 20:10:54.434] INFO  REAmo v0.7.3 starting
[18.08.2026 20:10:54.435] INFO  Project entities: tracks=1 items=0 markers=0 regions=0 fx=1 sends=0 tempo=0
[18.08.2026 20:10:54.435] INFO  Arena sizes: HIGH=1011KB MEDIUM=4045KB LOW=126KB SCRATCH=10113KB total=19MB
[18.08.2026 20:10:54.437] INFO  Tiered arenas initialized: 19MB total
[18.08.2026 20:10:54.437] INFO  Session token generated
[18.08.2026 20:10:54.437] INFO  CSurf registered for push-based callbacks
[18.08.2026 20:10:54.437] INFO  Auto-detected hostname: jonathans-m1-macbook-pro.tailaaa69.ts.net
[18.08.2026 20:10:54.437] INFO  Loaded 0 playlists from project
[18.08.2026 20:10:54.437] INFO  Initialization complete, waiting for warmup
[18.08.2026 20:10:54.645] INFO  Initialization complete, starting processing timer
[18.08.2026 20:10:55.539] INFO  Starting HTTP+WS server (deferred)...
[18.08.2026 20:10:55.541] INFO  HTTP+WS server started on port 9224
[18.08.2026 20:10:55.541] INFO  FastTimer: started at 10ms interval (native)
[18.08.2026 20:10:58.713] INFO  shutdown() called
[18.08.2026 20:10:58.713] INFO  FastTimer: stopped
[18.08.2026 20:10:58.713] INFO  timers stopped
[18.08.2026 20:10:58.713] INFO  cleaning up CSurf
[18.08.2026 20:10:58.713] INFO  CSurf cleaned up
[18.08.2026 20:10:58.713] INFO  cleaning up audio stream
[18.08.2026 20:10:58.713] INFO  audio stream cleaned up
[18.08.2026 20:10:58.713] INFO  menu: unregistered
[18.08.2026 20:10:58.713] INFO  stopping server
[18.08.2026 20:10:58.713] INFO  server stopped
[18.08.2026 20:10:58.713] INFO  cleaning up gesture state
[18.08.2026 20:10:58.713] INFO  gesture state cleaned up
[18.08.2026 20:10:58.713] INFO  cleaning up toggle subscriptions
[18.08.2026 20:10:58.713] INFO  toggle subscriptions cleaned up
[18.08.2026 20:10:58.714] INFO  cleaning up notes subscriptions
[18.08.2026 20:10:58.714] INFO  notes subscriptions cleaned up
[18.08.2026 20:10:58.714] INFO  cleaning up track subscriptions
[18.08.2026 20:10:58.714] INFO  track subscriptions cleaned up
[18.08.2026 20:10:58.714] INFO  cleaning up peaks subscriptions
[18.08.2026 20:10:58.714] INFO  peaks subscriptions cleaned up
[18.08.2026 20:10:58.714] INFO  cleaning up routing subscriptions
[18.08.2026 20:10:58.714] INFO  routing subscriptions cleaned up
[18.08.2026 20:10:58.714] INFO  cleaning up track FX subscriptions
[18.08.2026 20:10:58.714] INFO  track FX subscriptions cleaned up
[18.08.2026 20:10:58.714] INFO  cleaning up track FX param subscriptions
[18.08.2026 20:10:58.714] INFO  track FX param subscriptions cleaned up
[18.08.2026 20:10:58.714] INFO  cleaning up tuner subscriptions
[18.08.2026 20:10:58.714] INFO  tuner subscriptions cleaned up
[18.08.2026 20:10:58.714] INFO  cleaning up tile cache
[18.08.2026 20:10:58.714] INFO  tile cache cleaned up
[18.08.2026 20:10:58.714] INFO  cleaning up GUID cache
[18.08.2026 20:10:58.714] INFO  GUID cache cleaned up
[18.08.2026 20:10:58.714] INFO  cleaning up item GUID cache
[18.08.2026 20:10:58.714] INFO  item GUID cache cleaned up
[18.08.2026 20:10:58.714] INFO  cleaning up shared state
[18.08.2026 20:10:58.714] INFO  shared state cleaned up
[18.08.2026 20:10:58.714] INFO  cleaning up tiered arenas
[18.08.2026 20:10:58.716] INFO  tiered arenas cleaned up
[18.08.2026 20:10:58.716] INFO  shutdown() complete
=== Extension Unloaded ===

=== Reamo Extension Log ===
[18.08.2026 20:11:06.024] INFO  REAmo v0.7.3 starting
[18.08.2026 20:11:06.024] INFO  Project entities: tracks=1 items=0 markers=0 regions=0 fx=1 sends=0 tempo=0
[18.08.2026 20:11:06.024] INFO  Arena sizes: HIGH=1011KB MEDIUM=4045KB LOW=126KB SCRATCH=10113KB total=19MB
[18.08.2026 20:11:06.026] INFO  Tiered arenas initialized: 19MB total
[18.08.2026 20:11:06.026] INFO  Session token generated
[18.08.2026 20:11:06.026] INFO  CSurf registered for push-based callbacks
[18.08.2026 20:11:06.026] INFO  Auto-detected hostname: jonathans-m1-macbook-pro.tailaaa69.ts.net
[18.08.2026 20:11:06.026] INFO  Loaded 0 playlists from project
[18.08.2026 20:11:06.026] INFO  Initialization complete, waiting for warmup
[18.08.2026 20:11:06.202] INFO  Initialization complete, starting processing timer
[18.08.2026 20:11:07.086] INFO  Starting HTTP+WS server (deferred)...
[18.08.2026 20:11:07.087] INFO  HTTP+WS server started on port 9224
[18.08.2026 20:11:07.087] INFO  FastTimer: started at 10ms interval (native)
=== Reamo Extension Log ===
[18.08.2026 21:10:13.339] INFO  REAmo v0.7.3 starting
[18.08.2026 21:10:13.340] INFO  Project entities: tracks=1 items=0 markers=0 regions=0 fx=1 sends=0 tempo=0
[18.08.2026 21:10:13.340] INFO  Arena sizes: HIGH=1011KB MEDIUM=4045KB LOW=126KB SCRATCH=10113KB total=19MB
[18.08.2026 21:10:13.342] INFO  Tiered arenas initialized: 19MB total
[18.08.2026 21:10:13.342] INFO  Session token generated
[18.08.2026 21:10:13.342] INFO  CSurf registered for push-based callbacks
[18.08.2026 21:10:13.342] INFO  Auto-detected hostname: jonathans-m1-macbook-pro.tailaaa69.ts.net
[18.08.2026 21:10:13.342] INFO  Loaded 0 playlists from project
[18.08.2026 21:10:13.342] INFO  Initialization complete, waiting for warmup
[18.08.2026 21:10:13.863] INFO  Initialization complete, starting processing timer
[18.08.2026 21:10:14.780] INFO  Starting HTTP+WS server (deferred)...
[18.08.2026 21:10:14.781] INFO  HTTP+WS server started on port 9224
[18.08.2026 21:10:14.781] INFO  FastTimer: started at 10ms interval (native)
=== Reamo Extension Log ===
[18.08.2026 21:41:31.135] INFO  REAmo v0.7.3 starting
[18.08.2026 21:41:31.136] INFO  Project entities: tracks=1 items=0 markers=0 regions=0 fx=0 sends=0 tempo=0
[18.08.2026 21:41:31.136] INFO  Arena sizes: HIGH=1011KB MEDIUM=4045KB LOW=126KB SCRATCH=10113KB total=19MB
[18.08.2026 21:41:31.137] INFO  Tiered arenas initialized: 19MB total
[18.08.2026 21:41:31.137] INFO  Session token generated
[18.08.2026 21:41:31.137] INFO  CSurf registered for push-based callbacks
[18.08.2026 21:41:31.141] INFO  Auto-detected hostname: jonathans-m1-macbook-pro.tailaaa69.ts.net
[18.08.2026 21:41:31.141] INFO  Loaded 0 playlists from project
[18.08.2026 21:41:31.141] INFO  Initialization complete, waiting for warmup
[18.08.2026 21:41:31.521] INFO  Initialization complete, starting processing timer
[18.08.2026 21:41:32.420] INFO  Starting HTTP+WS server (deferred)...
[18.08.2026 21:41:32.422] INFO  HTTP+WS server started on port 9224
[18.08.2026 21:41:32.422] INFO  FastTimer: started at 10ms interval (native)
=== Reamo Extension Log ===
[18.08.2026 23:11:22.798] INFO  REAmo v0.7.3 starting
[18.08.2026 23:11:22.799] INFO  Project entities: tracks=1 items=0 markers=0 regions=0 fx=1 sends=0 tempo=0
[18.08.2026 23:11:22.799] INFO  Arena sizes: HIGH=1011KB MEDIUM=4045KB LOW=126KB SCRATCH=10113KB total=19MB
[18.08.2026 23:11:22.801] INFO  Tiered arenas initialized: 19MB total
[18.08.2026 23:11:22.801] INFO  Session token generated
[18.08.2026 23:11:22.801] INFO  CSurf registered for push-based callbacks
[18.08.2026 23:11:22.801] INFO  Auto-detected hostname: jonathans-m1-macbook-pro.tailaaa69.ts.net
[18.08.2026 23:11:22.801] INFO  Loaded 0 playlists from project
[18.08.2026 23:11:22.801] INFO  Initialization complete, waiting for warmup
[18.08.2026 23:11:23.271] INFO  Initialization complete, starting processing timer
[18.08.2026 23:11:24.185] INFO  Starting HTTP+WS server (deferred)...
[18.08.2026 23:11:24.187] INFO  HTTP+WS server started on port 9224
[18.08.2026 23:11:24.187] INFO  FastTimer: started at 10ms interval (native)
[19.08.2026 00:09:09.046] INFO  shutdown() called
[19.08.2026 00:09:09.048] INFO  FastTimer: stopped
[19.08.2026 00:09:09.048] INFO  timers stopped
[19.08.2026 00:09:09.048] INFO  cleaning up CSurf
[19.08.2026 00:09:09.048] INFO  CSurf cleaned up
[19.08.2026 00:09:09.048] INFO  cleaning up audio stream
[19.08.2026 00:09:09.048] INFO  audio stream cleaned up
[19.08.2026 00:09:09.048] INFO  menu: unregistered
[19.08.2026 00:09:09.048] INFO  stopping server
[19.08.2026 00:09:09.050] INFO  server stopped
[19.08.2026 00:09:09.050] INFO  cleaning up gesture state
[19.08.2026 00:09:09.050] INFO  gesture state cleaned up
[19.08.2026 00:09:09.050] INFO  cleaning up toggle subscriptions
[19.08.2026 00:09:09.050] INFO  toggle subscriptions cleaned up
[19.08.2026 00:09:09.050] INFO  cleaning up notes subscriptions
[19.08.2026 00:09:09.050] INFO  notes subscriptions cleaned up
[19.08.2026 00:09:09.050] INFO  cleaning up track subscriptions
[19.08.2026 00:09:09.050] INFO  track subscriptions cleaned up
[19.08.2026 00:09:09.050] INFO  cleaning up peaks subscriptions
[19.08.2026 00:09:09.050] INFO  peaks subscriptions cleaned up
[19.08.2026 00:09:09.050] INFO  cleaning up routing subscriptions
[19.08.2026 00:09:09.050] INFO  routing subscriptions cleaned up
[19.08.2026 00:09:09.050] INFO  cleaning up track FX subscriptions
[19.08.2026 00:09:09.050] INFO  track FX subscriptions cleaned up
[19.08.2026 00:09:09.050] INFO  cleaning up track FX param subscriptions
[19.08.2026 00:09:09.050] INFO  track FX param subscriptions cleaned up
[19.08.2026 00:09:09.050] INFO  cleaning up tuner subscriptions
[19.08.2026 00:09:09.050] INFO  tuner subscriptions cleaned up
[19.08.2026 00:09:09.050] INFO  cleaning up tile cache
[19.08.2026 00:09:09.050] INFO  tile cache cleaned up
[19.08.2026 00:09:09.050] INFO  cleaning up GUID cache
[19.08.2026 00:09:09.050] INFO  GUID cache cleaned up
[19.08.2026 00:09:09.050] INFO  cleaning up item GUID cache
[19.08.2026 00:09:09.050] INFO  item GUID cache cleaned up
[19.08.2026 00:09:09.050] INFO  cleaning up shared state
[19.08.2026 00:09:09.050] INFO  shared state cleaned up
[19.08.2026 00:09:09.050] INFO  cleaning up tiered arenas
[19.08.2026 00:09:09.055] INFO  tiered arenas cleaned up
[19.08.2026 00:09:09.055] INFO  shutdown() complete
=== Extension Unloaded ===

=== Reamo Extension Log ===
[19.08.2026 00:10:42.646] INFO  REAmo v0.7.3 starting
[19.08.2026 00:10:42.647] INFO  Project entities: tracks=1 items=0 markers=0 regions=0 fx=1 sends=0 tempo=0
[19.08.2026 00:10:42.647] INFO  Arena sizes: HIGH=1011KB MEDIUM=4045KB LOW=126KB SCRATCH=10113KB total=19MB
[19.08.2026 00:10:42.648] INFO  Tiered arenas initialized: 19MB total
[19.08.2026 00:10:42.648] INFO  Session token generated
[19.08.2026 00:10:42.648] INFO  CSurf registered for push-based callbacks
[19.08.2026 00:10:42.648] INFO  Auto-detected hostname: jonathans-m1-macbook-pro.tailaaa69.ts.net
[19.08.2026 00:10:42.648] INFO  Loaded 0 playlists from project
[19.08.2026 00:10:42.648] INFO  Initialization complete, waiting for warmup
[19.08.2026 00:10:42.935] INFO  Initialization complete, starting processing timer
[19.08.2026 00:10:48.393] INFO  Starting HTTP+WS server (deferred)...
[19.08.2026 00:10:48.395] INFO  HTTP+WS server started on port 9224
[19.08.2026 00:10:48.395] INFO  FastTimer: started at 10ms interval (native)
[19.08.2026 00:20:11.671] INFO  shutdown() called
[19.08.2026 00:20:11.672] INFO  FastTimer: stopped
[19.08.2026 00:20:11.673] INFO  timers stopped
[19.08.2026 00:20:11.673] INFO  cleaning up CSurf
[19.08.2026 00:20:11.673] INFO  CSurf cleaned up
[19.08.2026 00:20:11.673] INFO  cleaning up audio stream
[19.08.2026 00:20:11.673] INFO  audio stream cleaned up
[19.08.2026 00:20:11.673] INFO  menu: unregistered
[19.08.2026 00:20:11.673] INFO  stopping server
[19.08.2026 00:20:11.675] INFO  server stopped
[19.08.2026 00:20:11.675] INFO  cleaning up gesture state
[19.08.2026 00:20:11.675] INFO  gesture state cleaned up
[19.08.2026 00:20:11.675] INFO  cleaning up toggle subscriptions
[19.08.2026 00:20:11.675] INFO  toggle subscriptions cleaned up
[19.08.2026 00:20:11.675] INFO  cleaning up notes subscriptions
[19.08.2026 00:20:11.675] INFO  notes subscriptions cleaned up
[19.08.2026 00:20:11.675] INFO  cleaning up track subscriptions
[19.08.2026 00:20:11.675] INFO  track subscriptions cleaned up
[19.08.2026 00:20:11.675] INFO  cleaning up peaks subscriptions
[19.08.2026 00:20:11.676] INFO  peaks subscriptions cleaned up
[19.08.2026 00:20:11.676] INFO  cleaning up routing subscriptions
[19.08.2026 00:20:11.676] INFO  routing subscriptions cleaned up
[19.08.2026 00:20:11.676] INFO  cleaning up track FX subscriptions
[19.08.2026 00:20:11.676] INFO  track FX subscriptions cleaned up
[19.08.2026 00:20:11.676] INFO  cleaning up track FX param subscriptions
[19.08.2026 00:20:11.676] INFO  track FX param subscriptions cleaned up
[19.08.2026 00:20:11.676] INFO  cleaning up tuner subscriptions
[19.08.2026 00:20:11.676] INFO  tuner subscriptions cleaned up
[19.08.2026 00:20:11.676] INFO  cleaning up tile cache
[19.08.2026 00:20:11.676] INFO  tile cache cleaned up
[19.08.2026 00:20:11.676] INFO  cleaning up GUID cache
[19.08.2026 00:20:11.676] INFO  GUID cache cleaned up
[19.08.2026 00:20:11.676] INFO  cleaning up item GUID cache
[19.08.2026 00:20:11.676] INFO  item GUID cache cleaned up
[19.08.2026 00:20:11.676] INFO  cleaning up shared state
[19.08.2026 00:20:11.676] INFO  shared state cleaned up
[19.08.2026 00:20:11.676] INFO  cleaning up tiered arenas
[19.08.2026 00:20:11.679] INFO  tiered arenas cleaned up
[19.08.2026 00:20:11.679] INFO  shutdown() complete
=== Extension Unloaded ===

=== Reamo Extension Log ===
[19.08.2026 00:20:35.845] INFO  REAmo v0.7.3 starting
[19.08.2026 00:20:35.845] INFO  Project entities: tracks=1 items=0 markers=0 regions=0 fx=1 sends=0 tempo=0
[19.08.2026 00:20:35.845] INFO  Arena sizes: HIGH=1011KB MEDIUM=4045KB LOW=126KB SCRATCH=10113KB total=19MB
[19.08.2026 00:20:35.847] INFO  Tiered arenas initialized: 19MB total
[19.08.2026 00:20:35.847] INFO  Session token generated
[19.08.2026 00:20:35.847] INFO  CSurf registered for push-based callbacks
[19.08.2026 00:20:35.847] INFO  Auto-detected hostname: jonathans-m1-macbook-pro.tailaaa69.ts.net
[19.08.2026 00:20:35.847] INFO  Loaded 0 playlists from project
[19.08.2026 00:20:35.847] INFO  Initialization complete, waiting for warmup
[19.08.2026 00:20:36.429] INFO  Initialization complete, starting processing timer
[19.08.2026 00:20:37.439] INFO  Starting HTTP+WS server (deferred)...
[19.08.2026 00:20:37.440] INFO  HTTP+WS server started on port 9224
[19.08.2026 00:20:37.440] INFO  FastTimer: started at 10ms interval (native)
=== Reamo Extension Log ===
[19.08.2026 04:04:27.594] INFO  REAmo v0.7.3 starting
[19.08.2026 04:04:27.594] INFO  Project entities: tracks=1 items=0 markers=0 regions=0 fx=1 sends=0 tempo=0
[19.08.2026 04:04:27.594] INFO  Arena sizes: HIGH=1011KB MEDIUM=4045KB LOW=126KB SCRATCH=10113KB total=19MB
[19.08.2026 04:04:27.597] INFO  Tiered arenas initialized: 19MB total
[19.08.2026 04:04:27.598] INFO  Session token generated
[19.08.2026 04:04:27.598] INFO  CSurf registered for push-based callbacks
[19.08.2026 04:04:27.598] INFO  Auto-detected hostname: MacBookPro.ht.home
[19.08.2026 04:04:27.598] INFO  Loaded 0 playlists from project
[19.08.2026 04:04:27.598] INFO  Initialization complete, waiting for warmup
[19.08.2026 04:04:28.030] INFO  Initialization complete, starting processing timer
[19.08.2026 04:04:28.981] INFO  Starting HTTP+WS server (deferred)...
[19.08.2026 04:04:28.987] INFO  HTTP+WS server started on port 9224
[19.08.2026 04:04:28.992] INFO  FastTimer: started at 10ms interval (native)
[19.08.2026 04:30:51.315] INFO  shutdown() called
[19.08.2026 04:30:51.317] INFO  FastTimer: stopped
[19.08.2026 04:30:51.317] INFO  timers stopped
[19.08.2026 04:30:51.317] INFO  cleaning up CSurf
[19.08.2026 04:30:51.317] INFO  CSurf cleaned up
[19.08.2026 04:30:51.317] INFO  cleaning up audio stream
[19.08.2026 04:30:51.317] INFO  audio stream cleaned up
[19.08.2026 04:30:51.318] INFO  menu: unregistered
[19.08.2026 04:30:51.318] INFO  stopping server
[19.08.2026 04:30:51.319] INFO  server stopped
[19.08.2026 04:30:51.319] INFO  cleaning up gesture state
[19.08.2026 04:30:51.319] INFO  gesture state cleaned up
[19.08.2026 04:30:51.319] INFO  cleaning up toggle subscriptions
[19.08.2026 04:30:51.319] INFO  toggle subscriptions cleaned up
[19.08.2026 04:30:51.319] INFO  cleaning up notes subscriptions
[19.08.2026 04:30:51.319] INFO  notes subscriptions cleaned up
[19.08.2026 04:30:51.319] INFO  cleaning up track subscriptions
[19.08.2026 04:30:51.319] INFO  track subscriptions cleaned up
[19.08.2026 04:30:51.319] INFO  cleaning up peaks subscriptions
[19.08.2026 04:30:51.319] INFO  peaks subscriptions cleaned up
[19.08.2026 04:30:51.319] INFO  cleaning up routing subscriptions
[19.08.2026 04:30:51.319] INFO  routing subscriptions cleaned up
[19.08.2026 04:30:51.319] INFO  cleaning up track FX subscriptions
[19.08.2026 04:30:51.319] INFO  track FX subscriptions cleaned up
[19.08.2026 04:30:51.319] INFO  cleaning up track FX param subscriptions
[19.08.2026 04:30:51.319] INFO  track FX param subscriptions cleaned up
[19.08.2026 04:30:51.319] INFO  cleaning up tuner subscriptions
[19.08.2026 04:30:51.319] INFO  tuner subscriptions cleaned up
[19.08.2026 04:30:51.319] INFO  cleaning up tile cache
[19.08.2026 04:30:51.319] INFO  tile cache cleaned up
[19.08.2026 04:30:51.319] INFO  cleaning up GUID cache
[19.08.2026 04:30:51.319] INFO  GUID cache cleaned up
[19.08.2026 04:30:51.319] INFO  cleaning up item GUID cache
[19.08.2026 04:30:51.319] INFO  item GUID cache cleaned up
[19.08.2026 04:30:51.319] INFO  cleaning up shared state
[19.08.2026 04:30:51.319] INFO  shared state cleaned up
[19.08.2026 04:30:51.319] INFO  cleaning up tiered arenas
[19.08.2026 04:30:51.323] INFO  tiered arenas cleaned up
[19.08.2026 04:30:51.323] INFO  shutdown() complete
=== Extension Unloaded ===

=== Reamo Extension Log ===
[19.08.2026 16:46:51.931] INFO  REAmo v0.7.3 starting
[19.08.2026 16:46:51.931] INFO  Project entities: tracks=1 items=0 markers=0 regions=0 fx=1 sends=0 tempo=0
[19.08.2026 16:46:51.931] INFO  Arena sizes: HIGH=1011KB MEDIUM=4045KB LOW=126KB SCRATCH=10113KB total=19MB
[19.08.2026 16:46:51.933] INFO  Tiered arenas initialized: 19MB total
[19.08.2026 16:46:51.933] INFO  Session token generated
[19.08.2026 16:46:51.933] INFO  CSurf registered for push-based callbacks
[19.08.2026 16:46:51.933] INFO  Auto-detected hostname: jonathans-m1-macbook-pro.tailaaa69.ts.net
[19.08.2026 16:46:51.933] INFO  Loaded 0 playlists from project
[19.08.2026 16:46:51.933] INFO  Initialization complete, waiting for warmup
[19.08.2026 16:46:52.500] INFO  Initialization complete, starting processing timer
[19.08.2026 16:46:53.539] INFO  Starting HTTP+WS server (deferred)...
[19.08.2026 16:46:53.540] INFO  HTTP+WS server started on port 9224
[19.08.2026 16:46:53.540] INFO  FastTimer: started at 10ms interval (native)
=== Reamo Extension Log ===
[19.08.2026 17:13:52.158] INFO  REAmo v0.7.3 starting
[19.08.2026 17:13:52.158] INFO  Project entities: tracks=1 items=0 markers=0 regions=0 fx=1 sends=0 tempo=0
[19.08.2026 17:13:52.158] INFO  Arena sizes: HIGH=1011KB MEDIUM=4045KB LOW=126KB SCRATCH=10113KB total=19MB
[19.08.2026 17:13:52.160] INFO  Tiered arenas initialized: 19MB total
[19.08.2026 17:13:52.160] INFO  Session token generated
[19.08.2026 17:13:52.160] INFO  CSurf registered for push-based callbacks
[19.08.2026 17:13:52.160] INFO  Auto-detected hostname: jonathans-m1-macbook-pro.tailaaa69.ts.net
[19.08.2026 17:13:52.160] INFO  Loaded 0 playlists from project
[19.08.2026 17:13:52.160] INFO  Initialization complete, waiting for warmup
[19.08.2026 17:13:52.586] INFO  Initialization complete, starting processing timer
[19.08.2026 17:13:53.537] INFO  Starting HTTP+WS server (deferred)...
[19.08.2026 17:13:53.538] INFO  HTTP+WS server started on port 9224
[19.08.2026 17:13:53.538] INFO  FastTimer: started at 10ms interval (native)
[19.08.2026 20:53:09.210] INFO  shutdown() called
[19.08.2026 20:53:09.210] INFO  FastTimer: stopped
[19.08.2026 20:53:09.210] INFO  timers stopped
[19.08.2026 20:53:09.210] INFO  cleaning up CSurf
[19.08.2026 20:53:09.210] INFO  CSurf cleaned up
[19.08.2026 20:53:09.210] INFO  cleaning up audio stream
[19.08.2026 20:53:09.210] INFO  audio stream cleaned up
[19.08.2026 20:53:09.210] INFO  menu: unregistered
[19.08.2026 20:53:09.210] INFO  stopping server
[19.08.2026 20:53:09.212] INFO  server stopped
[19.08.2026 20:53:09.212] INFO  cleaning up gesture state
[19.08.2026 20:53:09.212] INFO  gesture state cleaned up
[19.08.2026 20:53:09.212] INFO  cleaning up toggle subscriptions
[19.08.2026 20:53:09.212] INFO  toggle subscriptions cleaned up
[19.08.2026 20:53:09.212] INFO  cleaning up notes subscriptions
[19.08.2026 20:53:09.212] INFO  notes subscriptions cleaned up
[19.08.2026 20:53:09.212] INFO  cleaning up track subscriptions
[19.08.2026 20:53:09.212] INFO  track subscriptions cleaned up
[19.08.2026 20:53:09.212] INFO  cleaning up peaks subscriptions
[19.08.2026 20:53:09.212] INFO  peaks subscriptions cleaned up
[19.08.2026 20:53:09.212] INFO  cleaning up routing subscriptions
[19.08.2026 20:53:09.212] INFO  routing subscriptions cleaned up
[19.08.2026 20:53:09.212] INFO  cleaning up track FX subscriptions
[19.08.2026 20:53:09.212] INFO  track FX subscriptions cleaned up
[19.08.2026 20:53:09.212] INFO  cleaning up track FX param subscriptions
[19.08.2026 20:53:09.212] INFO  track FX param subscriptions cleaned up
[19.08.2026 20:53:09.212] INFO  cleaning up tuner subscriptions
[19.08.2026 20:53:09.212] INFO  tuner subscriptions cleaned up
[19.08.2026 20:53:09.212] INFO  cleaning up tile cache
[19.08.2026 20:53:09.212] INFO  tile cache cleaned up
[19.08.2026 20:53:09.212] INFO  cleaning up GUID cache
[19.08.2026 20:53:09.212] INFO  GUID cache cleaned up
[19.08.2026 20:53:09.212] INFO  cleaning up item GUID cache
[19.08.2026 20:53:09.212] INFO  item GUID cache cleaned up
[19.08.2026 20:53:09.212] INFO  cleaning up shared state
[19.08.2026 20:53:09.212] INFO  shared state cleaned up
[19.08.2026 20:53:09.212] INFO  cleaning up tiered arenas
[19.08.2026 20:53:09.215] INFO  tiered arenas cleaned up
[19.08.2026 20:53:09.215] INFO  shutdown() complete
=== Extension Unloaded ===

=== Reamo Extension Log ===
[19.08.2026 23:50:32.974] INFO  REAmo v0.7.3 starting
[19.08.2026 23:50:32.974] INFO  Project entities: tracks=1 items=0 markers=0 regions=0 fx=1 sends=0 tempo=0
[19.08.2026 23:50:32.974] INFO  Arena sizes: HIGH=1011KB MEDIUM=4045KB LOW=126KB SCRATCH=10113KB total=19MB
[19.08.2026 23:50:32.976] INFO  Tiered arenas initialized: 19MB total
[19.08.2026 23:50:32.976] INFO  Session token generated
[19.08.2026 23:50:32.976] INFO  CSurf registered for push-based callbacks
[19.08.2026 23:50:32.976] INFO  Auto-detected hostname: jonathans-m1-macbook-pro.tailaaa69.ts.net
[19.08.2026 23:50:32.976] INFO  Loaded 0 playlists from project
[19.08.2026 23:50:32.976] INFO  Initialization complete, waiting for warmup
[19.08.2026 23:50:34.508] INFO  Initialization complete, starting processing timer
[19.08.2026 23:50:35.456] INFO  Starting HTTP+WS server (deferred)...
[19.08.2026 23:50:35.459] INFO  HTTP+WS server started on port 9224
[19.08.2026 23:50:35.459] INFO  FastTimer: started at 10ms interval (native)
[20.08.2026 01:06:22.776] INFO  shutdown() called
[20.08.2026 01:06:22.777] INFO  FastTimer: stopped
[20.08.2026 01:06:22.777] INFO  timers stopped
[20.08.2026 01:06:22.777] INFO  cleaning up CSurf
[20.08.2026 01:06:22.777] INFO  CSurf cleaned up
[20.08.2026 01:06:22.777] INFO  cleaning up audio stream
[20.08.2026 01:06:22.777] INFO  audio stream cleaned up
[20.08.2026 01:06:22.777] INFO  menu: unregistered
[20.08.2026 01:06:22.777] INFO  stopping server
[20.08.2026 01:06:22.779] INFO  server stopped
[20.08.2026 01:06:22.779] INFO  cleaning up gesture state
[20.08.2026 01:06:22.779] INFO  gesture state cleaned up
[20.08.2026 01:06:22.779] INFO  cleaning up toggle subscriptions
[20.08.2026 01:06:22.779] INFO  toggle subscriptions cleaned up
[20.08.2026 01:06:22.779] INFO  cleaning up notes subscriptions
[20.08.2026 01:06:22.779] INFO  notes subscriptions cleaned up
[20.08.2026 01:06:22.779] INFO  cleaning up track subscriptions
[20.08.2026 01:06:22.779] INFO  track subscriptions cleaned up
[20.08.2026 01:06:22.779] INFO  cleaning up peaks subscriptions
[20.08.2026 01:06:22.779] INFO  peaks subscriptions cleaned up
[20.08.2026 01:06:22.779] INFO  cleaning up routing subscriptions
[20.08.2026 01:06:22.779] INFO  routing subscriptions cleaned up
[20.08.2026 01:06:22.779] INFO  cleaning up track FX subscriptions
[20.08.2026 01:06:22.779] INFO  track FX subscriptions cleaned up
[20.08.2026 01:06:22.779] INFO  cleaning up track FX param subscriptions
[20.08.2026 01:06:22.779] INFO  track FX param subscriptions cleaned up
[20.08.2026 01:06:22.779] INFO  cleaning up tuner subscriptions
[20.08.2026 01:06:22.779] INFO  tuner subscriptions cleaned up
[20.08.2026 01:06:22.779] INFO  cleaning up tile cache
[20.08.2026 01:06:22.779] INFO  tile cache cleaned up
[20.08.2026 01:06:22.779] INFO  cleaning up GUID cache
[20.08.2026 01:06:22.780] INFO  GUID cache cleaned up
[20.08.2026 01:06:22.780] INFO  cleaning up item GUID cache
[20.08.2026 01:06:22.780] INFO  item GUID cache cleaned up
[20.08.2026 01:06:22.780] INFO  cleaning up shared state
[20.08.2026 01:06:22.780] INFO  shared state cleaned up
[20.08.2026 01:06:22.780] INFO  cleaning up tiered arenas
[20.08.2026 01:06:22.783] INFO  tiered arenas cleaned up
[20.08.2026 01:06:22.783] INFO  shutdown() complete
=== Extension Unloaded ===

=== Reamo Extension Log ===
[20.08.2026 04:04:45.764] INFO  REAmo v0.7.3 starting
[20.08.2026 04:04:45.765] INFO  Project entities: tracks=1 items=0 markers=0 regions=0 fx=1 sends=0 tempo=0
[20.08.2026 04:04:45.765] INFO  Arena sizes: HIGH=1011KB MEDIUM=4045KB LOW=126KB SCRATCH=10113KB total=19MB
[20.08.2026 04:04:45.767] INFO  Tiered arenas initialized: 19MB total
[20.08.2026 04:04:45.767] INFO  Session token generated
[20.08.2026 04:04:45.767] INFO  CSurf registered for push-based callbacks
[20.08.2026 04:04:45.767] INFO  Auto-detected hostname: jonathans-m1-macbook-pro.tailaaa69.ts.net
[20.08.2026 04:04:45.767] INFO  Loaded 0 playlists from project
[20.08.2026 04:04:45.767] INFO  Initialization complete, waiting for warmup
[20.08.2026 04:04:47.673] INFO  Initialization complete, starting processing timer
[20.08.2026 04:04:48.611] INFO  Starting HTTP+WS server (deferred)...
[20.08.2026 04:04:48.614] INFO  HTTP+WS server started on port 9224
[20.08.2026 04:04:48.614] INFO  FastTimer: started at 10ms interval (native)
=== Reamo Extension Log ===
[20.08.2026 05:08:55.529] INFO  REAmo v0.7.3 starting
[20.08.2026 05:08:55.531] INFO  Project entities: tracks=1 items=0 markers=0 regions=0 fx=1 sends=0 tempo=0
[20.08.2026 05:08:55.531] INFO  Arena sizes: HIGH=1011KB MEDIUM=4045KB LOW=126KB SCRATCH=10113KB total=19MB
[20.08.2026 05:08:55.557] INFO  Tiered arenas initialized: 19MB total
[20.08.2026 05:08:55.557] INFO  Session token generated
[20.08.2026 05:08:55.557] INFO  CSurf registered for push-based callbacks
[20.08.2026 05:08:55.557] INFO  Auto-detected hostname: jonathans-m1-macbook-pro.tailaaa69.ts.net
[20.08.2026 05:08:55.557] INFO  Loaded 0 playlists from project
[20.08.2026 05:08:55.557] INFO  Initialization complete, waiting for warmup
[20.08.2026 05:08:57.618] INFO  Initialization complete, starting processing timer
[20.08.2026 05:08:58.554] INFO  Starting HTTP+WS server (deferred)...
[20.08.2026 05:08:58.556] INFO  HTTP+WS server started on port 9224
[20.08.2026 05:08:58.556] INFO  FastTimer: started at 10ms interval (native)
[20.08.2026 05:42:24.546] INFO  shutdown() called
[20.08.2026 05:42:24.548] INFO  FastTimer: stopped
[20.08.2026 05:42:24.548] INFO  timers stopped
[20.08.2026 05:42:24.548] INFO  cleaning up CSurf
[20.08.2026 05:42:24.548] INFO  CSurf cleaned up
[20.08.2026 05:42:24.548] INFO  cleaning up audio stream
[20.08.2026 05:42:24.548] INFO  audio stream cleaned up
[20.08.2026 05:42:24.548] INFO  menu: unregistered
[20.08.2026 05:42:24.548] INFO  stopping server
[20.08.2026 05:42:24.549] INFO  server stopped
[20.08.2026 05:42:24.549] INFO  cleaning up gesture state
[20.08.2026 05:42:24.549] INFO  gesture state cleaned up
[20.08.2026 05:42:24.549] INFO  cleaning up toggle subscriptions
[20.08.2026 05:42:24.549] INFO  toggle subscriptions cleaned up
[20.08.2026 05:42:24.549] INFO  cleaning up notes subscriptions
[20.08.2026 05:42:24.549] INFO  notes subscriptions cleaned up
[20.08.2026 05:42:24.549] INFO  cleaning up track subscriptions
[20.08.2026 05:42:24.549] INFO  track subscriptions cleaned up
[20.08.2026 05:42:24.549] INFO  cleaning up peaks subscriptions
[20.08.2026 05:42:24.549] INFO  peaks subscriptions cleaned up
[20.08.2026 05:42:24.549] INFO  cleaning up routing subscriptions
[20.08.2026 05:42:24.549] INFO  routing subscriptions cleaned up
[20.08.2026 05:42:24.549] INFO  cleaning up track FX subscriptions
[20.08.2026 05:42:24.549] INFO  track FX subscriptions cleaned up
[20.08.2026 05:42:24.549] INFO  cleaning up track FX param subscriptions
[20.08.2026 05:42:24.549] INFO  track FX param subscriptions cleaned up
[20.08.2026 05:42:24.549] INFO  cleaning up tuner subscriptions
[20.08.2026 05:42:24.549] INFO  tuner subscriptions cleaned up
[20.08.2026 05:42:24.549] INFO  cleaning up tile cache
[20.08.2026 05:42:24.549] INFO  tile cache cleaned up
[20.08.2026 05:42:24.549] INFO  cleaning up GUID cache
[20.08.2026 05:42:24.550] INFO  GUID cache cleaned up
[20.08.2026 05:42:24.550] INFO  cleaning up item GUID cache
[20.08.2026 05:42:24.550] INFO  item GUID cache cleaned up
[20.08.2026 05:42:24.550] INFO  cleaning up shared state
[20.08.2026 05:42:24.550] INFO  shared state cleaned up
[20.08.2026 05:42:24.550] INFO  cleaning up tiered arenas
[20.08.2026 05:42:24.553] INFO  tiered arenas cleaned up
[20.08.2026 05:42:24.553] INFO  shutdown() complete
=== Extension Unloaded ===

=== Reamo Extension Log ===
[20.08.2026 05:52:38.764] INFO  REAmo v0.7.3 starting
[20.08.2026 05:52:38.765] INFO  Project entities: tracks=1 items=0 markers=0 regions=0 fx=1 sends=0 tempo=0
[20.08.2026 05:52:38.765] INFO  Arena sizes: HIGH=1011KB MEDIUM=4045KB LOW=126KB SCRATCH=10113KB total=19MB
[20.08.2026 05:52:38.767] INFO  Tiered arenas initialized: 19MB total
[20.08.2026 05:52:38.767] INFO  Session token generated
[20.08.2026 05:52:38.767] INFO  CSurf registered for push-based callbacks
[20.08.2026 05:52:38.767] INFO  Auto-detected hostname: jonathans-m1-macbook-pro.tailaaa69.ts.net
[20.08.2026 05:52:38.767] INFO  Loaded 0 playlists from project
[20.08.2026 05:52:38.767] INFO  Initialization complete, waiting for warmup
[20.08.2026 05:52:40.317] INFO  Initialization complete, starting processing timer
[20.08.2026 05:52:41.947] INFO  shutdown() called
[20.08.2026 05:52:41.947] INFO  timers stopped
[20.08.2026 05:52:41.947] INFO  cleaning up CSurf
[20.08.2026 05:52:41.947] INFO  CSurf cleaned up
[20.08.2026 05:52:41.947] INFO  cleaning up audio stream
[20.08.2026 05:52:41.947] INFO  audio stream cleaned up
[20.08.2026 05:52:41.947] INFO  menu: unregistered
[20.08.2026 05:52:41.947] INFO  server stopped
[20.08.2026 05:52:41.947] INFO  cleaning up gesture state
[20.08.2026 05:52:41.947] INFO  gesture state cleaned up
[20.08.2026 05:52:41.947] INFO  cleaning up toggle subscriptions
[20.08.2026 05:52:41.947] INFO  toggle subscriptions cleaned up
[20.08.2026 05:52:41.947] INFO  cleaning up notes subscriptions
[20.08.2026 05:52:41.947] INFO  notes subscriptions cleaned up
[20.08.2026 05:52:41.947] INFO  cleaning up track subscriptions
[20.08.2026 05:52:41.947] INFO  track subscriptions cleaned up
[20.08.2026 05:52:41.947] INFO  cleaning up peaks subscriptions
[20.08.2026 05:52:41.947] INFO  peaks subscriptions cleaned up
[20.08.2026 05:52:41.947] INFO  cleaning up routing subscriptions
[20.08.2026 05:52:41.947] INFO  routing subscriptions cleaned up
[20.08.2026 05:52:41.947] INFO  cleaning up track FX subscriptions
[20.08.2026 05:52:41.947] INFO  track FX subscriptions cleaned up
[20.08.2026 05:52:41.947] INFO  cleaning up track FX param subscriptions
[20.08.2026 05:52:41.947] INFO  track FX param subscriptions cleaned up
[20.08.2026 05:52:41.947] INFO  cleaning up tuner subscriptions
[20.08.2026 05:52:41.947] INFO  tuner subscriptions cleaned up
[20.08.2026 05:52:41.947] INFO  cleaning up tile cache
[20.08.2026 05:52:41.947] INFO  tile cache cleaned up
[20.08.2026 05:52:41.947] INFO  cleaning up GUID cache
[20.08.2026 05:52:41.947] INFO  GUID cache cleaned up
[20.08.2026 05:52:41.947] INFO  cleaning up item GUID cache
[20.08.2026 05:52:41.947] INFO  item GUID cache cleaned up
[20.08.2026 05:52:41.947] INFO  cleaning up shared state
[20.08.2026 05:52:41.947] INFO  shared state cleaned up
[20.08.2026 05:52:41.947] INFO  cleaning up tiered arenas
[20.08.2026 05:52:41.949] INFO  tiered arenas cleaned up
[20.08.2026 05:52:41.949] INFO  shutdown() complete
=== Extension Unloaded ===

=== Reamo Extension Log ===
[20.08.2026 16:33:30.613] INFO  REAmo v0.7.3 starting
[20.08.2026 16:33:30.613] INFO  Project entities: tracks=1 items=0 markers=0 regions=0 fx=1 sends=0 tempo=0
[20.08.2026 16:33:30.613] INFO  Arena sizes: HIGH=1011KB MEDIUM=4045KB LOW=126KB SCRATCH=10113KB total=19MB
[20.08.2026 16:33:30.615] INFO  Tiered arenas initialized: 19MB total
[20.08.2026 16:33:30.615] INFO  Session token generated
[20.08.2026 16:33:30.615] INFO  CSurf registered for push-based callbacks
[20.08.2026 16:33:30.616] INFO  Auto-detected hostname: jonathans-m1-macbook-pro.tailaaa69.ts.net
[20.08.2026 16:33:30.616] INFO  Loaded 0 playlists from project
[20.08.2026 16:33:30.616] INFO  Initialization complete, waiting for warmup
[20.08.2026 16:33:32.370] INFO  Initialization complete, starting processing timer
[20.08.2026 16:33:33.292] INFO  Starting HTTP+WS server (deferred)...
[20.08.2026 16:33:33.294] INFO  HTTP+WS server started on port 9224
[20.08.2026 16:33:33.294] INFO  FastTimer: started at 10ms interval (native)
=== Reamo Extension Log ===
[20.08.2026 16:54:13.213] INFO  REAmo v0.7.3 starting
[20.08.2026 16:54:13.214] INFO  Project entities: tracks=1 items=0 markers=0 regions=0 fx=1 sends=0 tempo=0
[20.08.2026 16:54:13.214] INFO  Arena sizes: HIGH=1011KB MEDIUM=4045KB LOW=126KB SCRATCH=10113KB total=19MB
[20.08.2026 16:54:13.215] INFO  Tiered arenas initialized: 19MB total
[20.08.2026 16:54:13.215] INFO  Session token generated
[20.08.2026 16:54:13.215] INFO  CSurf registered for push-based callbacks
[20.08.2026 16:54:13.215] INFO  Auto-detected hostname: jonathans-m1-macbook-pro.tailaaa69.ts.net
[20.08.2026 16:54:13.215] INFO  Loaded 0 playlists from project
[20.08.2026 16:54:13.215] INFO  Initialization complete, waiting for warmup
[20.08.2026 16:54:15.029] INFO  Initialization complete, starting processing timer
[20.08.2026 16:54:15.974] INFO  Starting HTTP+WS server (deferred)...
[20.08.2026 16:54:15.976] INFO  HTTP+WS server started on port 9224
[20.08.2026 16:54:15.976] INFO  FastTimer: started at 10ms interval (native)
=== Reamo Extension Log ===
[21.08.2026 19:07:14.026] INFO  REAmo v0.7.3 starting
[21.08.2026 19:07:14.026] INFO  Project entities: tracks=1 items=0 markers=0 regions=0 fx=1 sends=0 tempo=0
[21.08.2026 19:07:14.026] INFO  Arena sizes: HIGH=1011KB MEDIUM=4045KB LOW=126KB SCRATCH=10113KB total=19MB
[21.08.2026 19:07:14.028] INFO  Tiered arenas initialized: 19MB total
[21.08.2026 19:07:14.028] INFO  Session token generated
[21.08.2026 19:07:14.028] INFO  CSurf registered for push-based callbacks
[21.08.2026 19:07:14.028] INFO  Auto-detected hostname: jonathans-m1-macbook-pro.tailaaa69.ts.net
[21.08.2026 19:07:14.028] INFO  Loaded 0 playlists from project
[21.08.2026 19:07:14.028] INFO  Initialization complete, waiting for warmup
[21.08.2026 19:07:16.176] INFO  Initialization complete, starting processing timer
[21.08.2026 19:07:17.081] INFO  Starting HTTP+WS server (deferred)...
[21.08.2026 19:07:17.083] INFO  HTTP+WS server started on port 9224
[21.08.2026 19:07:17.083] INFO  FastTimer: started at 10ms interval (native)
[21.08.2026 21:43:33.219] INFO  shutdown() called
[21.08.2026 21:43:33.221] INFO  FastTimer: stopped
[21.08.2026 21:43:33.221] INFO  timers stopped
[21.08.2026 21:43:33.221] INFO  cleaning up CSurf
[21.08.2026 21:43:33.221] INFO  CSurf cleaned up
[21.08.2026 21:43:33.221] INFO  cleaning up audio stream
[21.08.2026 21:43:33.221] INFO  audio stream cleaned up
[21.08.2026 21:43:33.221] INFO  menu: unregistered
[21.08.2026 21:43:33.221] INFO  stopping server
[21.08.2026 21:43:33.223] INFO  server stopped
[21.08.2026 21:43:33.223] INFO  cleaning up gesture state
[21.08.2026 21:43:33.223] INFO  gesture state cleaned up
[21.08.2026 21:43:33.223] INFO  cleaning up toggle subscriptions
[21.08.2026 21:43:33.223] INFO  toggle subscriptions cleaned up
[21.08.2026 21:43:33.223] INFO  cleaning up notes subscriptions
[21.08.2026 21:43:33.223] INFO  notes subscriptions cleaned up
[21.08.2026 21:43:33.223] INFO  cleaning up track subscriptions
[21.08.2026 21:43:33.223] INFO  track subscriptions cleaned up
[21.08.2026 21:43:33.223] INFO  cleaning up peaks subscriptions
[21.08.2026 21:43:33.223] INFO  peaks subscriptions cleaned up
[21.08.2026 21:43:33.223] INFO  cleaning up routing subscriptions
[21.08.2026 21:43:33.223] INFO  routing subscriptions cleaned up
[21.08.2026 21:43:33.223] INFO  cleaning up track FX subscriptions
[21.08.2026 21:43:33.223] INFO  track FX subscriptions cleaned up
[21.08.2026 21:43:33.223] INFO  cleaning up track FX param subscriptions
[21.08.2026 21:43:33.223] INFO  track FX param subscriptions cleaned up
[21.08.2026 21:43:33.223] INFO  cleaning up tuner subscriptions
[21.08.2026 21:43:33.223] INFO  tuner subscriptions cleaned up
[21.08.2026 21:43:33.223] INFO  cleaning up tile cache
[21.08.2026 21:43:33.223] INFO  tile cache cleaned up
[21.08.2026 21:43:33.223] INFO  cleaning up GUID cache
[21.08.2026 21:43:33.224] INFO  GUID cache cleaned up
[21.08.2026 21:43:33.224] INFO  cleaning up item GUID cache
[21.08.2026 21:43:33.224] INFO  item GUID cache cleaned up
[21.08.2026 21:43:33.224] INFO  cleaning up shared state
[21.08.2026 21:43:33.224] INFO  shared state cleaned up
[21.08.2026 21:43:33.224] INFO  cleaning up tiered arenas
[21.08.2026 21:43:33.228] INFO  tiered arenas cleaned up
[21.08.2026 21:43:33.228] INFO  shutdown() complete
=== Extension Unloaded ===

=== Reamo Extension Log ===
[21.08.2026 21:43:52.643] INFO  REAmo v0.7.3 starting
[21.08.2026 21:43:52.643] INFO  Project entities: tracks=1 items=0 markers=0 regions=0 fx=1 sends=0 tempo=0
[21.08.2026 21:43:52.643] INFO  Arena sizes: HIGH=1011KB MEDIUM=4045KB LOW=126KB SCRATCH=10113KB total=19MB
[21.08.2026 21:43:52.646] INFO  Tiered arenas initialized: 19MB total
[21.08.2026 21:43:52.646] INFO  Session token generated
[21.08.2026 21:43:52.646] INFO  CSurf registered for push-based callbacks
[21.08.2026 21:43:52.652] INFO  Auto-detected hostname: jonathans-m1-macbook-pro.tailaaa69.ts.net
[21.08.2026 21:43:52.652] INFO  Loaded 0 playlists from project
[21.08.2026 21:43:52.652] INFO  Initialization complete, waiting for warmup
[21.08.2026 21:43:54.313] INFO  Initialization complete, starting processing timer
[21.08.2026 21:43:55.233] INFO  Starting HTTP+WS server (deferred)...
[21.08.2026 21:43:55.237] INFO  HTTP+WS server started on port 9224
[21.08.2026 21:43:55.237] INFO  FastTimer: started at 10ms interval (native)
[21.08.2026 23:46:10.765] INFO  shutdown() called
[21.08.2026 23:46:10.766] INFO  FastTimer: stopped
[21.08.2026 23:46:10.766] INFO  timers stopped
[21.08.2026 23:46:10.766] INFO  cleaning up CSurf
[21.08.2026 23:46:10.766] INFO  CSurf cleaned up
[21.08.2026 23:46:10.766] INFO  cleaning up audio stream
[21.08.2026 23:46:10.767] INFO  audio stream cleaned up
[21.08.2026 23:46:10.767] INFO  menu: unregistered
[21.08.2026 23:46:10.767] INFO  stopping server
[21.08.2026 23:46:10.768] INFO  server stopped
[21.08.2026 23:46:10.768] INFO  cleaning up gesture state
[21.08.2026 23:46:10.768] INFO  gesture state cleaned up
[21.08.2026 23:46:10.768] INFO  cleaning up toggle subscriptions
[21.08.2026 23:46:10.768] INFO  toggle subscriptions cleaned up
[21.08.2026 23:46:10.768] INFO  cleaning up notes subscriptions
[21.08.2026 23:46:10.768] INFO  notes subscriptions cleaned up
[21.08.2026 23:46:10.768] INFO  cleaning up track subscriptions
[21.08.2026 23:46:10.768] INFO  track subscriptions cleaned up
[21.08.2026 23:46:10.768] INFO  cleaning up peaks subscriptions
[21.08.2026 23:46:10.768] INFO  peaks subscriptions cleaned up
[21.08.2026 23:46:10.768] INFO  cleaning up routing subscriptions
[21.08.2026 23:46:10.768] INFO  routing subscriptions cleaned up
[21.08.2026 23:46:10.768] INFO  cleaning up track FX subscriptions
[21.08.2026 23:46:10.768] INFO  track FX subscriptions cleaned up
[21.08.2026 23:46:10.768] INFO  cleaning up track FX param subscriptions
[21.08.2026 23:46:10.768] INFO  track FX param subscriptions cleaned up
[21.08.2026 23:46:10.768] INFO  cleaning up tuner subscriptions
[21.08.2026 23:46:10.768] INFO  tuner subscriptions cleaned up
[21.08.2026 23:46:10.768] INFO  cleaning up tile cache
[21.08.2026 23:46:10.768] INFO  tile cache cleaned up
[21.08.2026 23:46:10.768] INFO  cleaning up GUID cache
[21.08.2026 23:46:10.769] INFO  GUID cache cleaned up
[21.08.2026 23:46:10.769] INFO  cleaning up item GUID cache
[21.08.2026 23:46:10.769] INFO  item GUID cache cleaned up
[21.08.2026 23:46:10.769] INFO  cleaning up shared state
[21.08.2026 23:46:10.769] INFO  shared state cleaned up
[21.08.2026 23:46:10.769] INFO  cleaning up tiered arenas
[21.08.2026 23:46:10.773] INFO  tiered arenas cleaned up
[21.08.2026 23:46:10.773] INFO  shutdown() complete
=== Extension Unloaded ===

=== Reamo Extension Log ===
[21.08.2026 23:46:50.101] INFO  REAmo v0.7.3 starting
[21.08.2026 23:46:50.101] INFO  Project entities: tracks=1 items=0 markers=0 regions=0 fx=1 sends=0 tempo=0
[21.08.2026 23:46:50.101] INFO  Arena sizes: HIGH=1011KB MEDIUM=4045KB LOW=126KB SCRATCH=10113KB total=19MB
[21.08.2026 23:46:50.104] INFO  Tiered arenas initialized: 19MB total
[21.08.2026 23:46:50.104] INFO  Session token generated
[21.08.2026 23:46:50.104] INFO  CSurf registered for push-based callbacks
[21.08.2026 23:46:50.104] INFO  Auto-detected hostname: jonathans-m1-macbook-pro.tailaaa69.ts.net
[21.08.2026 23:46:50.104] INFO  Loaded 0 playlists from project
[21.08.2026 23:46:50.104] INFO  Initialization complete, waiting for warmup
[21.08.2026 23:46:52.297] INFO  Initialization complete, starting processing timer
[21.08.2026 23:46:53.344] INFO  Starting HTTP+WS server (deferred)...
[21.08.2026 23:46:53.345] INFO  HTTP+WS server started on port 9224
[21.08.2026 23:46:53.345] INFO  FastTimer: started at 10ms interval (native)
[21.08.2026 23:53:11.600] INFO  shutdown() called
[21.08.2026 23:53:11.601] INFO  FastTimer: stopped
[21.08.2026 23:53:11.601] INFO  timers stopped
[21.08.2026 23:53:11.601] INFO  cleaning up CSurf
[21.08.2026 23:53:11.601] INFO  CSurf cleaned up
[21.08.2026 23:53:11.601] INFO  cleaning up audio stream
[21.08.2026 23:53:11.601] INFO  audio stream cleaned up
[21.08.2026 23:53:11.601] INFO  menu: unregistered
[21.08.2026 23:53:11.601] INFO  stopping server
[21.08.2026 23:53:11.602] INFO  server stopped
[21.08.2026 23:53:11.602] INFO  cleaning up gesture state
[21.08.2026 23:53:11.602] INFO  gesture state cleaned up
[21.08.2026 23:53:11.602] INFO  cleaning up toggle subscriptions
[21.08.2026 23:53:11.602] INFO  toggle subscriptions cleaned up
[21.08.2026 23:53:11.603] INFO  cleaning up notes subscriptions
[21.08.2026 23:53:11.603] INFO  notes subscriptions cleaned up
[21.08.2026 23:53:11.603] INFO  cleaning up track subscriptions
[21.08.2026 23:53:11.603] INFO  track subscriptions cleaned up
[21.08.2026 23:53:11.603] INFO  cleaning up peaks subscriptions
[21.08.2026 23:53:11.603] INFO  peaks subscriptions cleaned up
[21.08.2026 23:53:11.603] INFO  cleaning up routing subscriptions
[21.08.2026 23:53:11.603] INFO  routing subscriptions cleaned up
[21.08.2026 23:53:11.603] INFO  cleaning up track FX subscriptions
[21.08.2026 23:53:11.603] INFO  track FX subscriptions cleaned up
[21.08.2026 23:53:11.603] INFO  cleaning up track FX param subscriptions
[21.08.2026 23:53:11.603] INFO  track FX param subscriptions cleaned up
[21.08.2026 23:53:11.603] INFO  cleaning up tuner subscriptions
[21.08.2026 23:53:11.603] INFO  tuner subscriptions cleaned up
[21.08.2026 23:53:11.603] INFO  cleaning up tile cache
[21.08.2026 23:53:11.603] INFO  tile cache cleaned up
[21.08.2026 23:53:11.603] INFO  cleaning up GUID cache
[21.08.2026 23:53:11.604] INFO  GUID cache cleaned up
[21.08.2026 23:53:11.604] INFO  cleaning up item GUID cache
[21.08.2026 23:53:11.604] INFO  item GUID cache cleaned up
[21.08.2026 23:53:11.604] INFO  cleaning up shared state
[21.08.2026 23:53:11.604] INFO  shared state cleaned up
[21.08.2026 23:53:11.604] INFO  cleaning up tiered arenas
[21.08.2026 23:53:11.608] INFO  tiered arenas cleaned up
[21.08.2026 23:53:11.608] INFO  shutdown() complete
=== Extension Unloaded ===

=== Reamo Extension Log ===
[23.08.2026 21:03:14.920] INFO  REAmo v0.7.3 starting
[23.08.2026 21:03:14.920] INFO  Project entities: tracks=1 items=0 markers=0 regions=0 fx=1 sends=0 tempo=0
[23.08.2026 21:03:14.920] INFO  Arena sizes: HIGH=1011KB MEDIUM=4045KB LOW=126KB SCRATCH=10113KB total=19MB
[23.08.2026 21:03:14.922] INFO  Tiered arenas initialized: 19MB total
[23.08.2026 21:03:14.922] INFO  Session token generated
[23.08.2026 21:03:14.922] INFO  CSurf registered for push-based callbacks
[23.08.2026 21:03:14.922] INFO  Auto-detected hostname: jonathans-m1-macbook-pro.tailaaa69.ts.net
[23.08.2026 21:03:14.922] INFO  Loaded 0 playlists from project
[23.08.2026 21:03:14.922] INFO  Initialization complete, waiting for warmup
[23.08.2026 21:03:17.123] INFO  Initialization complete, starting processing timer
[23.08.2026 21:03:18.088] INFO  Starting HTTP+WS server (deferred)...
[23.08.2026 21:03:18.090] INFO  HTTP+WS server started on port 9224
[23.08.2026 21:03:18.090] INFO  FastTimer: started at 10ms interval (native)
[23.08.2026 21:08:34.420] INFO  shutdown() called
[23.08.2026 21:08:34.423] INFO  FastTimer: stopped
[23.08.2026 21:08:34.423] INFO  timers stopped
[23.08.2026 21:08:34.423] INFO  cleaning up CSurf
[23.08.2026 21:08:34.423] INFO  CSurf cleaned up
[23.08.2026 21:08:34.423] INFO  cleaning up audio stream
[23.08.2026 21:08:34.423] INFO  audio stream cleaned up
[23.08.2026 21:08:34.423] INFO  menu: unregistered
[23.08.2026 21:08:34.423] INFO  stopping server
[23.08.2026 21:08:34.424] INFO  server stopped
[23.08.2026 21:08:34.424] INFO  cleaning up gesture state
[23.08.2026 21:08:34.424] INFO  gesture state cleaned up
[23.08.2026 21:08:34.424] INFO  cleaning up toggle subscriptions
[23.08.2026 21:08:34.424] INFO  toggle subscriptions cleaned up
[23.08.2026 21:08:34.424] INFO  cleaning up notes subscriptions
[23.08.2026 21:08:34.424] INFO  notes subscriptions cleaned up
[23.08.2026 21:08:34.424] INFO  cleaning up track subscriptions
[23.08.2026 21:08:34.424] INFO  track subscriptions cleaned up
[23.08.2026 21:08:34.424] INFO  cleaning up peaks subscriptions
[23.08.2026 21:08:34.424] INFO  peaks subscriptions cleaned up
[23.08.2026 21:08:34.424] INFO  cleaning up routing subscriptions
[23.08.2026 21:08:34.424] INFO  routing subscriptions cleaned up
[23.08.2026 21:08:34.424] INFO  cleaning up track FX subscriptions
[23.08.2026 21:08:34.424] INFO  track FX subscriptions cleaned up
[23.08.2026 21:08:34.424] INFO  cleaning up track FX param subscriptions
[23.08.2026 21:08:34.424] INFO  track FX param subscriptions cleaned up
[23.08.2026 21:08:34.424] INFO  cleaning up tuner subscriptions
[23.08.2026 21:08:34.424] INFO  tuner subscriptions cleaned up
[23.08.2026 21:08:34.424] INFO  cleaning up tile cache
[23.08.2026 21:08:34.424] INFO  tile cache cleaned up
[23.08.2026 21:08:34.424] INFO  cleaning up GUID cache
[23.08.2026 21:08:34.424] INFO  GUID cache cleaned up
[23.08.2026 21:08:34.424] INFO  cleaning up item GUID cache
[23.08.2026 21:08:34.424] INFO  item GUID cache cleaned up
[23.08.2026 21:08:34.424] INFO  cleaning up shared state
[23.08.2026 21:08:34.424] INFO  shared state cleaned up
[23.08.2026 21:08:34.424] INFO  cleaning up tiered arenas
[23.08.2026 21:08:34.426] INFO  tiered arenas cleaned up
[23.08.2026 21:08:34.426] INFO  shutdown() complete
=== Extension Unloaded ===

=== Reamo Extension Log ===
[23.08.2026 21:46:05.452] INFO  REAmo v0.7.3 starting
[23.08.2026 21:46:05.453] INFO  Project entities: tracks=1 items=0 markers=0 regions=0 fx=1 sends=0 tempo=0
[23.08.2026 21:46:05.453] INFO  Arena sizes: HIGH=1011KB MEDIUM=4045KB LOW=126KB SCRATCH=10113KB total=19MB
[23.08.2026 21:46:05.455] INFO  Tiered arenas initialized: 19MB total
[23.08.2026 21:46:05.455] INFO  Session token generated
[23.08.2026 21:46:05.455] INFO  CSurf registered for push-based callbacks
[23.08.2026 21:46:05.455] INFO  Auto-detected hostname: jonathans-m1-macbook-pro.tailaaa69.ts.net
[23.08.2026 21:46:05.455] INFO  Loaded 0 playlists from project
[23.08.2026 21:46:05.455] INFO  Initialization complete, waiting for warmup
[23.08.2026 21:46:06.676] INFO  Initialization complete, starting processing timer
[23.08.2026 21:46:07.602] INFO  Starting HTTP+WS server (deferred)...
[23.08.2026 21:46:07.605] INFO  HTTP+WS server started on port 9224
[23.08.2026 21:46:07.605] INFO  FastTimer: started at 10ms interval (native)
[24.08.2026 01:16:13.228] INFO  shutdown() called
[24.08.2026 01:16:13.230] INFO  FastTimer: stopped
[24.08.2026 01:16:13.230] INFO  timers stopped
[24.08.2026 01:16:13.230] INFO  cleaning up CSurf
[24.08.2026 01:16:13.230] INFO  CSurf cleaned up
[24.08.2026 01:16:13.230] INFO  cleaning up audio stream
[24.08.2026 01:16:13.230] INFO  audio stream cleaned up
[24.08.2026 01:16:13.230] INFO  menu: unregistered
[24.08.2026 01:16:13.230] INFO  stopping server
[24.08.2026 01:16:13.231] INFO  server stopped
[24.08.2026 01:16:13.231] INFO  cleaning up gesture state
[24.08.2026 01:16:13.231] INFO  gesture state cleaned up
[24.08.2026 01:16:13.231] INFO  cleaning up toggle subscriptions
[24.08.2026 01:16:13.231] INFO  toggle subscriptions cleaned up
[24.08.2026 01:16:13.231] INFO  cleaning up notes subscriptions
[24.08.2026 01:16:13.231] INFO  notes subscriptions cleaned up
[24.08.2026 01:16:13.231] INFO  cleaning up track subscriptions
[24.08.2026 01:16:13.231] INFO  track subscriptions cleaned up
[24.08.2026 01:16:13.231] INFO  cleaning up peaks subscriptions
[24.08.2026 01:16:13.231] INFO  peaks subscriptions cleaned up
[24.08.2026 01:16:13.231] INFO  cleaning up routing subscriptions
[24.08.2026 01:16:13.231] INFO  routing subscriptions cleaned up
[24.08.2026 01:16:13.231] INFO  cleaning up track FX subscriptions
[24.08.2026 01:16:13.231] INFO  track FX subscriptions cleaned up
[24.08.2026 01:16:13.231] INFO  cleaning up track FX param subscriptions
[24.08.2026 01:16:13.231] INFO  track FX param subscriptions cleaned up
[24.08.2026 01:16:13.231] INFO  cleaning up tuner subscriptions
[24.08.2026 01:16:13.231] INFO  tuner subscriptions cleaned up
[24.08.2026 01:16:13.231] INFO  cleaning up tile cache
[24.08.2026 01:16:13.231] INFO  tile cache cleaned up
[24.08.2026 01:16:13.231] INFO  cleaning up GUID cache
[24.08.2026 01:16:13.231] INFO  GUID cache cleaned up
[24.08.2026 01:16:13.231] INFO  cleaning up item GUID cache
[24.08.2026 01:16:13.231] INFO  item GUID cache cleaned up
[24.08.2026 01:16:13.231] INFO  cleaning up shared state
[24.08.2026 01:16:13.231] INFO  shared state cleaned up
[24.08.2026 01:16:13.231] INFO  cleaning up tiered arenas
[24.08.2026 01:16:13.235] INFO  tiered arenas cleaned up
[24.08.2026 01:16:13.235] INFO  shutdown() complete
=== Extension Unloaded ===

=== Reamo Extension Log ===
[24.08.2026 15:35:54.654] INFO  REAmo v0.7.3 starting
[24.08.2026 15:35:54.654] INFO  Project entities: tracks=1 items=0 markers=0 regions=0 fx=1 sends=0 tempo=0
[24.08.2026 15:35:54.654] INFO  Arena sizes: HIGH=1011KB MEDIUM=4045KB LOW=126KB SCRATCH=10113KB total=19MB
[24.08.2026 15:35:54.656] INFO  Tiered arenas initialized: 19MB total
[24.08.2026 15:35:54.656] INFO  Session token generated
[24.08.2026 15:35:54.656] INFO  CSurf registered for push-based callbacks
[24.08.2026 15:35:54.656] INFO  Auto-detected hostname: Jonathans-M1-MacBook-Pro-3.local
[24.08.2026 15:35:54.656] INFO  Loaded 0 playlists from project
[24.08.2026 15:35:54.656] INFO  Initialization complete, waiting for warmup
[24.08.2026 15:35:56.294] INFO  Initialization complete, starting processing timer
[24.08.2026 15:35:57.266] INFO  Starting HTTP+WS server (deferred)...
[24.08.2026 15:35:57.280] INFO  HTTP+WS server started on port 9224
[24.08.2026 15:35:57.283] INFO  FastTimer: started at 10ms interval (native)
=== Reamo Extension Log ===
[24.08.2026 16:29:25.903] INFO  REAmo v0.7.3 starting
[24.08.2026 16:29:25.903] INFO  Project entities: tracks=1 items=0 markers=0 regions=0 fx=1 sends=0 tempo=0
[24.08.2026 16:29:25.903] INFO  Arena sizes: HIGH=1011KB MEDIUM=4045KB LOW=126KB SCRATCH=10113KB total=19MB
[24.08.2026 16:29:25.905] INFO  Tiered arenas initialized: 19MB total
[24.08.2026 16:29:25.905] INFO  Session token generated
[24.08.2026 16:29:25.905] INFO  CSurf registered for push-based callbacks
[24.08.2026 16:29:25.905] INFO  Auto-detected hostname: MacBookPro.ht.home
[24.08.2026 16:29:25.905] INFO  Loaded 0 playlists from project
[24.08.2026 16:29:25.905] INFO  Initialization complete, waiting for warmup
[24.08.2026 16:29:27.704] INFO  Initialization complete, starting processing timer
[24.08.2026 16:29:28.671] INFO  Starting HTTP+WS server (deferred)...
[24.08.2026 16:29:28.673] INFO  HTTP+WS server started on port 9224
[24.08.2026 16:29:28.673] INFO  FastTimer: started at 10ms interval (native)
[24.08.2026 17:49:21.334] INFO  shutdown() called
[24.08.2026 17:49:21.336] INFO  FastTimer: stopped
[24.08.2026 17:49:21.336] INFO  timers stopped
[24.08.2026 17:49:21.336] INFO  cleaning up CSurf
[24.08.2026 17:49:21.336] INFO  CSurf cleaned up
[24.08.2026 17:49:21.336] INFO  cleaning up audio stream
[24.08.2026 17:49:21.336] INFO  audio stream cleaned up
[24.08.2026 17:49:21.336] INFO  menu: unregistered
[24.08.2026 17:49:21.336] INFO  stopping server
[24.08.2026 17:49:21.338] INFO  server stopped
[24.08.2026 17:49:21.338] INFO  cleaning up gesture state
[24.08.2026 17:49:21.338] INFO  gesture state cleaned up
[24.08.2026 17:49:21.338] INFO  cleaning up toggle subscriptions
[24.08.2026 17:49:21.338] INFO  toggle subscriptions cleaned up
[24.08.2026 17:49:21.338] INFO  cleaning up notes subscriptions
[24.08.2026 17:49:21.338] INFO  notes subscriptions cleaned up
[24.08.2026 17:49:21.338] INFO  cleaning up track subscriptions
[24.08.2026 17:49:21.338] INFO  track subscriptions cleaned up
[24.08.2026 17:49:21.338] INFO  cleaning up peaks subscriptions
[24.08.2026 17:49:21.338] INFO  peaks subscriptions cleaned up
[24.08.2026 17:49:21.338] INFO  cleaning up routing subscriptions
[24.08.2026 17:49:21.338] INFO  routing subscriptions cleaned up
[24.08.2026 17:49:21.338] INFO  cleaning up track FX subscriptions
[24.08.2026 17:49:21.338] INFO  track FX subscriptions cleaned up
[24.08.2026 17:49:21.338] INFO  cleaning up track FX param subscriptions
[24.08.2026 17:49:21.338] INFO  track FX param subscriptions cleaned up
[24.08.2026 17:49:21.338] INFO  cleaning up tuner subscriptions
[24.08.2026 17:49:21.338] INFO  tuner subscriptions cleaned up
[24.08.2026 17:49:21.338] INFO  cleaning up tile cache
[24.08.2026 17:49:21.338] INFO  tile cache cleaned up
[24.08.2026 17:49:21.338] INFO  cleaning up GUID cache
[24.08.2026 17:49:21.340] INFO  GUID cache cleaned up
[24.08.2026 17:49:21.340] INFO  cleaning up item GUID cache
[24.08.2026 17:49:21.340] INFO  item GUID cache cleaned up
[24.08.2026 17:49:21.340] INFO  cleaning up shared state
[24.08.2026 17:49:21.340] INFO  shared state cleaned up
[24.08.2026 17:49:21.340] INFO  cleaning up tiered arenas
[24.08.2026 17:49:21.343] INFO  tiered arenas cleaned up
[24.08.2026 17:49:21.343] INFO  shutdown() complete
=== Extension Unloaded ===

=== Reamo Extension Log ===
[24.08.2026 17:49:47.833] INFO  REAmo v0.7.3 starting
[24.08.2026 17:49:47.833] INFO  Project entities: tracks=1 items=0 markers=0 regions=0 fx=1 sends=0 tempo=0
[24.08.2026 17:49:47.833] INFO  Arena sizes: HIGH=1011KB MEDIUM=4045KB LOW=126KB SCRATCH=10113KB total=19MB
[24.08.2026 17:49:47.835] INFO  Tiered arenas initialized: 19MB total
[24.08.2026 17:49:47.835] INFO  Session token generated
[24.08.2026 17:49:47.835] INFO  CSurf registered for push-based callbacks
[24.08.2026 17:49:47.835] INFO  Auto-detected hostname: MacBookPro.ht.home
[24.08.2026 17:49:47.835] INFO  Loaded 0 playlists from project
[24.08.2026 17:49:47.835] INFO  Initialization complete, waiting for warmup
[24.08.2026 17:49:49.894] INFO  Initialization complete, starting processing timer
[24.08.2026 17:49:50.851] INFO  Starting HTTP+WS server (deferred)...
[24.08.2026 17:49:50.854] INFO  HTTP+WS server started on port 9224
[24.08.2026 17:49:50.854] INFO  FastTimer: started at 10ms interval (native)
=== Reamo Extension Log ===
[24.08.2026 18:23:29.074] INFO  REAmo v0.7.3 starting
[24.08.2026 18:23:29.075] INFO  Project entities: tracks=1 items=0 markers=0 regions=0 fx=1 sends=0 tempo=0
[24.08.2026 18:23:29.075] INFO  Arena sizes: HIGH=1011KB MEDIUM=4045KB LOW=126KB SCRATCH=10113KB total=19MB
[24.08.2026 18:23:29.077] INFO  Tiered arenas initialized: 19MB total
[24.08.2026 18:23:29.077] INFO  Session token generated
[24.08.2026 18:23:29.077] INFO  CSurf registered for push-based callbacks
[24.08.2026 18:23:29.077] INFO  Auto-detected hostname: MacBookPro.ht.home
[24.08.2026 18:23:29.077] INFO  Loaded 0 playlists from project
[24.08.2026 18:23:29.077] INFO  Initialization complete, waiting for warmup
[24.08.2026 18:23:30.878] INFO  Initialization complete, starting processing timer
[24.08.2026 18:23:31.819] INFO  Starting HTTP+WS server (deferred)...
[24.08.2026 18:23:31.821] INFO  HTTP+WS server started on port 9224
[24.08.2026 18:23:31.821] INFO  FastTimer: started at 10ms interval (native)
[24.08.2026 19:51:56.723] INFO  shutdown() called
[24.08.2026 19:51:56.724] INFO  FastTimer: stopped
[24.08.2026 19:51:56.724] INFO  timers stopped
[24.08.2026 19:51:56.724] INFO  cleaning up CSurf
[24.08.2026 19:51:56.725] INFO  CSurf cleaned up
[24.08.2026 19:51:56.725] INFO  cleaning up audio stream
[24.08.2026 19:51:56.725] INFO  audio stream cleaned up
[24.08.2026 19:51:56.725] INFO  menu: unregistered
[24.08.2026 19:51:56.725] INFO  stopping server
[24.08.2026 19:51:56.726] INFO  server stopped
[24.08.2026 19:51:56.726] INFO  cleaning up gesture state
[24.08.2026 19:51:56.726] INFO  gesture state cleaned up
[24.08.2026 19:51:56.726] INFO  cleaning up toggle subscriptions
[24.08.2026 19:51:56.726] INFO  toggle subscriptions cleaned up
[24.08.2026 19:51:56.727] INFO  cleaning up notes subscriptions
[24.08.2026 19:51:56.727] INFO  notes subscriptions cleaned up
[24.08.2026 19:51:56.727] INFO  cleaning up track subscriptions
[24.08.2026 19:51:56.727] INFO  track subscriptions cleaned up
[24.08.2026 19:51:56.727] INFO  cleaning up peaks subscriptions
[24.08.2026 19:51:56.727] INFO  peaks subscriptions cleaned up
[24.08.2026 19:51:56.727] INFO  cleaning up routing subscriptions
[24.08.2026 19:51:56.727] INFO  routing subscriptions cleaned up
[24.08.2026 19:51:56.727] INFO  cleaning up track FX subscriptions
[24.08.2026 19:51:56.727] INFO  track FX subscriptions cleaned up
[24.08.2026 19:51:56.727] INFO  cleaning up track FX param subscriptions
[24.08.2026 19:51:56.727] INFO  track FX param subscriptions cleaned up
[24.08.2026 19:51:56.727] INFO  cleaning up tuner subscriptions
[24.08.2026 19:51:56.727] INFO  tuner subscriptions cleaned up
[24.08.2026 19:51:56.727] INFO  cleaning up tile cache
[24.08.2026 19:51:56.727] INFO  tile cache cleaned up
[24.08.2026 19:51:56.727] INFO  cleaning up GUID cache
[24.08.2026 19:51:56.728] INFO  GUID cache cleaned up
[24.08.2026 19:51:56.728] INFO  cleaning up item GUID cache
[24.08.2026 19:51:56.728] INFO  item GUID cache cleaned up
[24.08.2026 19:51:56.728] INFO  cleaning up shared state
[24.08.2026 19:51:56.728] INFO  shared state cleaned up
[24.08.2026 19:51:56.728] INFO  cleaning up tiered arenas
[24.08.2026 19:51:56.731] INFO  tiered arenas cleaned up
[24.08.2026 19:51:56.731] INFO  shutdown() complete
=== Extension Unloaded ===

=== Reamo Extension Log ===
[24.08.2026 19:52:23.568] INFO  REAmo v0.7.3 starting
[24.08.2026 19:52:23.569] INFO  Project entities: tracks=1 items=0 markers=0 regions=0 fx=1 sends=0 tempo=0
[24.08.2026 19:52:23.569] INFO  Arena sizes: HIGH=1011KB MEDIUM=4045KB LOW=126KB SCRATCH=10113KB total=19MB
[24.08.2026 19:52:23.571] INFO  Tiered arenas initialized: 19MB total
[24.08.2026 19:52:23.571] INFO  Session token generated
[24.08.2026 19:52:23.571] INFO  CSurf registered for push-based callbacks
[24.08.2026 19:52:23.571] INFO  Auto-detected hostname: MacBookPro.ht.home
[24.08.2026 19:52:23.571] INFO  Loaded 0 playlists from project
[24.08.2026 19:52:23.571] INFO  Initialization complete, waiting for warmup
[24.08.2026 19:52:25.307] INFO  Initialization complete, starting processing timer
[24.08.2026 19:52:26.269] INFO  Starting HTTP+WS server (deferred)...
[24.08.2026 19:52:26.273] INFO  HTTP+WS server started on port 9224
[24.08.2026 19:52:26.273] INFO  FastTimer: started at 10ms interval (native)
[25.08.2026 15:20:14.801] INFO  shutdown() called
[25.08.2026 15:20:14.803] INFO  FastTimer: stopped
[25.08.2026 15:20:14.803] INFO  timers stopped
[25.08.2026 15:20:14.803] INFO  cleaning up CSurf
[25.08.2026 15:20:14.803] INFO  CSurf cleaned up
[25.08.2026 15:20:14.803] INFO  cleaning up audio stream
[25.08.2026 15:20:14.803] INFO  audio stream cleaned up
[25.08.2026 15:20:14.803] INFO  menu: unregistered
[25.08.2026 15:20:14.803] INFO  stopping server
[25.08.2026 15:20:14.805] INFO  server stopped
[25.08.2026 15:20:14.805] INFO  cleaning up gesture state
[25.08.2026 15:20:14.805] INFO  gesture state cleaned up
[25.08.2026 15:20:14.805] INFO  cleaning up toggle subscriptions
[25.08.2026 15:20:14.805] INFO  toggle subscriptions cleaned up
[25.08.2026 15:20:14.805] INFO  cleaning up notes subscriptions
[25.08.2026 15:20:14.805] INFO  notes subscriptions cleaned up
[25.08.2026 15:20:14.805] INFO  cleaning up track subscriptions
[25.08.2026 15:20:14.805] INFO  track subscriptions cleaned up
[25.08.2026 15:20:14.805] INFO  cleaning up peaks subscriptions
[25.08.2026 15:20:14.805] INFO  peaks subscriptions cleaned up
[25.08.2026 15:20:14.805] INFO  cleaning up routing subscriptions
[25.08.2026 15:20:14.805] INFO  routing subscriptions cleaned up
[25.08.2026 15:20:14.805] INFO  cleaning up track FX subscriptions
[25.08.2026 15:20:14.805] INFO  track FX subscriptions cleaned up
[25.08.2026 15:20:14.805] INFO  cleaning up track FX param subscriptions
[25.08.2026 15:20:14.805] INFO  track FX param subscriptions cleaned up
[25.08.2026 15:20:14.805] INFO  cleaning up tuner subscriptions
[25.08.2026 15:20:14.805] INFO  tuner subscriptions cleaned up
[25.08.2026 15:20:14.805] INFO  cleaning up tile cache
[25.08.2026 15:20:14.805] INFO  tile cache cleaned up
[25.08.2026 15:20:14.805] INFO  cleaning up GUID cache
[25.08.2026 15:20:14.808] INFO  GUID cache cleaned up
[25.08.2026 15:20:14.808] INFO  cleaning up item GUID cache
[25.08.2026 15:20:14.808] INFO  item GUID cache cleaned up
[25.08.2026 15:20:14.808] INFO  cleaning up shared state
[25.08.2026 15:20:14.808] INFO  shared state cleaned up
[25.08.2026 15:20:14.808] INFO  cleaning up tiered arenas
[25.08.2026 15:20:14.812] INFO  tiered arenas cleaned up
[25.08.2026 15:20:14.812] INFO  shutdown() complete
=== Extension Unloaded ===

=== Reamo Extension Log ===
[25.08.2026 21:28:59.657] INFO  REAmo v0.7.3 starting
[25.08.2026 21:28:59.657] INFO  Project entities: tracks=1 items=0 markers=0 regions=0 fx=1 sends=0 tempo=0
[25.08.2026 21:28:59.657] INFO  Arena sizes: HIGH=1011KB MEDIUM=4045KB LOW=126KB SCRATCH=10113KB total=19MB
[25.08.2026 21:28:59.659] INFO  Tiered arenas initialized: 19MB total
[25.08.2026 21:28:59.659] INFO  Session token generated
[25.08.2026 21:28:59.659] INFO  CSurf registered for push-based callbacks
[25.08.2026 21:28:59.659] INFO  Auto-detected hostname: MacBookPro.ht.home
[25.08.2026 21:28:59.659] INFO  Loaded 0 playlists from project
[25.08.2026 21:28:59.659] INFO  Initialization complete, waiting for warmup
[25.08.2026 21:29:01.263] INFO  Initialization complete, starting processing timer
[25.08.2026 21:29:02.181] INFO  Starting HTTP+WS server (deferred)...
[25.08.2026 21:29:02.183] INFO  HTTP+WS server started on port 9224
[25.08.2026 21:29:02.183] INFO  FastTimer: started at 10ms interval (native)
[26.08.2026 19:54:41.166] INFO  shutdown() called
[26.08.2026 19:54:41.167] INFO  FastTimer: stopped
[26.08.2026 19:54:41.167] INFO  timers stopped
[26.08.2026 19:54:41.167] INFO  cleaning up CSurf
[26.08.2026 19:54:41.167] INFO  CSurf cleaned up
[26.08.2026 19:54:41.167] INFO  cleaning up audio stream
[26.08.2026 19:54:41.168] INFO  audio stream cleaned up
[26.08.2026 19:54:41.168] INFO  menu: unregistered
[26.08.2026 19:54:41.168] INFO  stopping server
[26.08.2026 19:54:41.170] INFO  server stopped
[26.08.2026 19:54:41.170] INFO  cleaning up gesture state
[26.08.2026 19:54:41.170] INFO  gesture state cleaned up
[26.08.2026 19:54:41.170] INFO  cleaning up toggle subscriptions
[26.08.2026 19:54:41.170] INFO  toggle subscriptions cleaned up
[26.08.2026 19:54:41.171] INFO  cleaning up notes subscriptions
[26.08.2026 19:54:41.171] INFO  notes subscriptions cleaned up
[26.08.2026 19:54:41.171] INFO  cleaning up track subscriptions
[26.08.2026 19:54:41.171] INFO  track subscriptions cleaned up
[26.08.2026 19:54:41.171] INFO  cleaning up peaks subscriptions
[26.08.2026 19:54:41.171] INFO  peaks subscriptions cleaned up
[26.08.2026 19:54:41.171] INFO  cleaning up routing subscriptions
[26.08.2026 19:54:41.171] INFO  routing subscriptions cleaned up
[26.08.2026 19:54:41.171] INFO  cleaning up track FX subscriptions
[26.08.2026 19:54:41.171] INFO  track FX subscriptions cleaned up
[26.08.2026 19:54:41.171] INFO  cleaning up track FX param subscriptions
[26.08.2026 19:54:41.171] INFO  track FX param subscriptions cleaned up
[26.08.2026 19:54:41.171] INFO  cleaning up tuner subscriptions
[26.08.2026 19:54:41.171] INFO  tuner subscriptions cleaned up
[26.08.2026 19:54:41.171] INFO  cleaning up tile cache
[26.08.2026 19:54:41.171] INFO  tile cache cleaned up
[26.08.2026 19:54:41.171] INFO  cleaning up GUID cache
[26.08.2026 19:54:41.171] INFO  GUID cache cleaned up
[26.08.2026 19:54:41.171] INFO  cleaning up item GUID cache
[26.08.2026 19:54:41.171] INFO  item GUID cache cleaned up
[26.08.2026 19:54:41.171] INFO  cleaning up shared state
[26.08.2026 19:54:41.171] INFO  shared state cleaned up
[26.08.2026 19:54:41.171] INFO  cleaning up tiered arenas
[26.08.2026 19:54:41.176] INFO  tiered arenas cleaned up
[26.08.2026 19:54:41.176] INFO  shutdown() complete
=== Extension Unloaded ===

=== Reamo Extension Log ===
[26.08.2026 19:55:03.035] INFO  REAmo v0.7.3 starting
[26.08.2026 19:55:03.036] INFO  Project entities: tracks=1 items=0 markers=0 regions=0 fx=1 sends=0 tempo=0
[26.08.2026 19:55:03.036] INFO  Arena sizes: HIGH=1011KB MEDIUM=4045KB LOW=126KB SCRATCH=10113KB total=19MB
[26.08.2026 19:55:03.038] INFO  Tiered arenas initialized: 19MB total
[26.08.2026 19:55:03.038] INFO  Session token generated
[26.08.2026 19:55:03.038] INFO  CSurf registered for push-based callbacks
[26.08.2026 19:55:03.038] INFO  Auto-detected hostname: MacBookPro.ht.home
[26.08.2026 19:55:03.038] INFO  Loaded 0 playlists from project
[26.08.2026 19:55:03.038] INFO  Initialization complete, waiting for warmup
[26.08.2026 19:55:04.806] INFO  Initialization complete, starting processing timer
[26.08.2026 19:55:05.778] INFO  Starting HTTP+WS server (deferred)...
[26.08.2026 19:55:05.779] INFO  HTTP+WS server started on port 9224
[26.08.2026 19:55:05.779] INFO  FastTimer: started at 10ms interval (native)
[26.08.2026 21:12:55.756] INFO  shutdown() called
[26.08.2026 21:12:55.757] INFO  FastTimer: stopped
[26.08.2026 21:12:55.757] INFO  timers stopped
[26.08.2026 21:12:55.757] INFO  cleaning up CSurf
[26.08.2026 21:12:55.757] INFO  CSurf cleaned up
[26.08.2026 21:12:55.757] INFO  cleaning up audio stream
[26.08.2026 21:12:55.757] INFO  audio stream cleaned up
[26.08.2026 21:12:55.757] INFO  menu: unregistered
[26.08.2026 21:12:55.757] INFO  stopping server
[26.08.2026 21:12:55.758] INFO  server stopped
[26.08.2026 21:12:55.758] INFO  cleaning up gesture state
[26.08.2026 21:12:55.759] INFO  gesture state cleaned up
[26.08.2026 21:12:55.759] INFO  cleaning up toggle subscriptions
[26.08.2026 21:12:55.759] INFO  toggle subscriptions cleaned up
[26.08.2026 21:12:55.759] INFO  cleaning up notes subscriptions
[26.08.2026 21:12:55.759] INFO  notes subscriptions cleaned up
[26.08.2026 21:12:55.759] INFO  cleaning up track subscriptions
[26.08.2026 21:12:55.759] INFO  track subscriptions cleaned up
[26.08.2026 21:12:55.759] INFO  cleaning up peaks subscriptions
[26.08.2026 21:12:55.759] INFO  peaks subscriptions cleaned up
[26.08.2026 21:12:55.759] INFO  cleaning up routing subscriptions
[26.08.2026 21:12:55.759] INFO  routing subscriptions cleaned up
[26.08.2026 21:12:55.759] INFO  cleaning up track FX subscriptions
[26.08.2026 21:12:55.759] INFO  track FX subscriptions cleaned up
[26.08.2026 21:12:55.759] INFO  cleaning up track FX param subscriptions
[26.08.2026 21:12:55.759] INFO  track FX param subscriptions cleaned up
[26.08.2026 21:12:55.759] INFO  cleaning up tuner subscriptions
[26.08.2026 21:12:55.759] INFO  tuner subscriptions cleaned up
[26.08.2026 21:12:55.759] INFO  cleaning up tile cache
[26.08.2026 21:12:55.759] INFO  tile cache cleaned up
[26.08.2026 21:12:55.759] INFO  cleaning up GUID cache
[26.08.2026 21:12:55.759] INFO  GUID cache cleaned up
[26.08.2026 21:12:55.759] INFO  cleaning up item GUID cache
[26.08.2026 21:12:55.759] INFO  item GUID cache cleaned up
[26.08.2026 21:12:55.759] INFO  cleaning up shared state
[26.08.2026 21:12:55.759] INFO  shared state cleaned up
[26.08.2026 21:12:55.759] INFO  cleaning up tiered arenas
[26.08.2026 21:12:55.762] INFO  tiered arenas cleaned up
[26.08.2026 21:12:55.762] INFO  shutdown() complete
=== Extension Unloaded ===

=== Reamo Extension Log ===
[26.08.2026 21:13:06.792] INFO  REAmo v0.7.3 starting
[26.08.2026 21:13:06.793] INFO  Project entities: tracks=1 items=0 markers=0 regions=0 fx=1 sends=0 tempo=0
[26.08.2026 21:13:06.793] INFO  Arena sizes: HIGH=1011KB MEDIUM=4045KB LOW=126KB SCRATCH=10113KB total=19MB
[26.08.2026 21:13:06.795] INFO  Tiered arenas initialized: 19MB total
[26.08.2026 21:13:06.795] INFO  Session token generated
[26.08.2026 21:13:06.795] INFO  CSurf registered for push-based callbacks
[26.08.2026 21:13:06.795] INFO  Auto-detected hostname: MacBookPro.ht.home
[26.08.2026 21:13:06.795] INFO  Loaded 0 playlists from project
[26.08.2026 21:13:06.795] INFO  Initialization complete, waiting for warmup
[26.08.2026 21:13:08.711] INFO  Initialization complete, starting processing timer
[26.08.2026 21:13:09.643] INFO  Starting HTTP+WS server (deferred)...
[26.08.2026 21:13:09.646] INFO  HTTP+WS server started on port 9224
[26.08.2026 21:13:09.646] INFO  FastTimer: started at 10ms interval (native)
[27.08.2026 23:12:45.262] INFO  shutdown() called
[27.08.2026 23:12:45.264] INFO  FastTimer: stopped
[27.08.2026 23:12:45.264] INFO  timers stopped
[27.08.2026 23:12:45.264] INFO  cleaning up CSurf
[27.08.2026 23:12:45.264] INFO  CSurf cleaned up
[27.08.2026 23:12:45.264] INFO  cleaning up audio stream
[27.08.2026 23:12:45.264] INFO  audio stream cleaned up
[27.08.2026 23:12:45.264] INFO  menu: unregistered
[27.08.2026 23:12:45.264] INFO  stopping server
[27.08.2026 23:12:45.266] INFO  server stopped
[27.08.2026 23:12:45.266] INFO  cleaning up gesture state
[27.08.2026 23:12:45.266] INFO  gesture state cleaned up
[27.08.2026 23:12:45.266] INFO  cleaning up toggle subscriptions
[27.08.2026 23:12:45.266] INFO  toggle subscriptions cleaned up
[27.08.2026 23:12:45.266] INFO  cleaning up notes subscriptions
[27.08.2026 23:12:45.266] INFO  notes subscriptions cleaned up
[27.08.2026 23:12:45.266] INFO  cleaning up track subscriptions
[27.08.2026 23:12:45.267] INFO  track subscriptions cleaned up
[27.08.2026 23:12:45.267] INFO  cleaning up peaks subscriptions
[27.08.2026 23:12:45.267] INFO  peaks subscriptions cleaned up
[27.08.2026 23:12:45.267] INFO  cleaning up routing subscriptions
[27.08.2026 23:12:45.267] INFO  routing subscriptions cleaned up
[27.08.2026 23:12:45.267] INFO  cleaning up track FX subscriptions
[27.08.2026 23:12:45.267] INFO  track FX subscriptions cleaned up
[27.08.2026 23:12:45.267] INFO  cleaning up track FX param subscriptions
[27.08.2026 23:12:45.267] INFO  track FX param subscriptions cleaned up
[27.08.2026 23:12:45.267] INFO  cleaning up tuner subscriptions
[27.08.2026 23:12:45.267] INFO  tuner subscriptions cleaned up
[27.08.2026 23:12:45.267] INFO  cleaning up tile cache
[27.08.2026 23:12:45.267] INFO  tile cache cleaned up
[27.08.2026 23:12:45.267] INFO  cleaning up GUID cache
[27.08.2026 23:12:45.268] INFO  GUID cache cleaned up
[27.08.2026 23:12:45.268] INFO  cleaning up item GUID cache
[27.08.2026 23:12:45.268] INFO  item GUID cache cleaned up
[27.08.2026 23:12:45.268] INFO  cleaning up shared state
[27.08.2026 23:12:45.268] INFO  shared state cleaned up
[27.08.2026 23:12:45.268] INFO  cleaning up tiered arenas
[27.08.2026 23:12:45.271] INFO  tiered arenas cleaned up
[27.08.2026 23:12:45.271] INFO  shutdown() complete
=== Extension Unloaded ===

=== Reamo Extension Log ===
[27.08.2026 23:19:53.127] INFO  REAmo v0.7.3 starting
[27.08.2026 23:19:53.127] INFO  Project entities: tracks=1 items=0 markers=0 regions=0 fx=1 sends=0 tempo=0
[27.08.2026 23:19:53.127] INFO  Arena sizes: HIGH=1011KB MEDIUM=4045KB LOW=126KB SCRATCH=10113KB total=19MB
[27.08.2026 23:19:53.129] INFO  Tiered arenas initialized: 19MB total
[27.08.2026 23:19:53.129] INFO  Session token generated
[27.08.2026 23:19:53.129] INFO  CSurf registered for push-based callbacks
[27.08.2026 23:19:53.129] INFO  Auto-detected hostname: MacBookPro.ht.home
[27.08.2026 23:19:53.129] INFO  Loaded 0 playlists from project
[27.08.2026 23:19:53.129] INFO  Initialization complete, waiting for warmup
[27.08.2026 23:19:54.987] INFO  Initialization complete, starting processing timer
[27.08.2026 23:19:55.923] INFO  Starting HTTP+WS server (deferred)...
[27.08.2026 23:19:55.926] INFO  HTTP+WS server started on port 9224
[27.08.2026 23:19:55.926] INFO  FastTimer: started at 10ms interval (native)
[28.08.2026 00:31:04.520] INFO  shutdown() called
[28.08.2026 00:31:04.523] INFO  FastTimer: stopped
[28.08.2026 00:31:04.523] INFO  timers stopped
[28.08.2026 00:31:04.523] INFO  cleaning up CSurf
[28.08.2026 00:31:04.524] INFO  CSurf cleaned up
[28.08.2026 00:31:04.524] INFO  cleaning up audio stream
[28.08.2026 00:31:04.524] INFO  audio stream cleaned up
[28.08.2026 00:31:04.524] INFO  menu: unregistered
[28.08.2026 00:31:04.524] INFO  stopping server
[28.08.2026 00:31:04.527] INFO  server stopped
[28.08.2026 00:31:04.527] INFO  cleaning up gesture state
[28.08.2026 00:31:04.527] INFO  gesture state cleaned up
[28.08.2026 00:31:04.527] INFO  cleaning up toggle subscriptions
[28.08.2026 00:31:04.527] INFO  toggle subscriptions cleaned up
[28.08.2026 00:31:04.527] INFO  cleaning up notes subscriptions
[28.08.2026 00:31:04.527] INFO  notes subscriptions cleaned up
[28.08.2026 00:31:04.527] INFO  cleaning up track subscriptions
[28.08.2026 00:31:04.527] INFO  track subscriptions cleaned up
[28.08.2026 00:31:04.527] INFO  cleaning up peaks subscriptions
[28.08.2026 00:31:04.527] INFO  peaks subscriptions cleaned up
[28.08.2026 00:31:04.527] INFO  cleaning up routing subscriptions
[28.08.2026 00:31:04.527] INFO  routing subscriptions cleaned up
[28.08.2026 00:31:04.527] INFO  cleaning up track FX subscriptions
[28.08.2026 00:31:04.527] INFO  track FX subscriptions cleaned up
[28.08.2026 00:31:04.527] INFO  cleaning up track FX param subscriptions
[28.08.2026 00:31:04.527] INFO  track FX param subscriptions cleaned up
[28.08.2026 00:31:04.527] INFO  cleaning up tuner subscriptions
[28.08.2026 00:31:04.527] INFO  tuner subscriptions cleaned up
[28.08.2026 00:31:04.527] INFO  cleaning up tile cache
[28.08.2026 00:31:04.527] INFO  tile cache cleaned up
[28.08.2026 00:31:04.527] INFO  cleaning up GUID cache
[28.08.2026 00:31:04.527] INFO  GUID cache cleaned up
[28.08.2026 00:31:04.527] INFO  cleaning up item GUID cache
[28.08.2026 00:31:04.527] INFO  item GUID cache cleaned up
[28.08.2026 00:31:04.527] INFO  cleaning up shared state
[28.08.2026 00:31:04.527] INFO  shared state cleaned up
[28.08.2026 00:31:04.527] INFO  cleaning up tiered arenas
[28.08.2026 00:31:04.532] INFO  tiered arenas cleaned up
[28.08.2026 00:31:04.533] INFO  shutdown() complete
=== Extension Unloaded ===

=== Reamo Extension Log ===
[28.08.2026 05:36:11.104] INFO  REAmo v0.7.3 starting
[28.08.2026 05:36:11.105] INFO  Project entities: tracks=1 items=0 markers=0 regions=0 fx=1 sends=0 tempo=0
[28.08.2026 05:36:11.105] INFO  Arena sizes: HIGH=1011KB MEDIUM=4045KB LOW=126KB SCRATCH=10113KB total=19MB
[28.08.2026 05:36:11.107] INFO  Tiered arenas initialized: 19MB total
[28.08.2026 05:36:11.107] INFO  Session token generated
[28.08.2026 05:36:11.107] INFO  CSurf registered for push-based callbacks
[28.08.2026 05:36:11.107] INFO  Auto-detected hostname: MacBookPro-2.lan
[28.08.2026 05:36:11.107] INFO  Loaded 0 playlists from project
[28.08.2026 05:36:11.107] INFO  Initialization complete, waiting for warmup
[28.08.2026 05:36:12.974] INFO  Initialization complete, starting processing timer
[28.08.2026 05:36:14.017] INFO  Starting HTTP+WS server (deferred)...
[28.08.2026 05:36:14.026] INFO  HTTP+WS server started on port 9224
[28.08.2026 05:36:14.026] INFO  FastTimer: started at 10ms interval (native)
[28.08.2026 06:54:07.260] INFO  shutdown() called
[28.08.2026 06:54:07.263] INFO  FastTimer: stopped
[28.08.2026 06:54:07.263] INFO  timers stopped
[28.08.2026 06:54:07.263] INFO  cleaning up CSurf
[28.08.2026 06:54:07.264] INFO  CSurf cleaned up
[28.08.2026 06:54:07.264] INFO  cleaning up audio stream
[28.08.2026 06:54:07.264] INFO  audio stream cleaned up
[28.08.2026 06:54:07.264] INFO  menu: unregistered
[28.08.2026 06:54:07.264] INFO  stopping server
[28.08.2026 06:54:07.266] INFO  server stopped
[28.08.2026 06:54:07.266] INFO  cleaning up gesture state
[28.08.2026 06:54:07.266] INFO  gesture state cleaned up
[28.08.2026 06:54:07.266] INFO  cleaning up toggle subscriptions
[28.08.2026 06:54:07.266] INFO  toggle subscriptions cleaned up
[28.08.2026 06:54:07.266] INFO  cleaning up notes subscriptions
[28.08.2026 06:54:07.266] INFO  notes subscriptions cleaned up
[28.08.2026 06:54:07.266] INFO  cleaning up track subscriptions
[28.08.2026 06:54:07.266] INFO  track subscriptions cleaned up
[28.08.2026 06:54:07.266] INFO  cleaning up peaks subscriptions
[28.08.2026 06:54:07.266] INFO  peaks subscriptions cleaned up
[28.08.2026 06:54:07.266] INFO  cleaning up routing subscriptions
[28.08.2026 06:54:07.266] INFO  routing subscriptions cleaned up
[28.08.2026 06:54:07.266] INFO  cleaning up track FX subscriptions
[28.08.2026 06:54:07.266] INFO  track FX subscriptions cleaned up
[28.08.2026 06:54:07.266] INFO  cleaning up track FX param subscriptions
[28.08.2026 06:54:07.266] INFO  track FX param subscriptions cleaned up
[28.08.2026 06:54:07.266] INFO  cleaning up tuner subscriptions
[28.08.2026 06:54:07.266] INFO  tuner subscriptions cleaned up
[28.08.2026 06:54:07.266] INFO  cleaning up tile cache
[28.08.2026 06:54:07.266] INFO  tile cache cleaned up
[28.08.2026 06:54:07.266] INFO  cleaning up GUID cache
[28.08.2026 06:54:07.266] INFO  GUID cache cleaned up
[28.08.2026 06:54:07.266] INFO  cleaning up item GUID cache
[28.08.2026 06:54:07.266] INFO  item GUID cache cleaned up
[28.08.2026 06:54:07.266] INFO  cleaning up shared state
[28.08.2026 06:54:07.266] INFO  shared state cleaned up
[28.08.2026 06:54:07.266] INFO  cleaning up tiered arenas
[28.08.2026 06:54:07.268] INFO  tiered arenas cleaned up
[28.08.2026 06:54:07.268] INFO  shutdown() complete
=== Extension Unloaded ===

=== Reamo Extension Log ===
[28.08.2026 07:20:40.008] INFO  REAmo v0.7.3 starting
[28.08.2026 07:20:40.009] INFO  Project entities: tracks=1 items=0 markers=0 regions=0 fx=1 sends=0 tempo=0
[28.08.2026 07:20:40.009] INFO  Arena sizes: HIGH=1011KB MEDIUM=4045KB LOW=126KB SCRATCH=10113KB total=19MB
[28.08.2026 07:20:40.010] INFO  Tiered arenas initialized: 19MB total
[28.08.2026 07:20:40.010] INFO  Session token generated
[28.08.2026 07:20:40.010] INFO  CSurf registered for push-based callbacks
[28.08.2026 07:20:40.010] INFO  Auto-detected hostname: MacBookPro-2.lan
[28.08.2026 07:20:40.010] INFO  Loaded 0 playlists from project
[28.08.2026 07:20:40.010] INFO  Initialization complete, waiting for warmup
[28.08.2026 07:20:41.516] INFO  Initialization complete, starting processing timer
[28.08.2026 07:20:42.466] INFO  Starting HTTP+WS server (deferred)...
[28.08.2026 07:20:42.468] INFO  HTTP+WS server started on port 9224
[28.08.2026 07:20:42.468] INFO  FastTimer: started at 10ms interval (native)
[28.08.2026 15:43:11.322] INFO  shutdown() called
[28.08.2026 15:43:11.325] INFO  FastTimer: stopped
[28.08.2026 15:43:11.325] INFO  timers stopped
[28.08.2026 15:43:11.325] INFO  cleaning up CSurf
[28.08.2026 15:43:11.325] INFO  CSurf cleaned up
[28.08.2026 15:43:11.325] INFO  cleaning up audio stream
[28.08.2026 15:43:11.325] INFO  audio stream cleaned up
[28.08.2026 15:43:11.325] INFO  menu: unregistered
[28.08.2026 15:43:11.325] INFO  stopping server
[28.08.2026 15:43:11.325] INFO  server stopped
[28.08.2026 15:43:11.325] INFO  cleaning up gesture state
[28.08.2026 15:43:11.326] INFO  gesture state cleaned up
[28.08.2026 15:43:11.326] INFO  cleaning up toggle subscriptions
[28.08.2026 15:43:11.326] INFO  toggle subscriptions cleaned up
[28.08.2026 15:43:11.326] INFO  cleaning up notes subscriptions
[28.08.2026 15:43:11.326] INFO  notes subscriptions cleaned up
[28.08.2026 15:43:11.326] INFO  cleaning up track subscriptions
[28.08.2026 15:43:11.326] INFO  track subscriptions cleaned up
[28.08.2026 15:43:11.326] INFO  cleaning up peaks subscriptions
[28.08.2026 15:43:11.326] INFO  peaks subscriptions cleaned up
[28.08.2026 15:43:11.326] INFO  cleaning up routing subscriptions
[28.08.2026 15:43:11.326] INFO  routing subscriptions cleaned up
[28.08.2026 15:43:11.326] INFO  cleaning up track FX subscriptions
[28.08.2026 15:43:11.326] INFO  track FX subscriptions cleaned up
[28.08.2026 15:43:11.326] INFO  cleaning up track FX param subscriptions
[28.08.2026 15:43:11.326] INFO  track FX param subscriptions cleaned up
[28.08.2026 15:43:11.326] INFO  cleaning up tuner subscriptions
[28.08.2026 15:43:11.326] INFO  tuner subscriptions cleaned up
[28.08.2026 15:43:11.326] INFO  cleaning up tile cache
[28.08.2026 15:43:11.326] INFO  tile cache cleaned up
[28.08.2026 15:43:11.326] INFO  cleaning up GUID cache
[28.08.2026 15:43:11.326] INFO  GUID cache cleaned up
[28.08.2026 15:43:11.326] INFO  cleaning up item GUID cache
[28.08.2026 15:43:11.326] INFO  item GUID cache cleaned up
[28.08.2026 15:43:11.326] INFO  cleaning up shared state
[28.08.2026 15:43:11.326] INFO  shared state cleaned up
[28.08.2026 15:43:11.326] INFO  cleaning up tiered arenas
[28.08.2026 15:43:11.329] INFO  tiered arenas cleaned up
[28.08.2026 15:43:11.329] INFO  shutdown() complete
=== Extension Unloaded ===

=== Reamo Extension Log ===
[28.08.2026 16:11:14.489] INFO  REAmo v0.7.3 starting
[28.08.2026 16:11:14.489] INFO  Project entities: tracks=1 items=0 markers=0 regions=0 fx=1 sends=0 tempo=0
[28.08.2026 16:11:14.489] INFO  Arena sizes: HIGH=1011KB MEDIUM=4045KB LOW=126KB SCRATCH=10113KB total=19MB
[28.08.2026 16:11:14.491] INFO  Tiered arenas initialized: 19MB total
[28.08.2026 16:11:14.491] INFO  Session token generated
[28.08.2026 16:11:14.491] INFO  CSurf registered for push-based callbacks
[28.08.2026 16:11:14.491] INFO  Auto-detected hostname: MacBookPro.ht.home
[28.08.2026 16:11:14.491] INFO  Loaded 0 playlists from project
[28.08.2026 16:11:14.491] INFO  Initialization complete, waiting for warmup
[28.08.2026 16:11:16.148] INFO  Initialization complete, starting processing timer
[28.08.2026 16:11:17.229] INFO  Starting HTTP+WS server (deferred)...
[28.08.2026 16:11:17.231] INFO  HTTP+WS server started on port 9224
[28.08.2026 16:11:17.231] INFO  FastTimer: started at 10ms interval (native)
[28.08.2026 18:19:27.737] INFO  shutdown() called
[28.08.2026 18:19:27.739] INFO  FastTimer: stopped
[28.08.2026 18:19:27.739] INFO  timers stopped
[28.08.2026 18:19:27.739] INFO  cleaning up CSurf
[28.08.2026 18:19:27.740] INFO  CSurf cleaned up
[28.08.2026 18:19:27.740] INFO  cleaning up audio stream
[28.08.2026 18:19:27.740] INFO  audio stream cleaned up
[28.08.2026 18:19:27.740] INFO  menu: unregistered
[28.08.2026 18:19:27.740] INFO  stopping server
[28.08.2026 18:19:27.741] INFO  server stopped
[28.08.2026 18:19:27.741] INFO  cleaning up gesture state
[28.08.2026 18:19:27.741] INFO  gesture state cleaned up
[28.08.2026 18:19:27.741] INFO  cleaning up toggle subscriptions
[28.08.2026 18:19:27.741] INFO  toggle subscriptions cleaned up
[28.08.2026 18:19:27.741] INFO  cleaning up notes subscriptions
[28.08.2026 18:19:27.741] INFO  notes subscriptions cleaned up
[28.08.2026 18:19:27.741] INFO  cleaning up track subscriptions
[28.08.2026 18:19:27.741] INFO  track subscriptions cleaned up
[28.08.2026 18:19:27.741] INFO  cleaning up peaks subscriptions
[28.08.2026 18:19:27.742] INFO  peaks subscriptions cleaned up
[28.08.2026 18:19:27.742] INFO  cleaning up routing subscriptions
[28.08.2026 18:19:27.742] INFO  routing subscriptions cleaned up
[28.08.2026 18:19:27.742] INFO  cleaning up track FX subscriptions
[28.08.2026 18:19:27.742] INFO  track FX subscriptions cleaned up
[28.08.2026 18:19:27.742] INFO  cleaning up track FX param subscriptions
[28.08.2026 18:19:27.742] INFO  track FX param subscriptions cleaned up
[28.08.2026 18:19:27.742] INFO  cleaning up tuner subscriptions
[28.08.2026 18:19:27.742] INFO  tuner subscriptions cleaned up
[28.08.2026 18:19:27.742] INFO  cleaning up tile cache
[28.08.2026 18:19:27.742] INFO  tile cache cleaned up
[28.08.2026 18:19:27.742] INFO  cleaning up GUID cache
[28.08.2026 18:19:27.742] INFO  GUID cache cleaned up
[28.08.2026 18:19:27.742] INFO  cleaning up item GUID cache
[28.08.2026 18:19:27.742] INFO  item GUID cache cleaned up
[28.08.2026 18:19:27.742] INFO  cleaning up shared state
[28.08.2026 18:19:27.742] INFO  shared state cleaned up
[28.08.2026 18:19:27.742] INFO  cleaning up tiered arenas
[28.08.2026 18:19:27.744] INFO  tiered arenas cleaned up
[28.08.2026 18:19:27.745] INFO  shutdown() complete
=== Extension Unloaded ===

=== Reamo Extension Log ===
[02.09.2026 14:10:03.474] INFO  REAmo v0.7.3 starting
[02.09.2026 14:10:03.475] INFO  Project entities: tracks=1 items=0 markers=0 regions=0 fx=1 sends=0 tempo=0
[02.09.2026 14:10:03.475] INFO  Arena sizes: HIGH=1011KB MEDIUM=4045KB LOW=126KB SCRATCH=10113KB total=19MB
[02.09.2026 14:10:03.476] INFO  Tiered arenas initialized: 19MB total
[02.09.2026 14:10:03.476] INFO  Session token generated
[02.09.2026 14:10:03.476] INFO  CSurf registered for push-based callbacks
[02.09.2026 14:10:03.476] INFO  Auto-detected hostname: MacBookPro.ht.home
[02.09.2026 14:10:03.476] INFO  Loaded 0 playlists from project
[02.09.2026 14:10:03.476] INFO  Initialization complete, waiting for warmup
[02.09.2026 14:10:05.337] INFO  Initialization complete, starting processing timer
[02.09.2026 14:10:06.289] INFO  Starting HTTP+WS server (deferred)...
[02.09.2026 14:10:06.291] INFO  HTTP+WS server started on port 9224
[02.09.2026 14:10:06.291] INFO  FastTimer: started at 10ms interval (native)
=== Reamo Extension Log ===
[02.09.2026 14:19:37.962] INFO  REAmo v0.7.3 starting
[02.09.2026 14:19:37.963] INFO  Project entities: tracks=1 items=0 markers=0 regions=0 fx=1 sends=0 tempo=0
[02.09.2026 14:19:37.963] INFO  Arena sizes: HIGH=1011KB MEDIUM=4045KB LOW=126KB SCRATCH=10113KB total=19MB
[02.09.2026 14:19:37.964] INFO  Tiered arenas initialized: 19MB total
[02.09.2026 14:19:37.964] INFO  Session token generated
[02.09.2026 14:19:37.964] INFO  CSurf registered for push-based callbacks
[02.09.2026 14:19:37.964] INFO  Auto-detected hostname: MacBookPro.ht.home
[02.09.2026 14:19:37.964] INFO  Loaded 0 playlists from project
[02.09.2026 14:19:37.964] INFO  Initialization complete, waiting for warmup
[02.09.2026 14:19:39.694] INFO  Initialization complete, starting processing timer
[02.09.2026 14:19:40.751] INFO  Starting HTTP+WS server (deferred)...
[02.09.2026 14:19:40.753] INFO  HTTP+WS server started on port 9224
[02.09.2026 14:19:40.753] INFO  FastTimer: started at 10ms interval (native)
=== Reamo Extension Log ===
[02.09.2026 14:47:42.314] INFO  REAmo v0.7.3 starting
[02.09.2026 14:47:42.314] INFO  Project entities: tracks=1 items=0 markers=0 regions=0 fx=1 sends=0 tempo=0
[02.09.2026 14:47:42.314] INFO  Arena sizes: HIGH=1011KB MEDIUM=4045KB LOW=126KB SCRATCH=10113KB total=19MB
[02.09.2026 14:47:42.316] INFO  Tiered arenas initialized: 19MB total
[02.09.2026 14:47:42.316] INFO  Session token generated
[02.09.2026 14:47:42.316] INFO  CSurf registered for push-based callbacks
[02.09.2026 14:47:42.316] INFO  Auto-detected hostname: MacBookPro.ht.home
[02.09.2026 14:47:42.316] INFO  Loaded 0 playlists from project
[02.09.2026 14:47:42.316] INFO  Initialization complete, waiting for warmup
[02.09.2026 14:47:43.993] INFO  Initialization complete, starting processing timer
[02.09.2026 14:47:44.912] INFO  Starting HTTP+WS server (deferred)...
[02.09.2026 14:47:44.914] INFO  HTTP+WS server started on port 9224
[02.09.2026 14:47:44.914] INFO  FastTimer: started at 10ms interval (native)
=== Reamo Extension Log ===
[02.09.2026 14:56:29.010] INFO  REAmo v0.7.3 starting
[02.09.2026 14:56:29.010] INFO  Project entities: tracks=1 items=0 markers=0 regions=0 fx=1 sends=0 tempo=0
[02.09.2026 14:56:29.010] INFO  Arena sizes: HIGH=1011KB MEDIUM=4045KB LOW=126KB SCRATCH=10113KB total=19MB
[02.09.2026 14:56:29.012] INFO  Tiered arenas initialized: 19MB total
[02.09.2026 14:56:29.012] INFO  Session token generated
[02.09.2026 14:56:29.012] INFO  CSurf registered for push-based callbacks
[02.09.2026 14:56:29.012] INFO  Auto-detected hostname: MacBookPro.ht.home
[02.09.2026 14:56:29.012] INFO  Loaded 0 playlists from project
[02.09.2026 14:56:29.012] INFO  Initialization complete, waiting for warmup
[02.09.2026 14:56:30.745] INFO  Initialization complete, starting processing timer
[02.09.2026 14:56:31.685] INFO  Starting HTTP+WS server (deferred)...
[02.09.2026 14:56:31.688] INFO  HTTP+WS server started on port 9224
[02.09.2026 14:56:31.688] INFO  FastTimer: started at 10ms interval (native)
=== Reamo Extension Log ===
[03.09.2026 15:29:04.123] INFO  REAmo v0.7.3 starting
[03.09.2026 15:29:04.123] INFO  Project entities: tracks=1 items=0 markers=0 regions=0 fx=1 sends=0 tempo=0
[03.09.2026 15:29:04.123] INFO  Arena sizes: HIGH=1011KB MEDIUM=4045KB LOW=126KB SCRATCH=10113KB total=19MB
[03.09.2026 15:29:04.125] INFO  Tiered arenas initialized: 19MB total
[03.09.2026 15:29:04.126] INFO  Session token generated
[03.09.2026 15:29:04.126] INFO  CSurf registered for push-based callbacks
[03.09.2026 15:29:04.126] INFO  Auto-detected hostname: Jonathans-M1-MacBook-Pro-3.local
[03.09.2026 15:29:04.126] INFO  Loaded 0 playlists from project
[03.09.2026 15:29:04.126] INFO  Initialization complete, waiting for warmup
[03.09.2026 15:29:07.625] INFO  Initialization complete, starting processing timer
[03.09.2026 15:29:08.566] INFO  Starting HTTP+WS server (deferred)...
[03.09.2026 15:29:08.576] INFO  HTTP+WS server started on port 9224
[03.09.2026 15:29:08.576] INFO  FastTimer: started at 10ms interval (native)
[03.09.2026 15:31:02.470] INFO  shutdown() called
[03.09.2026 15:31:02.471] INFO  FastTimer: stopped
[03.09.2026 15:31:02.471] INFO  timers stopped
[03.09.2026 15:31:02.471] INFO  cleaning up CSurf
[03.09.2026 15:31:02.471] INFO  CSurf cleaned up
[03.09.2026 15:31:02.471] INFO  cleaning up audio stream
[03.09.2026 15:31:02.471] INFO  audio stream cleaned up
[03.09.2026 15:31:02.471] INFO  menu: unregistered
[03.09.2026 15:31:02.471] INFO  stopping server
[03.09.2026 15:31:02.472] INFO  server stopped
[03.09.2026 15:31:02.472] INFO  cleaning up gesture state
[03.09.2026 15:31:02.472] INFO  gesture state cleaned up
[03.09.2026 15:31:02.472] INFO  cleaning up toggle subscriptions
[03.09.2026 15:31:02.472] INFO  toggle subscriptions cleaned up
[03.09.2026 15:31:02.472] INFO  cleaning up notes subscriptions
[03.09.2026 15:31:02.472] INFO  notes subscriptions cleaned up
[03.09.2026 15:31:02.472] INFO  cleaning up track subscriptions
[03.09.2026 15:31:02.472] INFO  track subscriptions cleaned up
[03.09.2026 15:31:02.472] INFO  cleaning up peaks subscriptions
[03.09.2026 15:31:02.472] INFO  peaks subscriptions cleaned up
[03.09.2026 15:31:02.472] INFO  cleaning up routing subscriptions
[03.09.2026 15:31:02.472] INFO  routing subscriptions cleaned up
[03.09.2026 15:31:02.472] INFO  cleaning up track FX subscriptions
[03.09.2026 15:31:02.472] INFO  track FX subscriptions cleaned up
[03.09.2026 15:31:02.472] INFO  cleaning up track FX param subscriptions
[03.09.2026 15:31:02.472] INFO  track FX param subscriptions cleaned up
[03.09.2026 15:31:02.472] INFO  cleaning up tuner subscriptions
[03.09.2026 15:31:02.472] INFO  tuner subscriptions cleaned up
[03.09.2026 15:31:02.472] INFO  cleaning up tile cache
[03.09.2026 15:31:02.472] INFO  tile cache cleaned up
[03.09.2026 15:31:02.472] INFO  cleaning up GUID cache
[03.09.2026 15:31:02.472] INFO  GUID cache cleaned up
[03.09.2026 15:31:02.472] INFO  cleaning up item GUID cache
[03.09.2026 15:31:02.472] INFO  item GUID cache cleaned up
[03.09.2026 15:31:02.472] INFO  cleaning up shared state
[03.09.2026 15:31:02.472] INFO  shared state cleaned up
[03.09.2026 15:31:02.472] INFO  cleaning up tiered arenas
[03.09.2026 15:31:02.479] INFO  tiered arenas cleaned up
[03.09.2026 15:31:02.479] INFO  shutdown() complete
=== Extension Unloaded ===

=== Reamo Extension Log ===
[03.09.2026 16:20:26.695] INFO  REAmo v0.7.3 starting
[03.09.2026 16:20:26.695] INFO  Project entities: tracks=1 items=0 markers=0 regions=0 fx=1 sends=0 tempo=0
[03.09.2026 16:20:26.695] INFO  Arena sizes: HIGH=1011KB MEDIUM=4045KB LOW=126KB SCRATCH=10113KB total=19MB
[03.09.2026 16:20:26.697] INFO  Tiered arenas initialized: 19MB total
[03.09.2026 16:20:26.697] INFO  Session token generated
[03.09.2026 16:20:26.697] INFO  CSurf registered for push-based callbacks
[03.09.2026 16:20:26.697] INFO  Auto-detected hostname: Jonathans-M1-MacBook-Pro-3.local
[03.09.2026 16:20:26.697] INFO  Loaded 0 playlists from project
[03.09.2026 16:20:26.697] INFO  Initialization complete, waiting for warmup
[03.09.2026 16:20:28.552] INFO  Initialization complete, starting processing timer
[03.09.2026 16:20:29.628] INFO  Starting HTTP+WS server (deferred)...
[03.09.2026 16:20:29.630] INFO  HTTP+WS server started on port 9224
[03.09.2026 16:20:29.630] INFO  FastTimer: started at 10ms interval (native)
=== Reamo Extension Log ===
[03.09.2026 16:25:32.755] INFO  REAmo v0.7.3 starting
[03.09.2026 16:25:32.755] INFO  Project entities: tracks=1 items=0 markers=0 regions=0 fx=1 sends=0 tempo=0
[03.09.2026 16:25:32.755] INFO  Arena sizes: HIGH=1011KB MEDIUM=4045KB LOW=126KB SCRATCH=10113KB total=19MB
[03.09.2026 16:25:32.757] INFO  Tiered arenas initialized: 19MB total
[03.09.2026 16:25:32.757] INFO  Session token generated
[03.09.2026 16:25:32.757] INFO  CSurf registered for push-based callbacks
[03.09.2026 16:25:32.757] INFO  Auto-detected hostname: Jonathans-M1-MacBook-Pro-3.local
[03.09.2026 16:25:32.757] INFO  Loaded 0 playlists from project
[03.09.2026 16:25:32.757] INFO  Initialization complete, waiting for warmup
[03.09.2026 16:25:34.578] INFO  Initialization complete, starting processing timer
[03.09.2026 16:25:35.523] INFO  Starting HTTP+WS server (deferred)...
[03.09.2026 16:25:35.525] INFO  HTTP+WS server started on port 9224
[03.09.2026 16:25:35.525] INFO  FastTimer: started at 10ms interval (native)
=== Reamo Extension Log ===
[03.09.2026 16:27:55.575] INFO  REAmo v0.7.3 starting
[03.09.2026 16:27:55.575] INFO  Project entities: tracks=1 items=0 markers=0 regions=0 fx=1 sends=0 tempo=0
[03.09.2026 16:27:55.575] INFO  Arena sizes: HIGH=1011KB MEDIUM=4045KB LOW=126KB SCRATCH=10113KB total=19MB
[03.09.2026 16:27:55.577] INFO  Tiered arenas initialized: 19MB total
[03.09.2026 16:27:55.577] INFO  Session token generated
[03.09.2026 16:27:55.577] INFO  CSurf registered for push-based callbacks
[03.09.2026 16:27:55.577] INFO  Auto-detected hostname: Jonathans-M1-MacBook-Pro-3.local
[03.09.2026 16:27:55.577] INFO  Loaded 0 playlists from project
[03.09.2026 16:27:55.577] INFO  Initialization complete, waiting for warmup
[03.09.2026 16:27:57.408] INFO  Initialization complete, starting processing timer
[03.09.2026 16:27:58.355] INFO  Starting HTTP+WS server (deferred)...
[03.09.2026 16:27:58.357] INFO  HTTP+WS server started on port 9224
[03.09.2026 16:27:58.357] INFO  FastTimer: started at 10ms interval (native)
=== Reamo Extension Log ===
[03.09.2026 16:29:13.998] INFO  REAmo v0.7.3 starting
[03.09.2026 16:29:13.998] INFO  Project entities: tracks=1 items=0 markers=0 regions=0 fx=1 sends=0 tempo=0
[03.09.2026 16:29:13.998] INFO  Arena sizes: HIGH=1011KB MEDIUM=4045KB LOW=126KB SCRATCH=10113KB total=19MB
[03.09.2026 16:29:14.002] INFO  Tiered arenas initialized: 19MB total
[03.09.2026 16:29:14.002] INFO  Session token generated
[03.09.2026 16:29:14.002] INFO  CSurf registered for push-based callbacks
[03.09.2026 16:29:14.002] INFO  Auto-detected hostname: Jonathans-M1-MacBook-Pro-3.local
[03.09.2026 16:29:14.002] INFO  Loaded 0 playlists from project
[03.09.2026 16:29:14.002] INFO  Initialization complete, waiting for warmup
[03.09.2026 16:29:15.700] INFO  Initialization complete, starting processing timer
[03.09.2026 16:29:16.641] INFO  Starting HTTP+WS server (deferred)...
[03.09.2026 16:29:16.643] INFO  HTTP+WS server started on port 9224
[03.09.2026 16:29:16.643] INFO  FastTimer: started at 10ms interval (native)
=== Reamo Extension Log ===
[04.09.2026 12:45:52.389] INFO  REAmo v0.7.3 starting
[04.09.2026 12:45:52.390] INFO  Project entities: tracks=1 items=0 markers=0 regions=0 fx=1 sends=0 tempo=0
[04.09.2026 12:45:52.390] INFO  Arena sizes: HIGH=1011KB MEDIUM=4045KB LOW=126KB SCRATCH=10113KB total=19MB
[04.09.2026 12:45:52.393] INFO  Tiered arenas initialized: 19MB total
[04.09.2026 12:45:52.393] INFO  Session token generated
[04.09.2026 12:45:52.393] INFO  CSurf registered for push-based callbacks
[04.09.2026 12:45:52.393] INFO  Auto-detected hostname: Jonathans-M1-MacBook-Pro-3.local
[04.09.2026 12:45:52.393] INFO  Loaded 0 playlists from project
[04.09.2026 12:45:52.393] INFO  Initialization complete, waiting for warmup
[04.09.2026 12:45:56.517] INFO  Initialization complete, starting processing timer
[04.09.2026 12:45:57.524] INFO  Starting HTTP+WS server (deferred)...
[04.09.2026 12:45:57.526] INFO  HTTP+WS server started on port 9224
[04.09.2026 12:45:57.526] INFO  FastTimer: started at 10ms interval (native)
[04.09.2026 15:07:40.928] INFO  shutdown() called
[04.09.2026 15:07:40.929] INFO  FastTimer: stopped
[04.09.2026 15:07:40.929] INFO  timers stopped
[04.09.2026 15:07:40.929] INFO  cleaning up CSurf
[04.09.2026 15:07:40.929] INFO  CSurf cleaned up
[04.09.2026 15:07:40.929] INFO  cleaning up audio stream
[04.09.2026 15:07:40.930] INFO  audio stream cleaned up
[04.09.2026 15:07:40.930] INFO  menu: unregistered
[04.09.2026 15:07:40.930] INFO  stopping server
[04.09.2026 15:07:40.931] INFO  server stopped
[04.09.2026 15:07:40.931] INFO  cleaning up gesture state
[04.09.2026 15:07:40.931] INFO  gesture state cleaned up
[04.09.2026 15:07:40.931] INFO  cleaning up toggle subscriptions
[04.09.2026 15:07:40.931] INFO  toggle subscriptions cleaned up
[04.09.2026 15:07:40.931] INFO  cleaning up notes subscriptions
[04.09.2026 15:07:40.931] INFO  notes subscriptions cleaned up
[04.09.2026 15:07:40.931] INFO  cleaning up track subscriptions
[04.09.2026 15:07:40.931] INFO  track subscriptions cleaned up
[04.09.2026 15:07:40.931] INFO  cleaning up peaks subscriptions
[04.09.2026 15:07:40.931] INFO  peaks subscriptions cleaned up
[04.09.2026 15:07:40.931] INFO  cleaning up routing subscriptions
[04.09.2026 15:07:40.931] INFO  routing subscriptions cleaned up
[04.09.2026 15:07:40.931] INFO  cleaning up track FX subscriptions
[04.09.2026 15:07:40.931] INFO  track FX subscriptions cleaned up
[04.09.2026 15:07:40.931] INFO  cleaning up track FX param subscriptions
[04.09.2026 15:07:40.931] INFO  track FX param subscriptions cleaned up
[04.09.2026 15:07:40.931] INFO  cleaning up tuner subscriptions
[04.09.2026 15:07:40.931] INFO  tuner subscriptions cleaned up
[04.09.2026 15:07:40.931] INFO  cleaning up tile cache
[04.09.2026 15:07:40.931] INFO  tile cache cleaned up
[04.09.2026 15:07:40.931] INFO  cleaning up GUID cache
[04.09.2026 15:07:40.931] INFO  GUID cache cleaned up
[04.09.2026 15:07:40.931] INFO  cleaning up item GUID cache
[04.09.2026 15:07:40.931] INFO  item GUID cache cleaned up
[04.09.2026 15:07:40.931] INFO  cleaning up shared state
[04.09.2026 15:07:40.931] INFO  shared state cleaned up
[04.09.2026 15:07:40.931] INFO  cleaning up tiered arenas
[04.09.2026 15:07:40.936] INFO  tiered arenas cleaned up
[04.09.2026 15:07:40.936] INFO  shutdown() complete
=== Extension Unloaded ===

=== Reamo Extension Log ===
[04.09.2026 15:56:44.252] INFO  REAmo v0.7.3 starting
[04.09.2026 15:56:44.253] INFO  Project entities: tracks=1 items=0 markers=0 regions=0 fx=1 sends=0 tempo=0
[04.09.2026 15:56:44.253] INFO  Arena sizes: HIGH=1011KB MEDIUM=4045KB LOW=126KB SCRATCH=10113KB total=19MB
[04.09.2026 15:56:44.255] INFO  Tiered arenas initialized: 19MB total
[04.09.2026 15:56:44.255] INFO  Session token generated
[04.09.2026 15:56:44.255] INFO  CSurf registered for push-based callbacks
[04.09.2026 15:56:44.255] INFO  Auto-detected hostname: Jonathans-M1-MacBook-Pro-3.local
[04.09.2026 15:56:44.255] INFO  Loaded 0 playlists from project
[04.09.2026 15:56:44.255] INFO  Initialization complete, waiting for warmup
[04.09.2026 15:56:46.117] INFO  Initialization complete, starting processing timer
[04.09.2026 15:56:47.029] INFO  Starting HTTP+WS server (deferred)...
[04.09.2026 15:56:47.030] INFO  HTTP+WS server started on port 9224
[04.09.2026 15:56:47.030] INFO  FastTimer: started at 10ms interval (native)
[04.09.2026 17:52:21.596] INFO  shutdown() called
[04.09.2026 17:52:21.598] INFO  FastTimer: stopped
[04.09.2026 17:52:21.598] INFO  timers stopped
[04.09.2026 17:52:21.598] INFO  cleaning up CSurf
[04.09.2026 17:52:21.599] INFO  CSurf cleaned up
[04.09.2026 17:52:21.599] INFO  cleaning up audio stream
[04.09.2026 17:52:21.599] INFO  audio stream cleaned up
[04.09.2026 17:52:21.599] INFO  menu: unregistered
[04.09.2026 17:52:21.599] INFO  stopping server
[04.09.2026 17:52:21.600] INFO  server stopped
[04.09.2026 17:52:21.600] INFO  cleaning up gesture state
[04.09.2026 17:52:21.600] INFO  gesture state cleaned up
[04.09.2026 17:52:21.600] INFO  cleaning up toggle subscriptions
[04.09.2026 17:52:21.600] INFO  toggle subscriptions cleaned up
[04.09.2026 17:52:21.600] INFO  cleaning up notes subscriptions
[04.09.2026 17:52:21.600] INFO  notes subscriptions cleaned up
[04.09.2026 17:52:21.600] INFO  cleaning up track subscriptions
[04.09.2026 17:52:21.600] INFO  track subscriptions cleaned up
[04.09.2026 17:52:21.600] INFO  cleaning up peaks subscriptions
[04.09.2026 17:52:21.600] INFO  peaks subscriptions cleaned up
[04.09.2026 17:52:21.600] INFO  cleaning up routing subscriptions
[04.09.2026 17:52:21.600] INFO  routing subscriptions cleaned up
[04.09.2026 17:52:21.600] INFO  cleaning up track FX subscriptions
[04.09.2026 17:52:21.600] INFO  track FX subscriptions cleaned up
[04.09.2026 17:52:21.600] INFO  cleaning up track FX param subscriptions
[04.09.2026 17:52:21.600] INFO  track FX param subscriptions cleaned up
[04.09.2026 17:52:21.600] INFO  cleaning up tuner subscriptions
[04.09.2026 17:52:21.600] INFO  tuner subscriptions cleaned up
[04.09.2026 17:52:21.600] INFO  cleaning up tile cache
[04.09.2026 17:52:21.600] INFO  tile cache cleaned up
[04.09.2026 17:52:21.600] INFO  cleaning up GUID cache
[04.09.2026 17:52:21.600] INFO  GUID cache cleaned up
[04.09.2026 17:52:21.600] INFO  cleaning up item GUID cache
[04.09.2026 17:52:21.600] INFO  item GUID cache cleaned up
[04.09.2026 17:52:21.600] INFO  cleaning up shared state
[04.09.2026 17:52:21.600] INFO  shared state cleaned up
[04.09.2026 17:52:21.600] INFO  cleaning up tiered arenas
[04.09.2026 17:52:21.602] INFO  tiered arenas cleaned up
[04.09.2026 17:52:21.603] INFO  shutdown() complete
=== Extension Unloaded ===

=== Reamo Extension Log ===
[04.09.2026 17:52:56.991] INFO  REAmo v0.7.3 starting
[04.09.2026 17:52:56.991] INFO  Project entities: tracks=1 items=0 markers=0 regions=0 fx=1 sends=0 tempo=0
[04.09.2026 17:52:56.991] INFO  Arena sizes: HIGH=1011KB MEDIUM=4045KB LOW=126KB SCRATCH=10113KB total=19MB
[04.09.2026 17:52:56.993] INFO  Tiered arenas initialized: 19MB total
[04.09.2026 17:52:56.993] INFO  Session token generated
[04.09.2026 17:52:56.993] INFO  CSurf registered for push-based callbacks
[04.09.2026 17:52:56.993] INFO  Auto-detected hostname: MacBookPro.ht.home
[04.09.2026 17:52:56.993] INFO  Loaded 0 playlists from project
[04.09.2026 17:52:56.993] INFO  Initialization complete, waiting for warmup
[04.09.2026 17:52:58.550] INFO  Initialization complete, starting processing timer
[04.09.2026 17:52:59.522] INFO  Starting HTTP+WS server (deferred)...
[04.09.2026 17:52:59.525] INFO  HTTP+WS server started on port 9224
[04.09.2026 17:52:59.525] INFO  FastTimer: started at 10ms interval (native)
[05.09.2026 13:35:23.015] INFO  shutdown() called
[05.09.2026 13:35:23.017] INFO  FastTimer: stopped
[05.09.2026 13:35:23.017] INFO  timers stopped
[05.09.2026 13:35:23.017] INFO  cleaning up CSurf
[05.09.2026 13:35:23.017] INFO  CSurf cleaned up
[05.09.2026 13:35:23.017] INFO  cleaning up audio stream
[05.09.2026 13:35:23.017] INFO  audio stream cleaned up
[05.09.2026 13:35:23.017] INFO  menu: unregistered
[05.09.2026 13:35:23.017] INFO  stopping server
[05.09.2026 13:35:23.019] INFO  server stopped
[05.09.2026 13:35:23.019] INFO  cleaning up gesture state
[05.09.2026 13:35:23.019] INFO  gesture state cleaned up
[05.09.2026 13:35:23.019] INFO  cleaning up toggle subscriptions
[05.09.2026 13:35:23.019] INFO  toggle subscriptions cleaned up
[05.09.2026 13:35:23.019] INFO  cleaning up notes subscriptions
[05.09.2026 13:35:23.019] INFO  notes subscriptions cleaned up
[05.09.2026 13:35:23.019] INFO  cleaning up track subscriptions
[05.09.2026 13:35:23.019] INFO  track subscriptions cleaned up
[05.09.2026 13:35:23.019] INFO  cleaning up peaks subscriptions
[05.09.2026 13:35:23.019] INFO  peaks subscriptions cleaned up
[05.09.2026 13:35:23.019] INFO  cleaning up routing subscriptions
[05.09.2026 13:35:23.019] INFO  routing subscriptions cleaned up
[05.09.2026 13:35:23.019] INFO  cleaning up track FX subscriptions
[05.09.2026 13:35:23.019] INFO  track FX subscriptions cleaned up
[05.09.2026 13:35:23.019] INFO  cleaning up track FX param subscriptions
[05.09.2026 13:35:23.019] INFO  track FX param subscriptions cleaned up
[05.09.2026 13:35:23.019] INFO  cleaning up tuner subscriptions
[05.09.2026 13:35:23.019] INFO  tuner subscriptions cleaned up
[05.09.2026 13:35:23.019] INFO  cleaning up tile cache
[05.09.2026 13:35:23.019] INFO  tile cache cleaned up
[05.09.2026 13:35:23.019] INFO  cleaning up GUID cache
[05.09.2026 13:35:23.020] INFO  GUID cache cleaned up
[05.09.2026 13:35:23.020] INFO  cleaning up item GUID cache
[05.09.2026 13:35:23.020] INFO  item GUID cache cleaned up
[05.09.2026 13:35:23.020] INFO  cleaning up shared state
[05.09.2026 13:35:23.020] INFO  shared state cleaned up
[05.09.2026 13:35:23.020] INFO  cleaning up tiered arenas
[05.09.2026 13:35:23.027] INFO  tiered arenas cleaned up
[05.09.2026 13:35:23.027] INFO  shutdown() complete
=== Extension Unloaded ===

=== Reamo Extension Log ===
[05.09.2026 16:07:09.597] INFO  REAmo v0.7.3 starting
[05.09.2026 16:07:09.597] INFO  Project entities: tracks=1 items=0 markers=0 regions=0 fx=1 sends=0 tempo=0
[05.09.2026 16:07:09.597] INFO  Arena sizes: HIGH=1011KB MEDIUM=4045KB LOW=126KB SCRATCH=10113KB total=19MB
[05.09.2026 16:07:09.599] INFO  Tiered arenas initialized: 19MB total
[05.09.2026 16:07:09.599] INFO  Session token generated
[05.09.2026 16:07:09.599] INFO  CSurf registered for push-based callbacks
[05.09.2026 16:07:09.599] INFO  Auto-detected hostname: MacBookPro.ht.home
[05.09.2026 16:07:09.599] INFO  Loaded 0 playlists from project
[05.09.2026 16:07:09.599] INFO  Initialization complete, waiting for warmup
[05.09.2026 16:07:11.303] INFO  Initialization complete, starting processing timer
[05.09.2026 16:07:12.376] INFO  Starting HTTP+WS server (deferred)...
[05.09.2026 16:07:12.380] INFO  HTTP+WS server started on port 9224
[05.09.2026 16:07:12.380] INFO  FastTimer: started at 10ms interval (native)
=== Reamo Extension Log ===
[06.09.2026 14:35:11.327] INFO  REAmo v0.7.3 starting
[06.09.2026 14:35:11.327] INFO  Project entities: tracks=1 items=0 markers=0 regions=0 fx=1 sends=0 tempo=0
[06.09.2026 14:35:11.327] INFO  Arena sizes: HIGH=1011KB MEDIUM=4045KB LOW=126KB SCRATCH=10113KB total=19MB
[06.09.2026 14:35:11.329] INFO  Tiered arenas initialized: 19MB total
[06.09.2026 14:35:11.329] INFO  Session token generated
[06.09.2026 14:35:11.329] INFO  CSurf registered for push-based callbacks
[06.09.2026 14:35:11.329] INFO  Auto-detected hostname: MacBookPro.ht.home
[06.09.2026 14:35:11.329] INFO  Loaded 0 playlists from project
[06.09.2026 14:35:11.329] INFO  Initialization complete, waiting for warmup
[06.09.2026 14:35:13.098] INFO  Initialization complete, starting processing timer
[06.09.2026 14:35:14.055] INFO  Starting HTTP+WS server (deferred)...
[06.09.2026 14:35:14.058] INFO  HTTP+WS server started on port 9224
[06.09.2026 14:35:14.058] INFO  FastTimer: started at 10ms interval (native)
=== Reamo Extension Log ===
[06.09.2026 15:03:37.027] INFO  REAmo v0.7.3 starting
[06.09.2026 15:03:37.028] INFO  Project entities: tracks=1 items=0 markers=0 regions=0 fx=1 sends=0 tempo=0
[06.09.2026 15:03:37.028] INFO  Arena sizes: HIGH=1011KB MEDIUM=4045KB LOW=126KB SCRATCH=10113KB total=19MB
[06.09.2026 15:03:37.029] INFO  Tiered arenas initialized: 19MB total
[06.09.2026 15:03:37.029] INFO  Session token generated
[06.09.2026 15:03:37.029] INFO  CSurf registered for push-based callbacks
[06.09.2026 15:03:37.029] INFO  Auto-detected hostname: MacBookPro.ht.home
[06.09.2026 15:03:37.029] INFO  Loaded 0 playlists from project
[06.09.2026 15:03:37.029] INFO  Initialization complete, waiting for warmup
[06.09.2026 15:03:38.699] INFO  Initialization complete, starting processing timer
[06.09.2026 15:03:39.777] INFO  Starting HTTP+WS server (deferred)...
[06.09.2026 15:03:39.779] INFO  HTTP+WS server started on port 9224
[06.09.2026 15:03:39.779] INFO  FastTimer: started at 10ms interval (native)
[06.09.2026 17:29:19.526] INFO  shutdown() called
[06.09.2026 17:29:19.528] INFO  FastTimer: stopped
[06.09.2026 17:29:19.528] INFO  timers stopped
[06.09.2026 17:29:19.528] INFO  cleaning up CSurf
[06.09.2026 17:29:19.528] INFO  CSurf cleaned up
[06.09.2026 17:29:19.528] INFO  cleaning up audio stream
[06.09.2026 17:29:19.528] INFO  audio stream cleaned up
[06.09.2026 17:29:19.528] INFO  menu: unregistered
[06.09.2026 17:29:19.528] INFO  stopping server
[06.09.2026 17:29:19.530] INFO  server stopped
[06.09.2026 17:29:19.530] INFO  cleaning up gesture state
[06.09.2026 17:29:19.530] INFO  gesture state cleaned up
[06.09.2026 17:29:19.530] INFO  cleaning up toggle subscriptions
[06.09.2026 17:29:19.530] INFO  toggle subscriptions cleaned up
[06.09.2026 17:29:19.530] INFO  cleaning up notes subscriptions
[06.09.2026 17:29:19.530] INFO  notes subscriptions cleaned up
[06.09.2026 17:29:19.530] INFO  cleaning up track subscriptions
[06.09.2026 17:29:19.530] INFO  track subscriptions cleaned up
[06.09.2026 17:29:19.530] INFO  cleaning up peaks subscriptions
[06.09.2026 17:29:19.530] INFO  peaks subscriptions cleaned up
[06.09.2026 17:29:19.530] INFO  cleaning up routing subscriptions
[06.09.2026 17:29:19.530] INFO  routing subscriptions cleaned up
[06.09.2026 17:29:19.530] INFO  cleaning up track FX subscriptions
[06.09.2026 17:29:19.530] INFO  track FX subscriptions cleaned up
[06.09.2026 17:29:19.530] INFO  cleaning up track FX param subscriptions
[06.09.2026 17:29:19.530] INFO  track FX param subscriptions cleaned up
[06.09.2026 17:29:19.530] INFO  cleaning up tuner subscriptions
[06.09.2026 17:29:19.530] INFO  tuner subscriptions cleaned up
[06.09.2026 17:29:19.530] INFO  cleaning up tile cache
[06.09.2026 17:29:19.530] INFO  tile cache cleaned up
[06.09.2026 17:29:19.530] INFO  cleaning up GUID cache
[06.09.2026 17:29:19.530] INFO  GUID cache cleaned up
[06.09.2026 17:29:19.530] INFO  cleaning up item GUID cache
[06.09.2026 17:29:19.530] INFO  item GUID cache cleaned up
[06.09.2026 17:29:19.530] INFO  cleaning up shared state
[06.09.2026 17:29:19.530] INFO  shared state cleaned up
[06.09.2026 17:29:19.530] INFO  cleaning up tiered arenas
[06.09.2026 17:29:19.534] INFO  tiered arenas cleaned up
[06.09.2026 17:29:19.534] INFO  shutdown() complete
=== Extension Unloaded ===

=== Reamo Extension Log ===
[06.09.2026 17:29:34.611] INFO  REAmo v0.7.3 starting
[06.09.2026 17:29:34.611] INFO  Project entities: tracks=1 items=0 markers=0 regions=0 fx=1 sends=0 tempo=0
[06.09.2026 17:29:34.611] INFO  Arena sizes: HIGH=1011KB MEDIUM=4045KB LOW=126KB SCRATCH=10113KB total=19MB
[06.09.2026 17:29:34.613] INFO  Tiered arenas initialized: 19MB total
[06.09.2026 17:29:34.613] INFO  Session token generated
[06.09.2026 17:29:34.613] INFO  CSurf registered for push-based callbacks
[06.09.2026 17:29:34.613] INFO  Auto-detected hostname: MacBookPro.ht.home
[06.09.2026 17:29:34.613] INFO  Loaded 0 playlists from project
[06.09.2026 17:29:34.613] INFO  Initialization complete, waiting for warmup
[06.09.2026 17:29:36.450] INFO  Initialization complete, starting processing timer
[06.09.2026 17:29:37.326] INFO  Starting HTTP+WS server (deferred)...
[06.09.2026 17:29:37.332] INFO  HTTP+WS server started on port 9224
[06.09.2026 17:29:37.332] INFO  FastTimer: started at 10ms interval (native)
=== Reamo Extension Log ===
[06.09.2026 17:47:50.616] INFO  REAmo v0.7.3 starting
[06.09.2026 17:47:50.617] INFO  Project entities: tracks=1 items=0 markers=0 regions=0 fx=1 sends=0 tempo=0
[06.09.2026 17:47:50.617] INFO  Arena sizes: HIGH=1011KB MEDIUM=4045KB LOW=126KB SCRATCH=10113KB total=19MB
[06.09.2026 17:47:50.619] INFO  Tiered arenas initialized: 19MB total
[06.09.2026 17:47:50.619] INFO  Session token generated
[06.09.2026 17:47:50.619] INFO  CSurf registered for push-based callbacks
[06.09.2026 17:47:50.619] INFO  Auto-detected hostname: MacBookPro.ht.home
[06.09.2026 17:47:50.619] INFO  Loaded 0 playlists from project
[06.09.2026 17:47:50.619] INFO  Initialization complete, waiting for warmup
[06.09.2026 17:47:52.847] INFO  Initialization complete, starting processing timer
[06.09.2026 17:47:53.995] INFO  Starting HTTP+WS server (deferred)...
[06.09.2026 17:47:53.997] INFO  HTTP+WS server started on port 9224
[06.09.2026 17:47:53.997] INFO  FastTimer: started at 10ms interval (native)
=== Reamo Extension Log ===
[06.09.2026 20:46:32.327] INFO  REAmo v0.7.3 starting
[06.09.2026 20:46:32.327] INFO  Project entities: tracks=1 items=0 markers=0 regions=0 fx=1 sends=0 tempo=0
[06.09.2026 20:46:32.327] INFO  Arena sizes: HIGH=1011KB MEDIUM=4045KB LOW=126KB SCRATCH=10113KB total=19MB
[06.09.2026 20:46:32.329] INFO  Tiered arenas initialized: 19MB total
[06.09.2026 20:46:32.329] INFO  Session token generated
[06.09.2026 20:46:32.329] INFO  CSurf registered for push-based callbacks
[06.09.2026 20:46:32.329] INFO  Auto-detected hostname: MacBookPro.ht.home
[06.09.2026 20:46:32.329] INFO  Loaded 0 playlists from project
[06.09.2026 20:46:32.329] INFO  Initialization complete, waiting for warmup
[06.09.2026 20:46:34.308] INFO  Initialization complete, starting processing timer
[06.09.2026 20:46:35.283] INFO  Starting HTTP+WS server (deferred)...
[06.09.2026 20:46:35.286] INFO  HTTP+WS server started on port 9224
[06.09.2026 20:46:35.286] INFO  FastTimer: started at 10ms interval (native)
=== Reamo Extension Log ===
[06.09.2026 21:00:40.595] INFO  REAmo v0.7.3 starting
[06.09.2026 21:00:40.595] INFO  Project entities: tracks=1 items=0 markers=0 regions=0 fx=1 sends=0 tempo=0
[06.09.2026 21:00:40.595] INFO  Arena sizes: HIGH=1011KB MEDIUM=4045KB LOW=126KB SCRATCH=10113KB total=19MB
[06.09.2026 21:00:40.597] INFO  Tiered arenas initialized: 19MB total
[06.09.2026 21:00:40.597] INFO  Session token generated
[06.09.2026 21:00:40.597] INFO  CSurf registered for push-based callbacks
[06.09.2026 21:00:40.597] INFO  Auto-detected hostname: MacBookPro.ht.home
[06.09.2026 21:00:40.597] INFO  Loaded 0 playlists from project
[06.09.2026 21:00:40.597] INFO  Initialization complete, waiting for warmup
[06.09.2026 21:00:42.184] INFO  Initialization complete, starting processing timer
[06.09.2026 21:00:43.190] INFO  Starting HTTP+WS server (deferred)...
[06.09.2026 21:00:43.192] INFO  HTTP+WS server started on port 9224
[06.09.2026 21:00:43.192] INFO  FastTimer: started at 10ms interval (native)
=== Reamo Extension Log ===
[06.09.2026 21:10:20.686] INFO  REAmo v0.7.3 starting
[06.09.2026 21:10:20.686] INFO  Project entities: tracks=1 items=0 markers=0 regions=0 fx=1 sends=0 tempo=0
[06.09.2026 21:10:20.686] INFO  Arena sizes: HIGH=1011KB MEDIUM=4045KB LOW=126KB SCRATCH=10113KB total=19MB
[06.09.2026 21:10:20.688] INFO  Tiered arenas initialized: 19MB total
[06.09.2026 21:10:20.688] INFO  Session token generated
[06.09.2026 21:10:20.688] INFO  CSurf registered for push-based callbacks
[06.09.2026 21:10:20.688] INFO  Auto-detected hostname: MacBookPro.ht.home
[06.09.2026 21:10:20.688] INFO  Loaded 0 playlists from project
[06.09.2026 21:10:20.688] INFO  Initialization complete, waiting for warmup
[06.09.2026 21:10:22.491] INFO  Initialization complete, starting processing timer
[06.09.2026 21:10:23.510] INFO  Starting HTTP+WS server (deferred)...
[06.09.2026 21:10:23.511] INFO  HTTP+WS server started on port 9224
[06.09.2026 21:10:23.511] INFO  FastTimer: started at 10ms interval (native)
=== Reamo Extension Log ===
[06.09.2026 21:13:14.499] INFO  REAmo v0.7.3 starting
[06.09.2026 21:13:14.500] INFO  Project entities: tracks=1 items=0 markers=0 regions=0 fx=1 sends=0 tempo=0
[06.09.2026 21:13:14.500] INFO  Arena sizes: HIGH=1011KB MEDIUM=4045KB LOW=126KB SCRATCH=10113KB total=19MB
[06.09.2026 21:13:14.502] INFO  Tiered arenas initialized: 19MB total
[06.09.2026 21:13:14.502] INFO  Session token generated
[06.09.2026 21:13:14.502] INFO  CSurf registered for push-based callbacks
[06.09.2026 21:13:14.502] INFO  Auto-detected hostname: MacBookPro.ht.home
[06.09.2026 21:13:14.502] INFO  Loaded 0 playlists from project
[06.09.2026 21:13:14.502] INFO  Initialization complete, waiting for warmup
[06.09.2026 21:13:16.131] INFO  Initialization complete, starting processing timer
[06.09.2026 21:13:17.167] INFO  Starting HTTP+WS server (deferred)...
[06.09.2026 21:13:17.168] INFO  HTTP+WS server started on port 9224
[06.09.2026 21:13:17.168] INFO  FastTimer: started at 10ms interval (native)
=== Reamo Extension Log ===
[06.09.2026 21:21:04.232] INFO  REAmo v0.7.3 starting
[06.09.2026 21:21:04.232] INFO  Project entities: tracks=1 items=0 markers=0 regions=0 fx=1 sends=0 tempo=0
[06.09.2026 21:21:04.232] INFO  Arena sizes: HIGH=1011KB MEDIUM=4045KB LOW=126KB SCRATCH=10113KB total=19MB
[06.09.2026 21:21:04.234] INFO  Tiered arenas initialized: 19MB total
[06.09.2026 21:21:04.234] INFO  Session token generated
[06.09.2026 21:21:04.234] INFO  CSurf registered for push-based callbacks
[06.09.2026 21:21:04.234] INFO  Auto-detected hostname: MacBookPro.ht.home
[06.09.2026 21:21:04.234] INFO  Loaded 0 playlists from project
[06.09.2026 21:21:04.234] INFO  Initialization complete, waiting for warmup
[06.09.2026 21:21:06.073] INFO  Initialization complete, starting processing timer
[06.09.2026 21:21:07.045] INFO  Starting HTTP+WS server (deferred)...
[06.09.2026 21:21:07.047] INFO  HTTP+WS server started on port 9224
[06.09.2026 21:21:07.047] INFO  FastTimer: started at 10ms interval (native)
=== Reamo Extension Log ===
[07.09.2026 11:41:56.239] INFO  REAmo v0.7.3 starting
[07.09.2026 11:41:56.240] INFO  Project entities: tracks=1 items=0 markers=0 regions=0 fx=1 sends=0 tempo=0
[07.09.2026 11:41:56.240] INFO  Arena sizes: HIGH=1011KB MEDIUM=4045KB LOW=126KB SCRATCH=10113KB total=19MB
[07.09.2026 11:41:56.242] INFO  Tiered arenas initialized: 19MB total
[07.09.2026 11:41:56.242] INFO  Session token generated
[07.09.2026 11:41:56.242] INFO  CSurf registered for push-based callbacks
[07.09.2026 11:41:56.242] INFO  Auto-detected hostname: Jonathans-M1-MacBook-Pro-3.local
[07.09.2026 11:41:56.242] INFO  Loaded 0 playlists from project
[07.09.2026 11:41:56.242] INFO  Initialization complete, waiting for warmup
[07.09.2026 11:42:01.955] INFO  Initialization complete, starting processing timer
[07.09.2026 11:42:02.945] INFO  Starting HTTP+WS server (deferred)...
[07.09.2026 11:42:03.027] INFO  HTTP+WS server started on port 9224
[07.09.2026 11:42:03.027] INFO  FastTimer: started at 10ms interval (native)
[07.09.2026 16:18:41.181] INFO  shutdown() called
[07.09.2026 16:18:41.183] INFO  FastTimer: stopped
[07.09.2026 16:18:41.183] INFO  timers stopped
[07.09.2026 16:18:41.183] INFO  cleaning up CSurf
[07.09.2026 16:18:41.183] INFO  CSurf cleaned up
[07.09.2026 16:18:41.183] INFO  cleaning up audio stream
[07.09.2026 16:18:41.183] INFO  audio stream cleaned up
[07.09.2026 16:18:41.183] INFO  menu: unregistered
[07.09.2026 16:18:41.183] INFO  stopping server
[07.09.2026 16:18:41.185] INFO  server stopped
[07.09.2026 16:18:41.185] INFO  cleaning up gesture state
[07.09.2026 16:18:41.185] INFO  gesture state cleaned up
[07.09.2026 16:18:41.185] INFO  cleaning up toggle subscriptions
[07.09.2026 16:18:41.185] INFO  toggle subscriptions cleaned up
[07.09.2026 16:18:41.185] INFO  cleaning up notes subscriptions
[07.09.2026 16:18:41.185] INFO  notes subscriptions cleaned up
[07.09.2026 16:18:41.185] INFO  cleaning up track subscriptions
[07.09.2026 16:18:41.185] INFO  track subscriptions cleaned up
[07.09.2026 16:18:41.185] INFO  cleaning up peaks subscriptions
[07.09.2026 16:18:41.185] INFO  peaks subscriptions cleaned up
[07.09.2026 16:18:41.185] INFO  cleaning up routing subscriptions
[07.09.2026 16:18:41.186] INFO  routing subscriptions cleaned up
[07.09.2026 16:18:41.186] INFO  cleaning up track FX subscriptions
[07.09.2026 16:18:41.186] INFO  track FX subscriptions cleaned up
[07.09.2026 16:18:41.186] INFO  cleaning up track FX param subscriptions
[07.09.2026 16:18:41.186] INFO  track FX param subscriptions cleaned up
[07.09.2026 16:18:41.186] INFO  cleaning up tuner subscriptions
[07.09.2026 16:18:41.186] INFO  tuner subscriptions cleaned up
[07.09.2026 16:18:41.186] INFO  cleaning up tile cache
[07.09.2026 16:18:41.186] INFO  tile cache cleaned up
[07.09.2026 16:18:41.186] INFO  cleaning up GUID cache
[07.09.2026 16:18:41.186] INFO  GUID cache cleaned up
[07.09.2026 16:18:41.186] INFO  cleaning up item GUID cache
[07.09.2026 16:18:41.186] INFO  item GUID cache cleaned up
[07.09.2026 16:18:41.186] INFO  cleaning up shared state
[07.09.2026 16:18:41.186] INFO  shared state cleaned up
[07.09.2026 16:18:41.186] INFO  cleaning up tiered arenas
[07.09.2026 16:18:41.189] INFO  tiered arenas cleaned up
[07.09.2026 16:18:41.189] INFO  shutdown() complete
=== Extension Unloaded ===

=== Reamo Extension Log ===
[07.09.2026 16:19:45.832] INFO  REAmo v0.7.3 starting
[07.09.2026 16:19:45.832] INFO  Project entities: tracks=1 items=0 markers=0 regions=0 fx=1 sends=0 tempo=0
[07.09.2026 16:19:45.832] INFO  Arena sizes: HIGH=1011KB MEDIUM=4045KB LOW=126KB SCRATCH=10113KB total=19MB
[07.09.2026 16:19:45.834] INFO  Tiered arenas initialized: 19MB total
[07.09.2026 16:19:45.834] INFO  Session token generated
[07.09.2026 16:19:45.834] INFO  CSurf registered for push-based callbacks
[07.09.2026 16:19:45.834] INFO  Auto-detected hostname: Jonathans-M1-MacBook-Pro-3.local
[07.09.2026 16:19:45.834] INFO  Loaded 0 playlists from project
[07.09.2026 16:19:45.834] INFO  Initialization complete, waiting for warmup
[07.09.2026 16:19:47.920] INFO  Initialization complete, starting processing timer
[07.09.2026 16:19:48.886] INFO  Starting HTTP+WS server (deferred)...
[07.09.2026 16:19:48.888] INFO  HTTP+WS server started on port 9224
[07.09.2026 16:19:48.888] INFO  FastTimer: started at 10ms interval (native)
[07.09.2026 16:42:18.297] INFO  shutdown() called
[07.09.2026 16:42:18.298] INFO  FastTimer: stopped
[07.09.2026 16:42:18.298] INFO  timers stopped
[07.09.2026 16:42:18.298] INFO  cleaning up CSurf
[07.09.2026 16:42:18.298] INFO  CSurf cleaned up
[07.09.2026 16:42:18.298] INFO  cleaning up audio stream
[07.09.2026 16:42:18.298] INFO  audio stream cleaned up
[07.09.2026 16:42:18.298] INFO  menu: unregistered
[07.09.2026 16:42:18.298] INFO  stopping server
[07.09.2026 16:42:18.299] INFO  server stopped
[07.09.2026 16:42:18.299] INFO  cleaning up gesture state
[07.09.2026 16:42:18.299] INFO  gesture state cleaned up
[07.09.2026 16:42:18.299] INFO  cleaning up toggle subscriptions
[07.09.2026 16:42:18.299] INFO  toggle subscriptions cleaned up
[07.09.2026 16:42:18.299] INFO  cleaning up notes subscriptions
[07.09.2026 16:42:18.299] INFO  notes subscriptions cleaned up
[07.09.2026 16:42:18.299] INFO  cleaning up track subscriptions
[07.09.2026 16:42:18.299] INFO  track subscriptions cleaned up
[07.09.2026 16:42:18.299] INFO  cleaning up peaks subscriptions
[07.09.2026 16:42:18.299] INFO  peaks subscriptions cleaned up
[07.09.2026 16:42:18.299] INFO  cleaning up routing subscriptions
[07.09.2026 16:42:18.299] INFO  routing subscriptions cleaned up
[07.09.2026 16:42:18.299] INFO  cleaning up track FX subscriptions
[07.09.2026 16:42:18.299] INFO  track FX subscriptions cleaned up
[07.09.2026 16:42:18.299] INFO  cleaning up track FX param subscriptions
[07.09.2026 16:42:18.299] INFO  track FX param subscriptions cleaned up
[07.09.2026 16:42:18.299] INFO  cleaning up tuner subscriptions
[07.09.2026 16:42:18.299] INFO  tuner subscriptions cleaned up
[07.09.2026 16:42:18.299] INFO  cleaning up tile cache
[07.09.2026 16:42:18.299] INFO  tile cache cleaned up
[07.09.2026 16:42:18.299] INFO  cleaning up GUID cache
[07.09.2026 16:42:18.300] INFO  GUID cache cleaned up
[07.09.2026 16:42:18.300] INFO  cleaning up item GUID cache
[07.09.2026 16:42:18.300] INFO  item GUID cache cleaned up
[07.09.2026 16:42:18.300] INFO  cleaning up shared state
[07.09.2026 16:42:18.300] INFO  shared state cleaned up
[07.09.2026 16:42:18.300] INFO  cleaning up tiered arenas
[07.09.2026 16:42:18.303] INFO  tiered arenas cleaned up
[07.09.2026 16:42:18.303] INFO  shutdown() complete
=== Extension Unloaded ===

=== Reamo Extension Log ===
[07.09.2026 16:47:03.772] INFO  REAmo v0.7.3 starting
[07.09.2026 16:47:03.773] INFO  Project entities: tracks=1 items=0 markers=0 regions=0 fx=1 sends=0 tempo=0
[07.09.2026 16:47:03.773] INFO  Arena sizes: HIGH=1011KB MEDIUM=4045KB LOW=126KB SCRATCH=10113KB total=19MB
[07.09.2026 16:47:03.776] INFO  Tiered arenas initialized: 19MB total
[07.09.2026 16:47:03.776] INFO  Session token generated
[07.09.2026 16:47:03.776] INFO  CSurf registered for push-based callbacks
[07.09.2026 16:47:03.776] INFO  Auto-detected hostname: Jonathans-M1-MacBook-Pro-3.local
[07.09.2026 16:47:03.776] INFO  Loaded 0 playlists from project
[07.09.2026 16:47:03.776] INFO  Initialization complete, waiting for warmup
[07.09.2026 16:47:05.629] INFO  Initialization complete, starting processing timer
[07.09.2026 16:47:06.566] INFO  Starting HTTP+WS server (deferred)...
[07.09.2026 16:47:06.569] INFO  HTTP+WS server started on port 9224
[07.09.2026 16:47:06.569] INFO  FastTimer: started at 10ms interval (native)
=== Reamo Extension Log ===
[08.09.2026 15:18:26.564] INFO  REAmo v0.7.3 starting
[08.09.2026 15:18:26.565] INFO  Project entities: tracks=1 items=0 markers=0 regions=0 fx=1 sends=0 tempo=0
[08.09.2026 15:18:26.565] INFO  Arena sizes: HIGH=1011KB MEDIUM=4045KB LOW=126KB SCRATCH=10113KB total=19MB
[08.09.2026 15:18:26.567] INFO  Tiered arenas initialized: 19MB total
[08.09.2026 15:18:26.567] INFO  Session token generated
[08.09.2026 15:18:26.567] INFO  CSurf registered for push-based callbacks
[08.09.2026 15:18:26.567] INFO  Auto-detected hostname: jonathans-m1-macbook-pro.tailaaa69.ts.net
[08.09.2026 15:18:26.567] INFO  Loaded 0 playlists from project
[08.09.2026 15:18:26.567] INFO  Initialization complete, waiting for warmup
[08.09.2026 15:18:29.344] INFO  Initialization complete, starting processing timer
[08.09.2026 15:18:30.279] INFO  Starting HTTP+WS server (deferred)...
[08.09.2026 15:18:30.281] INFO  HTTP+WS server started on port 9224
[08.09.2026 15:18:30.281] INFO  FastTimer: started at 10ms interval (native)
[08.09.2026 15:19:26.605] INFO  shutdown() called
[08.09.2026 15:19:26.605] INFO  FastTimer: stopped
[08.09.2026 15:19:26.605] INFO  timers stopped
[08.09.2026 15:19:26.605] INFO  cleaning up CSurf
[08.09.2026 15:19:26.605] INFO  CSurf cleaned up
[08.09.2026 15:19:26.605] INFO  cleaning up audio stream
[08.09.2026 15:19:26.605] INFO  audio stream cleaned up
[08.09.2026 15:19:26.605] INFO  menu: unregistered
[08.09.2026 15:19:26.605] INFO  stopping server
[08.09.2026 15:19:26.606] INFO  server stopped
[08.09.2026 15:19:26.606] INFO  cleaning up gesture state
[08.09.2026 15:19:26.606] INFO  gesture state cleaned up
[08.09.2026 15:19:26.606] INFO  cleaning up toggle subscriptions
[08.09.2026 15:19:26.606] INFO  toggle subscriptions cleaned up
[08.09.2026 15:19:26.606] INFO  cleaning up notes subscriptions
[08.09.2026 15:19:26.606] INFO  notes subscriptions cleaned up
[08.09.2026 15:19:26.606] INFO  cleaning up track subscriptions
[08.09.2026 15:19:26.606] INFO  track subscriptions cleaned up
[08.09.2026 15:19:26.606] INFO  cleaning up peaks subscriptions
[08.09.2026 15:19:26.606] INFO  peaks subscriptions cleaned up
[08.09.2026 15:19:26.606] INFO  cleaning up routing subscriptions
[08.09.2026 15:19:26.606] INFO  routing subscriptions cleaned up
[08.09.2026 15:19:26.606] INFO  cleaning up track FX subscriptions
[08.09.2026 15:19:26.606] INFO  track FX subscriptions cleaned up
[08.09.2026 15:19:26.606] INFO  cleaning up track FX param subscriptions
[08.09.2026 15:19:26.606] INFO  track FX param subscriptions cleaned up
[08.09.2026 15:19:26.606] INFO  cleaning up tuner subscriptions
[08.09.2026 15:19:26.606] INFO  tuner subscriptions cleaned up
[08.09.2026 15:19:26.606] INFO  cleaning up tile cache
[08.09.2026 15:19:26.606] INFO  tile cache cleaned up
[08.09.2026 15:19:26.606] INFO  cleaning up GUID cache
[08.09.2026 15:19:26.606] INFO  GUID cache cleaned up
[08.09.2026 15:19:26.606] INFO  cleaning up item GUID cache
[08.09.2026 15:19:26.606] INFO  item GUID cache cleaned up
[08.09.2026 15:19:26.606] INFO  cleaning up shared state
[08.09.2026 15:19:26.606] INFO  shared state cleaned up
[08.09.2026 15:19:26.606] INFO  cleaning up tiered arenas
[08.09.2026 15:19:26.609] INFO  tiered arenas cleaned up
[08.09.2026 15:19:26.609] INFO  shutdown() complete
=== Extension Unloaded ===

=== Reamo Extension Log ===
[08.09.2026 15:19:38.486] INFO  REAmo v0.7.3 starting
[08.09.2026 15:19:38.486] INFO  Project entities: tracks=1 items=0 markers=0 regions=0 fx=1 sends=0 tempo=0
[08.09.2026 15:19:38.486] INFO  Arena sizes: HIGH=1011KB MEDIUM=4045KB LOW=126KB SCRATCH=10113KB total=19MB
[08.09.2026 15:19:38.488] INFO  Tiered arenas initialized: 19MB total
[08.09.2026 15:19:38.488] INFO  Session token generated
[08.09.2026 15:19:38.488] INFO  CSurf registered for push-based callbacks
[08.09.2026 15:19:38.488] INFO  Auto-detected hostname: jonathans-m1-macbook-pro.tailaaa69.ts.net
[08.09.2026 15:19:38.488] INFO  Loaded 0 playlists from project
[08.09.2026 15:19:38.488] INFO  Initialization complete, waiting for warmup
[08.09.2026 15:19:41.095] INFO  Initialization complete, starting processing timer
[08.09.2026 15:19:42.236] INFO  Starting HTTP+WS server (deferred)...
[08.09.2026 15:19:42.241] INFO  HTTP+WS server started on port 9224
[08.09.2026 15:19:42.241] INFO  FastTimer: started at 10ms interval (native)
[08.09.2026 15:22:39.699] INFO  shutdown() called
[08.09.2026 15:22:39.701] INFO  FastTimer: stopped
[08.09.2026 15:22:39.701] INFO  timers stopped
[08.09.2026 15:22:39.701] INFO  cleaning up CSurf
[08.09.2026 15:22:39.701] INFO  CSurf cleaned up
[08.09.2026 15:22:39.701] INFO  cleaning up audio stream
[08.09.2026 15:22:39.701] INFO  audio stream cleaned up
[08.09.2026 15:22:39.701] INFO  menu: unregistered
[08.09.2026 15:22:39.701] INFO  stopping server
[08.09.2026 15:22:39.702] INFO  server stopped
[08.09.2026 15:22:39.702] INFO  cleaning up gesture state
[08.09.2026 15:22:39.702] INFO  gesture state cleaned up
[08.09.2026 15:22:39.702] INFO  cleaning up toggle subscriptions
[08.09.2026 15:22:39.702] INFO  toggle subscriptions cleaned up
[08.09.2026 15:22:39.702] INFO  cleaning up notes subscriptions
[08.09.2026 15:22:39.702] INFO  notes subscriptions cleaned up
[08.09.2026 15:22:39.702] INFO  cleaning up track subscriptions
[08.09.2026 15:22:39.702] INFO  track subscriptions cleaned up
[08.09.2026 15:22:39.702] INFO  cleaning up peaks subscriptions
[08.09.2026 15:22:39.702] INFO  peaks subscriptions cleaned up
[08.09.2026 15:22:39.702] INFO  cleaning up routing subscriptions
[08.09.2026 15:22:39.702] INFO  routing subscriptions cleaned up
[08.09.2026 15:22:39.702] INFO  cleaning up track FX subscriptions
[08.09.2026 15:22:39.702] INFO  track FX subscriptions cleaned up
[08.09.2026 15:22:39.702] INFO  cleaning up track FX param subscriptions
[08.09.2026 15:22:39.702] INFO  track FX param subscriptions cleaned up
[08.09.2026 15:22:39.702] INFO  cleaning up tuner subscriptions
[08.09.2026 15:22:39.702] INFO  tuner subscriptions cleaned up
[08.09.2026 15:22:39.702] INFO  cleaning up tile cache
[08.09.2026 15:22:39.702] INFO  tile cache cleaned up
[08.09.2026 15:22:39.702] INFO  cleaning up GUID cache
[08.09.2026 15:22:39.702] INFO  GUID cache cleaned up
[08.09.2026 15:22:39.702] INFO  cleaning up item GUID cache
[08.09.2026 15:22:39.702] INFO  item GUID cache cleaned up
[08.09.2026 15:22:39.702] INFO  cleaning up shared state
[08.09.2026 15:22:39.702] INFO  shared state cleaned up
[08.09.2026 15:22:39.702] INFO  cleaning up tiered arenas
[08.09.2026 15:22:39.705] INFO  tiered arenas cleaned up
[08.09.2026 15:22:39.705] INFO  shutdown() complete
=== Extension Unloaded ===

=== Reamo Extension Log ===
[08.09.2026 15:24:44.964] INFO  REAmo v0.7.3 starting
[08.09.2026 15:24:44.964] INFO  Project entities: tracks=1 items=0 markers=0 regions=0 fx=1 sends=0 tempo=0
[08.09.2026 15:24:44.964] INFO  Arena sizes: HIGH=1011KB MEDIUM=4045KB LOW=126KB SCRATCH=10113KB total=19MB
[08.09.2026 15:24:44.966] INFO  Tiered arenas initialized: 19MB total
[08.09.2026 15:24:44.966] INFO  Session token generated
[08.09.2026 15:24:44.966] INFO  CSurf registered for push-based callbacks
[08.09.2026 15:24:44.966] INFO  Auto-detected hostname: Jonathans-M1-MacBook-Pro-3.local
[08.09.2026 15:24:44.966] INFO  Loaded 0 playlists from project
[08.09.2026 15:24:44.966] INFO  Initialization complete, waiting for warmup
[08.09.2026 15:24:47.455] INFO  Initialization complete, starting processing timer
[08.09.2026 15:24:48.558] INFO  Starting HTTP+WS server (deferred)...
[08.09.2026 15:24:48.560] INFO  HTTP+WS server started on port 9224
[08.09.2026 15:24:48.560] INFO  FastTimer: started at 10ms interval (native)
[08.09.2026 16:45:18.509] INFO  shutdown() called
[08.09.2026 16:45:18.511] INFO  FastTimer: stopped
[08.09.2026 16:45:18.511] INFO  timers stopped
[08.09.2026 16:45:18.511] INFO  cleaning up CSurf
[08.09.2026 16:45:18.511] INFO  CSurf cleaned up
[08.09.2026 16:45:18.511] INFO  cleaning up audio stream
[08.09.2026 16:45:18.511] INFO  audio stream cleaned up
[08.09.2026 16:45:18.511] INFO  menu: unregistered
[08.09.2026 16:45:18.511] INFO  stopping server
[08.09.2026 16:45:18.513] INFO  server stopped
[08.09.2026 16:45:18.513] INFO  cleaning up gesture state
[08.09.2026 16:45:18.513] INFO  gesture state cleaned up
[08.09.2026 16:45:18.513] INFO  cleaning up toggle subscriptions
[08.09.2026 16:45:18.513] INFO  toggle subscriptions cleaned up
[08.09.2026 16:45:18.513] INFO  cleaning up notes subscriptions
[08.09.2026 16:45:18.513] INFO  notes subscriptions cleaned up
[08.09.2026 16:45:18.513] INFO  cleaning up track subscriptions
[08.09.2026 16:45:18.513] INFO  track subscriptions cleaned up
[08.09.2026 16:45:18.513] INFO  cleaning up peaks subscriptions
[08.09.2026 16:45:18.513] INFO  peaks subscriptions cleaned up
[08.09.2026 16:45:18.513] INFO  cleaning up routing subscriptions
[08.09.2026 16:45:18.513] INFO  routing subscriptions cleaned up
[08.09.2026 16:45:18.513] INFO  cleaning up track FX subscriptions
[08.09.2026 16:45:18.513] INFO  track FX subscriptions cleaned up
[08.09.2026 16:45:18.513] INFO  cleaning up track FX param subscriptions
[08.09.2026 16:45:18.513] INFO  track FX param subscriptions cleaned up
[08.09.2026 16:45:18.513] INFO  cleaning up tuner subscriptions
[08.09.2026 16:45:18.513] INFO  tuner subscriptions cleaned up
[08.09.2026 16:45:18.513] INFO  cleaning up tile cache
[08.09.2026 16:45:18.513] INFO  tile cache cleaned up
[08.09.2026 16:45:18.513] INFO  cleaning up GUID cache
[08.09.2026 16:45:18.514] INFO  GUID cache cleaned up
[08.09.2026 16:45:18.514] INFO  cleaning up item GUID cache
[08.09.2026 16:45:18.514] INFO  item GUID cache cleaned up
[08.09.2026 16:45:18.514] INFO  cleaning up shared state
[08.09.2026 16:45:18.514] INFO  shared state cleaned up
[08.09.2026 16:45:18.514] INFO  cleaning up tiered arenas
[08.09.2026 16:45:18.517] INFO  tiered arenas cleaned up
[08.09.2026 16:45:18.517] INFO  shutdown() complete
=== Extension Unloaded ===

=== Reamo Extension Log ===
[08.09.2026 16:45:34.607] INFO  REAmo v0.7.3 starting
[08.09.2026 16:45:34.608] INFO  Project entities: tracks=1 items=0 markers=0 regions=0 fx=1 sends=0 tempo=0
[08.09.2026 16:45:34.608] INFO  Arena sizes: HIGH=1011KB MEDIUM=4045KB LOW=126KB SCRATCH=10113KB total=19MB
[08.09.2026 16:45:34.610] INFO  Tiered arenas initialized: 19MB total
[08.09.2026 16:45:34.610] INFO  Session token generated
[08.09.2026 16:45:34.610] INFO  CSurf registered for push-based callbacks
[08.09.2026 16:45:34.610] INFO  Auto-detected hostname: jonathans-m1-macbook-pro.tailaaa69.ts.net
[08.09.2026 16:45:34.610] INFO  Loaded 0 playlists from project
[08.09.2026 16:45:34.610] INFO  Initialization complete, waiting for warmup
[08.09.2026 16:45:36.727] INFO  Initialization complete, starting processing timer
[08.09.2026 16:45:37.828] INFO  Starting HTTP+WS server (deferred)...
[08.09.2026 16:45:37.829] INFO  HTTP+WS server started on port 9224
[08.09.2026 16:45:37.829] INFO  FastTimer: started at 10ms interval (native)
=== Reamo Extension Log ===
[09.09.2026 17:11:51.744] INFO  REAmo v0.7.3 starting
[09.09.2026 17:11:51.745] INFO  Project entities: tracks=1 items=0 markers=0 regions=0 fx=1 sends=0 tempo=0
[09.09.2026 17:11:51.745] INFO  Arena sizes: HIGH=1011KB MEDIUM=4045KB LOW=126KB SCRATCH=10113KB total=19MB
[09.09.2026 17:11:51.748] INFO  Tiered arenas initialized: 19MB total
[09.09.2026 17:11:51.748] INFO  Session token generated
[09.09.2026 17:11:51.748] INFO  CSurf registered for push-based callbacks
[09.09.2026 17:11:51.748] INFO  Auto-detected hostname: Jonathans-M1-MacBook-Pro-3.local
[09.09.2026 17:11:51.748] INFO  Loaded 0 playlists from project
[09.09.2026 17:11:51.748] INFO  Initialization complete, waiting for warmup
[09.09.2026 17:11:59.542] INFO  Initialization complete, starting processing timer
[09.09.2026 17:12:31.455] INFO  Starting HTTP+WS server (deferred)...
[09.09.2026 17:12:31.460] INFO  HTTP+WS server started on port 9224
[09.09.2026 17:12:31.460] INFO  FastTimer: started at 10ms interval (native)
=== Reamo Extension Log ===
[09.09.2026 22:47:46.656] INFO  REAmo v0.7.3 starting
[09.09.2026 22:47:46.656] INFO  Project entities: tracks=1 items=0 markers=0 regions=0 fx=1 sends=0 tempo=0
[09.09.2026 22:47:46.656] INFO  Arena sizes: HIGH=1011KB MEDIUM=4045KB LOW=126KB SCRATCH=10113KB total=19MB
[09.09.2026 22:47:46.658] INFO  Tiered arenas initialized: 19MB total
[09.09.2026 22:47:46.658] INFO  Session token generated
[09.09.2026 22:47:46.659] INFO  CSurf registered for push-based callbacks
[09.09.2026 22:47:46.659] INFO  Auto-detected hostname: jonathans-m1-macbook-pro.tailaaa69.ts.net
[09.09.2026 22:47:46.659] INFO  Loaded 0 playlists from project
[09.09.2026 22:47:46.659] INFO  Initialization complete, waiting for warmup
[09.09.2026 22:47:48.685] INFO  Initialization complete, starting processing timer
[09.09.2026 22:47:49.702] INFO  Starting HTTP+WS server (deferred)...
[09.09.2026 22:47:49.704] INFO  HTTP+WS server started on port 9224
[09.09.2026 22:47:49.704] INFO  FastTimer: started at 10ms interval (native)
[10.09.2026 00:38:17.575] INFO  shutdown() called
[10.09.2026 00:38:17.577] INFO  FastTimer: stopped
[10.09.2026 00:38:17.577] INFO  timers stopped
[10.09.2026 00:38:17.577] INFO  cleaning up CSurf
[10.09.2026 00:38:17.577] INFO  CSurf cleaned up
[10.09.2026 00:38:17.577] INFO  cleaning up audio stream
[10.09.2026 00:38:17.577] INFO  audio stream cleaned up
[10.09.2026 00:38:17.577] INFO  menu: unregistered
[10.09.2026 00:38:17.577] INFO  stopping server
[10.09.2026 00:38:17.579] INFO  server stopped
[10.09.2026 00:38:17.579] INFO  cleaning up gesture state
[10.09.2026 00:38:17.579] INFO  gesture state cleaned up
[10.09.2026 00:38:17.579] INFO  cleaning up toggle subscriptions
[10.09.2026 00:38:17.579] INFO  toggle subscriptions cleaned up
[10.09.2026 00:38:17.579] INFO  cleaning up notes subscriptions
[10.09.2026 00:38:17.579] INFO  notes subscriptions cleaned up
[10.09.2026 00:38:17.579] INFO  cleaning up track subscriptions
[10.09.2026 00:38:17.579] INFO  track subscriptions cleaned up
[10.09.2026 00:38:17.579] INFO  cleaning up peaks subscriptions
[10.09.2026 00:38:17.579] INFO  peaks subscriptions cleaned up
[10.09.2026 00:38:17.579] INFO  cleaning up routing subscriptions
[10.09.2026 00:38:17.579] INFO  routing subscriptions cleaned up
[10.09.2026 00:38:17.579] INFO  cleaning up track FX subscriptions
[10.09.2026 00:38:17.579] INFO  track FX subscriptions cleaned up
[10.09.2026 00:38:17.579] INFO  cleaning up track FX param subscriptions
[10.09.2026 00:38:17.579] INFO  track FX param subscriptions cleaned up
[10.09.2026 00:38:17.579] INFO  cleaning up tuner subscriptions
[10.09.2026 00:38:17.579] INFO  tuner subscriptions cleaned up
[10.09.2026 00:38:17.579] INFO  cleaning up tile cache
[10.09.2026 00:38:17.579] INFO  tile cache cleaned up
[10.09.2026 00:38:17.579] INFO  cleaning up GUID cache
[10.09.2026 00:38:17.579] INFO  GUID cache cleaned up
[10.09.2026 00:38:17.579] INFO  cleaning up item GUID cache
[10.09.2026 00:38:17.579] INFO  item GUID cache cleaned up
[10.09.2026 00:38:17.579] INFO  cleaning up shared state
[10.09.2026 00:38:17.579] INFO  shared state cleaned up
[10.09.2026 00:38:17.579] INFO  cleaning up tiered arenas
[10.09.2026 00:38:17.582] INFO  tiered arenas cleaned up
[10.09.2026 00:38:17.582] INFO  shutdown() complete
=== Extension Unloaded ===

=== Reamo Extension Log ===
[10.09.2026 13:07:37.425] INFO  REAmo v0.7.3 starting
[10.09.2026 13:07:37.425] INFO  Project entities: tracks=1 items=0 markers=0 regions=0 fx=1 sends=0 tempo=0
[10.09.2026 13:07:37.425] INFO  Arena sizes: HIGH=1011KB MEDIUM=4045KB LOW=126KB SCRATCH=10113KB total=19MB
[10.09.2026 13:07:37.427] INFO  Tiered arenas initialized: 19MB total
[10.09.2026 13:07:37.427] INFO  Session token generated
[10.09.2026 13:07:37.427] INFO  CSurf registered for push-based callbacks
[10.09.2026 13:07:37.428] INFO  Auto-detected hostname: jonathans-m1-macbook-pro.tailaaa69.ts.net
[10.09.2026 13:07:37.428] INFO  Loaded 0 playlists from project
[10.09.2026 13:07:37.428] INFO  Initialization complete, waiting for warmup
[10.09.2026 13:07:39.933] INFO  Initialization complete, starting processing timer
[10.09.2026 13:07:40.851] INFO  Starting HTTP+WS server (deferred)...
[10.09.2026 13:07:40.852] INFO  HTTP+WS server started on port 9224
[10.09.2026 13:07:40.853] INFO  FastTimer: started at 10ms interval (native)
=== Reamo Extension Log ===
[10.09.2026 13:57:05.977] INFO  REAmo v0.7.3 starting
[10.09.2026 13:57:05.977] INFO  Project entities: tracks=1 items=0 markers=0 regions=0 fx=1 sends=0 tempo=0
[10.09.2026 13:57:05.977] INFO  Arena sizes: HIGH=1011KB MEDIUM=4045KB LOW=126KB SCRATCH=10113KB total=19MB
[10.09.2026 13:57:05.980] INFO  Tiered arenas initialized: 19MB total
[10.09.2026 13:57:05.980] INFO  Session token generated
[10.09.2026 13:57:05.980] INFO  CSurf registered for push-based callbacks
[10.09.2026 13:57:05.980] INFO  Auto-detected hostname: jonathans-m1-macbook-pro.tailaaa69.ts.net
[10.09.2026 13:57:05.980] INFO  Loaded 0 playlists from project
[10.09.2026 13:57:05.980] INFO  Initialization complete, waiting for warmup
[10.09.2026 13:57:07.939] INFO  Initialization complete, starting processing timer
[10.09.2026 13:57:08.937] INFO  Starting HTTP+WS server (deferred)...
[10.09.2026 13:57:08.940] INFO  HTTP+WS server started on port 9224
[10.09.2026 13:57:08.940] INFO  FastTimer: started at 10ms interval (native)
=== Reamo Extension Log ===
[10.09.2026 13:57:44.395] INFO  REAmo v0.7.3 starting
[10.09.2026 13:57:44.395] INFO  Project entities: tracks=1 items=0 markers=0 regions=0 fx=1 sends=0 tempo=0
[10.09.2026 13:57:44.395] INFO  Arena sizes: HIGH=1011KB MEDIUM=4045KB LOW=126KB SCRATCH=10113KB total=19MB
[10.09.2026 13:57:44.397] INFO  Tiered arenas initialized: 19MB total
[10.09.2026 13:57:44.397] INFO  Session token generated
[10.09.2026 13:57:44.397] INFO  CSurf registered for push-based callbacks
[10.09.2026 13:57:44.397] INFO  Auto-detected hostname: jonathans-m1-macbook-pro.tailaaa69.ts.net
[10.09.2026 13:57:44.397] INFO  Loaded 0 playlists from project
[10.09.2026 13:57:44.397] INFO  Initialization complete, waiting for warmup
[10.09.2026 13:57:46.452] INFO  Initialization complete, starting processing timer
[10.09.2026 13:57:47.454] INFO  Starting HTTP+WS server (deferred)...
[10.09.2026 13:57:47.456] INFO  HTTP+WS server started on port 9224
[10.09.2026 13:57:47.456] INFO  FastTimer: started at 10ms interval (native)
=== Reamo Extension Log ===
[10.09.2026 13:59:55.099] INFO  REAmo v0.7.3 starting
[10.09.2026 13:59:55.099] INFO  Project entities: tracks=1 items=0 markers=0 regions=0 fx=1 sends=0 tempo=0
[10.09.2026 13:59:55.099] INFO  Arena sizes: HIGH=1011KB MEDIUM=4045KB LOW=126KB SCRATCH=10113KB total=19MB
[10.09.2026 13:59:55.101] INFO  Tiered arenas initialized: 19MB total
[10.09.2026 13:59:55.101] INFO  Session token generated
[10.09.2026 13:59:55.101] INFO  CSurf registered for push-based callbacks
[10.09.2026 13:59:55.101] INFO  Auto-detected hostname: jonathans-m1-macbook-pro.tailaaa69.ts.net
[10.09.2026 13:59:55.101] INFO  Loaded 0 playlists from project
[10.09.2026 13:59:55.101] INFO  Initialization complete, waiting for warmup
[10.09.2026 13:59:57.430] INFO  Initialization complete, starting processing timer
[10.09.2026 13:59:58.513] INFO  Starting HTTP+WS server (deferred)...
[10.09.2026 13:59:58.515] INFO  HTTP+WS server started on port 9224
[10.09.2026 13:59:58.515] INFO  FastTimer: started at 10ms interval (native)
=== Reamo Extension Log ===
[10.09.2026 14:04:46.436] INFO  REAmo v0.7.3 starting
[10.09.2026 14:04:46.436] INFO  Project entities: tracks=1 items=0 markers=0 regions=0 fx=1 sends=0 tempo=0
[10.09.2026 14:04:46.436] INFO  Arena sizes: HIGH=1011KB MEDIUM=4045KB LOW=126KB SCRATCH=10113KB total=19MB
[10.09.2026 14:04:46.438] INFO  Tiered arenas initialized: 19MB total
[10.09.2026 14:04:46.438] INFO  Session token generated
[10.09.2026 14:04:46.438] INFO  CSurf registered for push-based callbacks
[10.09.2026 14:04:46.438] INFO  Auto-detected hostname: jonathans-m1-macbook-pro.tailaaa69.ts.net
[10.09.2026 14:04:46.438] INFO  Loaded 0 playlists from project
[10.09.2026 14:04:46.438] INFO  Initialization complete, waiting for warmup
[10.09.2026 14:04:48.308] INFO  Initialization complete, starting processing timer
[10.09.2026 14:04:49.486] INFO  Starting HTTP+WS server (deferred)...
[10.09.2026 14:04:49.488] INFO  HTTP+WS server started on port 9224
[10.09.2026 14:04:49.488] INFO  FastTimer: started at 10ms interval (native)
=== Reamo Extension Log ===
[10.09.2026 14:43:03.891] INFO  REAmo v0.7.3 starting
[10.09.2026 14:43:03.892] INFO  Project entities: tracks=1 items=0 markers=0 regions=0 fx=1 sends=0 tempo=0
[10.09.2026 14:43:03.892] INFO  Arena sizes: HIGH=1011KB MEDIUM=4045KB LOW=126KB SCRATCH=10113KB total=19MB
[10.09.2026 14:43:03.894] INFO  Tiered arenas initialized: 19MB total
[10.09.2026 14:43:03.894] INFO  Session token generated
[10.09.2026 14:43:03.894] INFO  CSurf registered for push-based callbacks
[10.09.2026 14:43:03.894] INFO  Auto-detected hostname: jonathans-m1-macbook-pro.tailaaa69.ts.net
[10.09.2026 14:43:03.894] INFO  Loaded 0 playlists from project
[10.09.2026 14:43:03.894] INFO  Initialization complete, waiting for warmup
[10.09.2026 14:43:05.632] INFO  Initialization complete, starting processing timer
[10.09.2026 14:43:06.967] INFO  shutdown() called
[10.09.2026 14:43:06.967] INFO  timers stopped
[10.09.2026 14:43:06.967] INFO  cleaning up CSurf
[10.09.2026 14:43:06.967] INFO  CSurf cleaned up
[10.09.2026 14:43:06.967] INFO  cleaning up audio stream
[10.09.2026 14:43:06.967] INFO  audio stream cleaned up
[10.09.2026 14:43:06.967] INFO  menu: unregistered
[10.09.2026 14:43:06.967] INFO  server stopped
[10.09.2026 14:43:06.967] INFO  cleaning up gesture state
[10.09.2026 14:43:06.967] INFO  gesture state cleaned up
[10.09.2026 14:43:06.967] INFO  cleaning up toggle subscriptions
[10.09.2026 14:43:06.967] INFO  toggle subscriptions cleaned up
[10.09.2026 14:43:06.967] INFO  cleaning up notes subscriptions
[10.09.2026 14:43:06.967] INFO  notes subscriptions cleaned up
[10.09.2026 14:43:06.967] INFO  cleaning up track subscriptions
[10.09.2026 14:43:06.967] INFO  track subscriptions cleaned up
[10.09.2026 14:43:06.967] INFO  cleaning up peaks subscriptions
[10.09.2026 14:43:06.967] INFO  peaks subscriptions cleaned up
[10.09.2026 14:43:06.967] INFO  cleaning up routing subscriptions
[10.09.2026 14:43:06.967] INFO  routing subscriptions cleaned up
[10.09.2026 14:43:06.967] INFO  cleaning up track FX subscriptions
[10.09.2026 14:43:06.967] INFO  track FX subscriptions cleaned up
[10.09.2026 14:43:06.967] INFO  cleaning up track FX param subscriptions
[10.09.2026 14:43:06.967] INFO  track FX param subscriptions cleaned up
[10.09.2026 14:43:06.967] INFO  cleaning up tuner subscriptions
[10.09.2026 14:43:06.967] INFO  tuner subscriptions cleaned up
[10.09.2026 14:43:06.967] INFO  cleaning up tile cache
[10.09.2026 14:43:06.967] INFO  tile cache cleaned up
[10.09.2026 14:43:06.967] INFO  cleaning up GUID cache
[10.09.2026 14:43:06.967] INFO  GUID cache cleaned up
[10.09.2026 14:43:06.967] INFO  cleaning up item GUID cache
[10.09.2026 14:43:06.967] INFO  item GUID cache cleaned up
[10.09.2026 14:43:06.967] INFO  cleaning up shared state
[10.09.2026 14:43:06.967] INFO  shared state cleaned up
[10.09.2026 14:43:06.967] INFO  cleaning up tiered arenas
[10.09.2026 14:43:06.969] INFO  tiered arenas cleaned up
[10.09.2026 14:43:06.969] INFO  shutdown() complete
=== Extension Unloaded ===

=== Reamo Extension Log ===
[10.09.2026 14:43:27.709] INFO  REAmo v0.7.3 starting
[10.09.2026 14:43:27.709] INFO  Project entities: tracks=1 items=0 markers=0 regions=0 fx=1 sends=0 tempo=0
[10.09.2026 14:43:27.709] INFO  Arena sizes: HIGH=1011KB MEDIUM=4045KB LOW=126KB SCRATCH=10113KB total=19MB
[10.09.2026 14:43:27.711] INFO  Tiered arenas initialized: 19MB total
[10.09.2026 14:43:27.711] INFO  Session token generated
[10.09.2026 14:43:27.711] INFO  CSurf registered for push-based callbacks
[10.09.2026 14:43:27.711] INFO  Auto-detected hostname: jonathans-m1-macbook-pro.tailaaa69.ts.net
[10.09.2026 14:43:27.711] INFO  Loaded 0 playlists from project
[10.09.2026 14:43:27.711] INFO  Initialization complete, waiting for warmup
[10.09.2026 14:43:28.723] INFO  Initialization complete, starting processing timer
[10.09.2026 14:43:29.736] INFO  Starting HTTP+WS server (deferred)...
[10.09.2026 14:43:29.737] INFO  HTTP+WS server started on port 9224
[10.09.2026 14:43:29.737] INFO  FastTimer: started at 10ms interval (native)
=== Reamo Extension Log ===
[10.09.2026 23:22:33.315] INFO  REAmo v0.7.3 starting
[10.09.2026 23:22:33.316] INFO  Project entities: tracks=1 items=0 markers=0 regions=0 fx=1 sends=0 tempo=0
[10.09.2026 23:22:33.316] INFO  Arena sizes: HIGH=1011KB MEDIUM=4045KB LOW=126KB SCRATCH=10113KB total=19MB
[10.09.2026 23:22:33.318] INFO  Tiered arenas initialized: 19MB total
[10.09.2026 23:22:33.318] INFO  Session token generated
[10.09.2026 23:22:33.318] INFO  CSurf registered for push-based callbacks
[10.09.2026 23:22:33.318] INFO  Auto-detected hostname: jonathans-m1-macbook-pro.tailaaa69.ts.net
[10.09.2026 23:22:33.318] INFO  Loaded 0 playlists from project
[10.09.2026 23:22:33.318] INFO  Initialization complete, waiting for warmup
[10.09.2026 23:22:35.429] INFO  Initialization complete, starting processing timer
[10.09.2026 23:22:36.343] INFO  Starting HTTP+WS server (deferred)...
[10.09.2026 23:22:36.345] INFO  HTTP+WS server started on port 9224
[10.09.2026 23:22:36.345] INFO  FastTimer: started at 10ms interval (native)
[11.09.2026 02:39:26.652] INFO  shutdown() called
[11.09.2026 02:39:26.655] INFO  FastTimer: stopped
[11.09.2026 02:39:26.655] INFO  timers stopped
[11.09.2026 02:39:26.655] INFO  cleaning up CSurf
[11.09.2026 02:39:26.655] INFO  CSurf cleaned up
[11.09.2026 02:39:26.655] INFO  cleaning up audio stream
[11.09.2026 02:39:26.655] INFO  audio stream cleaned up
[11.09.2026 02:39:26.655] INFO  menu: unregistered
[11.09.2026 02:39:26.655] INFO  stopping server
[11.09.2026 02:39:26.657] INFO  server stopped
[11.09.2026 02:39:26.657] INFO  cleaning up gesture state
[11.09.2026 02:39:26.657] INFO  gesture state cleaned up
[11.09.2026 02:39:26.657] INFO  cleaning up toggle subscriptions
[11.09.2026 02:39:26.657] INFO  toggle subscriptions cleaned up
[11.09.2026 02:39:26.657] INFO  cleaning up notes subscriptions
[11.09.2026 02:39:26.657] INFO  notes subscriptions cleaned up
[11.09.2026 02:39:26.657] INFO  cleaning up track subscriptions
[11.09.2026 02:39:26.657] INFO  track subscriptions cleaned up
[11.09.2026 02:39:26.657] INFO  cleaning up peaks subscriptions
[11.09.2026 02:39:26.657] INFO  peaks subscriptions cleaned up
[11.09.2026 02:39:26.657] INFO  cleaning up routing subscriptions
[11.09.2026 02:39:26.657] INFO  routing subscriptions cleaned up
[11.09.2026 02:39:26.657] INFO  cleaning up track FX subscriptions
[11.09.2026 02:39:26.657] INFO  track FX subscriptions cleaned up
[11.09.2026 02:39:26.657] INFO  cleaning up track FX param subscriptions
[11.09.2026 02:39:26.657] INFO  track FX param subscriptions cleaned up
[11.09.2026 02:39:26.657] INFO  cleaning up tuner subscriptions
[11.09.2026 02:39:26.657] INFO  tuner subscriptions cleaned up
[11.09.2026 02:39:26.657] INFO  cleaning up tile cache
[11.09.2026 02:39:26.657] INFO  tile cache cleaned up
[11.09.2026 02:39:26.657] INFO  cleaning up GUID cache
[11.09.2026 02:39:26.657] INFO  GUID cache cleaned up
[11.09.2026 02:39:26.657] INFO  cleaning up item GUID cache
[11.09.2026 02:39:26.657] INFO  item GUID cache cleaned up
[11.09.2026 02:39:26.657] INFO  cleaning up shared state
[11.09.2026 02:39:26.657] INFO  shared state cleaned up
[11.09.2026 02:39:26.657] INFO  cleaning up tiered arenas
[11.09.2026 02:39:26.660] INFO  tiered arenas cleaned up
[11.09.2026 02:39:26.660] INFO  shutdown() complete
=== Extension Unloaded ===

=== Reamo Extension Log ===
[11.09.2026 14:48:55.389] INFO  REAmo v0.7.3 starting
[11.09.2026 14:48:55.389] INFO  Project entities: tracks=1 items=0 markers=0 regions=0 fx=0 sends=0 tempo=0
[11.09.2026 14:48:55.389] INFO  Arena sizes: HIGH=1011KB MEDIUM=4045KB LOW=126KB SCRATCH=10113KB total=19MB
[11.09.2026 14:48:55.392] INFO  Tiered arenas initialized: 19MB total
[11.09.2026 14:48:55.392] INFO  Session token generated
[11.09.2026 14:48:55.392] INFO  CSurf registered for push-based callbacks
[11.09.2026 14:48:55.396] INFO  Auto-detected hostname: jonathans-m1-macbook-pro.tailaaa69.ts.net
[11.09.2026 14:48:55.396] INFO  Loaded 0 playlists from project
[11.09.2026 14:48:55.396] INFO  Initialization complete, waiting for warmup
[11.09.2026 14:48:58.693] INFO  Initialization complete, starting processing timer
[11.09.2026 14:48:59.598] INFO  Starting HTTP+WS server (deferred)...
[11.09.2026 14:48:59.605] INFO  HTTP+WS server started on port 9224
[11.09.2026 14:48:59.605] INFO  FastTimer: started at 10ms interval (native)
=== Reamo Extension Log ===
[11.09.2026 18:01:06.790] INFO  REAmo v0.7.3 starting
[11.09.2026 18:01:06.790] INFO  Project entities: tracks=1 items=0 markers=0 regions=0 fx=1 sends=0 tempo=0
[11.09.2026 18:01:06.790] INFO  Arena sizes: HIGH=1011KB MEDIUM=4045KB LOW=126KB SCRATCH=10113KB total=19MB
[11.09.2026 18:01:06.792] INFO  Tiered arenas initialized: 19MB total
[11.09.2026 18:01:06.792] INFO  Session token generated
[11.09.2026 18:01:06.792] INFO  CSurf registered for push-based callbacks
[11.09.2026 18:01:06.792] INFO  Auto-detected hostname: jonathans-m1-macbook-pro.tailaaa69.ts.net
[11.09.2026 18:01:06.792] INFO  Loaded 0 playlists from project
[11.09.2026 18:01:06.792] INFO  Initialization complete, waiting for warmup
[11.09.2026 18:01:08.721] INFO  Initialization complete, starting processing timer
[11.09.2026 18:01:09.655] INFO  Starting HTTP+WS server (deferred)...
[11.09.2026 18:01:09.657] INFO  HTTP+WS server started on port 9224
[11.09.2026 18:01:09.657] INFO  FastTimer: started at 10ms interval (native)
[11.09.2026 20:26:17.668] INFO  shutdown() called
[11.09.2026 20:26:17.670] INFO  FastTimer: stopped
[11.09.2026 20:26:17.670] INFO  timers stopped
[11.09.2026 20:26:17.670] INFO  cleaning up CSurf
[11.09.2026 20:26:17.670] INFO  CSurf cleaned up
[11.09.2026 20:26:17.670] INFO  cleaning up audio stream
[11.09.2026 20:26:17.670] INFO  audio stream cleaned up
[11.09.2026 20:26:17.670] INFO  menu: unregistered
[11.09.2026 20:26:17.670] INFO  stopping server
[11.09.2026 20:26:17.671] INFO  server stopped
[11.09.2026 20:26:17.671] INFO  cleaning up gesture state
[11.09.2026 20:26:17.671] INFO  gesture state cleaned up
[11.09.2026 20:26:17.671] INFO  cleaning up toggle subscriptions
[11.09.2026 20:26:17.671] INFO  toggle subscriptions cleaned up
[11.09.2026 20:26:17.671] INFO  cleaning up notes subscriptions
[11.09.2026 20:26:17.671] INFO  notes subscriptions cleaned up
[11.09.2026 20:26:17.671] INFO  cleaning up track subscriptions
[11.09.2026 20:26:17.671] INFO  track subscriptions cleaned up
[11.09.2026 20:26:17.671] INFO  cleaning up peaks subscriptions
[11.09.2026 20:26:17.671] INFO  peaks subscriptions cleaned up
[11.09.2026 20:26:17.671] INFO  cleaning up routing subscriptions
[11.09.2026 20:26:17.671] INFO  routing subscriptions cleaned up
[11.09.2026 20:26:17.671] INFO  cleaning up track FX subscriptions
[11.09.2026 20:26:17.671] INFO  track FX subscriptions cleaned up
[11.09.2026 20:26:17.671] INFO  cleaning up track FX param subscriptions
[11.09.2026 20:26:17.671] INFO  track FX param subscriptions cleaned up
[11.09.2026 20:26:17.671] INFO  cleaning up tuner subscriptions
[11.09.2026 20:26:17.671] INFO  tuner subscriptions cleaned up
[11.09.2026 20:26:17.671] INFO  cleaning up tile cache
[11.09.2026 20:26:17.671] INFO  tile cache cleaned up
[11.09.2026 20:26:17.671] INFO  cleaning up GUID cache
[11.09.2026 20:26:17.671] INFO  GUID cache cleaned up
[11.09.2026 20:26:17.671] INFO  cleaning up item GUID cache
[11.09.2026 20:26:17.671] INFO  item GUID cache cleaned up
[11.09.2026 20:26:17.671] INFO  cleaning up shared state
[11.09.2026 20:26:17.671] INFO  shared state cleaned up
[11.09.2026 20:26:17.671] INFO  cleaning up tiered arenas
[11.09.2026 20:26:17.674] INFO  tiered arenas cleaned up
[11.09.2026 20:26:17.674] INFO  shutdown() complete
=== Extension Unloaded ===

=== Reamo Extension Log ===
[11.09.2026 20:26:51.314] INFO  REAmo v0.7.3 starting
[11.09.2026 20:26:51.315] INFO  Project entities: tracks=1 items=0 markers=0 regions=0 fx=1 sends=0 tempo=0
[11.09.2026 20:26:51.315] INFO  Arena sizes: HIGH=1011KB MEDIUM=4045KB LOW=126KB SCRATCH=10113KB total=19MB
[11.09.2026 20:26:51.317] INFO  Tiered arenas initialized: 19MB total
[11.09.2026 20:26:51.317] INFO  Session token generated
[11.09.2026 20:26:51.317] INFO  CSurf registered for push-based callbacks
[11.09.2026 20:26:51.317] INFO  Auto-detected hostname: jonathans-m1-macbook-pro.tailaaa69.ts.net
[11.09.2026 20:26:51.317] INFO  Loaded 0 playlists from project
[11.09.2026 20:26:51.317] INFO  Initialization complete, waiting for warmup
[11.09.2026 20:26:53.167] INFO  Initialization complete, starting processing timer
[11.09.2026 20:26:54.117] INFO  Starting HTTP+WS server (deferred)...
[11.09.2026 20:26:54.119] INFO  HTTP+WS server started on port 9224
[11.09.2026 20:26:54.119] INFO  FastTimer: started at 10ms interval (native)
=== Reamo Extension Log ===
[11.09.2026 20:35:45.249] INFO  REAmo v0.7.3 starting
[11.09.2026 20:35:45.249] INFO  Project entities: tracks=1 items=0 markers=0 regions=0 fx=1 sends=0 tempo=0
[11.09.2026 20:35:45.249] INFO  Arena sizes: HIGH=1011KB MEDIUM=4045KB LOW=126KB SCRATCH=10113KB total=19MB
[11.09.2026 20:35:45.251] INFO  Tiered arenas initialized: 19MB total
[11.09.2026 20:35:45.251] INFO  Session token generated
[11.09.2026 20:35:45.251] INFO  CSurf registered for push-based callbacks
[11.09.2026 20:35:45.251] INFO  Auto-detected hostname: jonathans-m1-macbook-pro.tailaaa69.ts.net
[11.09.2026 20:35:45.251] INFO  Loaded 0 playlists from project
[11.09.2026 20:35:45.251] INFO  Initialization complete, waiting for warmup
[11.09.2026 20:35:47.038] INFO  Initialization complete, starting processing timer
[11.09.2026 20:35:48.163] INFO  Starting HTTP+WS server (deferred)...
[11.09.2026 20:35:48.165] INFO  HTTP+WS server started on port 9224
[11.09.2026 20:35:48.165] INFO  FastTimer: started at 10ms interval (native)
[11.09.2026 20:37:07.380] INFO  shutdown() called
[11.09.2026 20:37:07.380] INFO  FastTimer: stopped
[11.09.2026 20:37:07.380] INFO  timers stopped
[11.09.2026 20:37:07.380] INFO  cleaning up CSurf
[11.09.2026 20:37:07.380] INFO  CSurf cleaned up
[11.09.2026 20:37:07.380] INFO  cleaning up audio stream
[11.09.2026 20:37:07.380] INFO  audio stream cleaned up
[11.09.2026 20:37:07.380] INFO  menu: unregistered
[11.09.2026 20:37:07.380] INFO  stopping server
[11.09.2026 20:37:07.381] INFO  server stopped
[11.09.2026 20:37:07.381] INFO  cleaning up gesture state
[11.09.2026 20:37:07.381] INFO  gesture state cleaned up
[11.09.2026 20:37:07.381] INFO  cleaning up toggle subscriptions
[11.09.2026 20:37:07.381] INFO  toggle subscriptions cleaned up
[11.09.2026 20:37:07.381] INFO  cleaning up notes subscriptions
[11.09.2026 20:37:07.381] INFO  notes subscriptions cleaned up
[11.09.2026 20:37:07.381] INFO  cleaning up track subscriptions
[11.09.2026 20:37:07.381] INFO  track subscriptions cleaned up
[11.09.2026 20:37:07.381] INFO  cleaning up peaks subscriptions
[11.09.2026 20:37:07.381] INFO  peaks subscriptions cleaned up
[11.09.2026 20:37:07.381] INFO  cleaning up routing subscriptions
[11.09.2026 20:37:07.381] INFO  routing subscriptions cleaned up
[11.09.2026 20:37:07.381] INFO  cleaning up track FX subscriptions
[11.09.2026 20:37:07.381] INFO  track FX subscriptions cleaned up
[11.09.2026 20:37:07.381] INFO  cleaning up track FX param subscriptions
[11.09.2026 20:37:07.381] INFO  track FX param subscriptions cleaned up
[11.09.2026 20:37:07.381] INFO  cleaning up tuner subscriptions
[11.09.2026 20:37:07.381] INFO  tuner subscriptions cleaned up
[11.09.2026 20:37:07.381] INFO  cleaning up tile cache
[11.09.2026 20:37:07.381] INFO  tile cache cleaned up
[11.09.2026 20:37:07.381] INFO  cleaning up GUID cache
[11.09.2026 20:37:07.381] INFO  GUID cache cleaned up
[11.09.2026 20:37:07.381] INFO  cleaning up item GUID cache
[11.09.2026 20:37:07.381] INFO  item GUID cache cleaned up
[11.09.2026 20:37:07.381] INFO  cleaning up shared state
[11.09.2026 20:37:07.381] INFO  shared state cleaned up
[11.09.2026 20:37:07.381] INFO  cleaning up tiered arenas
[11.09.2026 20:37:07.384] INFO  tiered arenas cleaned up
[11.09.2026 20:37:07.384] INFO  shutdown() complete
=== Extension Unloaded ===

=== Reamo Extension Log ===
[15.09.2026 15:59:58.910] INFO  REAmo v0.7.3 starting
[15.09.2026 15:59:58.911] INFO  Project entities: tracks=1 items=0 markers=0 regions=0 fx=1 sends=0 tempo=0
[15.09.2026 15:59:58.911] INFO  Arena sizes: HIGH=1011KB MEDIUM=4045KB LOW=126KB SCRATCH=10113KB total=19MB
[15.09.2026 15:59:58.914] INFO  Tiered arenas initialized: 19MB total
[15.09.2026 15:59:58.914] INFO  Session token generated
[15.09.2026 15:59:58.914] INFO  CSurf registered for push-based callbacks
[15.09.2026 15:59:58.914] INFO  Auto-detected hostname: Jonathans-M1-MacBook-Pro-3.local
[15.09.2026 15:59:58.914] INFO  Loaded 0 playlists from project
[15.09.2026 15:59:58.914] INFO  Initialization complete, waiting for warmup
[15.09.2026 16:00:02.585] INFO  Initialization complete, starting processing timer
[15.09.2026 16:00:08.042] INFO  Starting HTTP+WS server (deferred)...
[15.09.2026 16:00:08.046] INFO  HTTP+WS server started on port 9224
[15.09.2026 16:00:08.046] INFO  FastTimer: started at 10ms interval (native)
[15.09.2026 16:03:16.283] INFO  shutdown() called
[15.09.2026 16:03:16.283] INFO  FastTimer: stopped
[15.09.2026 16:03:16.283] INFO  timers stopped
[15.09.2026 16:03:16.283] INFO  cleaning up CSurf
[15.09.2026 16:03:16.283] INFO  CSurf cleaned up
[15.09.2026 16:03:16.283] INFO  cleaning up audio stream
[15.09.2026 16:03:16.283] INFO  audio stream cleaned up
[15.09.2026 16:03:16.283] INFO  menu: unregistered
[15.09.2026 16:03:16.283] INFO  stopping server
[15.09.2026 16:03:16.284] INFO  server stopped
[15.09.2026 16:03:16.284] INFO  cleaning up gesture state
[15.09.2026 16:03:16.284] INFO  gesture state cleaned up
[15.09.2026 16:03:16.284] INFO  cleaning up toggle subscriptions
[15.09.2026 16:03:16.284] INFO  toggle subscriptions cleaned up
[15.09.2026 16:03:16.284] INFO  cleaning up notes subscriptions
[15.09.2026 16:03:16.284] INFO  notes subscriptions cleaned up
[15.09.2026 16:03:16.284] INFO  cleaning up track subscriptions
[15.09.2026 16:03:16.284] INFO  track subscriptions cleaned up
[15.09.2026 16:03:16.284] INFO  cleaning up peaks subscriptions
[15.09.2026 16:03:16.284] INFO  peaks subscriptions cleaned up
[15.09.2026 16:03:16.284] INFO  cleaning up routing subscriptions
[15.09.2026 16:03:16.284] INFO  routing subscriptions cleaned up
[15.09.2026 16:03:16.284] INFO  cleaning up track FX subscriptions
[15.09.2026 16:03:16.284] INFO  track FX subscriptions cleaned up
[15.09.2026 16:03:16.284] INFO  cleaning up track FX param subscriptions
[15.09.2026 16:03:16.284] INFO  track FX param subscriptions cleaned up
[15.09.2026 16:03:16.284] INFO  cleaning up tuner subscriptions
[15.09.2026 16:03:16.284] INFO  tuner subscriptions cleaned up
[15.09.2026 16:03:16.284] INFO  cleaning up tile cache
[15.09.2026 16:03:16.284] INFO  tile cache cleaned up
[15.09.2026 16:03:16.284] INFO  cleaning up GUID cache
[15.09.2026 16:03:16.284] INFO  GUID cache cleaned up
[15.09.2026 16:03:16.284] INFO  cleaning up item GUID cache
[15.09.2026 16:03:16.284] INFO  item GUID cache cleaned up
[15.09.2026 16:03:16.284] INFO  cleaning up shared state
[15.09.2026 16:03:16.284] INFO  shared state cleaned up
[15.09.2026 16:03:16.284] INFO  cleaning up tiered arenas
[15.09.2026 16:03:16.288] INFO  tiered arenas cleaned up
[15.09.2026 16:03:16.288] INFO  shutdown() complete
=== Extension Unloaded ===

=== Reamo Extension Log ===
[15.09.2026 16:03:37.023] INFO  REAmo v0.7.3 starting
[15.09.2026 16:03:37.023] INFO  Project entities: tracks=1 items=0 markers=0 regions=0 fx=1 sends=0 tempo=0
[15.09.2026 16:03:37.023] INFO  Arena sizes: HIGH=1011KB MEDIUM=4045KB LOW=126KB SCRATCH=10113KB total=19MB
[15.09.2026 16:03:37.026] INFO  Tiered arenas initialized: 19MB total
[15.09.2026 16:03:37.026] INFO  Session token generated
[15.09.2026 16:03:37.026] INFO  CSurf registered for push-based callbacks
[15.09.2026 16:03:37.026] INFO  Auto-detected hostname: Jonathans-M1-MacBook-Pro-3.local
[15.09.2026 16:03:37.026] INFO  Loaded 0 playlists from project
[15.09.2026 16:03:37.026] INFO  Initialization complete, waiting for warmup
[15.09.2026 16:03:39.827] INFO  Initialization complete, starting processing timer
[15.09.2026 16:03:40.801] INFO  Starting HTTP+WS server (deferred)...
[15.09.2026 16:03:40.808] INFO  HTTP+WS server started on port 9224
[15.09.2026 16:03:40.808] INFO  FastTimer: started at 10ms interval (native)
[15.09.2026 16:07:21.929] INFO  shutdown() called
[15.09.2026 16:07:21.930] INFO  FastTimer: stopped
[15.09.2026 16:07:21.930] INFO  timers stopped
[15.09.2026 16:07:21.930] INFO  cleaning up CSurf
[15.09.2026 16:07:21.930] INFO  CSurf cleaned up
[15.09.2026 16:07:21.930] INFO  cleaning up audio stream
[15.09.2026 16:07:21.930] INFO  audio stream cleaned up
[15.09.2026 16:07:21.930] INFO  menu: unregistered
[15.09.2026 16:07:21.930] INFO  stopping server
[15.09.2026 16:07:21.930] INFO  server stopped
[15.09.2026 16:07:21.930] INFO  cleaning up gesture state
[15.09.2026 16:07:21.931] INFO  gesture state cleaned up
[15.09.2026 16:07:21.931] INFO  cleaning up toggle subscriptions
[15.09.2026 16:07:21.931] INFO  toggle subscriptions cleaned up
[15.09.2026 16:07:21.931] INFO  cleaning up notes subscriptions
[15.09.2026 16:07:21.931] INFO  notes subscriptions cleaned up
[15.09.2026 16:07:21.931] INFO  cleaning up track subscriptions
[15.09.2026 16:07:21.931] INFO  track subscriptions cleaned up
[15.09.2026 16:07:21.931] INFO  cleaning up peaks subscriptions
[15.09.2026 16:07:21.931] INFO  peaks subscriptions cleaned up
[15.09.2026 16:07:21.931] INFO  cleaning up routing subscriptions
[15.09.2026 16:07:21.931] INFO  routing subscriptions cleaned up
[15.09.2026 16:07:21.931] INFO  cleaning up track FX subscriptions
[15.09.2026 16:07:21.931] INFO  track FX subscriptions cleaned up
[15.09.2026 16:07:21.931] INFO  cleaning up track FX param subscriptions
[15.09.2026 16:07:21.931] INFO  track FX param subscriptions cleaned up
[15.09.2026 16:07:21.931] INFO  cleaning up tuner subscriptions
[15.09.2026 16:07:21.931] INFO  tuner subscriptions cleaned up
[15.09.2026 16:07:21.931] INFO  cleaning up tile cache
[15.09.2026 16:07:21.931] INFO  tile cache cleaned up
[15.09.2026 16:07:21.931] INFO  cleaning up GUID cache
[15.09.2026 16:07:21.931] INFO  GUID cache cleaned up
[15.09.2026 16:07:21.931] INFO  cleaning up item GUID cache
[15.09.2026 16:07:21.931] INFO  item GUID cache cleaned up
[15.09.2026 16:07:21.931] INFO  cleaning up shared state
[15.09.2026 16:07:21.931] INFO  shared state cleaned up
[15.09.2026 16:07:21.931] INFO  cleaning up tiered arenas
[15.09.2026 16:07:21.934] INFO  tiered arenas cleaned up
[15.09.2026 16:07:21.934] INFO  shutdown() complete
=== Extension Unloaded ===

=== Reamo Extension Log ===
[15.09.2026 16:07:44.346] INFO  REAmo v0.7.3 starting
[15.09.2026 16:07:44.347] INFO  Project entities: tracks=1 items=0 markers=0 regions=0 fx=1 sends=0 tempo=0
[15.09.2026 16:07:44.347] INFO  Arena sizes: HIGH=1011KB MEDIUM=4045KB LOW=126KB SCRATCH=10113KB total=19MB
[15.09.2026 16:07:44.348] INFO  Tiered arenas initialized: 19MB total
[15.09.2026 16:07:44.348] INFO  Session token generated
[15.09.2026 16:07:44.348] INFO  CSurf registered for push-based callbacks
[15.09.2026 16:07:44.349] INFO  Auto-detected hostname: Jonathans-M1-MacBook-Pro-3.local
[15.09.2026 16:07:44.349] INFO  Loaded 0 playlists from project
[15.09.2026 16:07:44.349] INFO  Initialization complete, waiting for warmup
[15.09.2026 16:07:46.762] INFO  Initialization complete, starting processing timer
[15.09.2026 16:07:47.878] INFO  Starting HTTP+WS server (deferred)...
[15.09.2026 16:07:47.880] INFO  HTTP+WS server started on port 9224
[15.09.2026 16:07:47.880] INFO  FastTimer: started at 10ms interval (native)
[16.09.2026 00:04:31.767] INFO  shutdown() called
[16.09.2026 00:04:31.771] INFO  FastTimer: stopped
[16.09.2026 00:04:31.771] INFO  timers stopped
[16.09.2026 00:04:31.771] INFO  cleaning up CSurf
[16.09.2026 00:04:31.774] INFO  CSurf cleaned up
[16.09.2026 00:04:31.774] INFO  cleaning up audio stream
[16.09.2026 00:04:31.776] INFO  audio stream cleaned up
[16.09.2026 00:04:31.776] INFO  menu: unregistered
[16.09.2026 00:04:31.776] INFO  stopping server
[16.09.2026 00:04:31.777] INFO  server stopped
[16.09.2026 00:04:31.777] INFO  cleaning up gesture state
[16.09.2026 00:04:31.777] INFO  gesture state cleaned up
[16.09.2026 00:04:31.777] INFO  cleaning up toggle subscriptions
[16.09.2026 00:04:31.777] INFO  toggle subscriptions cleaned up
[16.09.2026 00:04:31.777] INFO  cleaning up notes subscriptions
[16.09.2026 00:04:31.777] INFO  notes subscriptions cleaned up
[16.09.2026 00:04:31.777] INFO  cleaning up track subscriptions
[16.09.2026 00:04:31.777] INFO  track subscriptions cleaned up
[16.09.2026 00:04:31.777] INFO  cleaning up peaks subscriptions
[16.09.2026 00:04:31.777] INFO  peaks subscriptions cleaned up
[16.09.2026 00:04:31.777] INFO  cleaning up routing subscriptions
[16.09.2026 00:04:31.777] INFO  routing subscriptions cleaned up
[16.09.2026 00:04:31.777] INFO  cleaning up track FX subscriptions
[16.09.2026 00:04:31.777] INFO  track FX subscriptions cleaned up
[16.09.2026 00:04:31.777] INFO  cleaning up track FX param subscriptions
[16.09.2026 00:04:31.777] INFO  track FX param subscriptions cleaned up
[16.09.2026 00:04:31.777] INFO  cleaning up tuner subscriptions
[16.09.2026 00:04:31.777] INFO  tuner subscriptions cleaned up
[16.09.2026 00:04:31.777] INFO  cleaning up tile cache
[16.09.2026 00:04:31.777] INFO  tile cache cleaned up
[16.09.2026 00:04:31.777] INFO  cleaning up GUID cache
[16.09.2026 00:04:31.778] INFO  GUID cache cleaned up
[16.09.2026 00:04:31.778] INFO  cleaning up item GUID cache
[16.09.2026 00:04:31.778] INFO  item GUID cache cleaned up
[16.09.2026 00:04:31.778] INFO  cleaning up shared state
[16.09.2026 00:04:31.778] INFO  shared state cleaned up
[16.09.2026 00:04:31.778] INFO  cleaning up tiered arenas
[16.09.2026 00:04:31.781] INFO  tiered arenas cleaned up
[16.09.2026 00:04:31.781] INFO  shutdown() complete
=== Extension Unloaded ===

=== Reamo Extension Log ===
[16.09.2026 00:28:46.232] INFO  REAmo v0.7.3 starting
[16.09.2026 00:28:46.233] INFO  Project entities: tracks=1 items=0 markers=0 regions=0 fx=1 sends=0 tempo=0
[16.09.2026 00:28:46.233] INFO  Arena sizes: HIGH=1011KB MEDIUM=4045KB LOW=126KB SCRATCH=10113KB total=19MB
[16.09.2026 00:28:46.235] INFO  Tiered arenas initialized: 19MB total
[16.09.2026 00:28:46.235] INFO  Session token generated
[16.09.2026 00:28:46.235] INFO  CSurf registered for push-based callbacks
[16.09.2026 00:28:46.235] INFO  Auto-detected hostname: MacBookPro.ht.home
[16.09.2026 00:28:46.235] INFO  Loaded 0 playlists from project
[16.09.2026 00:28:46.235] INFO  Initialization complete, waiting for warmup
[16.09.2026 00:28:48.011] INFO  Initialization complete, starting processing timer
[16.09.2026 00:28:49.026] INFO  Starting HTTP+WS server (deferred)...
[16.09.2026 00:28:49.028] INFO  HTTP+WS server started on port 9224
[16.09.2026 00:28:49.028] INFO  FastTimer: started at 10ms interval (native)
[16.09.2026 01:15:08.667] INFO  shutdown() called
[16.09.2026 01:15:08.668] INFO  FastTimer: stopped
[16.09.2026 01:15:08.668] INFO  timers stopped
[16.09.2026 01:15:08.668] INFO  cleaning up CSurf
[16.09.2026 01:15:08.669] INFO  CSurf cleaned up
[16.09.2026 01:15:08.669] INFO  cleaning up audio stream
[16.09.2026 01:15:08.669] INFO  audio stream cleaned up
[16.09.2026 01:15:08.669] INFO  menu: unregistered
[16.09.2026 01:15:08.669] INFO  stopping server
[16.09.2026 01:15:08.670] INFO  server stopped
[16.09.2026 01:15:08.670] INFO  cleaning up gesture state
[16.09.2026 01:15:08.670] INFO  gesture state cleaned up
[16.09.2026 01:15:08.670] INFO  cleaning up toggle subscriptions
[16.09.2026 01:15:08.670] INFO  toggle subscriptions cleaned up
[16.09.2026 01:15:08.670] INFO  cleaning up notes subscriptions
[16.09.2026 01:15:08.670] INFO  notes subscriptions cleaned up
[16.09.2026 01:15:08.670] INFO  cleaning up track subscriptions
[16.09.2026 01:15:08.670] INFO  track subscriptions cleaned up
[16.09.2026 01:15:08.670] INFO  cleaning up peaks subscriptions
[16.09.2026 01:15:08.670] INFO  peaks subscriptions cleaned up
[16.09.2026 01:15:08.670] INFO  cleaning up routing subscriptions
[16.09.2026 01:15:08.670] INFO  routing subscriptions cleaned up
[16.09.2026 01:15:08.670] INFO  cleaning up track FX subscriptions
[16.09.2026 01:15:08.670] INFO  track FX subscriptions cleaned up
[16.09.2026 01:15:08.670] INFO  cleaning up track FX param subscriptions
[16.09.2026 01:15:08.670] INFO  track FX param subscriptions cleaned up
[16.09.2026 01:15:08.670] INFO  cleaning up tuner subscriptions
[16.09.2026 01:15:08.670] INFO  tuner subscriptions cleaned up
[16.09.2026 01:15:08.670] INFO  cleaning up tile cache
[16.09.2026 01:15:08.670] INFO  tile cache cleaned up
[16.09.2026 01:15:08.670] INFO  cleaning up GUID cache
[16.09.2026 01:15:08.670] INFO  GUID cache cleaned up
[16.09.2026 01:15:08.670] INFO  cleaning up item GUID cache
[16.09.2026 01:15:08.670] INFO  item GUID cache cleaned up
[16.09.2026 01:15:08.670] INFO  cleaning up shared state
[16.09.2026 01:15:08.670] INFO  shared state cleaned up
[16.09.2026 01:15:08.670] INFO  cleaning up tiered arenas
[16.09.2026 01:15:08.674] INFO  tiered arenas cleaned up
[16.09.2026 01:15:08.674] INFO  shutdown() complete
=== Extension Unloaded ===

=== Reamo Extension Log ===
[16.09.2026 01:31:13.383] INFO  REAmo v0.7.3 starting
[16.09.2026 01:31:13.385] INFO  Project entities: tracks=1 items=0 markers=0 regions=0 fx=1 sends=0 tempo=0
[16.09.2026 01:31:13.385] INFO  Arena sizes: HIGH=1011KB MEDIUM=4045KB LOW=126KB SCRATCH=10113KB total=19MB
[16.09.2026 01:31:13.393] INFO  Tiered arenas initialized: 19MB total
[16.09.2026 01:31:13.393] INFO  Session token generated
[16.09.2026 01:31:13.393] INFO  CSurf registered for push-based callbacks
[16.09.2026 01:31:13.393] INFO  Auto-detected hostname: MacBookPro.ht.home
[16.09.2026 01:31:13.394] INFO  Loaded 0 playlists from project
[16.09.2026 01:31:13.394] INFO  Initialization complete, waiting for warmup
[16.09.2026 01:31:15.361] INFO  Initialization complete, starting processing timer
[16.09.2026 01:31:16.487] INFO  Starting HTTP+WS server (deferred)...
[16.09.2026 01:31:16.490] INFO  HTTP+WS server started on port 9224
[16.09.2026 01:31:16.490] INFO  FastTimer: started at 10ms interval (native)
[16.09.2026 01:46:35.150] INFO  shutdown() called
[16.09.2026 01:46:35.152] INFO  FastTimer: stopped
[16.09.2026 01:46:35.152] INFO  timers stopped
[16.09.2026 01:46:35.152] INFO  cleaning up CSurf
[16.09.2026 01:46:35.153] INFO  CSurf cleaned up
[16.09.2026 01:46:35.153] INFO  cleaning up audio stream
[16.09.2026 01:46:35.153] INFO  audio stream cleaned up
[16.09.2026 01:46:35.153] INFO  menu: unregistered
[16.09.2026 01:46:35.153] INFO  stopping server
[16.09.2026 01:46:35.153] INFO  server stopped
[16.09.2026 01:46:35.153] INFO  cleaning up gesture state
[16.09.2026 01:46:35.153] INFO  gesture state cleaned up
[16.09.2026 01:46:35.153] INFO  cleaning up toggle subscriptions
[16.09.2026 01:46:35.153] INFO  toggle subscriptions cleaned up
[16.09.2026 01:46:35.154] INFO  cleaning up notes subscriptions
[16.09.2026 01:46:35.154] INFO  notes subscriptions cleaned up
[16.09.2026 01:46:35.154] INFO  cleaning up track subscriptions
[16.09.2026 01:46:35.154] INFO  track subscriptions cleaned up
[16.09.2026 01:46:35.154] INFO  cleaning up peaks subscriptions
[16.09.2026 01:46:35.154] INFO  peaks subscriptions cleaned up
[16.09.2026 01:46:35.154] INFO  cleaning up routing subscriptions
[16.09.2026 01:46:35.154] INFO  routing subscriptions cleaned up
[16.09.2026 01:46:35.154] INFO  cleaning up track FX subscriptions
[16.09.2026 01:46:35.154] INFO  track FX subscriptions cleaned up
[16.09.2026 01:46:35.154] INFO  cleaning up track FX param subscriptions
[16.09.2026 01:46:35.154] INFO  track FX param subscriptions cleaned up
[16.09.2026 01:46:35.154] INFO  cleaning up tuner subscriptions
[16.09.2026 01:46:35.154] INFO  tuner subscriptions cleaned up
[16.09.2026 01:46:35.154] INFO  cleaning up tile cache
[16.09.2026 01:46:35.154] INFO  tile cache cleaned up
[16.09.2026 01:46:35.154] INFO  cleaning up GUID cache
[16.09.2026 01:46:35.154] INFO  GUID cache cleaned up
[16.09.2026 01:46:35.154] INFO  cleaning up item GUID cache
[16.09.2026 01:46:35.154] INFO  item GUID cache cleaned up
[16.09.2026 01:46:35.154] INFO  cleaning up shared state
[16.09.2026 01:46:35.154] INFO  shared state cleaned up
[16.09.2026 01:46:35.154] INFO  cleaning up tiered arenas
[16.09.2026 01:46:35.157] INFO  tiered arenas cleaned up
[16.09.2026 01:46:35.157] INFO  shutdown() complete
=== Extension Unloaded ===

=== Reamo Extension Log ===
[16.09.2026 03:33:10.072] INFO  REAmo v0.7.3 starting
[16.09.2026 03:33:10.073] INFO  Project entities: tracks=1 items=0 markers=0 regions=0 fx=1 sends=0 tempo=0
[16.09.2026 03:33:10.073] INFO  Arena sizes: HIGH=1011KB MEDIUM=4045KB LOW=126KB SCRATCH=10113KB total=19MB
[16.09.2026 03:33:10.074] INFO  Tiered arenas initialized: 19MB total
[16.09.2026 03:33:10.074] INFO  Session token generated
[16.09.2026 03:33:10.074] INFO  CSurf registered for push-based callbacks
[16.09.2026 03:33:10.074] INFO  Auto-detected hostname: MacBookPro.ht.home
[16.09.2026 03:33:10.074] INFO  Loaded 0 playlists from project
[16.09.2026 03:33:10.074] INFO  Initialization complete, waiting for warmup
[16.09.2026 03:33:12.068] INFO  Initialization complete, starting processing timer
[16.09.2026 03:33:13.118] INFO  Starting HTTP+WS server (deferred)...
[16.09.2026 03:33:13.119] INFO  HTTP+WS server started on port 9224
[16.09.2026 03:33:13.119] INFO  FastTimer: started at 10ms interval (native)
[16.09.2026 03:39:27.095] INFO  shutdown() called
[16.09.2026 03:39:27.097] INFO  FastTimer: stopped
[16.09.2026 03:39:27.097] INFO  timers stopped
[16.09.2026 03:39:27.097] INFO  cleaning up CSurf
[16.09.2026 03:39:27.097] INFO  CSurf cleaned up
[16.09.2026 03:39:27.097] INFO  cleaning up audio stream
[16.09.2026 03:39:27.097] INFO  audio stream cleaned up
[16.09.2026 03:39:27.097] INFO  menu: unregistered
[16.09.2026 03:39:27.097] INFO  stopping server
[16.09.2026 03:39:27.098] INFO  server stopped
[16.09.2026 03:39:27.098] INFO  cleaning up gesture state
[16.09.2026 03:39:27.098] INFO  gesture state cleaned up
[16.09.2026 03:39:27.098] INFO  cleaning up toggle subscriptions
[16.09.2026 03:39:27.098] INFO  toggle subscriptions cleaned up
[16.09.2026 03:39:27.098] INFO  cleaning up notes subscriptions
[16.09.2026 03:39:27.098] INFO  notes subscriptions cleaned up
[16.09.2026 03:39:27.098] INFO  cleaning up track subscriptions
[16.09.2026 03:39:27.098] INFO  track subscriptions cleaned up
[16.09.2026 03:39:27.098] INFO  cleaning up peaks subscriptions
[16.09.2026 03:39:27.098] INFO  peaks subscriptions cleaned up
[16.09.2026 03:39:27.098] INFO  cleaning up routing subscriptions
[16.09.2026 03:39:27.098] INFO  routing subscriptions cleaned up
[16.09.2026 03:39:27.098] INFO  cleaning up track FX subscriptions
[16.09.2026 03:39:27.098] INFO  track FX subscriptions cleaned up
[16.09.2026 03:39:27.098] INFO  cleaning up track FX param subscriptions
[16.09.2026 03:39:27.098] INFO  track FX param subscriptions cleaned up
[16.09.2026 03:39:27.098] INFO  cleaning up tuner subscriptions
[16.09.2026 03:39:27.098] INFO  tuner subscriptions cleaned up
[16.09.2026 03:39:27.098] INFO  cleaning up tile cache
[16.09.2026 03:39:27.098] INFO  tile cache cleaned up
[16.09.2026 03:39:27.098] INFO  cleaning up GUID cache
[16.09.2026 03:39:27.099] INFO  GUID cache cleaned up
[16.09.2026 03:39:27.099] INFO  cleaning up item GUID cache
[16.09.2026 03:39:27.099] INFO  item GUID cache cleaned up
[16.09.2026 03:39:27.099] INFO  cleaning up shared state
[16.09.2026 03:39:27.099] INFO  shared state cleaned up
[16.09.2026 03:39:27.099] INFO  cleaning up tiered arenas
[16.09.2026 03:39:27.102] INFO  tiered arenas cleaned up
[16.09.2026 03:39:27.102] INFO  shutdown() complete
=== Extension Unloaded ===

=== Reamo Extension Log ===
[16.09.2026 20:34:54.363] INFO  REAmo v0.7.3 starting
[16.09.2026 20:34:54.363] INFO  Project entities: tracks=1 items=0 markers=0 regions=0 fx=1 sends=0 tempo=0
[16.09.2026 20:34:54.364] INFO  Arena sizes: HIGH=1011KB MEDIUM=4045KB LOW=126KB SCRATCH=10113KB total=19MB
[16.09.2026 20:34:54.366] INFO  Tiered arenas initialized: 19MB total
[16.09.2026 20:34:54.366] INFO  Session token generated
[16.09.2026 20:34:54.366] INFO  CSurf registered for push-based callbacks
[16.09.2026 20:34:54.366] INFO  Auto-detected hostname: jonathans-m1-macbook-pro.tailaaa69.ts.net
[16.09.2026 20:34:54.366] INFO  Loaded 0 playlists from project
[16.09.2026 20:34:54.366] INFO  Initialization complete, waiting for warmup
[16.09.2026 20:34:56.483] INFO  Initialization complete, starting processing timer
[16.09.2026 20:34:57.462] INFO  Starting HTTP+WS server (deferred)...
[16.09.2026 20:34:57.465] INFO  HTTP+WS server started on port 9224
[16.09.2026 20:34:57.465] INFO  FastTimer: started at 10ms interval (native)
[16.09.2026 20:38:25.067] INFO  shutdown() called
[16.09.2026 20:38:25.069] INFO  FastTimer: stopped
[16.09.2026 20:38:25.069] INFO  timers stopped
[16.09.2026 20:38:25.069] INFO  cleaning up CSurf
[16.09.2026 20:38:25.069] INFO  CSurf cleaned up
[16.09.2026 20:38:25.069] INFO  cleaning up audio stream
[16.09.2026 20:38:25.069] INFO  audio stream cleaned up
[16.09.2026 20:38:25.069] INFO  menu: unregistered
[16.09.2026 20:38:25.069] INFO  stopping server
[16.09.2026 20:38:25.070] INFO  server stopped
[16.09.2026 20:38:25.070] INFO  cleaning up gesture state
[16.09.2026 20:38:25.070] INFO  gesture state cleaned up
[16.09.2026 20:38:25.070] INFO  cleaning up toggle subscriptions
[16.09.2026 20:38:25.070] INFO  toggle subscriptions cleaned up
[16.09.2026 20:38:25.070] INFO  cleaning up notes subscriptions
[16.09.2026 20:38:25.070] INFO  notes subscriptions cleaned up
[16.09.2026 20:38:25.070] INFO  cleaning up track subscriptions
[16.09.2026 20:38:25.070] INFO  track subscriptions cleaned up
[16.09.2026 20:38:25.070] INFO  cleaning up peaks subscriptions
[16.09.2026 20:38:25.070] INFO  peaks subscriptions cleaned up
[16.09.2026 20:38:25.070] INFO  cleaning up routing subscriptions
[16.09.2026 20:38:25.070] INFO  routing subscriptions cleaned up
[16.09.2026 20:38:25.070] INFO  cleaning up track FX subscriptions
[16.09.2026 20:38:25.070] INFO  track FX subscriptions cleaned up
[16.09.2026 20:38:25.070] INFO  cleaning up track FX param subscriptions
[16.09.2026 20:38:25.070] INFO  track FX param subscriptions cleaned up
[16.09.2026 20:38:25.070] INFO  cleaning up tuner subscriptions
[16.09.2026 20:38:25.070] INFO  tuner subscriptions cleaned up
[16.09.2026 20:38:25.070] INFO  cleaning up tile cache
[16.09.2026 20:38:25.070] INFO  tile cache cleaned up
[16.09.2026 20:38:25.070] INFO  cleaning up GUID cache
[16.09.2026 20:38:25.070] INFO  GUID cache cleaned up
[16.09.2026 20:38:25.070] INFO  cleaning up item GUID cache
[16.09.2026 20:38:25.070] INFO  item GUID cache cleaned up
[16.09.2026 20:38:25.070] INFO  cleaning up shared state
[16.09.2026 20:38:25.070] INFO  shared state cleaned up
[16.09.2026 20:38:25.070] INFO  cleaning up tiered arenas
[16.09.2026 20:38:25.073] INFO  tiered arenas cleaned up
[16.09.2026 20:38:25.073] INFO  shutdown() complete
=== Extension Unloaded ===

=== Reamo Extension Log ===
[16.09.2026 20:40:56.058] INFO  REAmo v0.7.3 starting
[16.09.2026 20:40:56.058] INFO  Project entities: tracks=1 items=0 markers=0 regions=0 fx=1 sends=0 tempo=0
[16.09.2026 20:40:56.058] INFO  Arena sizes: HIGH=1011KB MEDIUM=4045KB LOW=126KB SCRATCH=10113KB total=19MB
[16.09.2026 20:40:56.060] INFO  Tiered arenas initialized: 19MB total
[16.09.2026 20:40:56.060] INFO  Session token generated
[16.09.2026 20:40:56.060] INFO  CSurf registered for push-based callbacks
[16.09.2026 20:40:56.060] INFO  Auto-detected hostname: jonathans-m1-macbook-pro.tailaaa69.ts.net
[16.09.2026 20:40:56.060] INFO  Loaded 0 playlists from project
[16.09.2026 20:40:56.060] INFO  Initialization complete, waiting for warmup
[16.09.2026 20:40:57.537] INFO  Initialization complete, starting processing timer
[16.09.2026 20:40:58.457] INFO  Starting HTTP+WS server (deferred)...
[16.09.2026 20:40:58.459] INFO  HTTP+WS server started on port 9224
[16.09.2026 20:40:58.459] INFO  FastTimer: started at 10ms interval (native)
=== Reamo Extension Log ===
[17.09.2026 03:04:59.731] INFO  REAmo v0.7.3 starting
[17.09.2026 03:04:59.732] INFO  Project entities: tracks=1 items=0 markers=0 regions=0 fx=1 sends=0 tempo=0
[17.09.2026 03:04:59.732] INFO  Arena sizes: HIGH=1011KB MEDIUM=4045KB LOW=126KB SCRATCH=10113KB total=19MB
[17.09.2026 03:04:59.733] INFO  Tiered arenas initialized: 19MB total
[17.09.2026 03:04:59.733] INFO  Session token generated
[17.09.2026 03:04:59.733] INFO  CSurf registered for push-based callbacks
[17.09.2026 03:04:59.734] INFO  Auto-detected hostname: jonathans-m1-macbook-pro.tailaaa69.ts.net
[17.09.2026 03:04:59.734] INFO  Loaded 0 playlists from project
[17.09.2026 03:04:59.734] INFO  Initialization complete, waiting for warmup
[17.09.2026 03:05:01.695] INFO  Initialization complete, starting processing timer
[17.09.2026 03:05:02.768] INFO  Starting HTTP+WS server (deferred)...
[17.09.2026 03:05:02.772] INFO  HTTP+WS server started on port 9224
[17.09.2026 03:05:02.772] INFO  FastTimer: started at 10ms interval (native)
[17.09.2026 03:32:55.084] INFO  shutdown() called
[17.09.2026 03:32:55.085] INFO  FastTimer: stopped
[17.09.2026 03:32:55.085] INFO  timers stopped
[17.09.2026 03:32:55.085] INFO  cleaning up CSurf
[17.09.2026 03:32:55.086] INFO  CSurf cleaned up
[17.09.2026 03:32:55.086] INFO  cleaning up audio stream
[17.09.2026 03:32:55.086] INFO  audio stream cleaned up
[17.09.2026 03:32:55.086] INFO  menu: unregistered
[17.09.2026 03:32:55.086] INFO  stopping server
[17.09.2026 03:32:55.087] INFO  server stopped
[17.09.2026 03:32:55.087] INFO  cleaning up gesture state
[17.09.2026 03:32:55.087] INFO  gesture state cleaned up
[17.09.2026 03:32:55.087] INFO  cleaning up toggle subscriptions
[17.09.2026 03:32:55.087] INFO  toggle subscriptions cleaned up
[17.09.2026 03:32:55.087] INFO  cleaning up notes subscriptions
[17.09.2026 03:32:55.087] INFO  notes subscriptions cleaned up
[17.09.2026 03:32:55.087] INFO  cleaning up track subscriptions
[17.09.2026 03:32:55.087] INFO  track subscriptions cleaned up
[17.09.2026 03:32:55.087] INFO  cleaning up peaks subscriptions
[17.09.2026 03:32:55.087] INFO  peaks subscriptions cleaned up
[17.09.2026 03:32:55.087] INFO  cleaning up routing subscriptions
[17.09.2026 03:32:55.087] INFO  routing subscriptions cleaned up
[17.09.2026 03:32:55.087] INFO  cleaning up track FX subscriptions
[17.09.2026 03:32:55.087] INFO  track FX subscriptions cleaned up
[17.09.2026 03:32:55.087] INFO  cleaning up track FX param subscriptions
[17.09.2026 03:32:55.087] INFO  track FX param subscriptions cleaned up
[17.09.2026 03:32:55.087] INFO  cleaning up tuner subscriptions
[17.09.2026 03:32:55.087] INFO  tuner subscriptions cleaned up
[17.09.2026 03:32:55.087] INFO  cleaning up tile cache
[17.09.2026 03:32:55.087] INFO  tile cache cleaned up
[17.09.2026 03:32:55.087] INFO  cleaning up GUID cache
[17.09.2026 03:32:55.088] INFO  GUID cache cleaned up
[17.09.2026 03:32:55.088] INFO  cleaning up item GUID cache
[17.09.2026 03:32:55.088] INFO  item GUID cache cleaned up
[17.09.2026 03:32:55.088] INFO  cleaning up shared state
[17.09.2026 03:32:55.088] INFO  shared state cleaned up
[17.09.2026 03:32:55.088] INFO  cleaning up tiered arenas
[17.09.2026 03:32:55.093] INFO  tiered arenas cleaned up
[17.09.2026 03:32:55.093] INFO  shutdown() complete
=== Extension Unloaded ===

=== Reamo Extension Log ===
[17.09.2026 13:39:21.044] INFO  REAmo v0.7.3 starting
[17.09.2026 13:39:21.044] INFO  Project entities: tracks=1 items=0 markers=0 regions=0 fx=1 sends=0 tempo=0
[17.09.2026 13:39:21.044] INFO  Arena sizes: HIGH=1011KB MEDIUM=4045KB LOW=126KB SCRATCH=10113KB total=19MB
[17.09.2026 13:39:21.046] INFO  Tiered arenas initialized: 19MB total
[17.09.2026 13:39:21.046] INFO  Session token generated
[17.09.2026 13:39:21.046] INFO  CSurf registered for push-based callbacks
[17.09.2026 13:39:21.047] INFO  Auto-detected hostname: jonathans-m1-macbook-pro.tailaaa69.ts.net
[17.09.2026 13:39:21.047] INFO  Loaded 0 playlists from project
[17.09.2026 13:39:21.047] INFO  Initialization complete, waiting for warmup
[17.09.2026 13:39:22.974] INFO  Initialization complete, starting processing timer
[17.09.2026 13:39:23.962] INFO  Starting HTTP+WS server (deferred)...
[17.09.2026 13:39:23.964] INFO  HTTP+WS server started on port 9224
[17.09.2026 13:39:23.964] INFO  FastTimer: started at 10ms interval (native)
=== Reamo Extension Log ===
[18.09.2026 14:10:35.589] INFO  REAmo v0.7.3 starting
[18.09.2026 14:10:35.589] INFO  Project entities: tracks=1 items=0 markers=0 regions=0 fx=1 sends=0 tempo=0
[18.09.2026 14:10:35.589] INFO  Arena sizes: HIGH=1011KB MEDIUM=4045KB LOW=126KB SCRATCH=10113KB total=19MB
[18.09.2026 14:10:35.591] INFO  Tiered arenas initialized: 19MB total
[18.09.2026 14:10:35.591] INFO  Session token generated
[18.09.2026 14:10:35.591] INFO  CSurf registered for push-based callbacks
[18.09.2026 14:10:35.591] INFO  Auto-detected hostname: Jonathans-M1-MacBook-Pro-3.local
[18.09.2026 14:10:35.591] INFO  Loaded 0 playlists from project
[18.09.2026 14:10:35.591] INFO  Initialization complete, waiting for warmup
[18.09.2026 14:10:37.493] INFO  Initialization complete, starting processing timer
[18.09.2026 14:10:38.595] INFO  Starting HTTP+WS server (deferred)...
[18.09.2026 14:10:38.596] INFO  HTTP+WS server started on port 9224
[18.09.2026 14:10:38.596] INFO  FastTimer: started at 10ms interval (native)
[18.09.2026 17:06:11.559] INFO  shutdown() called
[18.09.2026 17:06:11.561] INFO  FastTimer: stopped
[18.09.2026 17:06:11.561] INFO  timers stopped
[18.09.2026 17:06:11.561] INFO  cleaning up CSurf
[18.09.2026 17:06:11.561] INFO  CSurf cleaned up
[18.09.2026 17:06:11.561] INFO  cleaning up audio stream
[18.09.2026 17:06:11.561] INFO  audio stream cleaned up
[18.09.2026 17:06:11.561] INFO  menu: unregistered
[18.09.2026 17:06:11.561] INFO  stopping server
[18.09.2026 17:06:11.562] INFO  server stopped
[18.09.2026 17:06:11.562] INFO  cleaning up gesture state
[18.09.2026 17:06:11.562] INFO  gesture state cleaned up
[18.09.2026 17:06:11.562] INFO  cleaning up toggle subscriptions
[18.09.2026 17:06:11.562] INFO  toggle subscriptions cleaned up
[18.09.2026 17:06:11.562] INFO  cleaning up notes subscriptions
[18.09.2026 17:06:11.562] INFO  notes subscriptions cleaned up
[18.09.2026 17:06:11.562] INFO  cleaning up track subscriptions
[18.09.2026 17:06:11.562] INFO  track subscriptions cleaned up
[18.09.2026 17:06:11.562] INFO  cleaning up peaks subscriptions
[18.09.2026 17:06:11.562] INFO  peaks subscriptions cleaned up
[18.09.2026 17:06:11.562] INFO  cleaning up routing subscriptions
[18.09.2026 17:06:11.562] INFO  routing subscriptions cleaned up
[18.09.2026 17:06:11.562] INFO  cleaning up track FX subscriptions
[18.09.2026 17:06:11.562] INFO  track FX subscriptions cleaned up
[18.09.2026 17:06:11.562] INFO  cleaning up track FX param subscriptions
[18.09.2026 17:06:11.563] INFO  track FX param subscriptions cleaned up
[18.09.2026 17:06:11.563] INFO  cleaning up tuner subscriptions
[18.09.2026 17:06:11.563] INFO  tuner subscriptions cleaned up
[18.09.2026 17:06:11.563] INFO  cleaning up tile cache
[18.09.2026 17:06:11.563] INFO  tile cache cleaned up
[18.09.2026 17:06:11.563] INFO  cleaning up GUID cache
[18.09.2026 17:06:11.563] INFO  GUID cache cleaned up
[18.09.2026 17:06:11.563] INFO  cleaning up item GUID cache
[18.09.2026 17:06:11.563] INFO  item GUID cache cleaned up
[18.09.2026 17:06:11.563] INFO  cleaning up shared state
[18.09.2026 17:06:11.563] INFO  shared state cleaned up
[18.09.2026 17:06:11.563] INFO  cleaning up tiered arenas
[18.09.2026 17:06:11.568] INFO  tiered arenas cleaned up
[18.09.2026 17:06:11.568] INFO  shutdown() complete
=== Extension Unloaded ===

=== Reamo Extension Log ===
[18.09.2026 17:06:32.214] INFO  REAmo v0.7.3 starting
[18.09.2026 17:06:32.215] INFO  Project entities: tracks=1 items=0 markers=0 regions=0 fx=1 sends=0 tempo=0
[18.09.2026 17:06:32.215] INFO  Arena sizes: HIGH=1011KB MEDIUM=4045KB LOW=126KB SCRATCH=10113KB total=19MB
[18.09.2026 17:06:32.217] INFO  Tiered arenas initialized: 19MB total
[18.09.2026 17:06:32.217] INFO  Session token generated
[18.09.2026 17:06:32.217] INFO  CSurf registered for push-based callbacks
[18.09.2026 17:06:32.217] INFO  Auto-detected hostname: MacBookPro.ht.home
[18.09.2026 17:06:32.217] INFO  Loaded 0 playlists from project
[18.09.2026 17:06:32.217] INFO  Initialization complete, waiting for warmup
[18.09.2026 17:06:34.122] INFO  Initialization complete, starting processing timer
[18.09.2026 17:06:35.104] INFO  Starting HTTP+WS server (deferred)...
[18.09.2026 17:06:35.107] INFO  HTTP+WS server started on port 9224
[18.09.2026 17:06:35.107] INFO  FastTimer: started at 10ms interval (native)
[18.09.2026 21:26:29.194] INFO  shutdown() called
[18.09.2026 21:26:29.196] INFO  FastTimer: stopped
[18.09.2026 21:26:29.196] INFO  timers stopped
[18.09.2026 21:26:29.196] INFO  cleaning up CSurf
[18.09.2026 21:26:29.196] INFO  CSurf cleaned up
[18.09.2026 21:26:29.196] INFO  cleaning up audio stream
[18.09.2026 21:26:29.196] INFO  audio stream cleaned up
[18.09.2026 21:26:29.196] INFO  menu: unregistered
[18.09.2026 21:26:29.196] INFO  stopping server
[18.09.2026 21:26:29.200] INFO  server stopped
[18.09.2026 21:26:29.200] INFO  cleaning up gesture state
[18.09.2026 21:26:29.200] INFO  gesture state cleaned up
[18.09.2026 21:26:29.200] INFO  cleaning up toggle subscriptions
[18.09.2026 21:26:29.200] INFO  toggle subscriptions cleaned up
[18.09.2026 21:26:29.200] INFO  cleaning up notes subscriptions
[18.09.2026 21:26:29.200] INFO  notes subscriptions cleaned up
[18.09.2026 21:26:29.200] INFO  cleaning up track subscriptions
[18.09.2026 21:26:29.200] INFO  track subscriptions cleaned up
[18.09.2026 21:26:29.200] INFO  cleaning up peaks subscriptions
[18.09.2026 21:26:29.200] INFO  peaks subscriptions cleaned up
[18.09.2026 21:26:29.200] INFO  cleaning up routing subscriptions
[18.09.2026 21:26:29.200] INFO  routing subscriptions cleaned up
[18.09.2026 21:26:29.200] INFO  cleaning up track FX subscriptions
[18.09.2026 21:26:29.200] INFO  track FX subscriptions cleaned up
[18.09.2026 21:26:29.200] INFO  cleaning up track FX param subscriptions
[18.09.2026 21:26:29.200] INFO  track FX param subscriptions cleaned up
[18.09.2026 21:26:29.200] INFO  cleaning up tuner subscriptions
[18.09.2026 21:26:29.200] INFO  tuner subscriptions cleaned up
[18.09.2026 21:26:29.200] INFO  cleaning up tile cache
[18.09.2026 21:26:29.200] INFO  tile cache cleaned up
[18.09.2026 21:26:29.200] INFO  cleaning up GUID cache
[18.09.2026 21:26:29.200] INFO  GUID cache cleaned up
[18.09.2026 21:26:29.200] INFO  cleaning up item GUID cache
[18.09.2026 21:26:29.200] INFO  item GUID cache cleaned up
[18.09.2026 21:26:29.200] INFO  cleaning up shared state
[18.09.2026 21:26:29.200] INFO  shared state cleaned up
[18.09.2026 21:26:29.200] INFO  cleaning up tiered arenas
[18.09.2026 21:26:29.204] INFO  tiered arenas cleaned up
[18.09.2026 21:26:29.204] INFO  shutdown() complete
=== Extension Unloaded ===

=== Reamo Extension Log ===
[18.09.2026 21:35:12.818] INFO  REAmo v0.7.3 starting
[18.09.2026 21:35:12.818] INFO  Project entities: tracks=1 items=0 markers=0 regions=0 fx=1 sends=0 tempo=0
[18.09.2026 21:35:12.818] INFO  Arena sizes: HIGH=1011KB MEDIUM=4045KB LOW=126KB SCRATCH=10113KB total=19MB
[18.09.2026 21:35:12.820] INFO  Tiered arenas initialized: 19MB total
[18.09.2026 21:35:12.820] INFO  Session token generated
[18.09.2026 21:35:12.820] INFO  CSurf registered for push-based callbacks
[18.09.2026 21:35:12.820] INFO  Auto-detected hostname: Jonathans-M1-MacBook-Pro-3.local
[18.09.2026 21:35:12.820] INFO  Loaded 0 playlists from project
[18.09.2026 21:35:12.820] INFO  Initialization complete, waiting for warmup
[18.09.2026 21:35:15.251] INFO  Initialization complete, starting processing timer
[18.09.2026 21:35:16.214] INFO  Starting HTTP+WS server (deferred)...
[18.09.2026 21:35:16.216] INFO  HTTP+WS server started on port 9224
[18.09.2026 21:35:16.216] INFO  FastTimer: started at 10ms interval (native)
=== Reamo Extension Log ===
[21.09.2026 16:41:30.129] INFO  REAmo v0.7.3 starting
[21.09.2026 16:41:30.132] INFO  Project entities: tracks=1 items=0 markers=0 regions=0 fx=1 sends=0 tempo=0
[21.09.2026 16:41:30.132] INFO  Arena sizes: HIGH=1011KB MEDIUM=4045KB LOW=126KB SCRATCH=10113KB total=19MB
[21.09.2026 16:41:30.134] INFO  Tiered arenas initialized: 19MB total
[21.09.2026 16:41:30.134] INFO  Session token generated
[21.09.2026 16:41:30.134] INFO  CSurf registered for push-based callbacks
[21.09.2026 16:41:30.134] INFO  Auto-detected hostname: Jonathans-M1-MacBook-Pro-3.local
[21.09.2026 16:41:30.134] INFO  Loaded 0 playlists from project
[21.09.2026 16:41:30.134] INFO  Initialization complete, waiting for warmup
[21.09.2026 16:41:32.240] INFO  Initialization complete, starting processing timer
[21.09.2026 16:41:33.212] INFO  Starting HTTP+WS server (deferred)...
[21.09.2026 16:41:33.213] INFO  HTTP+WS server started on port 9224
[21.09.2026 16:41:33.214] INFO  FastTimer: started at 10ms interval (native)
[21.09.2026 20:48:25.144] INFO  shutdown() called
[21.09.2026 20:48:25.146] INFO  FastTimer: stopped
[21.09.2026 20:48:25.146] INFO  timers stopped
[21.09.2026 20:48:25.146] INFO  cleaning up CSurf
[21.09.2026 20:48:25.147] INFO  CSurf cleaned up
[21.09.2026 20:48:25.147] INFO  cleaning up audio stream
[21.09.2026 20:48:25.147] INFO  audio stream cleaned up
[21.09.2026 20:48:25.147] INFO  menu: unregistered
[21.09.2026 20:48:25.147] INFO  stopping server
[21.09.2026 20:48:25.150] INFO  server stopped
[21.09.2026 20:48:25.150] INFO  cleaning up gesture state
[21.09.2026 20:48:25.150] INFO  gesture state cleaned up
[21.09.2026 20:48:25.150] INFO  cleaning up toggle subscriptions
[21.09.2026 20:48:25.150] INFO  toggle subscriptions cleaned up
[21.09.2026 20:48:25.151] INFO  cleaning up notes subscriptions
[21.09.2026 20:48:25.151] INFO  notes subscriptions cleaned up
[21.09.2026 20:48:25.151] INFO  cleaning up track subscriptions
[21.09.2026 20:48:25.151] INFO  track subscriptions cleaned up
[21.09.2026 20:48:25.151] INFO  cleaning up peaks subscriptions
[21.09.2026 20:48:25.151] INFO  peaks subscriptions cleaned up
[21.09.2026 20:48:25.151] INFO  cleaning up routing subscriptions
[21.09.2026 20:48:25.151] INFO  routing subscriptions cleaned up
[21.09.2026 20:48:25.151] INFO  cleaning up track FX subscriptions
[21.09.2026 20:48:25.151] INFO  track FX subscriptions cleaned up
[21.09.2026 20:48:25.151] INFO  cleaning up track FX param subscriptions
[21.09.2026 20:48:25.151] INFO  track FX param subscriptions cleaned up
[21.09.2026 20:48:25.151] INFO  cleaning up tuner subscriptions
[21.09.2026 20:48:25.151] INFO  tuner subscriptions cleaned up
[21.09.2026 20:48:25.151] INFO  cleaning up tile cache
[21.09.2026 20:48:25.151] INFO  tile cache cleaned up
[21.09.2026 20:48:25.151] INFO  cleaning up GUID cache
[21.09.2026 20:48:25.153] INFO  GUID cache cleaned up
[21.09.2026 20:48:25.153] INFO  cleaning up item GUID cache
[21.09.2026 20:48:25.153] INFO  item GUID cache cleaned up
[21.09.2026 20:48:25.153] INFO  cleaning up shared state
[21.09.2026 20:48:25.153] INFO  shared state cleaned up
[21.09.2026 20:48:25.153] INFO  cleaning up tiered arenas
[21.09.2026 20:48:25.159] INFO  tiered arenas cleaned up
[21.09.2026 20:48:25.159] INFO  shutdown() complete
=== Extension Unloaded ===

=== Reamo Extension Log ===
[22.09.2026 15:28:51.341] INFO  REAmo v0.7.3 starting
[22.09.2026 15:28:51.341] INFO  Project entities: tracks=1 items=0 markers=0 regions=0 fx=1 sends=0 tempo=0
[22.09.2026 15:28:51.342] INFO  Arena sizes: HIGH=1011KB MEDIUM=4045KB LOW=126KB SCRATCH=10113KB total=19MB
[22.09.2026 15:28:51.344] INFO  Tiered arenas initialized: 19MB total
[22.09.2026 15:28:51.344] INFO  Session token generated
[22.09.2026 15:28:51.344] INFO  CSurf registered for push-based callbacks
[22.09.2026 15:28:51.344] INFO  Auto-detected hostname: Jonathans-M1-MacBook-Pro-3.local
[22.09.2026 15:28:51.344] INFO  Loaded 0 playlists from project
[22.09.2026 15:28:51.344] INFO  Initialization complete, waiting for warmup
[22.09.2026 15:28:53.294] INFO  Initialization complete, starting processing timer
[22.09.2026 15:28:54.257] INFO  Starting HTTP+WS server (deferred)...
[22.09.2026 15:28:54.258] INFO  HTTP+WS server started on port 9224
[22.09.2026 15:28:54.258] INFO  FastTimer: started at 10ms interval (native)
=== Reamo Extension Log ===
[22.09.2026 18:19:39.925] INFO  REAmo v0.7.3 starting
[22.09.2026 18:19:39.926] INFO  Project entities: tracks=1 items=0 markers=0 regions=0 fx=1 sends=0 tempo=0
[22.09.2026 18:19:39.927] INFO  Arena sizes: HIGH=1011KB MEDIUM=4045KB LOW=126KB SCRATCH=10113KB total=19MB
[22.09.2026 18:19:39.929] INFO  Tiered arenas initialized: 19MB total
[22.09.2026 18:19:39.929] INFO  Session token generated
[22.09.2026 18:19:39.929] INFO  CSurf registered for push-based callbacks
[22.09.2026 18:19:39.929] INFO  Auto-detected hostname: Jonathans-M1-MacBook-Pro-3.local
[22.09.2026 18:19:39.929] INFO  Loaded 0 playlists from project
[22.09.2026 18:19:39.929] INFO  Initialization complete, waiting for warmup
[22.09.2026 18:19:41.861] INFO  Initialization complete, starting processing timer
[22.09.2026 18:19:42.772] INFO  Starting HTTP+WS server (deferred)...
[22.09.2026 18:19:42.774] INFO  HTTP+WS server started on port 9224
[22.09.2026 18:19:42.775] INFO  FastTimer: started at 10ms interval (native)
=== Reamo Extension Log ===
[22.09.2026 18:50:21.492] INFO  REAmo v0.7.3 starting
[22.09.2026 18:50:21.493] INFO  Project entities: tracks=1 items=0 markers=0 regions=0 fx=1 sends=0 tempo=0
[22.09.2026 18:50:21.493] INFO  Arena sizes: HIGH=1011KB MEDIUM=4045KB LOW=126KB SCRATCH=10113KB total=19MB
[22.09.2026 18:50:21.495] INFO  Tiered arenas initialized: 19MB total
[22.09.2026 18:50:21.495] INFO  Session token generated
[22.09.2026 18:50:21.495] INFO  CSurf registered for push-based callbacks
[22.09.2026 18:50:21.495] INFO  Auto-detected hostname: Jonathans-M1-MacBook-Pro-3.local
[22.09.2026 18:50:21.495] INFO  Loaded 0 playlists from project
[22.09.2026 18:50:21.495] INFO  Initialization complete, waiting for warmup
[22.09.2026 18:50:23.384] INFO  Initialization complete, starting processing timer
[22.09.2026 18:50:24.397] INFO  Starting HTTP+WS server (deferred)...
[22.09.2026 18:50:24.399] INFO  HTTP+WS server started on port 9224
[22.09.2026 18:50:24.399] INFO  FastTimer: started at 10ms interval (native)
=== Reamo Extension Log ===
[22.09.2026 18:53:46.452] INFO  REAmo v0.7.3 starting
[22.09.2026 18:53:46.452] INFO  Project entities: tracks=1 items=0 markers=0 regions=0 fx=1 sends=0 tempo=0
[22.09.2026 18:53:46.452] INFO  Arena sizes: HIGH=1011KB MEDIUM=4045KB LOW=126KB SCRATCH=10113KB total=19MB
[22.09.2026 18:53:46.459] INFO  Tiered arenas initialized: 19MB total
[22.09.2026 18:53:46.459] INFO  Session token generated
[22.09.2026 18:53:46.460] INFO  CSurf registered for push-based callbacks
[22.09.2026 18:53:46.460] INFO  Auto-detected hostname: Jonathans-M1-MacBook-Pro-3.local
[22.09.2026 18:53:46.460] INFO  Loaded 0 playlists from project
[22.09.2026 18:53:46.460] INFO  Initialization complete, waiting for warmup
[22.09.2026 18:53:49.018] INFO  Initialization complete, starting processing timer
[22.09.2026 18:53:49.950] INFO  Starting HTTP+WS server (deferred)...
[22.09.2026 18:53:49.953] INFO  HTTP+WS server started on port 9224
[22.09.2026 18:53:49.953] INFO  FastTimer: started at 10ms interval (native)
[22.09.2026 20:03:17.518] INFO  shutdown() called
[22.09.2026 20:03:17.519] INFO  FastTimer: stopped
[22.09.2026 20:03:17.519] INFO  timers stopped
[22.09.2026 20:03:17.519] INFO  cleaning up CSurf
[22.09.2026 20:03:17.519] INFO  CSurf cleaned up
[22.09.2026 20:03:17.519] INFO  cleaning up audio stream
[22.09.2026 20:03:17.519] INFO  audio stream cleaned up
[22.09.2026 20:03:17.519] INFO  menu: unregistered
[22.09.2026 20:03:17.519] INFO  stopping server
[22.09.2026 20:03:17.521] INFO  server stopped
[22.09.2026 20:03:17.521] INFO  cleaning up gesture state
[22.09.2026 20:03:17.521] INFO  gesture state cleaned up
[22.09.2026 20:03:17.521] INFO  cleaning up toggle subscriptions
[22.09.2026 20:03:17.522] INFO  toggle subscriptions cleaned up
[22.09.2026 20:03:17.522] INFO  cleaning up notes subscriptions
[22.09.2026 20:03:17.522] INFO  notes subscriptions cleaned up
[22.09.2026 20:03:17.522] INFO  cleaning up track subscriptions
[22.09.2026 20:03:17.522] INFO  track subscriptions cleaned up
[22.09.2026 20:03:17.522] INFO  cleaning up peaks subscriptions
[22.09.2026 20:03:17.522] INFO  peaks subscriptions cleaned up
[22.09.2026 20:03:17.522] INFO  cleaning up routing subscriptions
[22.09.2026 20:03:17.522] INFO  routing subscriptions cleaned up
[22.09.2026 20:03:17.522] INFO  cleaning up track FX subscriptions
[22.09.2026 20:03:17.522] INFO  track FX subscriptions cleaned up
[22.09.2026 20:03:17.522] INFO  cleaning up track FX param subscriptions
[22.09.2026 20:03:17.522] INFO  track FX param subscriptions cleaned up
[22.09.2026 20:03:17.522] INFO  cleaning up tuner subscriptions
[22.09.2026 20:03:17.522] INFO  tuner subscriptions cleaned up
[22.09.2026 20:03:17.522] INFO  cleaning up tile cache
[22.09.2026 20:03:17.522] INFO  tile cache cleaned up
[22.09.2026 20:03:17.522] INFO  cleaning up GUID cache
[22.09.2026 20:03:17.522] INFO  GUID cache cleaned up
[22.09.2026 20:03:17.522] INFO  cleaning up item GUID cache
[22.09.2026 20:03:17.522] INFO  item GUID cache cleaned up
[22.09.2026 20:03:17.522] INFO  cleaning up shared state
[22.09.2026 20:03:17.522] INFO  shared state cleaned up
[22.09.2026 20:03:17.522] INFO  cleaning up tiered arenas
[22.09.2026 20:03:17.525] INFO  tiered arenas cleaned up
[22.09.2026 20:03:17.525] INFO  shutdown() complete
=== Extension Unloaded ===

=== Reamo Extension Log ===
[22.09.2026 20:03:27.491] INFO  REAmo v0.7.3 starting
[22.09.2026 20:03:27.493] INFO  Project entities: tracks=1 items=0 markers=0 regions=0 fx=1 sends=0 tempo=0
[22.09.2026 20:03:27.493] INFO  Arena sizes: HIGH=1011KB MEDIUM=4045KB LOW=126KB SCRATCH=10113KB total=19MB
[22.09.2026 20:03:27.496] INFO  Tiered arenas initialized: 19MB total
[22.09.2026 20:03:27.496] INFO  Session token generated
[22.09.2026 20:03:27.496] INFO  CSurf registered for push-based callbacks
[22.09.2026 20:03:27.496] INFO  Auto-detected hostname: Jonathans-M1-MacBook-Pro-3.local
[22.09.2026 20:03:27.496] INFO  Loaded 0 playlists from project
[22.09.2026 20:03:27.496] INFO  Initialization complete, waiting for warmup
[22.09.2026 20:03:29.271] INFO  Initialization complete, starting processing timer
[22.09.2026 20:03:30.388] INFO  Starting HTTP+WS server (deferred)...
[22.09.2026 20:03:30.391] INFO  HTTP+WS server started on port 9224
[22.09.2026 20:03:30.391] INFO  FastTimer: started at 10ms interval (native)
[22.09.2026 20:07:41.190] INFO  shutdown() called
[22.09.2026 20:07:41.191] INFO  FastTimer: stopped
[22.09.2026 20:07:41.191] INFO  timers stopped
[22.09.2026 20:07:41.191] INFO  cleaning up CSurf
[22.09.2026 20:07:41.191] INFO  CSurf cleaned up
[22.09.2026 20:07:41.191] INFO  cleaning up audio stream
[22.09.2026 20:07:41.191] INFO  audio stream cleaned up
[22.09.2026 20:07:41.191] INFO  menu: unregistered
[22.09.2026 20:07:41.191] INFO  stopping server
[22.09.2026 20:07:41.191] INFO  server stopped
[22.09.2026 20:07:41.191] INFO  cleaning up gesture state
[22.09.2026 20:07:41.191] INFO  gesture state cleaned up
[22.09.2026 20:07:41.191] INFO  cleaning up toggle subscriptions
[22.09.2026 20:07:41.191] INFO  toggle subscriptions cleaned up
[22.09.2026 20:07:41.192] INFO  cleaning up notes subscriptions
[22.09.2026 20:07:41.192] INFO  notes subscriptions cleaned up
[22.09.2026 20:07:41.192] INFO  cleaning up track subscriptions
[22.09.2026 20:07:41.192] INFO  track subscriptions cleaned up
[22.09.2026 20:07:41.192] INFO  cleaning up peaks subscriptions
[22.09.2026 20:07:41.192] INFO  peaks subscriptions cleaned up
[22.09.2026 20:07:41.192] INFO  cleaning up routing subscriptions
[22.09.2026 20:07:41.192] INFO  routing subscriptions cleaned up
[22.09.2026 20:07:41.192] INFO  cleaning up track FX subscriptions
[22.09.2026 20:07:41.192] INFO  track FX subscriptions cleaned up
[22.09.2026 20:07:41.192] INFO  cleaning up track FX param subscriptions
[22.09.2026 20:07:41.192] INFO  track FX param subscriptions cleaned up
[22.09.2026 20:07:41.192] INFO  cleaning up tuner subscriptions
[22.09.2026 20:07:41.192] INFO  tuner subscriptions cleaned up
[22.09.2026 20:07:41.192] INFO  cleaning up tile cache
[22.09.2026 20:07:41.192] INFO  tile cache cleaned up
[22.09.2026 20:07:41.192] INFO  cleaning up GUID cache
[22.09.2026 20:07:41.192] INFO  GUID cache cleaned up
[22.09.2026 20:07:41.192] INFO  cleaning up item GUID cache
[22.09.2026 20:07:41.192] INFO  item GUID cache cleaned up
[22.09.2026 20:07:41.192] INFO  cleaning up shared state
[22.09.2026 20:07:41.192] INFO  shared state cleaned up
[22.09.2026 20:07:41.192] INFO  cleaning up tiered arenas
[22.09.2026 20:07:41.194] INFO  tiered arenas cleaned up
[22.09.2026 20:07:41.194] INFO  shutdown() complete
=== Extension Unloaded ===

=== Reamo Extension Log ===
[23.09.2026 12:40:37.232] INFO  REAmo v0.7.3 starting
[23.09.2026 12:40:37.233] INFO  Project entities: tracks=1 items=0 markers=0 regions=0 fx=1 sends=0 tempo=0
[23.09.2026 12:40:37.233] INFO  Arena sizes: HIGH=1011KB MEDIUM=4045KB LOW=126KB SCRATCH=10113KB total=19MB
[23.09.2026 12:40:37.235] INFO  Tiered arenas initialized: 19MB total
[23.09.2026 12:40:37.235] INFO  Session token generated
[23.09.2026 12:40:37.235] INFO  CSurf registered for push-based callbacks
[23.09.2026 12:40:37.235] INFO  Auto-detected hostname: MacBookPro.ht.home
[23.09.2026 12:40:37.235] INFO  Loaded 0 playlists from project
[23.09.2026 12:40:37.235] INFO  Initialization complete, waiting for warmup
[23.09.2026 12:40:39.198] INFO  Initialization complete, starting processing timer
[23.09.2026 12:40:40.175] INFO  Starting HTTP+WS server (deferred)...
[23.09.2026 12:40:40.177] INFO  HTTP+WS server started on port 9224
[23.09.2026 12:40:40.177] INFO  FastTimer: started at 10ms interval (native)
[23.09.2026 12:54:14.497] INFO  shutdown() called
[23.09.2026 12:54:14.499] INFO  FastTimer: stopped
[23.09.2026 12:54:14.499] INFO  timers stopped
[23.09.2026 12:54:14.499] INFO  cleaning up CSurf
[23.09.2026 12:54:14.499] INFO  CSurf cleaned up
[23.09.2026 12:54:14.499] INFO  cleaning up audio stream
[23.09.2026 12:54:14.499] INFO  audio stream cleaned up
[23.09.2026 12:54:14.499] INFO  menu: unregistered
[23.09.2026 12:54:14.499] INFO  stopping server
[23.09.2026 12:54:14.500] INFO  server stopped
[23.09.2026 12:54:14.500] INFO  cleaning up gesture state
[23.09.2026 12:54:14.500] INFO  gesture state cleaned up
[23.09.2026 12:54:14.500] INFO  cleaning up toggle subscriptions
[23.09.2026 12:54:14.500] INFO  toggle subscriptions cleaned up
[23.09.2026 12:54:14.500] INFO  cleaning up notes subscriptions
[23.09.2026 12:54:14.500] INFO  notes subscriptions cleaned up
[23.09.2026 12:54:14.500] INFO  cleaning up track subscriptions
[23.09.2026 12:54:14.500] INFO  track subscriptions cleaned up
[23.09.2026 12:54:14.500] INFO  cleaning up peaks subscriptions
[23.09.2026 12:54:14.500] INFO  peaks subscriptions cleaned up
[23.09.2026 12:54:14.500] INFO  cleaning up routing subscriptions
[23.09.2026 12:54:14.500] INFO  routing subscriptions cleaned up
[23.09.2026 12:54:14.500] INFO  cleaning up track FX subscriptions
[23.09.2026 12:54:14.500] INFO  track FX subscriptions cleaned up
[23.09.2026 12:54:14.500] INFO  cleaning up track FX param subscriptions
[23.09.2026 12:54:14.500] INFO  track FX param subscriptions cleaned up
[23.09.2026 12:54:14.500] INFO  cleaning up tuner subscriptions
[23.09.2026 12:54:14.500] INFO  tuner subscriptions cleaned up
[23.09.2026 12:54:14.500] INFO  cleaning up tile cache
[23.09.2026 12:54:14.500] INFO  tile cache cleaned up
[23.09.2026 12:54:14.500] INFO  cleaning up GUID cache
[23.09.2026 12:54:14.500] INFO  GUID cache cleaned up
[23.09.2026 12:54:14.500] INFO  cleaning up item GUID cache
[23.09.2026 12:54:14.500] INFO  item GUID cache cleaned up
[23.09.2026 12:54:14.500] INFO  cleaning up shared state
[23.09.2026 12:54:14.500] INFO  shared state cleaned up
[23.09.2026 12:54:14.500] INFO  cleaning up tiered arenas
[23.09.2026 12:54:14.509] INFO  tiered arenas cleaned up
[23.09.2026 12:54:14.509] INFO  shutdown() complete
=== Extension Unloaded ===

=== Reamo Extension Log ===
[23.09.2026 13:01:51.971] INFO  REAmo v0.7.3 starting
[23.09.2026 13:01:51.972] INFO  Project entities: tracks=1 items=0 markers=0 regions=0 fx=1 sends=0 tempo=0
[23.09.2026 13:01:51.972] INFO  Arena sizes: HIGH=1011KB MEDIUM=4045KB LOW=126KB SCRATCH=10113KB total=19MB
[23.09.2026 13:01:51.974] INFO  Tiered arenas initialized: 19MB total
[23.09.2026 13:01:51.974] INFO  Session token generated
[23.09.2026 13:01:51.974] INFO  CSurf registered for push-based callbacks
[23.09.2026 13:01:51.974] INFO  Auto-detected hostname: MacBookPro.ht.home
[23.09.2026 13:01:51.974] INFO  Loaded 0 playlists from project
[23.09.2026 13:01:51.974] INFO  Initialization complete, waiting for warmup
[23.09.2026 13:01:54.089] INFO  Initialization complete, starting processing timer
[23.09.2026 13:01:55.061] INFO  Starting HTTP+WS server (deferred)...
[23.09.2026 13:01:55.064] INFO  HTTP+WS server started on port 9224
[23.09.2026 13:01:55.064] INFO  FastTimer: started at 10ms interval (native)
[23.09.2026 13:13:29.167] INFO  shutdown() called
[23.09.2026 13:13:29.169] INFO  FastTimer: stopped
[23.09.2026 13:13:29.169] INFO  timers stopped
[23.09.2026 13:13:29.169] INFO  cleaning up CSurf
[23.09.2026 13:13:29.169] INFO  CSurf cleaned up
[23.09.2026 13:13:29.169] INFO  cleaning up audio stream
[23.09.2026 13:13:29.169] INFO  audio stream cleaned up
[23.09.2026 13:13:29.169] INFO  menu: unregistered
[23.09.2026 13:13:29.169] INFO  stopping server
[23.09.2026 13:13:29.170] INFO  server stopped
[23.09.2026 13:13:29.170] INFO  cleaning up gesture state
[23.09.2026 13:13:29.170] INFO  gesture state cleaned up
[23.09.2026 13:13:29.170] INFO  cleaning up toggle subscriptions
[23.09.2026 13:13:29.170] INFO  toggle subscriptions cleaned up
[23.09.2026 13:13:29.170] INFO  cleaning up notes subscriptions
[23.09.2026 13:13:29.170] INFO  notes subscriptions cleaned up
[23.09.2026 13:13:29.170] INFO  cleaning up track subscriptions
[23.09.2026 13:13:29.170] INFO  track subscriptions cleaned up
[23.09.2026 13:13:29.170] INFO  cleaning up peaks subscriptions
[23.09.2026 13:13:29.170] INFO  peaks subscriptions cleaned up
[23.09.2026 13:13:29.170] INFO  cleaning up routing subscriptions
[23.09.2026 13:13:29.170] INFO  routing subscriptions cleaned up
[23.09.2026 13:13:29.170] INFO  cleaning up track FX subscriptions
[23.09.2026 13:13:29.170] INFO  track FX subscriptions cleaned up
[23.09.2026 13:13:29.170] INFO  cleaning up track FX param subscriptions
[23.09.2026 13:13:29.170] INFO  track FX param subscriptions cleaned up
[23.09.2026 13:13:29.170] INFO  cleaning up tuner subscriptions
[23.09.2026 13:13:29.170] INFO  tuner subscriptions cleaned up
[23.09.2026 13:13:29.170] INFO  cleaning up tile cache
[23.09.2026 13:13:29.170] INFO  tile cache cleaned up
[23.09.2026 13:13:29.170] INFO  cleaning up GUID cache
[23.09.2026 13:13:29.170] INFO  GUID cache cleaned up
[23.09.2026 13:13:29.170] INFO  cleaning up item GUID cache
[23.09.2026 13:13:29.170] INFO  item GUID cache cleaned up
[23.09.2026 13:13:29.170] INFO  cleaning up shared state
[23.09.2026 13:13:29.170] INFO  shared state cleaned up
[23.09.2026 13:13:29.170] INFO  cleaning up tiered arenas
[23.09.2026 13:13:29.182] INFO  tiered arenas cleaned up
[23.09.2026 13:13:29.182] INFO  shutdown() complete
=== Extension Unloaded ===

=== Reamo Extension Log ===
[23.09.2026 13:22:45.729] INFO  REAmo v0.7.3 starting
[23.09.2026 13:22:45.729] INFO  Project entities: tracks=1 items=0 markers=0 regions=0 fx=1 sends=0 tempo=0
[23.09.2026 13:22:45.729] INFO  Arena sizes: HIGH=1011KB MEDIUM=4045KB LOW=126KB SCRATCH=10113KB total=19MB
[23.09.2026 13:22:45.731] INFO  Tiered arenas initialized: 19MB total
[23.09.2026 13:22:45.731] INFO  Session token generated
[23.09.2026 13:22:45.731] INFO  CSurf registered for push-based callbacks
[23.09.2026 13:22:45.731] INFO  Auto-detected hostname: MacBookPro.ht.home
[23.09.2026 13:22:45.731] INFO  Loaded 0 playlists from project
[23.09.2026 13:22:45.731] INFO  Initialization complete, waiting for warmup
[23.09.2026 13:22:47.485] INFO  Initialization complete, starting processing timer
[23.09.2026 13:22:48.856] INFO  Starting HTTP+WS server (deferred)...
[23.09.2026 13:22:48.857] INFO  HTTP+WS server started on port 9224
[23.09.2026 13:22:48.857] INFO  FastTimer: started at 10ms interval (native)
[23.09.2026 13:24:00.270] INFO  shutdown() called
[23.09.2026 13:24:00.270] INFO  FastTimer: stopped
[23.09.2026 13:24:00.270] INFO  timers stopped
[23.09.2026 13:24:00.270] INFO  cleaning up CSurf
[23.09.2026 13:24:00.270] INFO  CSurf cleaned up
[23.09.2026 13:24:00.270] INFO  cleaning up audio stream
[23.09.2026 13:24:00.270] INFO  audio stream cleaned up
[23.09.2026 13:24:00.270] INFO  menu: unregistered
[23.09.2026 13:24:00.270] INFO  stopping server
[23.09.2026 13:24:00.271] INFO  server stopped
[23.09.2026 13:24:00.271] INFO  cleaning up gesture state
[23.09.2026 13:24:00.271] INFO  gesture state cleaned up
[23.09.2026 13:24:00.271] INFO  cleaning up toggle subscriptions
[23.09.2026 13:24:00.271] INFO  toggle subscriptions cleaned up
[23.09.2026 13:24:00.271] INFO  cleaning up notes subscriptions
[23.09.2026 13:24:00.271] INFO  notes subscriptions cleaned up
[23.09.2026 13:24:00.271] INFO  cleaning up track subscriptions
[23.09.2026 13:24:00.271] INFO  track subscriptions cleaned up
[23.09.2026 13:24:00.271] INFO  cleaning up peaks subscriptions
[23.09.2026 13:24:00.271] INFO  peaks subscriptions cleaned up
[23.09.2026 13:24:00.271] INFO  cleaning up routing subscriptions
[23.09.2026 13:24:00.271] INFO  routing subscriptions cleaned up
[23.09.2026 13:24:00.271] INFO  cleaning up track FX subscriptions
[23.09.2026 13:24:00.271] INFO  track FX subscriptions cleaned up
[23.09.2026 13:24:00.271] INFO  cleaning up track FX param subscriptions
[23.09.2026 13:24:00.271] INFO  track FX param subscriptions cleaned up
[23.09.2026 13:24:00.271] INFO  cleaning up tuner subscriptions
[23.09.2026 13:24:00.271] INFO  tuner subscriptions cleaned up
[23.09.2026 13:24:00.271] INFO  cleaning up tile cache
[23.09.2026 13:24:00.271] INFO  tile cache cleaned up
[23.09.2026 13:24:00.271] INFO  cleaning up GUID cache
[23.09.2026 13:24:00.271] INFO  GUID cache cleaned up
[23.09.2026 13:24:00.271] INFO  cleaning up item GUID cache
[23.09.2026 13:24:00.271] INFO  item GUID cache cleaned up
[23.09.2026 13:24:00.271] INFO  cleaning up shared state
[23.09.2026 13:24:00.271] INFO  shared state cleaned up
[23.09.2026 13:24:00.271] INFO  cleaning up tiered arenas
[23.09.2026 13:24:00.275] INFO  tiered arenas cleaned up
[23.09.2026 13:24:00.275] INFO  shutdown() complete
=== Extension Unloaded ===

=== Reamo Extension Log ===
[23.09.2026 13:26:44.075] INFO  REAmo v0.7.3 starting
[23.09.2026 13:26:44.076] INFO  Project entities: tracks=1 items=0 markers=0 regions=0 fx=1 sends=0 tempo=0
[23.09.2026 13:26:44.076] INFO  Arena sizes: HIGH=1011KB MEDIUM=4045KB LOW=126KB SCRATCH=10113KB total=19MB
[23.09.2026 13:26:44.078] INFO  Tiered arenas initialized: 19MB total
[23.09.2026 13:26:44.078] INFO  Session token generated
[23.09.2026 13:26:44.078] INFO  CSurf registered for push-based callbacks
[23.09.2026 13:26:44.078] INFO  Auto-detected hostname: MacBookPro.ht.home
[23.09.2026 13:26:44.078] INFO  Loaded 0 playlists from project
[23.09.2026 13:26:44.078] INFO  Initialization complete, waiting for warmup
[23.09.2026 13:26:45.876] INFO  Initialization complete, starting processing timer
[23.09.2026 13:26:47.094] INFO  Starting HTTP+WS server (deferred)...
[23.09.2026 13:26:47.095] INFO  HTTP+WS server started on port 9224
[23.09.2026 13:26:47.095] INFO  FastTimer: started at 10ms interval (native)
[23.09.2026 13:55:36.277] INFO  shutdown() called
[23.09.2026 13:55:36.278] INFO  FastTimer: stopped
[23.09.2026 13:55:36.278] INFO  timers stopped
[23.09.2026 13:55:36.278] INFO  cleaning up CSurf
[23.09.2026 13:55:36.279] INFO  CSurf cleaned up
[23.09.2026 13:55:36.279] INFO  cleaning up audio stream
[23.09.2026 13:55:36.279] INFO  audio stream cleaned up
[23.09.2026 13:55:36.279] INFO  menu: unregistered
[23.09.2026 13:55:36.279] INFO  stopping server
[23.09.2026 13:55:36.280] INFO  server stopped
[23.09.2026 13:55:36.280] INFO  cleaning up gesture state
[23.09.2026 13:55:36.280] INFO  gesture state cleaned up
[23.09.2026 13:55:36.280] INFO  cleaning up toggle subscriptions
[23.09.2026 13:55:36.280] INFO  toggle subscriptions cleaned up
[23.09.2026 13:55:36.280] INFO  cleaning up notes subscriptions
[23.09.2026 13:55:36.280] INFO  notes subscriptions cleaned up
[23.09.2026 13:55:36.280] INFO  cleaning up track subscriptions
[23.09.2026 13:55:36.280] INFO  track subscriptions cleaned up
[23.09.2026 13:55:36.280] INFO  cleaning up peaks subscriptions
[23.09.2026 13:55:36.280] INFO  peaks subscriptions cleaned up
[23.09.2026 13:55:36.280] INFO  cleaning up routing subscriptions
[23.09.2026 13:55:36.280] INFO  routing subscriptions cleaned up
[23.09.2026 13:55:36.280] INFO  cleaning up track FX subscriptions
[23.09.2026 13:55:36.280] INFO  track FX subscriptions cleaned up
[23.09.2026 13:55:36.280] INFO  cleaning up track FX param subscriptions
[23.09.2026 13:55:36.280] INFO  track FX param subscriptions cleaned up
[23.09.2026 13:55:36.280] INFO  cleaning up tuner subscriptions
[23.09.2026 13:55:36.280] INFO  tuner subscriptions cleaned up
[23.09.2026 13:55:36.280] INFO  cleaning up tile cache
[23.09.2026 13:55:36.280] INFO  tile cache cleaned up
[23.09.2026 13:55:36.280] INFO  cleaning up GUID cache
[23.09.2026 13:55:36.280] INFO  GUID cache cleaned up
[23.09.2026 13:55:36.280] INFO  cleaning up item GUID cache
[23.09.2026 13:55:36.280] INFO  item GUID cache cleaned up
[23.09.2026 13:55:36.280] INFO  cleaning up shared state
[23.09.2026 13:55:36.280] INFO  shared state cleaned up
[23.09.2026 13:55:36.280] INFO  cleaning up tiered arenas
[23.09.2026 13:55:36.283] INFO  tiered arenas cleaned up
[23.09.2026 13:55:36.283] INFO  shutdown() complete
=== Extension Unloaded ===

=== Reamo Extension Log ===
[23.09.2026 13:55:45.807] INFO  REAmo v0.7.3 starting
[23.09.2026 13:55:45.807] INFO  Project entities: tracks=1 items=0 markers=0 regions=0 fx=1 sends=0 tempo=0
[23.09.2026 13:55:45.807] INFO  Arena sizes: HIGH=1011KB MEDIUM=4045KB LOW=126KB SCRATCH=10113KB total=19MB
[23.09.2026 13:55:45.809] INFO  Tiered arenas initialized: 19MB total
[23.09.2026 13:55:45.809] INFO  Session token generated
[23.09.2026 13:55:45.809] INFO  CSurf registered for push-based callbacks
[23.09.2026 13:55:45.809] INFO  Auto-detected hostname: MacBookPro.ht.home
[23.09.2026 13:55:45.809] INFO  Loaded 0 playlists from project
[23.09.2026 13:55:45.809] INFO  Initialization complete, waiting for warmup
[23.09.2026 13:55:47.348] INFO  Initialization complete, starting processing timer
[23.09.2026 13:55:48.394] INFO  Starting HTTP+WS server (deferred)...
[23.09.2026 13:55:48.396] INFO  HTTP+WS server started on port 9224
[23.09.2026 13:55:48.396] INFO  FastTimer: started at 10ms interval (native)
[23.09.2026 17:01:23.166] INFO  shutdown() called
[23.09.2026 17:01:23.169] INFO  FastTimer: stopped
[23.09.2026 17:01:23.169] INFO  timers stopped
[23.09.2026 17:01:23.169] INFO  cleaning up CSurf
[23.09.2026 17:01:23.169] INFO  CSurf cleaned up
[23.09.2026 17:01:23.169] INFO  cleaning up audio stream
[23.09.2026 17:01:23.169] INFO  audio stream cleaned up
[23.09.2026 17:01:23.169] INFO  menu: unregistered
[23.09.2026 17:01:23.169] INFO  stopping server
[23.09.2026 17:01:23.171] INFO  server stopped
[23.09.2026 17:01:23.171] INFO  cleaning up gesture state
[23.09.2026 17:01:23.171] INFO  gesture state cleaned up
[23.09.2026 17:01:23.171] INFO  cleaning up toggle subscriptions
[23.09.2026 17:01:23.171] INFO  toggle subscriptions cleaned up
[23.09.2026 17:01:23.171] INFO  cleaning up notes subscriptions
[23.09.2026 17:01:23.171] INFO  notes subscriptions cleaned up
[23.09.2026 17:01:23.171] INFO  cleaning up track subscriptions
[23.09.2026 17:01:23.171] INFO  track subscriptions cleaned up
[23.09.2026 17:01:23.171] INFO  cleaning up peaks subscriptions
[23.09.2026 17:01:23.171] INFO  peaks subscriptions cleaned up
[23.09.2026 17:01:23.171] INFO  cleaning up routing subscriptions
[23.09.2026 17:01:23.171] INFO  routing subscriptions cleaned up
[23.09.2026 17:01:23.171] INFO  cleaning up track FX subscriptions
[23.09.2026 17:01:23.171] INFO  track FX subscriptions cleaned up
[23.09.2026 17:01:23.171] INFO  cleaning up track FX param subscriptions
[23.09.2026 17:01:23.171] INFO  track FX param subscriptions cleaned up
[23.09.2026 17:01:23.171] INFO  cleaning up tuner subscriptions
[23.09.2026 17:01:23.171] INFO  tuner subscriptions cleaned up
[23.09.2026 17:01:23.171] INFO  cleaning up tile cache
[23.09.2026 17:01:23.171] INFO  tile cache cleaned up
[23.09.2026 17:01:23.171] INFO  cleaning up GUID cache
[23.09.2026 17:01:23.171] INFO  GUID cache cleaned up
[23.09.2026 17:01:23.171] INFO  cleaning up item GUID cache
[23.09.2026 17:01:23.171] INFO  item GUID cache cleaned up
[23.09.2026 17:01:23.171] INFO  cleaning up shared state
[23.09.2026 17:01:23.171] INFO  shared state cleaned up
[23.09.2026 17:01:23.171] INFO  cleaning up tiered arenas
[23.09.2026 17:01:23.174] INFO  tiered arenas cleaned up
[23.09.2026 17:01:23.174] INFO  shutdown() complete
=== Extension Unloaded ===

=== Reamo Extension Log ===
[23.09.2026 18:18:02.684] INFO  REAmo v0.7.3 starting
[23.09.2026 18:18:02.684] INFO  Project entities: tracks=1 items=0 markers=3 regions=0 fx=1 sends=0 tempo=232
[23.09.2026 18:18:02.684] INFO  Arena sizes: HIGH=1011KB MEDIUM=4045KB LOW=126KB SCRATCH=10113KB total=19MB
[23.09.2026 18:18:02.686] INFO  Tiered arenas initialized: 19MB total
[23.09.2026 18:18:02.686] INFO  Session token generated
[23.09.2026 18:18:02.686] INFO  CSurf registered for push-based callbacks
[23.09.2026 18:18:02.690] INFO  Auto-detected hostname: MacBookPro.ht.home
[23.09.2026 18:18:02.690] INFO  Loaded 0 playlists from project
[23.09.2026 18:18:02.690] INFO  Initialization complete, waiting for warmup
[23.09.2026 18:18:04.900] INFO  Initialization complete, starting processing timer
[23.09.2026 18:18:06.038] INFO  Starting HTTP+WS server (deferred)...
[23.09.2026 18:18:06.040] INFO  HTTP+WS server started on port 9224
[23.09.2026 18:18:06.040] INFO  FastTimer: started at 10ms interval (native)
=== Reamo Extension Log ===
[24.09.2026 02:46:25.689] INFO  REAmo v0.7.3 starting
[24.09.2026 02:46:25.691] INFO  Project entities: tracks=1 items=0 markers=0 regions=0 fx=1 sends=0 tempo=0
[24.09.2026 02:46:25.691] INFO  Arena sizes: HIGH=1011KB MEDIUM=4045KB LOW=126KB SCRATCH=10113KB total=19MB
[24.09.2026 02:46:25.692] INFO  Tiered arenas initialized: 19MB total
[24.09.2026 02:46:25.692] INFO  Session token generated
[24.09.2026 02:46:25.692] INFO  CSurf registered for push-based callbacks
[24.09.2026 02:46:25.692] INFO  Auto-detected hostname: MacBookPro.ht.home
[24.09.2026 02:46:25.692] INFO  Loaded 0 playlists from project
[24.09.2026 02:46:25.692] INFO  Initialization complete, waiting for warmup
[24.09.2026 02:46:26.795] INFO  Initialization complete, starting processing timer
[24.09.2026 02:46:27.697] INFO  Starting HTTP+WS server (deferred)...
[24.09.2026 02:46:27.699] INFO  HTTP+WS server started on port 9224
[24.09.2026 02:46:27.699] INFO  FastTimer: started at 10ms interval (native)
[24.09.2026 02:48:36.338] INFO  shutdown() called
[24.09.2026 02:48:36.339] INFO  FastTimer: stopped
[24.09.2026 02:48:36.339] INFO  timers stopped
[24.09.2026 02:48:36.339] INFO  cleaning up CSurf
[24.09.2026 02:48:36.339] INFO  CSurf cleaned up
[24.09.2026 02:48:36.339] INFO  cleaning up audio stream
[24.09.2026 02:48:36.339] INFO  audio stream cleaned up
[24.09.2026 02:48:36.339] INFO  menu: unregistered
[24.09.2026 02:48:36.339] INFO  stopping server
[24.09.2026 02:48:36.340] INFO  server stopped
[24.09.2026 02:48:36.340] INFO  cleaning up gesture state
[24.09.2026 02:48:36.340] INFO  gesture state cleaned up
[24.09.2026 02:48:36.340] INFO  cleaning up toggle subscriptions
[24.09.2026 02:48:36.340] INFO  toggle subscriptions cleaned up
[24.09.2026 02:48:36.340] INFO  cleaning up notes subscriptions
[24.09.2026 02:48:36.340] INFO  notes subscriptions cleaned up
[24.09.2026 02:48:36.340] INFO  cleaning up track subscriptions
[24.09.2026 02:48:36.340] INFO  track subscriptions cleaned up
[24.09.2026 02:48:36.340] INFO  cleaning up peaks subscriptions
[24.09.2026 02:48:36.340] INFO  peaks subscriptions cleaned up
[24.09.2026 02:48:36.340] INFO  cleaning up routing subscriptions
[24.09.2026 02:48:36.340] INFO  routing subscriptions cleaned up
[24.09.2026 02:48:36.340] INFO  cleaning up track FX subscriptions
[24.09.2026 02:48:36.340] INFO  track FX subscriptions cleaned up
[24.09.2026 02:48:36.340] INFO  cleaning up track FX param subscriptions
[24.09.2026 02:48:36.340] INFO  track FX param subscriptions cleaned up
[24.09.2026 02:48:36.340] INFO  cleaning up tuner subscriptions
[24.09.2026 02:48:36.340] INFO  tuner subscriptions cleaned up
[24.09.2026 02:48:36.340] INFO  cleaning up tile cache
[24.09.2026 02:48:36.340] INFO  tile cache cleaned up
[24.09.2026 02:48:36.340] INFO  cleaning up GUID cache
[24.09.2026 02:48:36.340] INFO  GUID cache cleaned up
[24.09.2026 02:48:36.340] INFO  cleaning up item GUID cache
[24.09.2026 02:48:36.340] INFO  item GUID cache cleaned up
[24.09.2026 02:48:36.340] INFO  cleaning up shared state
[24.09.2026 02:48:36.340] INFO  shared state cleaned up
[24.09.2026 02:48:36.340] INFO  cleaning up tiered arenas
[24.09.2026 02:48:36.343] INFO  tiered arenas cleaned up
[24.09.2026 02:48:36.343] INFO  shutdown() complete
=== Extension Unloaded ===

=== Reamo Extension Log ===
[24.09.2026 02:48:41.409] INFO  REAmo v0.7.3 starting
[24.09.2026 02:48:41.409] INFO  Project entities: tracks=1 items=0 markers=0 regions=0 fx=1 sends=0 tempo=0
[24.09.2026 02:48:41.409] INFO  Arena sizes: HIGH=1011KB MEDIUM=4045KB LOW=126KB SCRATCH=10113KB total=19MB
[24.09.2026 02:48:41.411] INFO  Tiered arenas initialized: 19MB total
[24.09.2026 02:48:41.411] INFO  Session token generated
[24.09.2026 02:48:41.411] INFO  CSurf registered for push-based callbacks
[24.09.2026 02:48:41.411] INFO  Auto-detected hostname: MacBookPro.ht.home
[24.09.2026 02:48:41.411] INFO  Loaded 0 playlists from project
[24.09.2026 02:48:41.411] INFO  Initialization complete, waiting for warmup
[24.09.2026 02:48:42.577] INFO  Initialization complete, starting processing timer
[24.09.2026 02:48:43.522] INFO  Starting HTTP+WS server (deferred)...
[24.09.2026 02:48:43.523] INFO  HTTP+WS server started on port 9224
[24.09.2026 02:48:43.523] INFO  FastTimer: started at 10ms interval (native)
[24.09.2026 03:28:49.606] INFO  shutdown() called
[24.09.2026 03:28:49.606] INFO  FastTimer: stopped
[24.09.2026 03:28:49.606] INFO  timers stopped
[24.09.2026 03:28:49.606] INFO  cleaning up CSurf
[24.09.2026 03:28:49.606] INFO  CSurf cleaned up
[24.09.2026 03:28:49.606] INFO  cleaning up audio stream
[24.09.2026 03:28:49.606] INFO  audio stream cleaned up
[24.09.2026 03:28:49.606] INFO  menu: unregistered
[24.09.2026 03:28:49.606] INFO  stopping server
[24.09.2026 03:28:49.608] INFO  server stopped
[24.09.2026 03:28:49.608] INFO  cleaning up gesture state
[24.09.2026 03:28:49.608] INFO  gesture state cleaned up
[24.09.2026 03:28:49.608] INFO  cleaning up toggle subscriptions
[24.09.2026 03:28:49.608] INFO  toggle subscriptions cleaned up
[24.09.2026 03:28:49.609] INFO  cleaning up notes subscriptions
[24.09.2026 03:28:49.609] INFO  notes subscriptions cleaned up
[24.09.2026 03:28:49.609] INFO  cleaning up track subscriptions
[24.09.2026 03:28:49.609] INFO  track subscriptions cleaned up
[24.09.2026 03:28:49.609] INFO  cleaning up peaks subscriptions
[24.09.2026 03:28:49.609] INFO  peaks subscriptions cleaned up
[24.09.2026 03:28:49.609] INFO  cleaning up routing subscriptions
[24.09.2026 03:28:49.609] INFO  routing subscriptions cleaned up
[24.09.2026 03:28:49.609] INFO  cleaning up track FX subscriptions
[24.09.2026 03:28:49.609] INFO  track FX subscriptions cleaned up
[24.09.2026 03:28:49.609] INFO  cleaning up track FX param subscriptions
[24.09.2026 03:28:49.609] INFO  track FX param subscriptions cleaned up
[24.09.2026 03:28:49.609] INFO  cleaning up tuner subscriptions
[24.09.2026 03:28:49.609] INFO  tuner subscriptions cleaned up
[24.09.2026 03:28:49.609] INFO  cleaning up tile cache
[24.09.2026 03:28:49.609] INFO  tile cache cleaned up
[24.09.2026 03:28:49.609] INFO  cleaning up GUID cache
[24.09.2026 03:28:49.609] INFO  GUID cache cleaned up
[24.09.2026 03:28:49.609] INFO  cleaning up item GUID cache
[24.09.2026 03:28:49.609] INFO  item GUID cache cleaned up
[24.09.2026 03:28:49.610] INFO  cleaning up shared state
[24.09.2026 03:28:49.610] INFO  shared state cleaned up
[24.09.2026 03:28:49.610] INFO  cleaning up tiered arenas
[24.09.2026 03:28:49.613] INFO  tiered arenas cleaned up
[24.09.2026 03:28:49.613] INFO  shutdown() complete
=== Extension Unloaded ===

=== Reamo Extension Log ===
[24.09.2026 13:38:54.838] INFO  REAmo v0.7.3 starting
[24.09.2026 13:38:54.839] INFO  Project entities: tracks=1 items=0 markers=0 regions=0 fx=1 sends=0 tempo=0
[24.09.2026 13:38:54.839] INFO  Arena sizes: HIGH=1011KB MEDIUM=4045KB LOW=126KB SCRATCH=10113KB total=19MB
[24.09.2026 13:38:54.840] INFO  Tiered arenas initialized: 19MB total
[24.09.2026 13:38:54.840] INFO  Session token generated
[24.09.2026 13:38:54.840] INFO  CSurf registered for push-based callbacks
[24.09.2026 13:38:54.840] INFO  Auto-detected hostname: MacBookPro.ht.home
[24.09.2026 13:38:54.840] INFO  Loaded 0 playlists from project
[24.09.2026 13:38:54.840] INFO  Initialization complete, waiting for warmup
[24.09.2026 13:38:56.660] INFO  Initialization complete, starting processing timer
[24.09.2026 13:38:57.656] INFO  Starting HTTP+WS server (deferred)...
[24.09.2026 13:38:57.658] INFO  HTTP+WS server started on port 9224
[24.09.2026 13:38:57.658] INFO  FastTimer: started at 10ms interval (native)
=== Reamo Extension Log ===
[24.09.2026 18:25:00.850] INFO  REAmo v0.7.3 starting
[24.09.2026 18:25:00.851] INFO  Project entities: tracks=1 items=0 markers=0 regions=0 fx=1 sends=0 tempo=0
[24.09.2026 18:25:00.851] INFO  Arena sizes: HIGH=1011KB MEDIUM=4045KB LOW=126KB SCRATCH=10113KB total=19MB
[24.09.2026 18:25:00.853] INFO  Tiered arenas initialized: 19MB total
[24.09.2026 18:25:00.853] INFO  Session token generated
[24.09.2026 18:25:00.853] INFO  CSurf registered for push-based callbacks
[24.09.2026 18:25:00.853] INFO  Auto-detected hostname: Jonathans-M1-MacBook-Pro-3.local
[24.09.2026 18:25:00.853] INFO  Loaded 0 playlists from project
[24.09.2026 18:25:00.853] INFO  Initialization complete, waiting for warmup
[24.09.2026 18:25:02.897] INFO  Initialization complete, starting processing timer
[24.09.2026 18:25:03.893] INFO  Starting HTTP+WS server (deferred)...
[24.09.2026 18:25:03.895] INFO  HTTP+WS server started on port 9224
[24.09.2026 18:25:03.896] INFO  FastTimer: started at 10ms interval (native)
=== Reamo Extension Log ===
[24.09.2026 18:37:33.163] INFO  REAmo v0.7.3 starting
[24.09.2026 18:37:33.163] INFO  Project entities: tracks=1 items=0 markers=0 regions=0 fx=1 sends=0 tempo=0
[24.09.2026 18:37:33.163] INFO  Arena sizes: HIGH=1011KB MEDIUM=4045KB LOW=126KB SCRATCH=10113KB total=19MB
[24.09.2026 18:37:33.165] INFO  Tiered arenas initialized: 19MB total
[24.09.2026 18:37:33.165] INFO  Session token generated
[24.09.2026 18:37:33.165] INFO  CSurf registered for push-based callbacks
[24.09.2026 18:37:33.165] INFO  Auto-detected hostname: Jonathans-M1-MacBook-Pro-3.local
[24.09.2026 18:37:33.165] INFO  Loaded 0 playlists from project
[24.09.2026 18:37:33.165] INFO  Initialization complete, waiting for warmup
[24.09.2026 18:37:34.915] INFO  Initialization complete, starting processing timer
[24.09.2026 18:37:35.864] INFO  Starting HTTP+WS server (deferred)...
[24.09.2026 18:37:35.867] INFO  HTTP+WS server started on port 9224
[24.09.2026 18:37:35.867] INFO  FastTimer: started at 10ms interval (native)
=== Reamo Extension Log ===
[24.09.2026 20:06:13.637] INFO  REAmo v0.7.3 starting
[24.09.2026 20:06:13.638] INFO  Project entities: tracks=1 items=0 markers=0 regions=0 fx=1 sends=0 tempo=0
[24.09.2026 20:06:13.638] INFO  Arena sizes: HIGH=1011KB MEDIUM=4045KB LOW=126KB SCRATCH=10113KB total=19MB
[24.09.2026 20:06:13.641] INFO  Tiered arenas initialized: 19MB total
[24.09.2026 20:06:13.641] INFO  Session token generated
[24.09.2026 20:06:13.641] INFO  CSurf registered for push-based callbacks
[24.09.2026 20:06:13.641] INFO  Auto-detected hostname: Jonathans-M1-MacBook-Pro-3.local
[24.09.2026 20:06:13.641] INFO  Loaded 0 playlists from project
[24.09.2026 20:06:13.641] INFO  Initialization complete, waiting for warmup
[24.09.2026 20:06:15.521] INFO  Initialization complete, starting processing timer
[24.09.2026 20:06:16.454] INFO  Starting HTTP+WS server (deferred)...
[24.09.2026 20:06:16.457] INFO  HTTP+WS server started on port 9224
[24.09.2026 20:06:16.457] INFO  FastTimer: started at 10ms interval (native)
[24.09.2026 23:55:46.375] INFO  shutdown() called
[24.09.2026 23:55:46.376] INFO  FastTimer: stopped
[24.09.2026 23:55:46.376] INFO  timers stopped
[24.09.2026 23:55:46.376] INFO  cleaning up CSurf
[24.09.2026 23:55:46.376] INFO  CSurf cleaned up
[24.09.2026 23:55:46.376] INFO  cleaning up audio stream
[24.09.2026 23:55:46.376] INFO  audio stream cleaned up
[24.09.2026 23:55:46.376] INFO  menu: unregistered
[24.09.2026 23:55:46.376] INFO  stopping server
[24.09.2026 23:55:46.379] INFO  server stopped
[24.09.2026 23:55:46.379] INFO  cleaning up gesture state
[24.09.2026 23:55:46.379] INFO  gesture state cleaned up
[24.09.2026 23:55:46.379] INFO  cleaning up toggle subscriptions
[24.09.2026 23:55:46.379] INFO  toggle subscriptions cleaned up
[24.09.2026 23:55:46.379] INFO  cleaning up notes subscriptions
[24.09.2026 23:55:46.379] INFO  notes subscriptions cleaned up
[24.09.2026 23:55:46.379] INFO  cleaning up track subscriptions
[24.09.2026 23:55:46.379] INFO  track subscriptions cleaned up
[24.09.2026 23:55:46.379] INFO  cleaning up peaks subscriptions
[24.09.2026 23:55:46.379] INFO  peaks subscriptions cleaned up
[24.09.2026 23:55:46.379] INFO  cleaning up routing subscriptions
[24.09.2026 23:55:46.379] INFO  routing subscriptions cleaned up
[24.09.2026 23:55:46.379] INFO  cleaning up track FX subscriptions
[24.09.2026 23:55:46.379] INFO  track FX subscriptions cleaned up
[24.09.2026 23:55:46.379] INFO  cleaning up track FX param subscriptions
[24.09.2026 23:55:46.379] INFO  track FX param subscriptions cleaned up
[24.09.2026 23:55:46.379] INFO  cleaning up tuner subscriptions
[24.09.2026 23:55:46.379] INFO  tuner subscriptions cleaned up
[24.09.2026 23:55:46.379] INFO  cleaning up tile cache
[24.09.2026 23:55:46.379] INFO  tile cache cleaned up
[24.09.2026 23:55:46.379] INFO  cleaning up GUID cache
[24.09.2026 23:55:46.379] INFO  GUID cache cleaned up
[24.09.2026 23:55:46.379] INFO  cleaning up item GUID cache
[24.09.2026 23:55:46.379] INFO  item GUID cache cleaned up
[24.09.2026 23:55:46.379] INFO  cleaning up shared state
[24.09.2026 23:55:46.379] INFO  shared state cleaned up
[24.09.2026 23:55:46.379] INFO  cleaning up tiered arenas
[24.09.2026 23:55:46.383] INFO  tiered arenas cleaned up
[24.09.2026 23:55:46.383] INFO  shutdown() complete
=== Extension Unloaded ===

=== Reamo Extension Log ===
[24.09.2026 23:56:01.033] INFO  REAmo v0.7.3 starting
[24.09.2026 23:56:01.034] INFO  Project entities: tracks=1 items=0 markers=0 regions=0 fx=1 sends=0 tempo=0
[24.09.2026 23:56:01.034] INFO  Arena sizes: HIGH=1011KB MEDIUM=4045KB LOW=126KB SCRATCH=10113KB total=19MB
[24.09.2026 23:56:01.036] INFO  Tiered arenas initialized: 19MB total
[24.09.2026 23:56:01.047] INFO  Session token generated
[24.09.2026 23:56:01.047] INFO  CSurf registered for push-based callbacks
[24.09.2026 23:56:01.047] INFO  Auto-detected hostname: MacBookPro.ht.home
[24.09.2026 23:56:01.047] INFO  Loaded 0 playlists from project
[24.09.2026 23:56:01.047] INFO  Initialization complete, waiting for warmup
[24.09.2026 23:56:02.865] INFO  Initialization complete, starting processing timer
[24.09.2026 23:56:03.822] INFO  Starting HTTP+WS server (deferred)...
[24.09.2026 23:56:03.825] INFO  HTTP+WS server started on port 9224
[24.09.2026 23:56:03.825] INFO  FastTimer: started at 10ms interval (native)
[25.09.2026 01:45:06.813] INFO  shutdown() called
[25.09.2026 01:45:06.831] INFO  FastTimer: stopped
[25.09.2026 01:45:06.831] INFO  timers stopped
[25.09.2026 01:45:06.831] INFO  cleaning up CSurf
[25.09.2026 01:45:06.832] INFO  CSurf cleaned up
[25.09.2026 01:45:06.832] INFO  cleaning up audio stream
[25.09.2026 01:45:06.832] INFO  audio stream cleaned up
[25.09.2026 01:45:06.832] INFO  menu: unregistered
[25.09.2026 01:45:06.832] INFO  stopping server
[25.09.2026 01:45:06.833] INFO  server stopped
[25.09.2026 01:45:06.833] INFO  cleaning up gesture state
[25.09.2026 01:45:06.833] INFO  gesture state cleaned up
[25.09.2026 01:45:06.833] INFO  cleaning up toggle subscriptions
[25.09.2026 01:45:06.833] INFO  toggle subscriptions cleaned up
[25.09.2026 01:45:06.834] INFO  cleaning up notes subscriptions
[25.09.2026 01:45:06.834] INFO  notes subscriptions cleaned up
[25.09.2026 01:45:06.834] INFO  cleaning up track subscriptions
[25.09.2026 01:45:06.834] INFO  track subscriptions cleaned up
[25.09.2026 01:45:06.834] INFO  cleaning up peaks subscriptions
[25.09.2026 01:45:06.836] INFO  peaks subscriptions cleaned up
[25.09.2026 01:45:06.836] INFO  cleaning up routing subscriptions
[25.09.2026 01:45:06.836] INFO  routing subscriptions cleaned up
[25.09.2026 01:45:06.836] INFO  cleaning up track FX subscriptions
[25.09.2026 01:45:06.836] INFO  track FX subscriptions cleaned up
[25.09.2026 01:45:06.836] INFO  cleaning up track FX param subscriptions
[25.09.2026 01:45:06.836] INFO  track FX param subscriptions cleaned up
[25.09.2026 01:45:06.836] INFO  cleaning up tuner subscriptions
[25.09.2026 01:45:06.836] INFO  tuner subscriptions cleaned up
[25.09.2026 01:45:06.836] INFO  cleaning up tile cache
[25.09.2026 01:45:06.836] INFO  tile cache cleaned up
[25.09.2026 01:45:06.836] INFO  cleaning up GUID cache
[25.09.2026 01:45:06.836] INFO  GUID cache cleaned up
[25.09.2026 01:45:06.836] INFO  cleaning up item GUID cache
[25.09.2026 01:45:06.836] INFO  item GUID cache cleaned up
[25.09.2026 01:45:06.836] INFO  cleaning up shared state
[25.09.2026 01:45:06.836] INFO  shared state cleaned up
[25.09.2026 01:45:06.836] INFO  cleaning up tiered arenas
[25.09.2026 01:45:06.842] INFO  tiered arenas cleaned up
[25.09.2026 01:45:06.842] INFO  shutdown() complete
=== Extension Unloaded ===

=== Reamo Extension Log ===
[25.09.2026 03:02:00.874] INFO  REAmo v0.7.3 starting
[25.09.2026 03:02:00.874] INFO  Project entities: tracks=2 items=14 markers=139 regions=14 fx=1 sends=0 tempo=0
[25.09.2026 03:02:00.874] INFO  Arena sizes: HIGH=1011KB MEDIUM=4045KB LOW=126KB SCRATCH=10113KB total=19MB
[25.09.2026 03:02:00.876] INFO  Tiered arenas initialized: 19MB total
[25.09.2026 03:02:00.876] INFO  Session token generated
[25.09.2026 03:02:00.876] INFO  CSurf registered for push-based callbacks
[25.09.2026 03:02:00.876] INFO  Auto-detected hostname: MacBookPro.ht.home
[25.09.2026 03:02:00.876] INFO  Loaded 0 playlists from project
[25.09.2026 03:02:00.876] INFO  Initialization complete, waiting for warmup
[25.09.2026 03:02:02.962] INFO  Initialization complete, starting processing timer
[25.09.2026 03:02:03.996] INFO  Starting HTTP+WS server (deferred)...
[25.09.2026 03:02:03.998] INFO  HTTP+WS server started on port 9224
[25.09.2026 03:02:03.998] INFO  FastTimer: started at 10ms interval (native)
[25.09.2026 15:18:50.566] INFO  shutdown() called
[25.09.2026 15:18:50.567] INFO  FastTimer: stopped
[25.09.2026 15:18:50.567] INFO  timers stopped
[25.09.2026 15:18:50.567] INFO  cleaning up CSurf
[25.09.2026 15:18:50.567] INFO  CSurf cleaned up
[25.09.2026 15:18:50.567] INFO  cleaning up audio stream
[25.09.2026 15:18:50.567] INFO  audio stream cleaned up
[25.09.2026 15:18:50.567] INFO  menu: unregistered
[25.09.2026 15:18:50.567] INFO  stopping server
[25.09.2026 15:18:50.569] INFO  server stopped
[25.09.2026 15:18:50.569] INFO  cleaning up gesture state
[25.09.2026 15:18:50.569] INFO  gesture state cleaned up
[25.09.2026 15:18:50.569] INFO  cleaning up toggle subscriptions
[25.09.2026 15:18:50.569] INFO  toggle subscriptions cleaned up
[25.09.2026 15:18:50.569] INFO  cleaning up notes subscriptions
[25.09.2026 15:18:50.570] INFO  notes subscriptions cleaned up
[25.09.2026 15:18:50.570] INFO  cleaning up track subscriptions
[25.09.2026 15:18:50.570] INFO  track subscriptions cleaned up
[25.09.2026 15:18:50.570] INFO  cleaning up peaks subscriptions
[25.09.2026 15:18:50.570] INFO  peaks subscriptions cleaned up
[25.09.2026 15:18:50.570] INFO  cleaning up routing subscriptions
[25.09.2026 15:18:50.570] INFO  routing subscriptions cleaned up
[25.09.2026 15:18:50.570] INFO  cleaning up track FX subscriptions
[25.09.2026 15:18:50.570] INFO  track FX subscriptions cleaned up
[25.09.2026 15:18:50.570] INFO  cleaning up track FX param subscriptions
[25.09.2026 15:18:50.570] INFO  track FX param subscriptions cleaned up
[25.09.2026 15:18:50.570] INFO  cleaning up tuner subscriptions
[25.09.2026 15:18:50.570] INFO  tuner subscriptions cleaned up
[25.09.2026 15:18:50.570] INFO  cleaning up tile cache
[25.09.2026 15:18:50.570] INFO  tile cache cleaned up
[25.09.2026 15:18:50.570] INFO  cleaning up GUID cache
[25.09.2026 15:18:50.570] INFO  GUID cache cleaned up
[25.09.2026 15:18:50.570] INFO  cleaning up item GUID cache
[25.09.2026 15:18:50.570] INFO  item GUID cache cleaned up
[25.09.2026 15:18:50.570] INFO  cleaning up shared state
[25.09.2026 15:18:50.570] INFO  shared state cleaned up
[25.09.2026 15:18:50.570] INFO  cleaning up tiered arenas
[25.09.2026 15:18:50.574] INFO  tiered arenas cleaned up
[25.09.2026 15:18:50.574] INFO  shutdown() complete
=== Extension Unloaded ===

=== Reamo Extension Log ===
[25.09.2026 15:18:59.350] INFO  REAmo v0.7.3 starting
[25.09.2026 15:18:59.350] INFO  Project entities: tracks=1 items=0 markers=0 regions=0 fx=1 sends=0 tempo=0
[25.09.2026 15:18:59.350] INFO  Arena sizes: HIGH=1011KB MEDIUM=4045KB LOW=126KB SCRATCH=10113KB total=19MB
[25.09.2026 15:18:59.352] INFO  Tiered arenas initialized: 19MB total
[25.09.2026 15:18:59.352] INFO  Session token generated
[25.09.2026 15:18:59.352] INFO  CSurf registered for push-based callbacks
[25.09.2026 15:18:59.352] INFO  Auto-detected hostname: MacBookPro.ht.home
[25.09.2026 15:18:59.352] INFO  Loaded 0 playlists from project
[25.09.2026 15:18:59.352] INFO  Initialization complete, waiting for warmup
[25.09.2026 15:19:01.128] INFO  Initialization complete, starting processing timer
[25.09.2026 15:19:02.102] INFO  Starting HTTP+WS server (deferred)...
[25.09.2026 15:19:02.104] INFO  HTTP+WS server started on port 9224
[25.09.2026 15:19:02.104] INFO  FastTimer: started at 10ms interval (native)
[25.09.2026 16:06:01.498] INFO  shutdown() called
[25.09.2026 16:06:01.499] INFO  FastTimer: stopped
[25.09.2026 16:06:01.499] INFO  timers stopped
[25.09.2026 16:06:01.499] INFO  cleaning up CSurf
[25.09.2026 16:06:01.500] INFO  CSurf cleaned up
[25.09.2026 16:06:01.500] INFO  cleaning up audio stream
[25.09.2026 16:06:01.500] INFO  audio stream cleaned up
[25.09.2026 16:06:01.500] INFO  menu: unregistered
[25.09.2026 16:06:01.500] INFO  stopping server
[25.09.2026 16:06:01.500] INFO  server stopped
[25.09.2026 16:06:01.500] INFO  cleaning up gesture state
[25.09.2026 16:06:01.500] INFO  gesture state cleaned up
[25.09.2026 16:06:01.500] INFO  cleaning up toggle subscriptions
[25.09.2026 16:06:01.500] INFO  toggle subscriptions cleaned up
[25.09.2026 16:06:01.501] INFO  cleaning up notes subscriptions
[25.09.2026 16:06:01.501] INFO  notes subscriptions cleaned up
[25.09.2026 16:06:01.501] INFO  cleaning up track subscriptions
[25.09.2026 16:06:01.501] INFO  track subscriptions cleaned up
[25.09.2026 16:06:01.501] INFO  cleaning up peaks subscriptions
[25.09.2026 16:06:01.501] INFO  peaks subscriptions cleaned up
[25.09.2026 16:06:01.501] INFO  cleaning up routing subscriptions
[25.09.2026 16:06:01.501] INFO  routing subscriptions cleaned up
[25.09.2026 16:06:01.501] INFO  cleaning up track FX subscriptions
[25.09.2026 16:06:01.501] INFO  track FX subscriptions cleaned up
[25.09.2026 16:06:01.501] INFO  cleaning up track FX param subscriptions
[25.09.2026 16:06:01.501] INFO  track FX param subscriptions cleaned up
[25.09.2026 16:06:01.501] INFO  cleaning up tuner subscriptions
[25.09.2026 16:06:01.501] INFO  tuner subscriptions cleaned up
[25.09.2026 16:06:01.501] INFO  cleaning up tile cache
[25.09.2026 16:06:01.501] INFO  tile cache cleaned up
[25.09.2026 16:06:01.501] INFO  cleaning up GUID cache
[25.09.2026 16:06:01.501] INFO  GUID cache cleaned up
[25.09.2026 16:06:01.501] INFO  cleaning up item GUID cache
[25.09.2026 16:06:01.501] INFO  item GUID cache cleaned up
[25.09.2026 16:06:01.501] INFO  cleaning up shared state
[25.09.2026 16:06:01.501] INFO  shared state cleaned up
[25.09.2026 16:06:01.501] INFO  cleaning up tiered arenas
[25.09.2026 16:06:01.503] INFO  tiered arenas cleaned up
[25.09.2026 16:06:01.503] INFO  shutdown() complete
=== Extension Unloaded ===

=== Reamo Extension Log ===
[25.09.2026 16:09:47.108] INFO  REAmo v0.7.3 starting
[25.09.2026 16:09:47.108] INFO  Project entities: tracks=1 items=0 markers=0 regions=0 fx=1 sends=0 tempo=0
[25.09.2026 16:09:47.108] INFO  Arena sizes: HIGH=1011KB MEDIUM=4045KB LOW=126KB SCRATCH=10113KB total=19MB
[25.09.2026 16:09:47.111] INFO  Tiered arenas initialized: 19MB total
[25.09.2026 16:09:47.111] INFO  Session token generated
[25.09.2026 16:09:47.112] INFO  CSurf registered for push-based callbacks
[25.09.2026 16:09:47.112] INFO  Auto-detected hostname: MacBookPro.ht.home
[25.09.2026 16:09:47.112] INFO  Loaded 0 playlists from project
[25.09.2026 16:09:47.112] INFO  Initialization complete, waiting for warmup
[25.09.2026 16:09:49.785] INFO  Initialization complete, starting processing timer
[25.09.2026 16:09:50.730] INFO  Starting HTTP+WS server (deferred)...
[25.09.2026 16:09:50.733] INFO  HTTP+WS server started on port 9224
[25.09.2026 16:09:50.733] INFO  FastTimer: started at 10ms interval (native)
=== Reamo Extension Log ===
[25.09.2026 20:53:38.456] INFO  REAmo v0.7.3 starting
[25.09.2026 20:53:38.456] INFO  Project entities: tracks=1 items=0 markers=0 regions=0 fx=1 sends=0 tempo=0
[25.09.2026 20:53:38.456] INFO  Arena sizes: HIGH=1011KB MEDIUM=4045KB LOW=126KB SCRATCH=10113KB total=19MB
[25.09.2026 20:53:38.458] INFO  Tiered arenas initialized: 19MB total
[25.09.2026 20:53:38.458] INFO  Session token generated
[25.09.2026 20:53:38.458] INFO  CSurf registered for push-based callbacks
[25.09.2026 20:53:38.458] INFO  Auto-detected hostname: MacBookPro.ht.home
[25.09.2026 20:53:38.458] INFO  Loaded 0 playlists from project
[25.09.2026 20:53:38.458] INFO  Initialization complete, waiting for warmup
[25.09.2026 20:53:40.140] INFO  Initialization complete, starting processing timer
[25.09.2026 20:53:41.129] INFO  Starting HTTP+WS server (deferred)...
[25.09.2026 20:53:41.130] INFO  HTTP+WS server started on port 9224
[25.09.2026 20:53:41.131] INFO  FastTimer: started at 10ms interval (native)
=== Reamo Extension Log ===
[25.09.2026 20:56:59.942] INFO  REAmo v0.7.3 starting
[25.09.2026 20:56:59.942] INFO  Project entities: tracks=1 items=0 markers=0 regions=0 fx=1 sends=0 tempo=0
[25.09.2026 20:56:59.942] INFO  Arena sizes: HIGH=1011KB MEDIUM=4045KB LOW=126KB SCRATCH=10113KB total=19MB
[25.09.2026 20:56:59.944] INFO  Tiered arenas initialized: 19MB total
[25.09.2026 20:56:59.944] INFO  Session token generated
[25.09.2026 20:56:59.944] INFO  CSurf registered for push-based callbacks
[25.09.2026 20:56:59.944] INFO  Auto-detected hostname: MacBookPro.ht.home
[25.09.2026 20:56:59.944] INFO  Loaded 0 playlists from project
[25.09.2026 20:56:59.944] INFO  Initialization complete, waiting for warmup
[25.09.2026 20:57:01.638] INFO  Initialization complete, starting processing timer
[25.09.2026 20:57:02.698] INFO  Starting HTTP+WS server (deferred)...
[25.09.2026 20:57:02.700] INFO  HTTP+WS server started on port 9224
[25.09.2026 20:57:02.700] INFO  FastTimer: started at 10ms interval (native)
=== Reamo Extension Log ===
[25.09.2026 20:58:36.257] INFO  REAmo v0.7.3 starting
[25.09.2026 20:58:36.258] INFO  Project entities: tracks=1 items=0 markers=0 regions=0 fx=1 sends=0 tempo=0
[25.09.2026 20:58:36.258] INFO  Arena sizes: HIGH=1011KB MEDIUM=4045KB LOW=126KB SCRATCH=10113KB total=19MB
[25.09.2026 20:58:36.260] INFO  Tiered arenas initialized: 19MB total
[25.09.2026 20:58:36.261] INFO  Session token generated
[25.09.2026 20:58:36.261] INFO  CSurf registered for push-based callbacks
[25.09.2026 20:58:36.261] INFO  Auto-detected hostname: MacBookPro.ht.home
[25.09.2026 20:58:36.261] INFO  Loaded 0 playlists from project
[25.09.2026 20:58:36.261] INFO  Initialization complete, waiting for warmup
[25.09.2026 20:58:37.786] INFO  Initialization complete, starting processing timer
[25.09.2026 20:58:38.823] INFO  Starting HTTP+WS server (deferred)...
[25.09.2026 20:58:38.824] INFO  HTTP+WS server started on port 9224
[25.09.2026 20:58:38.824] INFO  FastTimer: started at 10ms interval (native)
=== Reamo Extension Log ===
[25.09.2026 20:59:42.057] INFO  REAmo v0.7.3 starting
[25.09.2026 20:59:42.057] INFO  Project entities: tracks=1 items=0 markers=0 regions=0 fx=1 sends=0 tempo=0
[25.09.2026 20:59:42.057] INFO  Arena sizes: HIGH=1011KB MEDIUM=4045KB LOW=126KB SCRATCH=10113KB total=19MB
[25.09.2026 20:59:42.059] INFO  Tiered arenas initialized: 19MB total
[25.09.2026 20:59:42.059] INFO  Session token generated
[25.09.2026 20:59:42.059] INFO  CSurf registered for push-based callbacks
[25.09.2026 20:59:42.059] INFO  Auto-detected hostname: MacBookPro.ht.home
[25.09.2026 20:59:42.059] INFO  Loaded 0 playlists from project
[25.09.2026 20:59:42.059] INFO  Initialization complete, waiting for warmup
[25.09.2026 20:59:43.243] INFO  Initialization complete, starting processing timer
[25.09.2026 20:59:44.235] INFO  Starting HTTP+WS server (deferred)...
[25.09.2026 20:59:44.236] INFO  HTTP+WS server started on port 9224
[25.09.2026 20:59:44.236] INFO  FastTimer: started at 10ms interval (native)
=== Reamo Extension Log ===
[25.09.2026 21:05:36.902] INFO  REAmo v0.7.3 starting
[25.09.2026 21:05:36.902] INFO  Project entities: tracks=1 items=0 markers=0 regions=0 fx=1 sends=0 tempo=0
[25.09.2026 21:05:36.902] INFO  Arena sizes: HIGH=1011KB MEDIUM=4045KB LOW=126KB SCRATCH=10113KB total=19MB
[25.09.2026 21:05:36.904] INFO  Tiered arenas initialized: 19MB total
[25.09.2026 21:05:36.904] INFO  Session token generated
[25.09.2026 21:05:36.904] INFO  CSurf registered for push-based callbacks
[25.09.2026 21:05:36.904] INFO  Auto-detected hostname: MacBookPro.ht.home
[25.09.2026 21:05:36.904] INFO  Loaded 0 playlists from project
[25.09.2026 21:05:36.904] INFO  Initialization complete, waiting for warmup
[25.09.2026 21:05:38.139] INFO  Initialization complete, starting processing timer
[25.09.2026 21:05:39.089] INFO  Starting HTTP+WS server (deferred)...
[25.09.2026 21:05:39.093] INFO  HTTP+WS server started on port 9224
[25.09.2026 21:05:39.093] INFO  FastTimer: started at 10ms interval (native)
=== Reamo Extension Log ===
[25.09.2026 21:17:37.199] INFO  REAmo v0.7.3 starting
[25.09.2026 21:17:37.199] INFO  Project entities: tracks=1 items=0 markers=0 regions=0 fx=1 sends=0 tempo=0
[25.09.2026 21:17:37.199] INFO  Arena sizes: HIGH=1011KB MEDIUM=4045KB LOW=126KB SCRATCH=10113KB total=19MB
[25.09.2026 21:17:37.201] INFO  Tiered arenas initialized: 19MB total
[25.09.2026 21:17:37.201] INFO  Session token generated
[25.09.2026 21:17:37.201] INFO  CSurf registered for push-based callbacks
[25.09.2026 21:17:37.201] INFO  Auto-detected hostname: MacBookPro.ht.home
[25.09.2026 21:17:37.201] INFO  Loaded 0 playlists from project
[25.09.2026 21:17:37.201] INFO  Initialization complete, waiting for warmup
[25.09.2026 21:17:38.334] INFO  Initialization complete, starting processing timer
[25.09.2026 21:17:39.276] INFO  Starting HTTP+WS server (deferred)...
[25.09.2026 21:17:39.283] INFO  HTTP+WS server started on port 9224
[25.09.2026 21:17:39.283] INFO  FastTimer: started at 10ms interval (native)
=== Reamo Extension Log ===
[26.09.2026 14:13:00.740] INFO  REAmo v0.7.3 starting
[26.09.2026 14:13:00.740] INFO  Project entities: tracks=1 items=0 markers=0 regions=0 fx=1 sends=0 tempo=0
[26.09.2026 14:13:00.740] INFO  Arena sizes: HIGH=1011KB MEDIUM=4045KB LOW=126KB SCRATCH=10113KB total=19MB
[26.09.2026 14:13:00.742] INFO  Tiered arenas initialized: 19MB total
[26.09.2026 14:13:00.742] INFO  Session token generated
[26.09.2026 14:13:00.742] INFO  CSurf registered for push-based callbacks
[26.09.2026 14:13:00.742] INFO  Auto-detected hostname: MacBookPro.ht.home
[26.09.2026 14:13:00.742] INFO  Loaded 0 playlists from project
[26.09.2026 14:13:00.742] INFO  Initialization complete, waiting for warmup
[26.09.2026 14:13:02.403] INFO  Initialization complete, starting processing timer
[26.09.2026 14:13:03.353] INFO  Starting HTTP+WS server (deferred)...
[26.09.2026 14:13:03.355] INFO  HTTP+WS server started on port 9224
[26.09.2026 14:13:03.355] INFO  FastTimer: started at 10ms interval (native)
[26.09.2026 14:41:40.992] INFO  qr_window: creating dialog, parent_is_null=false
[26.09.2026 14:41:40.999] INFO  qr_window: window created ok
[26.09.2026 14:41:41.000] INFO  qr_window: position (810, 380)
[26.09.2026 14:41:41.000] INFO  qr_window: calling ShowWindow
[26.09.2026 14:41:41.003] INFO  qr_window: show complete
[26.09.2026 14:41:41.003] INFO  Network action: showing QR window with 2 networks
[26.09.2026 14:41:54.094] INFO  CLIENT ADD id=1 total=1
[26.09.2026 14:41:54.122] INFO  CLIENT REMOVE id=1 total=0
[26.09.2026 14:41:54.133] INFO  CLIENT ADD id=2 total=1
[26.09.2026 14:41:54.189] INFO  action/getActions: returning 22438 actions, 1948815 bytes
[26.09.2026 14:41:54.249] INFO  Project changed: (Unsaved)
[26.09.2026 14:41:54.249] INFO  Loaded 0 playlists from new project
[26.09.2026 14:41:54.611] INFO  Track skeleton changed: 1 tracks
[26.09.2026 14:41:55.708] INFO  Track skeleton changed: 2 tracks
[26.09.2026 14:41:55.959] WARN  Track state drift detected without dirty flag (undo/selection/FX drag?)
[26.09.2026 14:41:56.710] INFO  Track skeleton changed: 6 tracks
[26.09.2026 14:42:43.575] INFO  CLIENT REMOVE id=2 total=0
[26.09.2026 14:52:37.139] INFO  CLIENT ADD id=3 total=1
[26.09.2026 14:52:37.152] INFO  CLIENT REMOVE id=3 total=0
[26.09.2026 14:52:37.172] INFO  CLIENT ADD id=4 total=1
[26.09.2026 14:52:37.188] WARN  Track state drift detected without dirty flag (undo/selection/FX drag?)
[26.09.2026 14:52:37.188] INFO  Project changed: (Unsaved)
[26.09.2026 14:52:37.188] INFO  Loaded 0 playlists from new project
[26.09.2026 14:53:33.464] INFO  tuner: inserted JSFX for track {BC4CA81E-8143-D845-91CA-74CADEE179FC} at Input FX index 0
[26.09.2026 14:53:34.020] INFO  tuner: removing JSFX for track {BC4CA81E-8143-D845-91CA-74CADEE179FC} (last subscriber)
[26.09.2026 14:53:34.022] INFO  tuner: deleted JSFX from track {BC4CA81E-8143-D845-91CA-74CADEE179FC} at Input FX position 0
[26.09.2026 14:53:46.823] INFO  CLIENT REMOVE id=4 total=0
[26.09.2026 14:53:46.990] INFO  CLIENT ADD id=5 total=1
[26.09.2026 14:53:47.019] INFO  CLIENT REMOVE id=5 total=0
[26.09.2026 14:53:47.038] INFO  CLIENT ADD id=6 total=1
[26.09.2026 14:53:47.093] INFO  action/getActions: returning 22438 actions, 1948815 bytes
[26.09.2026 14:53:47.097] INFO  Project changed: (Unsaved)
[26.09.2026 14:53:47.097] INFO  Loaded 0 playlists from new project
[26.09.2026 14:54:45.381] INFO  CLIENT REMOVE id=6 total=0
[26.09.2026 14:56:46.996] INFO  CLIENT ADD id=7 total=1
[26.09.2026 14:56:46.997] INFO  Project changed: (Unsaved)
[26.09.2026 14:56:46.997] INFO  Loaded 0 playlists from new project
[26.09.2026 14:56:47.060] INFO  CLIENT REMOVE id=7 total=0
[26.09.2026 14:56:47.080] INFO  CLIENT ADD id=8 total=1
[26.09.2026 14:56:54.248] INFO  CLIENT REMOVE id=8 total=0
[27.09.2026 03:04:25.921] INFO  CLIENT ADD id=9 total=1
[27.09.2026 03:04:25.938] INFO  CLIENT REMOVE id=9 total=0
[27.09.2026 03:04:25.938] INFO  Project changed: (Unsaved)
[27.09.2026 03:04:25.938] INFO  Loaded 0 playlists from new project
[27.09.2026 03:04:25.953] INFO  CLIENT ADD id=10 total=1
[27.09.2026 03:04:26.051] INFO  action/getActions: returning 22438 actions, 1948815 bytes
[27.09.2026 03:04:26.509] INFO  Track skeleton changed: 6 tracks
[27.09.2026 03:04:33.692] INFO  CLIENT REMOVE id=10 total=0
[27.09.2026 03:05:03.072] INFO  CLIENT ADD id=11 total=1
[27.09.2026 03:05:03.078] WARN  Track state drift detected without dirty flag (undo/selection/FX drag?)
[27.09.2026 03:05:03.131] INFO  action/getActions: returning 22438 actions, 1948815 bytes
[27.09.2026 03:05:03.227] INFO  Project changed: (Unsaved)
[27.09.2026 03:05:03.227] INFO  Loaded 0 playlists from new project
[27.09.2026 03:05:21.017] INFO  CLIENT ADD id=12 total=2
[27.09.2026 03:05:21.090] INFO  action/getActions: returning 22438 actions, 1948815 bytes
[27.09.2026 03:05:24.027] INFO  CLIENT REMOVE id=11 total=1
[27.09.2026 03:05:34.120] WARN  Track state drift detected without dirty flag (undo/selection/FX drag?)
[27.09.2026 03:05:35.677] WARN  Track state drift detected without dirty flag (undo/selection/FX drag?)
[27.09.2026 03:05:38.187] WARN  Track state drift detected without dirty flag (undo/selection/FX drag?)
[27.09.2026 03:07:14.821] WARN  Track state drift detected without dirty flag (undo/selection/FX drag?)
[27.09.2026 03:07:23.565] INFO  Track skeleton changed: 6 tracks
[27.09.2026 03:07:26.265] INFO  Track skeleton changed: 6 tracks
[27.09.2026 03:07:27.404] WARN  Track state drift detected without dirty flag (undo/selection/FX drag?)
[27.09.2026 03:07:28.670] WARN  Track state drift detected without dirty flag (undo/selection/FX drag?)
[27.09.2026 03:07:32.594] INFO  Track skeleton changed: 6 tracks
[27.09.2026 03:07:42.457] INFO  tuner: inserted JSFX for track {BC4CA81E-8143-D845-91CA-74CADEE179FC} at Input FX index 0
[27.09.2026 03:07:42.636] INFO  tuner: removing JSFX for track {BC4CA81E-8143-D845-91CA-74CADEE179FC} (last subscriber)
[27.09.2026 03:07:42.639] INFO  tuner: deleted JSFX from track {BC4CA81E-8143-D845-91CA-74CADEE179FC} at Input FX position 0
[27.09.2026 03:07:44.149] INFO  tuner: inserted JSFX for track {BC4CA81E-8143-D845-91CA-74CADEE179FC} at Input FX index 0
[27.09.2026 03:07:44.366] INFO  tuner: removing JSFX for track {BC4CA81E-8143-D845-91CA-74CADEE179FC} (last subscriber)
[27.09.2026 03:07:44.368] INFO  tuner: deleted JSFX from track {BC4CA81E-8143-D845-91CA-74CADEE179FC} at Input FX position 0
[27.09.2026 03:07:53.414] INFO  Track skeleton changed: 6 tracks
[27.09.2026 03:08:06.104] INFO  Track skeleton changed: 6 tracks
[27.09.2026 03:08:07.016] INFO  Track skeleton changed: 6 tracks
[27.09.2026 03:08:09.734] INFO  Track skeleton changed: 6 tracks
[27.09.2026 03:08:18.344] WARN  Track state drift detected without dirty flag (undo/selection/FX drag?)
[27.09.2026 03:08:20.744] WARN  Track state drift detected without dirty flag (undo/selection/FX drag?)
[27.09.2026 03:08:24.075] WARN  Track state drift detected without dirty flag (undo/selection/FX drag?)
[27.09.2026 03:09:00.088] WARN  Track state drift detected without dirty flag (undo/selection/FX drag?)
[27.09.2026 03:09:06.910] WARN  Track state drift detected without dirty flag (undo/selection/FX drag?)
[27.09.2026 03:09:12.335] WARN  Track state drift detected without dirty flag (undo/selection/FX drag?)
[27.09.2026 03:09:14.550] WARN  Track state drift detected without dirty flag (undo/selection/FX drag?)
[27.09.2026 03:09:17.758] WARN  Track state drift detected without dirty flag (undo/selection/FX drag?)
[27.09.2026 03:09:18.930] WARN  Track state drift detected without dirty flag (undo/selection/FX drag?)
[27.09.2026 03:09:49.831] WARN  Track state drift detected without dirty flag (undo/selection/FX drag?)
[27.09.2026 03:09:52.472] WARN  Track state drift detected without dirty flag (undo/selection/FX drag?)
[27.09.2026 03:10:16.516] INFO  CLIENT REMOVE id=12 total=0
[27.09.2026 16:33:10.245] INFO  CLIENT ADD id=13 total=1
[27.09.2026 16:33:12.812] WARN  Track state drift detected without dirty flag (undo/selection/FX drag?)
[27.09.2026 16:33:14.982] INFO  tuner: inserted JSFX for track {BC4CA81E-8143-D845-91CA-74CADEE179FC} at Input FX index 0
[27.09.2026 16:33:15.212] INFO  Project changed: (Unsaved)
[27.09.2026 16:33:15.212] INFO  Loaded 0 playlists from new project
[27.09.2026 16:33:17.289] INFO  tuner: removing JSFX for track {BC4CA81E-8143-D845-91CA-74CADEE179FC} (last subscriber)
[27.09.2026 16:33:17.291] INFO  tuner: deleted JSFX from track {BC4CA81E-8143-D845-91CA-74CADEE179FC} at Input FX position 0
[27.09.2026 16:33:56.446] INFO  peaks_subs: parsed viewport start=0.00, end=10289.48, width=400
[27.09.2026 16:33:56.470] INFO  peaks: force_broadcast triggered
[27.09.2026 16:33:56.471] INFO  peaks: broadcasting to clients (force=true, indices=5)
[27.09.2026 16:33:56.471] INFO  peaks: binary generation returned null for client 13
[27.09.2026 16:33:56.592] INFO  peaks: broadcasting to clients (force=false, indices=5)
[27.09.2026 16:33:56.592] INFO  peaks: binary generation returned null for client 13
[27.09.2026 16:33:56.651] INFO  peaks_subs: updateViewport received start=0.00, end=10289.48, width=1170
[27.09.2026 16:33:56.681] INFO  peaks: force_broadcast triggered
[27.09.2026 16:33:56.681] INFO  peaks: broadcasting to clients (force=true, indices=5)
[27.09.2026 16:33:56.681] INFO  peaks: binary generation returned null for client 13
[27.09.2026 16:34:03.364] WARN  Track state drift detected without dirty flag (undo/selection/FX drag?)
[27.09.2026 16:34:09.386] WARN  Track state drift detected without dirty flag (undo/selection/FX drag?)
[27.09.2026 16:34:15.730] WARN  Track state drift detected without dirty flag (undo/selection/FX drag?)
[27.09.2026 16:34:16.975] WARN  Track state drift detected without dirty flag (undo/selection/FX drag?)
[27.09.2026 16:34:16.975] INFO  peaks: broadcasting to clients (force=false, indices=5)
[27.09.2026 16:34:16.975] INFO  peaks: binary generation returned null for client 13
[27.09.2026 16:34:17.337] INFO  peaks_subs: parsed viewport start=0.00, end=10289.48, width=1170
[27.09.2026 16:34:22.715] INFO  peaks: force_broadcast triggered
[27.09.2026 16:34:22.716] INFO  peaks: broadcasting to clients (force=true, indices=12)
[27.09.2026 16:34:22.718] INFO  peaks_generator: binary success tiles=16 size=5KB (estimated=203KB)
[27.09.2026 16:34:22.718] INFO  peaks: sending 5330 bytes (binary) to client 13
[27.09.2026 16:34:22.731] WARN  Track state drift detected without dirty flag (undo/selection/FX drag?)
[27.09.2026 16:34:22.835] INFO  peaks: broadcasting to clients (force=false, indices=12)
[27.09.2026 16:34:22.835] INFO  peaks_generator: binary success tiles=16 size=5KB (estimated=203KB)
[27.09.2026 16:34:22.835] INFO  peaks: sending 5330 bytes (binary) to client 13
[27.09.2026 16:34:22.896] INFO  Track skeleton changed: 25 tracks
[27.09.2026 16:34:22.956] INFO  peaks: broadcasting to clients (force=false, indices=12)
[27.09.2026 16:34:22.957] INFO  peaks_generator: binary success tiles=16 size=5KB (estimated=203KB)
[27.09.2026 16:34:22.957] INFO  peaks: sending 5330 bytes (binary) to client 13
[27.09.2026 16:34:25.687] WARN  Track state drift detected without dirty flag (undo/selection/FX drag?)
[27.09.2026 16:34:25.704] INFO  peaks_subs: updateViewport received start=0.00, end=1292.82, width=1170
[27.09.2026 16:34:25.704] INFO  peaks_subscriptions: LOD changed 1 -> 2, triggering broadcast
[27.09.2026 16:34:25.726] INFO  peaks: force_broadcast triggered
[27.09.2026 16:34:25.727] INFO  peaks: broadcasting to clients (force=true, indices=12)
[27.09.2026 16:34:25.728] INFO  peaks_generator: binary success tiles=26 size=18KB (estimated=101KB)
[27.09.2026 16:34:25.728] INFO  peaks: sending 19002 bytes (binary) to client 13
[27.09.2026 16:34:26.795] WARN  Track state drift detected without dirty flag (undo/selection/FX drag?)
[27.09.2026 16:34:33.294] INFO  Track skeleton changed: 25 tracks
[27.09.2026 16:34:39.905] WARN  Track state drift detected without dirty flag (undo/selection/FX drag?)
[27.09.2026 16:34:42.152] WARN  Track state drift detected without dirty flag (undo/selection/FX drag?)
[27.09.2026 16:34:43.175] WARN  Track state drift detected without dirty flag (undo/selection/FX drag?)
[27.09.2026 16:34:57.203] INFO  Track skeleton changed: 25 tracks
[27.09.2026 16:34:57.855] WARN  Track state drift detected without dirty flag (undo/selection/FX drag?)
[27.09.2026 16:35:03.936] WARN  Track state drift detected without dirty flag (undo/selection/FX drag?)
=== Reamo Extension Log ===
[27.09.2026 16:35:28.495] INFO  REAmo v0.7.3 starting
[27.09.2026 16:35:28.495] INFO  Project entities: tracks=1 items=0 markers=0 regions=0 fx=1 sends=0 tempo=0
[27.09.2026 16:35:28.495] INFO  Arena sizes: HIGH=1011KB MEDIUM=4045KB LOW=126KB SCRATCH=10113KB total=19MB
[27.09.2026 16:35:28.498] INFO  Tiered arenas initialized: 19MB total
[27.09.2026 16:35:28.498] INFO  Session token generated
[27.09.2026 16:35:28.498] INFO  CSurf registered for push-based callbacks
[27.09.2026 16:35:28.498] INFO  Auto-detected hostname: MacBookPro.ht.home
[27.09.2026 16:35:28.498] INFO  Loaded 0 playlists from project
[27.09.2026 16:35:28.498] INFO  Initialization complete, waiting for warmup
[27.09.2026 16:35:30.484] INFO  Initialization complete, starting processing timer
[27.09.2026 16:35:31.452] INFO  Starting HTTP+WS server (deferred)...
[27.09.2026 16:35:31.454] INFO  HTTP+WS server started on port 9224
[27.09.2026 16:35:31.454] INFO  FastTimer: started at 10ms interval (native)
[27.09.2026 16:35:47.895] INFO  CLIENT ADD id=1 total=1
[27.09.2026 16:35:47.951] INFO  action/getActions: returning 22438 actions, 1948815 bytes
[27.09.2026 16:35:47.955] INFO  Project changed: HGG Video Session_006.RPP
[27.09.2026 16:35:47.955] INFO  Loaded 0 playlists from new project
[27.09.2026 16:35:48.306] INFO  Track skeleton changed: 25 tracks
[27.09.2026 16:35:48.565] INFO  peaks_subs: parsed viewport start=0.00, end=1292.82, width=400
[27.09.2026 16:35:48.575] INFO  peaks: force_broadcast triggered
[27.09.2026 16:35:48.575] INFO  peaks: broadcasting to clients (force=true, indices=12)
[27.09.2026 16:35:48.578] INFO  peaks_generator: binary success tiles=26 size=18KB (estimated=101KB)
[27.09.2026 16:35:48.578] INFO  peaks: sending 19002 bytes (binary) to client 1
[27.09.2026 16:35:48.694] INFO  peaks: broadcasting to clients (force=false, indices=12)
[27.09.2026 16:35:48.695] INFO  peaks_generator: binary success tiles=26 size=18KB (estimated=101KB)
[27.09.2026 16:35:48.695] INFO  peaks: sending 19002 bytes (binary) to client 1
[27.09.2026 16:35:48.774] INFO  peaks_subs: updateViewport received start=0.00, end=1292.82, width=1170
[27.09.2026 16:35:48.782] INFO  peaks: force_broadcast triggered
[27.09.2026 16:35:48.783] INFO  peaks: broadcasting to clients (force=true, indices=12)
[27.09.2026 16:35:48.783] INFO  peaks_generator: binary success tiles=26 size=18KB (estimated=101KB)
[27.09.2026 16:35:48.783] INFO  peaks: sending 19002 bytes (binary) to client 1
[27.09.2026 16:35:48.904] INFO  peaks: broadcasting to clients (force=false, indices=12)
[27.09.2026 16:35:48.905] INFO  peaks_generator: binary success tiles=26 size=18KB (estimated=101KB)
[27.09.2026 16:35:48.905] INFO  peaks: sending 19002 bytes (binary) to client 1
=== Reamo Extension Log ===
[27.09.2026 16:36:08.176] INFO  REAmo v0.7.3 starting
[27.09.2026 16:36:08.176] INFO  Project entities: tracks=1 items=0 markers=0 regions=0 fx=1 sends=0 tempo=0
[27.09.2026 16:36:08.176] INFO  Arena sizes: HIGH=1011KB MEDIUM=4045KB LOW=126KB SCRATCH=10113KB total=19MB
[27.09.2026 16:36:08.179] INFO  Tiered arenas initialized: 19MB total
[27.09.2026 16:36:08.179] INFO  Session token generated
[27.09.2026 16:36:08.179] INFO  CSurf registered for push-based callbacks
[27.09.2026 16:36:08.179] INFO  Auto-detected hostname: MacBookPro.ht.home
[27.09.2026 16:36:08.179] INFO  Loaded 0 playlists from project
[27.09.2026 16:36:08.179] INFO  Initialization complete, waiting for warmup
[27.09.2026 16:36:09.773] INFO  Initialization complete, starting processing timer
[27.09.2026 16:36:10.758] INFO  Starting HTTP+WS server (deferred)...
[27.09.2026 16:36:10.759] INFO  HTTP+WS server started on port 9224
[27.09.2026 16:36:10.759] INFO  FastTimer: started at 10ms interval (native)
[27.09.2026 16:36:11.935] INFO  CLIENT ADD id=1 total=1
[27.09.2026 16:36:11.949] INFO  CLIENT REMOVE id=1 total=0
[27.09.2026 16:36:20.176] INFO  CLIENT ADD id=2 total=1
[27.09.2026 16:36:20.193] INFO  CLIENT REMOVE id=2 total=0
[27.09.2026 16:36:31.876] INFO  CLIENT ADD id=3 total=1
[27.09.2026 16:36:31.893] INFO  CLIENT REMOVE id=3 total=0
[27.09.2026 16:36:49.375] INFO  CLIENT ADD id=4 total=1
[27.09.2026 16:36:49.395] INFO  Project changed: (Unsaved)
[27.09.2026 16:36:49.395] INFO  Loaded 0 playlists from new project
[27.09.2026 16:36:49.396] INFO  CLIENT REMOVE id=4 total=0
[27.09.2026 16:37:15.483] INFO  CLIENT ADD id=5 total=1
[27.09.2026 16:37:15.504] INFO  CLIENT REMOVE id=5 total=0
[27.09.2026 16:37:45.753] INFO  CLIENT ADD id=6 total=1
[27.09.2026 16:37:45.765] INFO  CLIENT REMOVE id=6 total=0
[27.09.2026 16:40:06.053] INFO  CLIENT ADD id=7 total=1
[27.09.2026 16:40:06.299] INFO  action/getActions: returning 22438 actions, 1948815 bytes
[27.09.2026 16:40:06.344] INFO  Project changed: 1M01 - Grey Ghost - v01.01.05.RPP
[27.09.2026 16:40:06.344] INFO  Loaded 0 playlists from new project
[27.09.2026 16:40:06.351] INFO  Track skeleton changed: 205 tracks
[27.09.2026 16:40:06.659] INFO  peaks_subs: parsed viewport start=0.00, end=101.18, width=400
[27.09.2026 16:40:06.674] INFO  peaks: force_broadcast triggered
[27.09.2026 16:40:06.674] INFO  peaks: broadcasting to clients (force=true, indices=12)
[27.09.2026 16:40:06.674] INFO  peaks: binary generation returned null for client 7
[27.09.2026 16:40:06.795] INFO  peaks: broadcasting to clients (force=false, indices=12)
[27.09.2026 16:40:06.795] INFO  peaks: binary generation returned null for client 7
[27.09.2026 16:40:06.879] INFO  peaks_subs: updateViewport received start=0.00, end=101.18, width=1170
[27.09.2026 16:40:06.891] INFO  peaks: force_broadcast triggered
[27.09.2026 16:40:06.892] INFO  peaks: broadcasting to clients (force=true, indices=12)
[27.09.2026 16:40:06.892] INFO  peaks: binary generation returned null for client 7
[27.09.2026 16:40:07.004] INFO  peaks: broadcasting to clients (force=false, indices=12)
[27.09.2026 16:40:07.004] INFO  peaks: binary generation returned null for client 7
[27.09.2026 16:40:07.248] INFO  Track skeleton changed: 205 tracks
[27.09.2026 16:40:08.146] INFO  Track skeleton changed: 205 tracks
[27.09.2026 16:40:09.171] INFO  Track skeleton changed: 205 tracks
[27.09.2026 16:40:10.097] INFO  Track skeleton changed: 205 tracks
[27.09.2026 16:40:10.996] INFO  Track skeleton changed: 205 tracks
[27.09.2026 16:40:11.897] INFO  Track skeleton changed: 205 tracks
[27.09.2026 16:40:12.856] INFO  Track skeleton changed: 205 tracks
[27.09.2026 16:40:13.757] INFO  Track skeleton changed: 205 tracks
[27.09.2026 16:40:14.657] INFO  Track skeleton changed: 205 tracks
[27.09.2026 16:40:15.556] INFO  Track skeleton changed: 205 tracks
[27.09.2026 16:40:16.457] INFO  Track skeleton changed: 205 tracks
[27.09.2026 16:40:17.357] INFO  Track skeleton changed: 205 tracks
[27.09.2026 16:40:18.257] INFO  Track skeleton changed: 205 tracks
[27.09.2026 16:40:19.156] INFO  Track skeleton changed: 205 tracks
[27.09.2026 16:40:20.057] INFO  Track skeleton changed: 205 tracks
[27.09.2026 16:40:20.956] INFO  Track skeleton changed: 205 tracks
[27.09.2026 16:40:21.857] INFO  Track skeleton changed: 205 tracks
[27.09.2026 16:40:22.756] INFO  Track skeleton changed: 205 tracks
[27.09.2026 16:40:23.663] INFO  Track skeleton changed: 205 tracks
[27.09.2026 16:40:24.557] INFO  Track skeleton changed: 205 tracks
[27.09.2026 16:40:25.457] INFO  Track skeleton changed: 205 tracks
[27.09.2026 16:40:26.362] INFO  Track skeleton changed: 205 tracks
[27.09.2026 16:40:27.256] INFO  Track skeleton changed: 205 tracks
[27.09.2026 16:40:28.157] INFO  Track skeleton changed: 205 tracks
[27.09.2026 16:40:29.059] INFO  Track skeleton changed: 205 tracks
[27.09.2026 16:40:29.956] INFO  Track skeleton changed: 205 tracks
[27.09.2026 16:40:30.856] INFO  Track skeleton changed: 205 tracks
[27.09.2026 16:40:31.817] INFO  Track skeleton changed: 205 tracks
[27.09.2026 16:40:32.718] INFO  Track skeleton changed: 205 tracks
[27.09.2026 16:40:33.676] INFO  Track skeleton changed: 205 tracks
[27.09.2026 16:40:35.268] INFO  Track skeleton changed: 205 tracks
[27.09.2026 16:40:36.169] INFO  Track skeleton changed: 205 tracks
[27.09.2026 16:40:37.070] INFO  Track skeleton changed: 205 tracks
[27.09.2026 16:40:37.969] INFO  Track skeleton changed: 205 tracks
[27.09.2026 16:40:38.869] INFO  Track skeleton changed: 205 tracks
[27.09.2026 16:40:39.768] INFO  Track skeleton changed: 205 tracks
[27.09.2026 16:40:40.670] INFO  Track skeleton changed: 205 tracks
[27.09.2026 16:40:41.577] INFO  Track skeleton changed: 205 tracks
[27.09.2026 16:40:42.473] INFO  Track skeleton changed: 205 tracks
[27.09.2026 16:40:43.368] INFO  Track skeleton changed: 205 tracks
[27.09.2026 16:40:44.267] INFO  Track skeleton changed: 205 tracks
[27.09.2026 16:40:45.169] INFO  Track skeleton changed: 205 tracks
[27.09.2026 16:40:46.077] INFO  Track skeleton changed: 205 tracks
[27.09.2026 16:40:46.977] INFO  Track skeleton changed: 205 tracks
[27.09.2026 16:40:47.871] INFO  Track skeleton changed: 205 tracks
[27.09.2026 16:40:48.774] INFO  Track skeleton changed: 205 tracks
[27.09.2026 16:40:49.667] INFO  Track skeleton changed: 205 tracks
[27.09.2026 16:40:50.569] INFO  Track skeleton changed: 205 tracks
[27.09.2026 16:40:51.472] INFO  Track skeleton changed: 205 tracks
[27.09.2026 16:40:52.372] INFO  Track skeleton changed: 205 tracks
[27.09.2026 16:40:53.277] INFO  Track skeleton changed: 205 tracks
[27.09.2026 16:40:54.169] INFO  Track skeleton changed: 205 tracks
[27.09.2026 16:40:55.069] INFO  Track skeleton changed: 205 tracks
[27.09.2026 16:40:55.968] INFO  Track skeleton changed: 205 tracks
[27.09.2026 16:40:56.869] INFO  Track skeleton changed: 205 tracks
[27.09.2026 16:40:57.773] INFO  Track skeleton changed: 205 tracks
[27.09.2026 16:40:58.667] INFO  Track skeleton changed: 205 tracks
[27.09.2026 16:40:59.568] INFO  Track skeleton changed: 205 tracks
[27.09.2026 16:41:00.472] INFO  Track skeleton changed: 205 tracks
[27.09.2026 16:41:01.367] INFO  Track skeleton changed: 205 tracks
[27.09.2026 16:41:02.270] INFO  Track skeleton changed: 205 tracks
[27.09.2026 16:41:03.234] INFO  Track skeleton changed: 205 tracks
[27.09.2026 16:41:04.127] INFO  Track skeleton changed: 205 tracks
[27.09.2026 16:41:05.027] INFO  Track skeleton changed: 205 tracks
[27.09.2026 16:41:05.928] INFO  Track skeleton changed: 205 tracks
[27.09.2026 16:41:06.837] INFO  Track skeleton changed: 205 tracks
[27.09.2026 16:41:07.757] INFO  Track skeleton changed: 205 tracks
[27.09.2026 16:41:08.656] INFO  Track skeleton changed: 205 tracks
[27.09.2026 16:41:09.563] INFO  Track skeleton changed: 205 tracks
[27.09.2026 16:41:10.464] INFO  Track skeleton changed: 205 tracks
[27.09.2026 16:41:11.397] INFO  Track skeleton changed: 205 tracks
[27.09.2026 16:41:12.288] INFO  Track skeleton changed: 205 tracks
[27.09.2026 16:41:13.186] INFO  Track skeleton changed: 205 tracks
[27.09.2026 16:41:14.089] INFO  Track skeleton changed: 205 tracks
[27.09.2026 16:41:14.992] INFO  Track skeleton changed: 205 tracks
[27.09.2026 16:41:15.890] INFO  Track skeleton changed: 205 tracks
[27.09.2026 16:41:16.788] INFO  Track skeleton changed: 205 tracks
[27.09.2026 16:41:17.689] INFO  Track skeleton changed: 205 tracks
[27.09.2026 16:41:18.586] INFO  Track skeleton changed: 205 tracks
[27.09.2026 16:41:19.489] INFO  Track skeleton changed: 205 tracks
[27.09.2026 16:41:20.421] INFO  Track skeleton changed: 205 tracks
[27.09.2026 16:41:21.318] INFO  Track skeleton changed: 205 tracks
[27.09.2026 16:41:22.223] INFO  Track skeleton changed: 205 tracks
[27.09.2026 16:41:23.117] INFO  Track skeleton changed: 205 tracks
[27.09.2026 16:41:24.019] INFO  Track skeleton changed: 205 tracks
[27.09.2026 16:41:24.919] INFO  Track skeleton changed: 205 tracks
[27.09.2026 16:41:25.819] INFO  Track skeleton changed: 205 tracks
[27.09.2026 16:41:26.718] INFO  Track skeleton changed: 205 tracks
[27.09.2026 16:41:27.616] INFO  Track skeleton changed: 205 tracks
[27.09.2026 16:41:28.529] INFO  Track skeleton changed: 205 tracks
[27.09.2026 16:41:29.416] INFO  Track skeleton changed: 205 tracks
[27.09.2026 16:41:30.318] INFO  Track skeleton changed: 205 tracks
[27.09.2026 16:41:31.215] INFO  Track skeleton changed: 205 tracks
[27.09.2026 16:41:32.119] INFO  Track skeleton changed: 205 tracks
[27.09.2026 16:41:33.025] INFO  Track skeleton changed: 205 tracks
[27.09.2026 16:41:33.946] INFO  Track skeleton changed: 205 tracks
[27.09.2026 16:41:34.849] INFO  Track skeleton changed: 205 tracks
[27.09.2026 16:41:35.746] INFO  Track skeleton changed: 205 tracks
[27.09.2026 16:41:36.646] INFO  Track skeleton changed: 205 tracks
[27.09.2026 16:41:37.547] INFO  Track skeleton changed: 205 tracks
[27.09.2026 16:41:38.447] INFO  Track skeleton changed: 205 tracks
[27.09.2026 16:41:39.345] INFO  Track skeleton changed: 205 tracks
[27.09.2026 16:41:40.249] INFO  Track skeleton changed: 205 tracks
[27.09.2026 16:41:41.148] INFO  Track skeleton changed: 205 tracks
[27.09.2026 16:41:42.046] INFO  Track skeleton changed: 205 tracks
[27.09.2026 16:41:42.947] INFO  Track skeleton changed: 205 tracks
[27.09.2026 16:41:43.846] INFO  Track skeleton changed: 205 tracks
[27.09.2026 16:41:44.749] INFO  Track skeleton changed: 205 tracks
[27.09.2026 16:41:45.646] INFO  Track skeleton changed: 205 tracks
[27.09.2026 16:41:46.547] INFO  Track skeleton changed: 205 tracks
[27.09.2026 16:41:47.479] INFO  Track skeleton changed: 205 tracks
[27.09.2026 16:41:48.378] INFO  Track skeleton changed: 205 tracks
[27.09.2026 16:41:49.276] INFO  Track skeleton changed: 205 tracks
[27.09.2026 16:41:50.177] INFO  Track skeleton changed: 205 tracks
[27.09.2026 16:41:51.076] INFO  Track skeleton changed: 205 tracks
[27.09.2026 16:41:51.975] INFO  Track skeleton changed: 205 tracks
[27.09.2026 16:41:52.879] INFO  Track skeleton changed: 205 tracks
[27.09.2026 16:41:53.778] INFO  Track skeleton changed: 205 tracks
[27.09.2026 16:41:54.680] INFO  Track skeleton changed: 205 tracks
[27.09.2026 16:41:55.575] INFO  Track skeleton changed: 205 tracks
[27.09.2026 16:41:56.479] INFO  Track skeleton changed: 205 tracks
[27.09.2026 16:41:57.377] INFO  Track skeleton changed: 205 tracks
[27.09.2026 16:41:58.294] INFO  Track skeleton changed: 205 tracks
[27.09.2026 16:41:59.181] INFO  Track skeleton changed: 205 tracks
[27.09.2026 16:42:00.076] INFO  Track skeleton changed: 205 tracks
[27.09.2026 16:42:01.009] INFO  Track skeleton changed: 205 tracks
[27.09.2026 16:42:01.915] INFO  Track skeleton changed: 205 tracks
[27.09.2026 16:42:02.806] INFO  Track skeleton changed: 205 tracks
[27.09.2026 16:42:03.740] INFO  Track skeleton changed: 205 tracks
[27.09.2026 16:42:05.445] INFO  Track skeleton changed: 205 tracks
[27.09.2026 16:42:06.345] INFO  Track skeleton changed: 205 tracks
[27.09.2026 16:42:07.250] INFO  Track skeleton changed: 205 tracks
[27.09.2026 16:42:08.146] INFO  Track skeleton changed: 205 tracks
[27.09.2026 16:42:09.046] INFO  Track skeleton changed: 205 tracks
[27.09.2026 16:42:09.948] INFO  Track skeleton changed: 205 tracks
[27.09.2026 16:42:10.846] INFO  Track skeleton changed: 205 tracks
[27.09.2026 16:42:11.746] INFO  Track skeleton changed: 205 tracks
[27.09.2026 16:42:12.646] INFO  Track skeleton changed: 205 tracks
[27.09.2026 16:42:13.579] INFO  Track skeleton changed: 205 tracks
[27.09.2026 16:42:14.515] INFO  Track skeleton changed: 205 tracks
[27.09.2026 16:42:15.407] INFO  Track skeleton changed: 205 tracks
[27.09.2026 16:42:16.311] INFO  Track skeleton changed: 205 tracks
[27.09.2026 16:42:17.208] INFO  Track skeleton changed: 205 tracks
[27.09.2026 16:42:18.111] INFO  Track skeleton changed: 205 tracks
[27.09.2026 16:42:19.014] INFO  Track skeleton changed: 205 tracks
[27.09.2026 16:42:19.905] INFO  Track skeleton changed: 205 tracks
[27.09.2026 16:42:20.814] INFO  Track skeleton changed: 205 tracks
[27.09.2026 16:42:21.708] INFO  Track skeleton changed: 205 tracks
[27.09.2026 16:42:22.609] INFO  Track skeleton changed: 205 tracks
[27.09.2026 16:42:23.514] INFO  Track skeleton changed: 205 tracks
[27.09.2026 16:42:24.407] INFO  Track skeleton changed: 205 tracks
[27.09.2026 16:42:25.312] INFO  Track skeleton changed: 205 tracks
[27.09.2026 16:42:26.211] INFO  Track skeleton changed: 205 tracks
[27.09.2026 16:42:27.107] INFO  Track skeleton changed: 205 tracks
[27.09.2026 16:42:28.036] INFO  Track skeleton changed: 205 tracks
[27.09.2026 16:42:28.936] INFO  Track skeleton changed: 205 tracks
[27.09.2026 16:42:29.838] INFO  Track skeleton changed: 205 tracks
[27.09.2026 16:42:30.736] INFO  Track skeleton changed: 205 tracks
[27.09.2026 16:42:31.641] INFO  Track skeleton changed: 205 tracks
[27.09.2026 16:42:32.537] INFO  Track skeleton changed: 205 tracks
[27.09.2026 16:42:33.439] INFO  Track skeleton changed: 205 tracks
[27.09.2026 16:42:34.335] INFO  Track skeleton changed: 205 tracks
[27.09.2026 16:42:35.238] INFO  Track skeleton changed: 205 tracks
[27.09.2026 16:42:36.138] INFO  Track skeleton changed: 205 tracks
[27.09.2026 16:42:37.039] INFO  Track skeleton changed: 205 tracks
[27.09.2026 16:42:37.935] INFO  Track skeleton changed: 205 tracks
[27.09.2026 16:42:38.841] INFO  Track skeleton changed: 205 tracks
[27.09.2026 16:42:39.735] INFO  Track skeleton changed: 205 tracks
[27.09.2026 16:42:40.637] INFO  Track skeleton changed: 205 tracks
[27.09.2026 16:42:41.541] INFO  Track skeleton changed: 205 tracks
[27.09.2026 16:42:42.440] INFO  Track skeleton changed: 205 tracks
[27.09.2026 16:42:43.335] INFO  Track skeleton changed: 205 tracks
[27.09.2026 16:42:44.243] INFO  Track skeleton changed: 205 tracks
[27.09.2026 16:42:45.135] INFO  Track skeleton changed: 205 tracks
[27.09.2026 16:42:46.035] INFO  Track skeleton changed: 205 tracks
[27.09.2026 16:42:46.937] INFO  Track skeleton changed: 205 tracks
[27.09.2026 16:42:47.835] INFO  Track skeleton changed: 205 tracks
[27.09.2026 16:42:48.740] INFO  Track skeleton changed: 205 tracks
[27.09.2026 16:42:49.635] INFO  Track skeleton changed: 205 tracks
[27.09.2026 16:42:50.540] INFO  Track skeleton changed: 205 tracks
[27.09.2026 16:42:51.472] INFO  Track skeleton changed: 205 tracks
[27.09.2026 16:42:52.371] INFO  Track skeleton changed: 205 tracks
[27.09.2026 16:42:53.267] INFO  Track skeleton changed: 205 tracks
[27.09.2026 16:42:54.165] INFO  Track skeleton changed: 205 tracks
[27.09.2026 16:42:55.071] INFO  Track skeleton changed: 205 tracks
[27.09.2026 16:42:55.970] INFO  Track skeleton changed: 205 tracks
[27.09.2026 16:42:56.865] INFO  Track skeleton changed: 205 tracks
[27.09.2026 16:42:57.772] INFO  Track skeleton changed: 205 tracks
[27.09.2026 16:42:58.665] INFO  Track skeleton changed: 205 tracks
[27.09.2026 16:42:59.566] INFO  Track skeleton changed: 205 tracks
[27.09.2026 16:43:00.465] INFO  Track skeleton changed: 205 tracks
[27.09.2026 16:43:01.397] INFO  Track skeleton changed: 205 tracks
[27.09.2026 16:43:02.360] INFO  Track skeleton changed: 205 tracks
[27.09.2026 16:43:03.262] INFO  Track skeleton changed: 205 tracks
[27.09.2026 16:43:04.185] INFO  Track skeleton changed: 205 tracks
[27.09.2026 16:43:05.085] INFO  Track skeleton changed: 205 tracks
[27.09.2026 16:43:05.985] INFO  Track skeleton changed: 205 tracks
[27.09.2026 16:43:06.888] INFO  Track skeleton changed: 205 tracks
[27.09.2026 16:43:07.786] INFO  Track skeleton changed: 205 tracks
[27.09.2026 16:43:08.690] INFO  Track skeleton changed: 205 tracks
[27.09.2026 16:43:09.588] INFO  Track skeleton changed: 205 tracks
[27.09.2026 16:43:10.495] INFO  Track skeleton changed: 205 tracks
[27.09.2026 16:43:11.395] INFO  Track skeleton changed: 205 tracks
[27.09.2026 16:43:12.287] INFO  Track skeleton changed: 205 tracks
[27.09.2026 16:43:13.186] INFO  Track skeleton changed: 205 tracks
[27.09.2026 16:43:14.086] INFO  Track skeleton changed: 205 tracks
[27.09.2026 16:43:14.985] INFO  Track skeleton changed: 205 tracks
[27.09.2026 16:43:15.892] INFO  Track skeleton changed: 205 tracks
[27.09.2026 16:43:16.787] INFO  Track skeleton changed: 205 tracks
[27.09.2026 16:43:17.688] INFO  Track skeleton changed: 205 tracks
[27.09.2026 16:43:18.585] INFO  Track skeleton changed: 205 tracks
[27.09.2026 16:43:19.485] INFO  Track skeleton changed: 205 tracks
[27.09.2026 16:43:20.385] INFO  Track skeleton changed: 205 tracks
[27.09.2026 16:43:21.287] INFO  Track skeleton changed: 205 tracks
[27.09.2026 16:43:22.189] INFO  Track skeleton changed: 205 tracks
[27.09.2026 16:43:23.087] INFO  Track skeleton changed: 205 tracks
[27.09.2026 16:43:23.990] INFO  Track skeleton changed: 205 tracks
[27.09.2026 16:43:24.884] INFO  Track skeleton changed: 205 tracks
[27.09.2026 16:43:25.787] INFO  Track skeleton changed: 205 tracks
[27.09.2026 16:43:26.715] INFO  Track skeleton changed: 205 tracks
[27.09.2026 16:43:27.616] INFO  Track skeleton changed: 205 tracks
[27.09.2026 16:43:28.526] INFO  Track skeleton changed: 205 tracks
[27.09.2026 16:43:29.416] INFO  Track skeleton changed: 205 tracks
[27.09.2026 16:43:30.320] INFO  Track skeleton changed: 205 tracks
[27.09.2026 16:43:31.216] INFO  Track skeleton changed: 205 tracks
[27.09.2026 16:43:32.122] INFO  Track skeleton changed: 205 tracks
[27.09.2026 16:43:33.015] INFO  Track skeleton changed: 205 tracks
[27.09.2026 16:43:33.916] INFO  Track skeleton changed: 205 tracks
[27.09.2026 16:43:34.815] INFO  Track skeleton changed: 205 tracks
[27.09.2026 16:43:35.716] INFO  Track skeleton changed: 205 tracks
[27.09.2026 16:43:36.616] INFO  Track skeleton changed: 205 tracks
[27.09.2026 16:43:37.516] INFO  Track skeleton changed: 205 tracks
[27.09.2026 16:43:38.416] INFO  Track skeleton changed: 205 tracks
[27.09.2026 16:43:39.315] INFO  Track skeleton changed: 205 tracks
[27.09.2026 16:43:40.216] INFO  Track skeleton changed: 205 tracks
[27.09.2026 16:43:41.121] INFO  Track skeleton changed: 205 tracks
[27.09.2026 16:43:42.015] INFO  Track skeleton changed: 205 tracks
[27.09.2026 16:43:42.916] INFO  Track skeleton changed: 205 tracks
[27.09.2026 16:43:43.816] INFO  Track skeleton changed: 205 tracks
[27.09.2026 16:43:44.715] INFO  Track skeleton changed: 205 tracks
[27.09.2026 16:43:45.626] INFO  Track skeleton changed: 205 tracks
[27.09.2026 16:43:46.517] INFO  Track skeleton changed: 205 tracks
[27.09.2026 16:43:47.422] INFO  Track skeleton changed: 205 tracks
[27.09.2026 16:43:48.320] INFO  Track skeleton changed: 205 tracks
[27.09.2026 16:43:49.219] INFO  Track skeleton changed: 205 tracks
[27.09.2026 16:43:50.115] INFO  Track skeleton changed: 205 tracks
[27.09.2026 16:43:51.016] INFO  Track skeleton changed: 205 tracks
[27.09.2026 16:43:51.947] INFO  Track skeleton changed: 205 tracks
[27.09.2026 16:43:52.845] INFO  Track skeleton changed: 205 tracks
[27.09.2026 16:43:53.746] INFO  Track skeleton changed: 205 tracks
[27.09.2026 16:43:54.649] INFO  Track skeleton changed: 205 tracks
[27.09.2026 16:43:55.545] INFO  Track skeleton changed: 205 tracks
[27.09.2026 16:43:56.453] INFO  Track skeleton changed: 205 tracks
[27.09.2026 16:43:57.349] INFO  Track skeleton changed: 205 tracks
[27.09.2026 16:43:58.245] INFO  Track skeleton changed: 205 tracks
[27.09.2026 16:43:59.153] INFO  Track skeleton changed: 205 tracks
[27.09.2026 16:44:00.049] INFO  Track skeleton changed: 205 tracks
[27.09.2026 16:44:00.952] INFO  Track skeleton changed: 205 tracks
[27.09.2026 16:44:01.848] INFO  Track skeleton changed: 205 tracks
[27.09.2026 16:44:02.755] INFO  Track skeleton changed: 205 tracks
[27.09.2026 16:44:03.645] INFO  Track skeleton changed: 205 tracks
[27.09.2026 16:44:04.546] INFO  Track skeleton changed: 205 tracks
[27.09.2026 16:44:05.475] INFO  Track skeleton changed: 205 tracks
[27.09.2026 16:44:06.376] INFO  Track skeleton changed: 205 tracks
[27.09.2026 16:44:07.277] INFO  Track skeleton changed: 205 tracks
[27.09.2026 16:44:08.205] INFO  Track skeleton changed: 205 tracks
[27.09.2026 16:44:09.109] INFO  Track skeleton changed: 205 tracks
[27.09.2026 16:44:10.006] INFO  Track skeleton changed: 205 tracks
[27.09.2026 16:44:10.908] INFO  Track skeleton changed: 205 tracks
[27.09.2026 16:44:11.812] INFO  Track skeleton changed: 205 tracks
[27.09.2026 16:44:12.708] INFO  Track skeleton changed: 205 tracks
[27.09.2026 16:44:13.610] INFO  Track skeleton changed: 205 tracks
[27.09.2026 16:44:14.506] INFO  Track skeleton changed: 205 tracks
[27.09.2026 16:44:15.435] INFO  Track skeleton changed: 205 tracks
[27.09.2026 16:44:16.334] INFO  Track skeleton changed: 205 tracks
[27.09.2026 16:44:17.237] INFO  Track skeleton changed: 205 tracks
[27.09.2026 16:44:18.141] INFO  Track skeleton changed: 205 tracks
[27.09.2026 16:44:19.065] INFO  Track skeleton changed: 205 tracks
[27.09.2026 16:44:19.964] INFO  Track skeleton changed: 205 tracks
[27.09.2026 16:44:20.871] INFO  Track skeleton changed: 205 tracks
[27.09.2026 16:44:21.767] INFO  Track skeleton changed: 205 tracks
[27.09.2026 16:44:22.669] INFO  Track skeleton changed: 205 tracks
[27.09.2026 16:44:23.565] INFO  Track skeleton changed: 205 tracks
[27.09.2026 16:44:24.499] INFO  Track skeleton changed: 205 tracks
[27.09.2026 16:44:25.400] INFO  Track skeleton changed: 205 tracks
[27.09.2026 16:44:26.302] INFO  Track skeleton changed: 205 tracks
[27.09.2026 16:44:27.197] INFO  Track skeleton changed: 205 tracks
[27.09.2026 16:44:28.100] INFO  Track skeleton changed: 205 tracks
[27.09.2026 16:44:28.999] INFO  Track skeleton changed: 205 tracks
[27.09.2026 16:44:29.901] INFO  Track skeleton changed: 205 tracks
[27.09.2026 16:44:30.856] INFO  Track skeleton changed: 205 tracks
[27.09.2026 16:44:31.758] INFO  Track skeleton changed: 205 tracks
[27.09.2026 16:44:32.686] INFO  Track skeleton changed: 205 tracks
[27.09.2026 16:44:33.590] INFO  Track skeleton changed: 205 tracks
[27.09.2026 16:44:34.490] INFO  Track skeleton changed: 205 tracks
[27.09.2026 16:44:35.389] INFO  Track skeleton changed: 205 tracks
[27.09.2026 16:44:36.317] INFO  Track skeleton changed: 205 tracks
[27.09.2026 16:44:37.216] INFO  Track skeleton changed: 205 tracks
[27.09.2026 16:44:38.114] INFO  Track skeleton changed: 205 tracks
[27.09.2026 16:44:39.016] INFO  Track skeleton changed: 205 tracks
[27.09.2026 16:44:39.915] INFO  Track skeleton changed: 205 tracks
[27.09.2026 16:44:40.815] INFO  Track skeleton changed: 205 tracks
[27.09.2026 16:44:41.717] INFO  Track skeleton changed: 205 tracks
[27.09.2026 16:44:42.625] INFO  Track skeleton changed: 205 tracks
[27.09.2026 16:44:43.520] INFO  Track skeleton changed: 205 tracks
[27.09.2026 16:44:44.415] INFO  Track skeleton changed: 205 tracks
[27.09.2026 16:44:45.322] INFO  Track skeleton changed: 205 tracks
[27.09.2026 16:44:46.216] INFO  Track skeleton changed: 205 tracks
[27.09.2026 16:44:47.147] INFO  Track skeleton changed: 205 tracks
[27.09.2026 16:44:48.051] INFO  Track skeleton changed: 205 tracks
[27.09.2026 16:44:48.976] INFO  Track skeleton changed: 205 tracks
[27.09.2026 16:44:49.878] INFO  Track skeleton changed: 205 tracks
[27.09.2026 16:44:50.810] INFO  Track skeleton changed: 205 tracks
[27.09.2026 16:44:51.707] INFO  Track skeleton changed: 205 tracks
[27.09.2026 16:44:52.613] INFO  Track skeleton changed: 205 tracks
[27.09.2026 16:44:53.505] INFO  Track skeleton changed: 205 tracks
[27.09.2026 16:44:54.410] INFO  Track skeleton changed: 205 tracks
[27.09.2026 16:44:55.305] INFO  Track skeleton changed: 205 tracks
[27.09.2026 16:44:56.210] INFO  Track skeleton changed: 205 tracks
[27.09.2026 16:44:57.112] INFO  Track skeleton changed: 205 tracks
[27.09.2026 16:44:58.008] INFO  Track skeleton changed: 205 tracks
[27.09.2026 16:44:58.909] INFO  Track skeleton changed: 205 tracks
[27.09.2026 16:44:59.806] INFO  Track skeleton changed: 205 tracks
[27.09.2026 16:45:00.706] INFO  Track skeleton changed: 205 tracks
[27.09.2026 16:45:01.610] INFO  Track skeleton changed: 205 tracks
[27.09.2026 16:45:02.573] INFO  Track skeleton changed: 205 tracks
[27.09.2026 16:45:03.467] INFO  Track skeleton changed: 205 tracks
[27.09.2026 16:45:04.374] INFO  Track skeleton changed: 205 tracks
[27.09.2026 16:45:05.264] INFO  Track skeleton changed: 205 tracks
[27.09.2026 16:45:06.186] INFO  Track skeleton changed: 205 tracks
[27.09.2026 16:45:07.096] INFO  Track skeleton changed: 205 tracks
[27.09.2026 16:45:08.003] INFO  Track skeleton changed: 205 tracks
[27.09.2026 16:45:08.902] INFO  Track skeleton changed: 205 tracks
[27.09.2026 16:45:09.797] INFO  Track skeleton changed: 205 tracks
[27.09.2026 16:45:10.726] INFO  Track skeleton changed: 205 tracks
[27.09.2026 16:45:11.625] INFO  Track skeleton changed: 205 tracks
[27.09.2026 16:45:12.528] INFO  Track skeleton changed: 205 tracks
[27.09.2026 16:45:13.493] INFO  Track skeleton changed: 205 tracks
[27.09.2026 16:45:14.478] INFO  Track skeleton changed: 205 tracks
[27.09.2026 16:45:15.409] INFO  Track skeleton changed: 205 tracks
[27.09.2026 16:45:16.305] INFO  Track skeleton changed: 205 tracks
[27.09.2026 16:45:17.236] INFO  Track skeleton changed: 205 tracks
[27.09.2026 16:45:18.140] INFO  Track skeleton changed: 205 tracks
[27.09.2026 16:45:19.038] INFO  Track skeleton changed: 205 tracks
[27.09.2026 16:45:19.937] INFO  Track skeleton changed: 205 tracks
[27.09.2026 16:45:20.846] INFO  Track skeleton changed: 205 tracks
[27.09.2026 16:45:21.748] INFO  Track skeleton changed: 205 tracks
[27.09.2026 16:45:22.635] INFO  Track skeleton changed: 205 tracks
[27.09.2026 16:45:23.540] INFO  Track skeleton changed: 205 tracks
[27.09.2026 16:45:24.438] INFO  Track skeleton changed: 205 tracks
[27.09.2026 16:45:25.372] INFO  Track skeleton changed: 205 tracks
[27.09.2026 16:45:26.265] INFO  Track skeleton changed: 205 tracks
[27.09.2026 16:45:27.165] INFO  Track skeleton changed: 205 tracks
[27.09.2026 16:45:28.066] INFO  Track skeleton changed: 205 tracks
[27.09.2026 16:45:28.971] INFO  Track skeleton changed: 205 tracks
[27.09.2026 16:45:29.868] INFO  Track skeleton changed: 205 tracks
[27.09.2026 16:45:30.776] INFO  Track skeleton changed: 205 tracks
[27.09.2026 16:45:31.667] INFO  Track skeleton changed: 205 tracks
[27.09.2026 16:45:33.108] INFO  Track skeleton changed: 205 tracks
[27.09.2026 16:45:34.005] INFO  Track skeleton changed: 205 tracks
[27.09.2026 16:45:34.916] INFO  Track skeleton changed: 205 tracks
[27.09.2026 16:45:35.808] INFO  Track skeleton changed: 205 tracks
[27.09.2026 16:45:36.708] INFO  Track skeleton changed: 205 tracks
[27.09.2026 16:45:37.638] INFO  Track skeleton changed: 205 tracks
[27.09.2026 16:45:38.537] INFO  Track skeleton changed: 205 tracks
[27.09.2026 16:45:39.435] INFO  Track skeleton changed: 205 tracks
[27.09.2026 16:45:40.335] INFO  Track skeleton changed: 205 tracks
[27.09.2026 16:45:41.236] INFO  Track skeleton changed: 205 tracks
[27.09.2026 16:45:42.137] INFO  Track skeleton changed: 205 tracks
[27.09.2026 16:45:43.041] INFO  Track skeleton changed: 205 tracks
[27.09.2026 16:45:43.942] INFO  Track skeleton changed: 205 tracks
[27.09.2026 16:45:44.843] INFO  Track skeleton changed: 205 tracks
[27.09.2026 16:45:45.735] INFO  Track skeleton changed: 205 tracks
[27.09.2026 16:45:46.638] INFO  Track skeleton changed: 205 tracks
[27.09.2026 16:45:47.535] INFO  Track skeleton changed: 205 tracks
[27.09.2026 16:45:48.443] INFO  Track skeleton changed: 205 tracks
[27.09.2026 16:45:49.340] INFO  Track skeleton changed: 205 tracks
[27.09.2026 16:45:50.246] INFO  Track skeleton changed: 205 tracks
[27.09.2026 16:45:51.136] INFO  Track skeleton changed: 205 tracks
[27.09.2026 16:45:52.065] INFO  Track skeleton changed: 205 tracks
[27.09.2026 16:45:52.965] INFO  Track skeleton changed: 205 tracks
[27.09.2026 16:45:53.895] INFO  Track skeleton changed: 205 tracks
[27.09.2026 16:45:54.797] INFO  Track skeleton changed: 205 tracks
[27.09.2026 16:45:55.694] INFO  Track skeleton changed: 205 tracks
[27.09.2026 16:45:56.595] INFO  Track skeleton changed: 205 tracks
[27.09.2026 16:45:57.504] INFO  Track skeleton changed: 205 tracks
[27.09.2026 16:45:58.403] INFO  Track skeleton changed: 205 tracks
[27.09.2026 16:45:59.296] INFO  Track skeleton changed: 205 tracks
[27.09.2026 16:46:00.225] INFO  Track skeleton changed: 205 tracks
[27.09.2026 16:46:01.127] INFO  Track skeleton changed: 205 tracks
[27.09.2026 16:46:02.024] INFO  Track skeleton changed: 205 tracks
[27.09.2026 16:46:02.954] INFO  Track skeleton changed: 205 tracks
[27.09.2026 16:46:03.854] INFO  Track skeleton changed: 205 tracks
[27.09.2026 16:46:04.758] INFO  Track skeleton changed: 205 tracks
[27.09.2026 16:46:05.656] INFO  Track skeleton changed: 205 tracks
[27.09.2026 16:46:06.557] INFO  Track skeleton changed: 205 tracks
[27.09.2026 16:46:07.454] INFO  Track skeleton changed: 205 tracks
[27.09.2026 16:46:08.384] INFO  Track skeleton changed: 205 tracks
[27.09.2026 16:46:09.284] INFO  Track skeleton changed: 205 tracks
[27.09.2026 16:46:10.189] INFO  Track skeleton changed: 205 tracks
[27.09.2026 16:46:11.092] INFO  Track skeleton changed: 205 tracks
[27.09.2026 16:46:11.997] INFO  Track skeleton changed: 205 tracks
[27.09.2026 16:46:12.899] INFO  Track skeleton changed: 205 tracks
[27.09.2026 16:46:13.786] INFO  Track skeleton changed: 205 tracks
[27.09.2026 16:46:14.687] INFO  Track skeleton changed: 205 tracks
[27.09.2026 16:46:15.588] INFO  Track skeleton changed: 205 tracks
[27.09.2026 16:46:16.486] INFO  Track skeleton changed: 205 tracks
[27.09.2026 16:46:17.389] INFO  Track skeleton changed: 205 tracks
[27.09.2026 16:46:18.292] INFO  Track skeleton changed: 205 tracks
[27.09.2026 16:46:19.192] INFO  Track skeleton changed: 205 tracks
[27.09.2026 16:46:20.085] INFO  Track skeleton changed: 205 tracks
[27.09.2026 16:46:20.988] INFO  Track skeleton changed: 205 tracks
[27.09.2026 16:46:21.897] INFO  Track skeleton changed: 205 tracks
[27.09.2026 16:46:22.793] INFO  Track skeleton changed: 205 tracks
[27.09.2026 16:46:23.689] INFO  Track skeleton changed: 205 tracks
[27.09.2026 16:46:24.584] INFO  Track skeleton changed: 205 tracks
[27.09.2026 16:46:25.487] INFO  Track skeleton changed: 205 tracks
[27.09.2026 16:46:26.387] INFO  Track skeleton changed: 205 tracks
[27.09.2026 16:46:27.288] INFO  Track skeleton changed: 205 tracks
[27.09.2026 16:46:28.215] INFO  Track skeleton changed: 205 tracks
[27.09.2026 16:46:29.145] INFO  Track skeleton changed: 205 tracks
[27.09.2026 16:46:30.046] INFO  Track skeleton changed: 205 tracks
[27.09.2026 16:46:30.944] INFO  Track skeleton changed: 205 tracks
[27.09.2026 16:46:31.854] INFO  Track skeleton changed: 205 tracks
[27.09.2026 16:46:32.748] INFO  Track skeleton changed: 205 tracks
[27.09.2026 16:46:33.645] INFO  Track skeleton changed: 205 tracks
[27.09.2026 16:46:34.546] INFO  Track skeleton changed: 205 tracks
[27.09.2026 16:46:35.476] INFO  Track skeleton changed: 205 tracks
[27.09.2026 16:46:36.374] INFO  Track skeleton changed: 205 tracks
[27.09.2026 16:46:37.274] INFO  Track skeleton changed: 205 tracks
[27.09.2026 16:46:38.204] INFO  Track skeleton changed: 205 tracks
[27.09.2026 16:46:39.104] INFO  Track skeleton changed: 205 tracks
[27.09.2026 16:46:40.005] INFO  Track skeleton changed: 205 tracks
[27.09.2026 16:46:40.904] INFO  Track skeleton changed: 205 tracks
[27.09.2026 16:46:41.812] INFO  Track skeleton changed: 205 tracks
[27.09.2026 16:46:42.709] INFO  Track skeleton changed: 205 tracks
[27.09.2026 16:46:43.605] INFO  Track skeleton changed: 205 tracks
[27.09.2026 16:46:44.510] INFO  Track skeleton changed: 205 tracks
[27.09.2026 16:46:45.404] INFO  Track skeleton changed: 205 tracks
[27.09.2026 16:46:46.305] INFO  Track skeleton changed: 205 tracks
[27.09.2026 16:46:47.209] INFO  Track skeleton changed: 205 tracks
[27.09.2026 16:46:48.136] INFO  Track skeleton changed: 205 tracks
[27.09.2026 16:46:49.097] INFO  Track skeleton changed: 205 tracks
[27.09.2026 16:46:50.028] INFO  Track skeleton changed: 205 tracks
[27.09.2026 16:46:50.931] INFO  Track skeleton changed: 205 tracks
[27.09.2026 16:46:51.828] INFO  Track skeleton changed: 205 tracks
[27.09.2026 16:46:52.760] INFO  Track skeleton changed: 205 tracks
[27.09.2026 16:46:53.658] INFO  Track skeleton changed: 205 tracks
[27.09.2026 16:46:54.555] INFO  Track skeleton changed: 205 tracks
[27.09.2026 16:46:55.454] INFO  Track skeleton changed: 205 tracks
[27.09.2026 16:46:56.535] INFO  Track skeleton changed: 205 tracks
[27.09.2026 16:46:57.554] INFO  Track skeleton changed: 205 tracks
[27.09.2026 16:46:58.515] INFO  Track skeleton changed: 205 tracks
[27.09.2026 16:47:00.402] INFO  Track skeleton changed: 205 tracks
[27.09.2026 16:47:01.304] INFO  Track skeleton changed: 205 tracks
[27.09.2026 16:47:02.478] INFO  Track skeleton changed: 205 tracks
[27.09.2026 16:47:03.374] INFO  Track skeleton changed: 205 tracks
[27.09.2026 16:47:04.423] INFO  Track skeleton changed: 205 tracks
[27.09.2026 16:47:05.499] INFO  Track skeleton changed: 205 tracks
[27.09.2026 16:47:07.158] INFO  Track skeleton changed: 205 tracks
[27.09.2026 16:47:08.713] INFO  Track skeleton changed: 205 tracks
[27.09.2026 16:47:09.620] INFO  Track skeleton changed: 205 tracks
[27.09.2026 16:47:10.514] INFO  Track skeleton changed: 205 tracks
[27.09.2026 16:47:11.627] INFO  Track skeleton changed: 205 tracks
[27.09.2026 16:47:12.524] INFO  Track skeleton changed: 205 tracks
=== Reamo Extension Log ===
[27.09.2026 16:48:51.547] INFO  REAmo v0.7.3 starting
[27.09.2026 16:48:51.548] INFO  Project entities: tracks=1 items=0 markers=0 regions=0 fx=1 sends=0 tempo=0
[27.09.2026 16:48:51.548] INFO  Arena sizes: HIGH=1011KB MEDIUM=4045KB LOW=126KB SCRATCH=10113KB total=19MB
[27.09.2026 16:48:51.550] INFO  Tiered arenas initialized: 19MB total
[27.09.2026 16:48:51.551] INFO  Session token generated
[27.09.2026 16:48:51.551] INFO  CSurf registered for push-based callbacks
[27.09.2026 16:48:51.551] INFO  Auto-detected hostname: MacBookPro.ht.home
[27.09.2026 16:48:51.551] INFO  Loaded 0 playlists from project
[27.09.2026 16:48:51.551] INFO  Initialization complete, waiting for warmup
[27.09.2026 16:48:53.824] INFO  Initialization complete, starting processing timer
[27.09.2026 16:48:54.755] INFO  Starting HTTP+WS server (deferred)...
[27.09.2026 16:48:54.757] INFO  HTTP+WS server started on port 9224
[27.09.2026 16:48:54.757] INFO  FastTimer: started at 10ms interval (native)
[27.09.2026 16:49:06.537] INFO  CLIENT ADD id=1 total=1
[27.09.2026 16:49:06.555] INFO  CLIENT REMOVE id=1 total=0
[27.09.2026 16:52:49.490] INFO  CLIENT ADD id=2 total=1
[27.09.2026 16:52:49.594] INFO  action/getActions: returning 22438 actions, 1948815 bytes
[27.09.2026 16:52:49.647] INFO  Project changed: (Unsaved)
[27.09.2026 16:52:49.647] INFO  Loaded 0 playlists from new project
[27.09.2026 16:52:50.102] INFO  peaks_subs: parsed viewport start=0.00, end=30.00, width=400
[27.09.2026 16:52:50.129] INFO  peaks: force_broadcast triggered
[27.09.2026 16:52:50.129] INFO  peaks: broadcasting to clients (force=true, indices=1)
[27.09.2026 16:52:50.129] INFO  peaks: binary generation returned null for client 2
[27.09.2026 16:52:50.189] INFO  Track skeleton changed: 2 tracks
[27.09.2026 16:52:50.416] INFO  peaks_subs: updateViewport received start=0.00, end=30.00, width=1170
[27.09.2026 16:52:50.429] INFO  peaks: force_broadcast triggered
[27.09.2026 16:52:50.429] INFO  peaks: broadcasting to clients (force=true, indices=1)
[27.09.2026 16:52:50.429] INFO  peaks: binary generation returned null for client 2
=== Reamo Extension Log ===
[27.09.2026 16:54:58.930] INFO  REAmo v0.7.3 starting
[27.09.2026 16:54:58.930] INFO  Project entities: tracks=1 items=0 markers=0 regions=0 fx=1 sends=0 tempo=0
[27.09.2026 16:54:58.930] INFO  Arena sizes: HIGH=1011KB MEDIUM=4045KB LOW=126KB SCRATCH=10113KB total=19MB
[27.09.2026 16:54:58.932] INFO  Tiered arenas initialized: 19MB total
[27.09.2026 16:54:58.932] INFO  Session token generated
[27.09.2026 16:54:58.932] INFO  CSurf registered for push-based callbacks
[27.09.2026 16:54:58.932] INFO  Auto-detected hostname: MacBookPro.ht.home
[27.09.2026 16:54:58.932] INFO  Loaded 0 playlists from project
[27.09.2026 16:54:58.932] INFO  Initialization complete, waiting for warmup
[27.09.2026 16:55:00.681] INFO  Initialization complete, starting processing timer
[27.09.2026 16:55:01.751] INFO  Starting HTTP+WS server (deferred)...
[27.09.2026 16:55:01.752] INFO  HTTP+WS server started on port 9224
[27.09.2026 16:55:01.752] INFO  FastTimer: started at 10ms interval (native)
[27.09.2026 16:55:06.276] INFO  CLIENT ADD id=1 total=1
[27.09.2026 16:55:06.281] INFO  Project changed: (Unsaved)
[27.09.2026 16:55:06.281] INFO  Loaded 0 playlists from new project
[27.09.2026 16:55:06.281] INFO  Track skeleton changed: 1 tracks
[27.09.2026 16:55:06.289] INFO  CLIENT REMOVE id=1 total=0
[27.09.2026 16:55:14.491] INFO  CLIENT ADD id=2 total=1
[27.09.2026 16:55:14.516] INFO  CLIENT REMOVE id=2 total=0
[27.09.2026 16:55:26.527] INFO  CLIENT ADD id=3 total=1
[27.09.2026 16:55:26.573] INFO  CLIENT REMOVE id=3 total=0
[27.09.2026 16:55:44.136] INFO  CLIENT ADD id=4 total=1
[27.09.2026 16:55:44.155] INFO  CLIENT REMOVE id=4 total=0
[27.09.2026 16:56:10.282] INFO  CLIENT ADD id=5 total=1
[27.09.2026 16:56:10.297] INFO  CLIENT REMOVE id=5 total=0
[27.09.2026 16:56:13.720] INFO  CLIENT ADD id=6 total=1
[27.09.2026 16:56:13.825] INFO  action/getActions: returning 22438 actions, 1948815 bytes
[27.09.2026 16:56:13.830] INFO  Project changed: (Unsaved)
[27.09.2026 16:56:13.830] INFO  Loaded 0 playlists from new project
[27.09.2026 17:00:42.608] INFO  Track skeleton changed: 2 tracks
[27.09.2026 17:07:02.354] INFO  Track skeleton changed: 2 tracks
=== Reamo Extension Log ===
[27.09.2026 17:13:11.612] INFO  REAmo v0.7.3 starting
[27.09.2026 17:13:11.612] INFO  Project entities: tracks=1 items=0 markers=0 regions=0 fx=1 sends=0 tempo=0
[27.09.2026 17:13:11.612] INFO  Arena sizes: HIGH=1011KB MEDIUM=4045KB LOW=126KB SCRATCH=10113KB total=19MB
[27.09.2026 17:13:11.614] INFO  Tiered arenas initialized: 19MB total
[27.09.2026 17:13:11.614] INFO  Session token generated
[27.09.2026 17:13:11.614] INFO  CSurf registered for push-based callbacks
[27.09.2026 17:13:11.614] INFO  Auto-detected hostname: MacBookPro.ht.home
[27.09.2026 17:13:11.614] INFO  Loaded 0 playlists from project
[27.09.2026 17:13:11.614] INFO  Initialization complete, waiting for warmup
[27.09.2026 17:13:13.417] INFO  Initialization complete, starting processing timer
[27.09.2026 17:13:14.441] INFO  Starting HTTP+WS server (deferred)...
[27.09.2026 17:13:14.443] INFO  HTTP+WS server started on port 9224
[27.09.2026 17:13:14.443] INFO  FastTimer: started at 10ms interval (native)
=== Reamo Extension Log ===
[27.09.2026 17:22:46.849] INFO  REAmo v0.7.3 starting
[27.09.2026 17:22:46.850] INFO  Project entities: tracks=1 items=0 markers=0 regions=0 fx=1 sends=0 tempo=0
[27.09.2026 17:22:46.850] INFO  Arena sizes: HIGH=1011KB MEDIUM=4045KB LOW=126KB SCRATCH=10113KB total=19MB
[27.09.2026 17:22:46.854] INFO  Tiered arenas initialized: 19MB total
[27.09.2026 17:22:46.854] INFO  Session token generated
[27.09.2026 17:22:46.854] INFO  CSurf registered for push-based callbacks
[27.09.2026 17:22:46.854] INFO  Auto-detected hostname: MacBookPro.ht.home
[27.09.2026 17:22:46.854] INFO  Loaded 0 playlists from project
[27.09.2026 17:22:46.854] INFO  Initialization complete, waiting for warmup
[27.09.2026 17:22:51.026] INFO  Initialization complete, starting processing timer
[27.09.2026 17:22:52.210] INFO  Starting HTTP+WS server (deferred)...
[27.09.2026 17:22:52.213] INFO  HTTP+WS server started on port 9224
[27.09.2026 17:22:52.213] INFO  FastTimer: started at 10ms interval (native)
[27.09.2026 17:23:16.510] INFO  shutdown() called
[27.09.2026 17:23:16.510] INFO  FastTimer: stopped
[27.09.2026 17:23:16.510] INFO  timers stopped
[27.09.2026 17:23:16.510] INFO  cleaning up CSurf
[27.09.2026 17:23:16.510] INFO  CSurf cleaned up
[27.09.2026 17:23:16.510] INFO  cleaning up audio stream
[27.09.2026 17:23:16.510] INFO  audio stream cleaned up
[27.09.2026 17:23:16.510] INFO  menu: unregistered
[27.09.2026 17:23:16.510] INFO  stopping server
[27.09.2026 17:23:16.511] INFO  server stopped
[27.09.2026 17:23:16.511] INFO  cleaning up gesture state
[27.09.2026 17:23:16.511] INFO  gesture state cleaned up
[27.09.2026 17:23:16.511] INFO  cleaning up toggle subscriptions
[27.09.2026 17:23:16.511] INFO  toggle subscriptions cleaned up
[27.09.2026 17:23:16.511] INFO  cleaning up notes subscriptions
[27.09.2026 17:23:16.511] INFO  notes subscriptions cleaned up
[27.09.2026 17:23:16.511] INFO  cleaning up track subscriptions
[27.09.2026 17:23:16.511] INFO  track subscriptions cleaned up
[27.09.2026 17:23:16.511] INFO  cleaning up peaks subscriptions
[27.09.2026 17:23:16.511] INFO  peaks subscriptions cleaned up
[27.09.2026 17:23:16.511] INFO  cleaning up routing subscriptions
[27.09.2026 17:23:16.511] INFO  routing subscriptions cleaned up
[27.09.2026 17:23:16.511] INFO  cleaning up track FX subscriptions
[27.09.2026 17:23:16.511] INFO  track FX subscriptions cleaned up
[27.09.2026 17:23:16.511] INFO  cleaning up track FX param subscriptions
[27.09.2026 17:23:16.511] INFO  track FX param subscriptions cleaned up
[27.09.2026 17:23:16.511] INFO  cleaning up tuner subscriptions
[27.09.2026 17:23:16.511] INFO  tuner subscriptions cleaned up
[27.09.2026 17:23:16.511] INFO  cleaning up tile cache
[27.09.2026 17:23:16.511] INFO  tile cache cleaned up
[27.09.2026 17:23:16.511] INFO  cleaning up GUID cache
[27.09.2026 17:23:16.511] INFO  GUID cache cleaned up
[27.09.2026 17:23:16.511] INFO  cleaning up item GUID cache
[27.09.2026 17:23:16.511] INFO  item GUID cache cleaned up
[27.09.2026 17:23:16.511] INFO  cleaning up shared state
[27.09.2026 17:23:16.511] INFO  shared state cleaned up
[27.09.2026 17:23:16.511] INFO  cleaning up tiered arenas
[27.09.2026 17:23:16.515] INFO  tiered arenas cleaned up
[27.09.2026 17:23:16.515] INFO  shutdown() complete
=== Extension Unloaded ===

=== Reamo Extension Log ===
[27.09.2026 17:23:37.607] INFO  REAmo v0.7.3 starting
[27.09.2026 17:23:37.608] INFO  Project entities: tracks=1 items=0 markers=0 regions=0 fx=1 sends=0 tempo=0
[27.09.2026 17:23:37.608] INFO  Arena sizes: HIGH=1011KB MEDIUM=4045KB LOW=126KB SCRATCH=10113KB total=19MB
[27.09.2026 17:23:37.610] INFO  Tiered arenas initialized: 19MB total
[27.09.2026 17:23:37.610] INFO  Session token generated
[27.09.2026 17:23:37.610] INFO  CSurf registered for push-based callbacks
[27.09.2026 17:23:37.610] INFO  Auto-detected hostname: MacBookPro.ht.home
[27.09.2026 17:23:37.610] INFO  Loaded 0 playlists from project
[27.09.2026 17:23:37.610] INFO  Initialization complete, waiting for warmup
[27.09.2026 17:23:39.434] INFO  Initialization complete, starting processing timer
[27.09.2026 17:23:40.414] INFO  Starting HTTP+WS server (deferred)...
[27.09.2026 17:23:40.416] INFO  HTTP+WS server started on port 9224
[27.09.2026 17:23:40.416] INFO  FastTimer: started at 10ms interval (native)
=== Reamo Extension Log ===
[27.09.2026 17:28:02.166] INFO  REAmo v0.7.3 starting
[27.09.2026 17:28:02.166] INFO  Project entities: tracks=1 items=0 markers=0 regions=0 fx=1 sends=0 tempo=0
[27.09.2026 17:28:02.166] INFO  Arena sizes: HIGH=1011KB MEDIUM=4045KB LOW=126KB SCRATCH=10113KB total=19MB
[27.09.2026 17:28:02.168] INFO  Tiered arenas initialized: 19MB total
[27.09.2026 17:28:02.168] INFO  Session token generated
[27.09.2026 17:28:02.168] INFO  CSurf registered for push-based callbacks
[27.09.2026 17:28:02.168] INFO  Auto-detected hostname: MacBookPro.ht.home
[27.09.2026 17:28:02.168] INFO  Loaded 0 playlists from project
[27.09.2026 17:28:02.168] INFO  Initialization complete, waiting for warmup
[27.09.2026 17:28:03.544] INFO  Initialization complete, starting processing timer
[27.09.2026 17:28:04.574] INFO  Starting HTTP+WS server (deferred)...
[27.09.2026 17:28:04.575] INFO  HTTP+WS server started on port 9224
[27.09.2026 17:28:04.575] INFO  FastTimer: started at 10ms interval (native)
=== Reamo Extension Log ===
[27.09.2026 18:44:28.317] INFO  REAmo v0.7.3 starting
[27.09.2026 18:44:28.317] INFO  Project entities: tracks=1 items=0 markers=0 regions=0 fx=1 sends=0 tempo=0
[27.09.2026 18:44:28.317] INFO  Arena sizes: HIGH=1011KB MEDIUM=4045KB LOW=126KB SCRATCH=10113KB total=19MB
[27.09.2026 18:44:28.319] INFO  Tiered arenas initialized: 19MB total
[27.09.2026 18:44:28.319] INFO  Session token generated
[27.09.2026 18:44:28.319] INFO  CSurf registered for push-based callbacks
[27.09.2026 18:44:28.319] INFO  Auto-detected hostname: MacBookPro.ht.home
[27.09.2026 18:44:28.319] INFO  Loaded 0 playlists from project
[27.09.2026 18:44:28.319] INFO  Initialization complete, waiting for warmup
[27.09.2026 18:44:30.179] INFO  Initialization complete, starting processing timer
[27.09.2026 18:44:31.138] INFO  Starting HTTP+WS server (deferred)...
[27.09.2026 18:44:31.139] INFO  HTTP+WS server started on port 9224
[27.09.2026 18:44:31.139] INFO  FastTimer: started at 10ms interval (native)
[27.09.2026 20:25:39.206] INFO  CLIENT ADD id=1 total=1
[27.09.2026 20:25:39.260] INFO  action/getActions: returning 22464 actions, 1950389 bytes
[27.09.2026 20:25:39.377] INFO  Project changed: HGG Video Session_009.RPP
[27.09.2026 20:25:39.377] INFO  Loaded 0 playlists from new project
[27.09.2026 20:25:39.918] INFO  Track skeleton changed: 25 tracks
[27.09.2026 20:25:41.631] INFO  peaks_subs: parsed viewport start=0.00, end=1292.82, width=400
[27.09.2026 20:25:41.636] INFO  peaks: force_broadcast triggered
[27.09.2026 20:25:41.636] INFO  peaks: broadcasting to clients (force=true, indices=12)
[27.09.2026 20:25:41.642] INFO  peaks_generator: binary success tiles=26 size=18KB (estimated=101KB)
[27.09.2026 20:25:41.642] INFO  peaks: sending 19002 bytes (binary) to client 1
[27.09.2026 20:25:41.747] INFO  peaks: broadcasting to clients (force=false, indices=12)
[27.09.2026 20:25:41.747] INFO  peaks_generator: binary success tiles=26 size=18KB (estimated=101KB)
[27.09.2026 20:25:41.747] INFO  peaks: sending 19002 bytes (binary) to client 1
[27.09.2026 20:25:41.770] INFO  peaks_subs: updateViewport received start=0.00, end=1292.82, width=1170
[27.09.2026 20:25:41.777] INFO  peaks: force_broadcast triggered
[27.09.2026 20:25:41.777] INFO  peaks: broadcasting to clients (force=true, indices=12)
[27.09.2026 20:25:41.777] INFO  peaks_generator: binary success tiles=26 size=18KB (estimated=101KB)
[27.09.2026 20:25:41.777] INFO  peaks: sending 19002 bytes (binary) to client 1
[27.09.2026 20:25:41.897] INFO  peaks: broadcasting to clients (force=false, indices=12)
[27.09.2026 20:25:41.897] INFO  peaks_generator: binary success tiles=26 size=18KB (estimated=101KB)
[27.09.2026 20:25:41.897] INFO  peaks: sending 19002 bytes (binary) to client 1
[27.09.2026 20:25:42.017] INFO  peaks: broadcasting to clients (force=false, indices=12)
[27.09.2026 20:25:42.017] INFO  peaks_generator: binary success tiles=26 size=18KB (estimated=101KB)
[27.09.2026 20:25:42.017] INFO  peaks: sending 19002 bytes (binary) to client 1
[27.09.2026 20:25:47.375] INFO  peaks_tile: epoch changed for take {23F2B3A5-9BC6-4B4E-8B5C-83084FBCE652} (new epoch: 1318056926), removing tiles
[27.09.2026 20:25:47.376] INFO  peaks: broadcasting to clients (force=false, indices=12)
[27.09.2026 20:25:47.376] INFO  peaks_generator: binary success tiles=21 size=13KB (estimated=101KB)
[27.09.2026 20:25:47.376] INFO  peaks: sending 13774 bytes (binary) to client 1
[27.09.2026 20:25:47.394] INFO  peaks_tile: epoch changed for take {D01CF320-C76F-7C4A-B3DE-DA8E505FD445} (new epoch: 1332368729), removing tiles
[27.09.2026 20:25:47.420] INFO  peaks_tile: epoch changed for take {CA4DB92A-E093-D54F-A54E-3B1BDB4C3183} (new epoch: 2252793215), removing tiles
[27.09.2026 20:25:47.420] INFO  peaks_tile: epoch changed for take {A20D33DD-CC92-B04B-B101-B272C8951C20} (new epoch: 3839942597), removing tiles
[27.09.2026 20:25:47.420] INFO  peaks_tile: epoch changed for take {54D08210-CFBC-AE4B-B0FA-55AF74FC1864} (new epoch: 369410740), removing tiles
[27.09.2026 20:25:47.446] INFO  peaks_tile: epoch changed for take {0A7EDEC9-80FA-174A-AF6E-CB6E995E10EB} (new epoch: 1844645581), removing tiles
[27.09.2026 20:25:47.446] INFO  peaks_tile: epoch changed for take {675F3489-4AB8-A948-9084-39E4D0261E4E} (new epoch: 3287923127), removing tiles
[27.09.2026 20:25:47.446] INFO  peaks_tile: epoch changed for take {D08FDABB-F802-154E-A388-225A39B2C0DD} (new epoch: 1694796728), removing tiles
[27.09.2026 20:25:47.446] INFO  peaks_tile: epoch changed for take {DA1BCBB7-395C-2A48-B7C1-465A28D110E3} (new epoch: 1235071172), removing tiles
[27.09.2026 20:25:47.446] INFO  peaks_tile: epoch changed for take {6EFC169C-9148-BB4F-BFD2-9779F6CE447D} (new epoch: 1978615284), removing tiles
[27.09.2026 20:25:47.446] INFO  peaks_tile: epoch changed for take {A7AC1921-7F69-1E40-933B-BE5B94BF0B65} (new epoch: 3352910986), removing tiles
[27.09.2026 20:25:47.446] INFO  peaks_tile: epoch changed for take {F2BEA6C2-CC33-9543-8F02-A96902F43CB3} (new epoch: 116261758), removing tiles
[27.09.2026 20:25:47.446] INFO  peaks_tile: epoch changed for take {5F0C2A08-5CB6-2A45-9EBF-F32EEA1390A4} (new epoch: 387320013), removing tiles
[27.09.2026 20:25:48.105] INFO  peaks_tile: epoch changed for take {23F2B3A5-9BC6-4B4E-8B5C-83084FBCE652} (new epoch: 982699890), removing tiles
[27.09.2026 20:25:48.105] INFO  peaks: broadcasting to clients (force=false, indices=12)
[27.09.2026 20:25:48.108] INFO  peaks_generator: binary success tiles=26 size=18KB (estimated=101KB)
[27.09.2026 20:25:48.108] INFO  peaks: sending 19002 bytes (binary) to client 1
[27.09.2026 20:25:48.137] INFO  peaks_tile: epoch changed for take {D01CF320-C76F-7C4A-B3DE-DA8E505FD445} (new epoch: 1545077426), removing tiles
[27.09.2026 20:25:48.168] INFO  peaks_tile: epoch changed for take {CA4DB92A-E093-D54F-A54E-3B1BDB4C3183} (new epoch: 1200641776), removing tiles
[27.09.2026 20:25:48.168] INFO  peaks_tile: epoch changed for take {A20D33DD-CC92-B04B-B101-B272C8951C20} (new epoch: 1765939405), removing tiles
[27.09.2026 20:25:48.168] INFO  peaks_tile: epoch changed for take {54D08210-CFBC-AE4B-B0FA-55AF74FC1864} (new epoch: 2118306529), removing tiles
[27.09.2026 20:25:48.200] INFO  peaks_tile: epoch changed for take {0A7EDEC9-80FA-174A-AF6E-CB6E995E10EB} (new epoch: 49379079), removing tiles
[27.09.2026 20:25:48.200] INFO  peaks_tile: epoch changed for take {675F3489-4AB8-A948-9084-39E4D0261E4E} (new epoch: 1901173422), removing tiles
[27.09.2026 20:25:48.200] INFO  peaks_tile: epoch changed for take {D08FDABB-F802-154E-A388-225A39B2C0DD} (new epoch: 4073487816), removing tiles
[27.09.2026 20:25:48.200] INFO  peaks_tile: epoch changed for take {DA1BCBB7-395C-2A48-B7C1-465A28D110E3} (new epoch: 2209341727), removing tiles
[27.09.2026 20:25:48.200] INFO  peaks_tile: epoch changed for take {6EFC169C-9148-BB4F-BFD2-9779F6CE447D} (new epoch: 2478207230), removing tiles
[27.09.2026 20:25:48.200] INFO  peaks_tile: epoch changed for take {A7AC1921-7F69-1E40-933B-BE5B94BF0B65} (new epoch: 3602667861), removing tiles
[27.09.2026 20:25:48.200] INFO  peaks_tile: epoch changed for take {F2BEA6C2-CC33-9543-8F02-A96902F43CB3} (new epoch: 1890512440), removing tiles
[27.09.2026 20:25:48.200] INFO  peaks_tile: epoch changed for take {5F0C2A08-5CB6-2A45-9EBF-F32EEA1390A4} (new epoch: 1545676316), removing tiles
[27.09.2026 20:25:49.343] INFO  Track skeleton changed: 25 tracks
[27.09.2026 20:25:56.628] INFO  Track skeleton changed: 25 tracks
[27.09.2026 20:26:13.725] INFO  peaks: broadcasting to clients (force=false, indices=12)
[27.09.2026 20:26:13.725] INFO  peaks: binary generation returned null for client 1
[27.09.2026 20:26:14.124] INFO  peaks: broadcasting to clients (force=false, indices=12)
[27.09.2026 20:26:14.124] INFO  peaks: binary generation returned null for client 1
[27.09.2026 20:26:14.303] INFO  peaks: broadcasting to clients (force=false, indices=12)
[27.09.2026 20:26:14.303] INFO  peaks: binary generation returned null for client 1
[27.09.2026 20:26:14.456] INFO  peaks: broadcasting to clients (force=false, indices=12)
[27.09.2026 20:26:14.456] INFO  peaks: binary generation returned null for client 1
[27.09.2026 20:26:14.456] INFO  Project changed: 1M03 - Never Say Never - v02.01.03.RPP
[27.09.2026 20:26:14.456] INFO  Loaded 0 playlists from new project
[27.09.2026 20:26:14.661] INFO  peaks: broadcasting to clients (force=false, indices=12)
[27.09.2026 20:26:14.661] INFO  peaks: binary generation returned null for client 1
[27.09.2026 20:26:14.810] INFO  peaks: broadcasting to clients (force=false, indices=12)
[27.09.2026 20:26:14.810] INFO  peaks: binary generation returned null for client 1
[27.09.2026 20:26:14.935] INFO  peaks: broadcasting to clients (force=false, indices=12)
[27.09.2026 20:26:14.935] INFO  peaks: binary generation returned null for client 1
[27.09.2026 20:26:15.301] INFO  Track skeleton changed: 274 tracks
[27.09.2026 20:26:16.532] INFO  Track skeleton changed: 274 tracks
[27.09.2026 20:26:17.586] INFO  Track skeleton changed: 274 tracks
[27.09.2026 20:26:18.670] INFO  Track skeleton changed: 274 tracks
[27.09.2026 20:26:25.775] INFO  Track skeleton changed: 274 tracks
[27.09.2026 20:26:27.133] INFO  Track skeleton changed: 274 tracks
[27.09.2026 20:26:28.361] INFO  Track skeleton changed: 274 tracks
[27.09.2026 20:26:29.710] INFO  Track skeleton changed: 274 tracks
[27.09.2026 20:26:31.558] INFO  Track skeleton changed: 274 tracks
[27.09.2026 20:26:33.036] INFO  Track skeleton changed: 274 tracks
[27.09.2026 20:26:34.611] INFO  Track skeleton changed: 274 tracks
[27.09.2026 20:26:36.021] INFO  Track skeleton changed: 274 tracks
[27.09.2026 20:26:37.924] INFO  Track skeleton changed: 274 tracks
[27.09.2026 20:26:39.101] INFO  Track skeleton changed: 274 tracks
[27.09.2026 20:26:40.242] INFO  Track skeleton changed: 274 tracks
[27.09.2026 20:26:41.622] INFO  Track skeleton changed: 274 tracks
[27.09.2026 20:26:42.855] INFO  Track skeleton changed: 274 tracks
[27.09.2026 20:26:44.051] INFO  Track skeleton changed: 274 tracks
[27.09.2026 20:26:45.262] INFO  Track skeleton changed: 274 tracks
[27.09.2026 20:26:46.415] INFO  Track skeleton changed: 274 tracks
[27.09.2026 20:26:48.339] INFO  Track skeleton changed: 274 tracks
[27.09.2026 20:26:49.386] INFO  Track skeleton changed: 274 tracks
[27.09.2026 20:26:50.646] INFO  Track skeleton changed: 274 tracks
[27.09.2026 20:26:51.861] INFO  Track skeleton changed: 274 tracks
[27.09.2026 20:26:53.023] INFO  Track skeleton changed: 274 tracks
[27.09.2026 20:26:54.126] INFO  Track skeleton changed: 274 tracks
[27.09.2026 20:26:55.181] INFO  Track skeleton changed: 274 tracks
[27.09.2026 20:26:56.970] INFO  Track skeleton changed: 274 tracks
[27.09.2026 20:26:58.252] INFO  Track skeleton changed: 274 tracks
[27.09.2026 20:26:59.447] INFO  Track skeleton changed: 274 tracks
[27.09.2026 20:27:00.588] INFO  Track skeleton changed: 274 tracks
[27.09.2026 20:27:01.746] INFO  Track skeleton changed: 274 tracks
[27.09.2026 20:27:02.816] INFO  Track skeleton changed: 274 tracks
[27.09.2026 20:27:03.945] INFO  Track skeleton changed: 274 tracks
[27.09.2026 20:27:05.262] INFO  Track skeleton changed: 274 tracks
[27.09.2026 20:27:06.488] INFO  Track skeleton changed: 274 tracks
[27.09.2026 20:27:07.561] INFO  Track skeleton changed: 274 tracks
[27.09.2026 20:27:08.829] INFO  Track skeleton changed: 274 tracks
[27.09.2026 20:27:10.087] INFO  Track skeleton changed: 274 tracks
[27.09.2026 20:27:11.199] INFO  Track skeleton changed: 274 tracks
[27.09.2026 20:27:12.366] INFO  Track skeleton changed: 274 tracks
[27.09.2026 20:27:13.444] INFO  Track skeleton changed: 274 tracks
[27.09.2026 20:27:14.758] INFO  Track skeleton changed: 274 tracks
[27.09.2026 20:27:15.909] INFO  Track skeleton changed: 274 tracks
[27.09.2026 20:27:16.987] INFO  Track skeleton changed: 274 tracks
[27.09.2026 20:27:18.163] INFO  Track skeleton changed: 274 tracks
[27.09.2026 20:27:19.329] INFO  Track skeleton changed: 274 tracks
[27.09.2026 20:27:20.524] INFO  Track skeleton changed: 274 tracks
[27.09.2026 20:27:21.610] INFO  Track skeleton changed: 274 tracks
[27.09.2026 20:27:23.493] INFO  Track skeleton changed: 274 tracks
[27.09.2026 20:27:25.165] INFO  Track skeleton changed: 274 tracks
[27.09.2026 20:27:26.638] INFO  Track skeleton changed: 274 tracks
[27.09.2026 20:27:27.997] INFO  Track skeleton changed: 274 tracks
[27.09.2026 20:27:29.384] INFO  Track skeleton changed: 274 tracks
[27.09.2026 20:27:30.616] INFO  Track skeleton changed: 274 tracks
[27.09.2026 20:27:31.938] INFO  Track skeleton changed: 274 tracks
[27.09.2026 20:27:33.977] INFO  Track skeleton changed: 275 tracks
[27.09.2026 20:27:35.229] INFO  Track skeleton changed: 275 tracks
[27.09.2026 20:27:36.793] INFO  Track skeleton changed: 275 tracks
[27.09.2026 20:27:38.025] INFO  Track skeleton changed: 275 tracks
[27.09.2026 20:27:39.355] INFO  Track skeleton changed: 275 tracks
[27.09.2026 20:27:40.754] INFO  Track skeleton changed: 275 tracks
[27.09.2026 20:27:42.288] INFO  Track skeleton changed: 275 tracks
[27.09.2026 20:27:43.678] INFO  Track skeleton changed: 275 tracks
[27.09.2026 20:27:45.130] INFO  Track skeleton changed: 275 tracks
[27.09.2026 20:27:46.404] INFO  Track skeleton changed: 275 tracks
[27.09.2026 20:27:47.944] INFO  Track skeleton changed: 275 tracks
[27.09.2026 20:27:49.491] INFO  Track skeleton changed: 275 tracks
[27.09.2026 20:27:51.443] INFO  Track skeleton changed: 275 tracks
[27.09.2026 20:27:53.160] INFO  Track skeleton changed: 275 tracks
[27.09.2026 20:27:55.883] INFO  Track skeleton changed: 275 tracks
[27.09.2026 20:27:58.015] INFO  Track skeleton changed: 275 tracks
[27.09.2026 20:27:59.137] INFO  Track skeleton changed: 275 tracks
[27.09.2026 20:28:00.615] INFO  Track skeleton changed: 275 tracks
[27.09.2026 20:28:01.871] INFO  Track skeleton changed: 275 tracks
[27.09.2026 20:28:03.013] INFO  Track skeleton changed: 275 tracks
[27.09.2026 20:28:04.167] INFO  Track skeleton changed: 275 tracks
[27.09.2026 20:28:05.298] INFO  Track skeleton changed: 275 tracks
[27.09.2026 20:28:06.406] INFO  Track skeleton changed: 275 tracks
[27.09.2026 20:28:07.509] INFO  Track skeleton changed: 275 tracks
[27.09.2026 20:28:08.594] INFO  Track skeleton changed: 275 tracks
[27.09.2026 20:28:09.668] INFO  Track skeleton changed: 275 tracks
[27.09.2026 20:28:10.750] INFO  Track skeleton changed: 275 tracks
[27.09.2026 20:28:11.800] INFO  Track skeleton changed: 275 tracks
[27.09.2026 20:28:12.877] INFO  Track skeleton changed: 275 tracks
[27.09.2026 20:28:13.960] INFO  Track skeleton changed: 275 tracks
[27.09.2026 20:28:15.014] INFO  Track skeleton changed: 275 tracks
[27.09.2026 20:28:16.096] INFO  Track skeleton changed: 275 tracks
[27.09.2026 20:28:17.178] INFO  Track skeleton changed: 275 tracks
[27.09.2026 20:28:18.322] INFO  Track skeleton changed: 275 tracks
[27.09.2026 20:28:19.394] INFO  Track skeleton changed: 275 tracks
[27.09.2026 20:28:20.470] INFO  Track skeleton changed: 275 tracks
[27.09.2026 20:28:21.546] INFO  Track skeleton changed: 275 tracks
[27.09.2026 20:28:22.654] INFO  Track skeleton changed: 275 tracks
[27.09.2026 20:28:24.017] INFO  Track skeleton changed: 275 tracks
[27.09.2026 20:28:25.156] INFO  Track skeleton changed: 275 tracks
[27.09.2026 20:28:26.207] INFO  Track skeleton changed: 275 tracks
[27.09.2026 20:28:27.288] INFO  Track skeleton changed: 275 tracks
[27.09.2026 20:28:28.370] INFO  Track skeleton changed: 275 tracks
[27.09.2026 20:28:29.466] INFO  Track skeleton changed: 275 tracks
[27.09.2026 20:28:30.768] INFO  Track skeleton changed: 275 tracks
[27.09.2026 20:28:32.019] INFO  Track skeleton changed: 275 tracks
[27.09.2026 20:28:33.093] INFO  Track skeleton changed: 275 tracks
[27.09.2026 20:28:34.193] INFO  Track skeleton changed: 275 tracks
[27.09.2026 20:28:35.278] INFO  Track skeleton changed: 275 tracks
[27.09.2026 20:28:36.331] INFO  Track skeleton changed: 275 tracks
[27.09.2026 20:28:37.481] INFO  Track skeleton changed: 275 tracks
[27.09.2026 20:28:38.675] INFO  Track skeleton changed: 275 tracks
[27.09.2026 20:28:39.910] INFO  Track skeleton changed: 275 tracks
[27.09.2026 20:28:41.144] INFO  Track skeleton changed: 275 tracks
[27.09.2026 20:28:42.337] INFO  Track skeleton changed: 275 tracks
[27.09.2026 20:28:43.420] INFO  Track skeleton changed: 275 tracks
[27.09.2026 20:28:44.498] INFO  Track skeleton changed: 275 tracks
[27.09.2026 20:28:45.642] INFO  Track skeleton changed: 275 tracks
[27.09.2026 20:28:46.783] INFO  Track skeleton changed: 275 tracks
[27.09.2026 20:28:47.825] INFO  Track skeleton changed: 275 tracks
[27.09.2026 20:28:48.933] INFO  Track skeleton changed: 275 tracks
[27.09.2026 20:28:50.076] INFO  Track skeleton changed: 275 tracks
[27.09.2026 20:28:51.184] INFO  Track skeleton changed: 275 tracks
[27.09.2026 20:28:52.364] INFO  Track skeleton changed: 275 tracks
[27.09.2026 20:28:53.443] INFO  Track skeleton changed: 275 tracks
[27.09.2026 20:28:54.580] INFO  Track skeleton changed: 275 tracks
[27.09.2026 20:28:55.631] INFO  Track skeleton changed: 275 tracks
[27.09.2026 20:28:56.712] INFO  Track skeleton changed: 275 tracks
[27.09.2026 20:28:57.858] INFO  Track skeleton changed: 275 tracks
[27.09.2026 20:28:58.989] INFO  Track skeleton changed: 275 tracks
[27.09.2026 20:29:00.043] INFO  Track skeleton changed: 275 tracks
[27.09.2026 20:29:01.122] INFO  Track skeleton changed: 275 tracks
[27.09.2026 20:29:02.320] INFO  Track skeleton changed: 275 tracks
[27.09.2026 20:29:03.413] INFO  Track skeleton changed: 275 tracks
[27.09.2026 20:29:04.693] INFO  Track skeleton changed: 275 tracks
[27.09.2026 20:29:06.025] INFO  Track skeleton changed: 275 tracks
[27.09.2026 20:29:07.180] INFO  Track skeleton changed: 275 tracks
[27.09.2026 20:29:08.290] INFO  Track skeleton changed: 275 tracks
[27.09.2026 20:29:09.403] INFO  Track skeleton changed: 275 tracks
[27.09.2026 20:29:10.487] INFO  Track skeleton changed: 275 tracks
[27.09.2026 20:29:11.593] INFO  Track skeleton changed: 275 tracks
[27.09.2026 20:29:12.647] INFO  Track skeleton changed: 275 tracks
[27.09.2026 20:29:13.721] INFO  Track skeleton changed: 275 tracks
[27.09.2026 20:29:14.809] INFO  Track skeleton changed: 275 tracks
[27.09.2026 20:29:15.888] INFO  Track skeleton changed: 275 tracks
[27.09.2026 20:29:16.935] INFO  Track skeleton changed: 275 tracks
[27.09.2026 20:29:18.013] INFO  Track skeleton changed: 275 tracks
[27.09.2026 20:29:19.098] INFO  Track skeleton changed: 275 tracks
[27.09.2026 20:29:20.145] INFO  Track skeleton changed: 275 tracks
[27.09.2026 20:29:21.223] INFO  Track skeleton changed: 275 tracks
[27.09.2026 20:29:22.305] INFO  Track skeleton changed: 275 tracks
[27.09.2026 20:29:23.382] INFO  Track skeleton changed: 275 tracks
[27.09.2026 20:29:24.455] INFO  Track skeleton changed: 275 tracks
[27.09.2026 20:29:25.544] INFO  Track skeleton changed: 275 tracks
[27.09.2026 20:29:26.597] INFO  Track skeleton changed: 275 tracks
[27.09.2026 20:29:27.654] INFO  Track skeleton changed: 275 tracks
[27.09.2026 20:29:28.722] INFO  Track skeleton changed: 275 tracks
[27.09.2026 20:29:29.898] INFO  Track skeleton changed: 275 tracks
[27.09.2026 20:29:31.400] INFO  Track skeleton changed: 275 tracks
[27.09.2026 20:29:32.600] INFO  Track skeleton changed: 275 tracks
[27.09.2026 20:29:33.738] INFO  Track skeleton changed: 275 tracks
[27.09.2026 20:29:34.819] INFO  Track skeleton changed: 275 tracks
[27.09.2026 20:29:35.896] INFO  Track skeleton changed: 275 tracks
[27.09.2026 20:29:37.304] INFO  Track skeleton changed: 275 tracks
[27.09.2026 20:29:38.729] INFO  Track skeleton changed: 275 tracks
[27.09.2026 20:29:40.183] INFO  Track skeleton changed: 275 tracks
[27.09.2026 20:29:41.234] INFO  Track skeleton changed: 275 tracks
[27.09.2026 20:29:42.314] INFO  Track skeleton changed: 275 tracks
[27.09.2026 20:29:43.397] INFO  Track skeleton changed: 275 tracks
[27.09.2026 20:29:44.447] INFO  Track skeleton changed: 275 tracks
[27.09.2026 20:29:45.822] INFO  Track skeleton changed: 275 tracks
[27.09.2026 20:29:47.176] INFO  Track skeleton changed: 275 tracks
[27.09.2026 20:29:48.230] INFO  Track skeleton changed: 275 tracks
[27.09.2026 20:29:49.307] INFO  Track skeleton changed: 275 tracks
[27.09.2026 20:29:50.382] INFO  Track skeleton changed: 275 tracks
[27.09.2026 20:29:51.436] INFO  Track skeleton changed: 275 tracks
[27.09.2026 20:29:52.604] INFO  Track skeleton changed: 275 tracks
[27.09.2026 20:29:53.690] INFO  Track skeleton changed: 275 tracks
[27.09.2026 20:29:54.733] INFO  Track skeleton changed: 275 tracks
[27.09.2026 20:29:55.813] INFO  Track skeleton changed: 275 tracks
[27.09.2026 20:29:56.895] INFO  Track skeleton changed: 275 tracks
[27.09.2026 20:29:58.093] INFO  Track skeleton changed: 275 tracks
[27.09.2026 20:29:59.385] INFO  Track skeleton changed: 275 tracks
[27.09.2026 20:30:00.440] INFO  Track skeleton changed: 275 tracks
[27.09.2026 20:30:01.521] INFO  Track skeleton changed: 275 tracks
[27.09.2026 20:30:02.605] INFO  Track skeleton changed: 275 tracks
[27.09.2026 20:30:03.703] INFO  Track skeleton changed: 275 tracks
[27.09.2026 20:30:04.782] INFO  Track skeleton changed: 275 tracks
[27.09.2026 20:30:05.834] INFO  Track skeleton changed: 275 tracks
[27.09.2026 20:30:06.915] INFO  Track skeleton changed: 275 tracks
[27.09.2026 20:30:07.995] INFO  Track skeleton changed: 275 tracks
[27.09.2026 20:30:09.051] INFO  Track skeleton changed: 275 tracks
[27.09.2026 20:30:10.125] INFO  Track skeleton changed: 275 tracks
[27.09.2026 20:30:11.211] INFO  Track skeleton changed: 275 tracks
[27.09.2026 20:30:12.286] INFO  Track skeleton changed: 275 tracks
[27.09.2026 20:30:13.334] INFO  Track skeleton changed: 275 tracks
[27.09.2026 20:30:14.414] INFO  Track skeleton changed: 275 tracks
[27.09.2026 20:30:15.501] INFO  Track skeleton changed: 275 tracks
[27.09.2026 20:30:16.547] INFO  Track skeleton changed: 275 tracks
[27.09.2026 20:30:17.642] INFO  Track skeleton changed: 275 tracks
[27.09.2026 20:30:19.246] INFO  Track skeleton changed: 275 tracks
[27.09.2026 20:30:20.441] INFO  Track skeleton changed: 275 tracks
[27.09.2026 20:30:21.667] INFO  Track skeleton changed: 275 tracks
[27.09.2026 20:30:23.220] INFO  Track skeleton changed: 275 tracks
[27.09.2026 20:30:24.394] INFO  Track skeleton changed: 275 tracks
[27.09.2026 20:30:25.581] INFO  Track skeleton changed: 275 tracks
[27.09.2026 20:30:26.776] INFO  Track skeleton changed: 275 tracks
[27.09.2026 20:30:28.026] INFO  Track skeleton changed: 275 tracks
[27.09.2026 20:30:29.133] INFO  Track skeleton changed: 275 tracks
[27.09.2026 20:30:30.233] INFO  Track skeleton changed: 275 tracks
[27.09.2026 20:30:31.307] INFO  Track skeleton changed: 275 tracks
[27.09.2026 20:30:32.390] INFO  Track skeleton changed: 275 tracks
[27.09.2026 20:30:33.441] INFO  Track skeleton changed: 275 tracks
[27.09.2026 20:30:34.519] INFO  Track skeleton changed: 275 tracks
[27.09.2026 20:30:35.604] INFO  Track skeleton changed: 275 tracks
[27.09.2026 20:30:36.810] INFO  Track skeleton changed: 275 tracks
[27.09.2026 20:30:37.941] INFO  Track skeleton changed: 275 tracks
[27.09.2026 20:30:39.047] INFO  Track skeleton changed: 275 tracks
[27.09.2026 20:30:40.161] INFO  Track skeleton changed: 275 tracks
[27.09.2026 20:30:41.280] WARN  Track state drift detected without dirty flag (undo/selection/FX drag?)
[27.09.2026 20:30:42.260] INFO  Track skeleton changed: 275 tracks
[27.09.2026 20:30:43.593] INFO  Track skeleton changed: 275 tracks
[27.09.2026 20:30:44.884] INFO  Track skeleton changed: 275 tracks
[27.09.2026 20:30:46.133] INFO  Track skeleton changed: 275 tracks
[27.09.2026 20:30:47.365] INFO  Track skeleton changed: 275 tracks
[27.09.2026 20:30:48.601] INFO  Track skeleton changed: 275 tracks
[27.09.2026 20:30:49.823] INFO  Track skeleton changed: 275 tracks
[27.09.2026 20:30:51.086] INFO  Track skeleton changed: 275 tracks
[27.09.2026 20:30:52.379] INFO  Track skeleton changed: 275 tracks
[27.09.2026 20:30:53.670] INFO  Track skeleton changed: 275 tracks
[27.09.2026 20:30:54.016] INFO  tuner: inserted JSFX for track {B32A2B44-3751-CC4F-AE48-BDA69EA1BE1E} at Input FX index 0
[27.09.2026 20:30:55.040] INFO  Track skeleton changed: 275 tracks
[27.09.2026 20:30:55.235] INFO  tuner: removing JSFX for track {B32A2B44-3751-CC4F-AE48-BDA69EA1BE1E} (last subscriber)
[27.09.2026 20:30:55.238] INFO  tuner: deleted JSFX from track {B32A2B44-3751-CC4F-AE48-BDA69EA1BE1E} at Input FX position 0
[27.09.2026 20:30:56.439] INFO  Track skeleton changed: 275 tracks
[27.09.2026 20:30:57.722] INFO  Track skeleton changed: 275 tracks
[27.09.2026 20:30:59.216] INFO  Track skeleton changed: 275 tracks
[27.09.2026 20:30:59.256] INFO  tuner: inserted JSFX for track {B32A2B44-3751-CC4F-AE48-BDA69EA1BE1E} at Input FX index 0
[27.09.2026 20:31:00.418] INFO  tuner: removing JSFX for track {B32A2B44-3751-CC4F-AE48-BDA69EA1BE1E} (last subscriber)
[27.09.2026 20:31:00.420] INFO  tuner: deleted JSFX from track {B32A2B44-3751-CC4F-AE48-BDA69EA1BE1E} at Input FX position 0
[27.09.2026 20:31:00.854] INFO  Track skeleton changed: 275 tracks
[27.09.2026 20:31:02.185] INFO  Track skeleton changed: 275 tracks
[27.09.2026 20:31:04.217] WARN  Track state drift detected without dirty flag (undo/selection/FX drag?)
[27.09.2026 20:31:05.054] INFO  Track skeleton changed: 275 tracks
[27.09.2026 20:31:06.349] INFO  Track skeleton changed: 275 tracks
[27.09.2026 20:31:08.534] INFO  Track skeleton changed: 275 tracks
[27.09.2026 20:31:09.659] INFO  Track skeleton changed: 275 tracks
[27.09.2026 20:31:10.734] INFO  Track skeleton changed: 275 tracks
[27.09.2026 20:31:11.848] INFO  Track skeleton changed: 275 tracks
[27.09.2026 20:31:12.924] WARN  Track state drift detected without dirty flag (undo/selection/FX drag?)
[27.09.2026 20:31:13.309] INFO  Track skeleton changed: 275 tracks
[27.09.2026 20:31:14.112] WARN  Track state drift detected without dirty flag (undo/selection/FX drag?)
[27.09.2026 20:31:14.540] INFO  Track skeleton changed: 275 tracks
[27.09.2026 20:31:15.131] WARN  Track state drift detected without dirty flag (undo/selection/FX drag?)
[27.09.2026 20:31:15.711] INFO  Track skeleton changed: 275 tracks
[27.09.2026 20:31:16.787] INFO  Track skeleton changed: 275 tracks
[27.09.2026 20:31:17.847] INFO  Track skeleton changed: 275 tracks
[27.09.2026 20:31:18.919] INFO  Track skeleton changed: 275 tracks
[27.09.2026 20:31:20.037] INFO  Track skeleton changed: 275 tracks
[27.09.2026 20:31:21.143] INFO  Track skeleton changed: 275 tracks
[27.09.2026 20:31:22.486] INFO  Track skeleton changed: 275 tracks
[27.09.2026 20:31:23.498] WARN  Track state drift detected without dirty flag (undo/selection/FX drag?)
[27.09.2026 20:31:23.704] INFO  Track skeleton changed: 275 tracks
[27.09.2026 20:31:27.063] INFO  Track skeleton changed: 275 tracks
[27.09.2026 20:31:28.382] INFO  Track skeleton changed: 275 tracks
[27.09.2026 20:31:29.544] INFO  Track skeleton changed: 275 tracks
[27.09.2026 20:31:30.275] WARN  Track state drift detected without dirty flag (undo/selection/FX drag?)
[27.09.2026 20:31:30.657] INFO  Track skeleton changed: 275 tracks
[27.09.2026 20:31:31.733] INFO  Track skeleton changed: 275 tracks
[27.09.2026 20:31:32.920] INFO  Track skeleton changed: 275 tracks
[27.09.2026 20:31:33.746] WARN  Track state drift detected without dirty flag (undo/selection/FX drag?)
[27.09.2026 20:31:34.168] INFO  Track skeleton changed: 275 tracks
[27.09.2026 20:31:34.824] WARN  Track state drift detected without dirty flag (undo/selection/FX drag?)
[27.09.2026 20:31:35.243] INFO  Track skeleton changed: 275 tracks
[27.09.2026 20:31:36.379] INFO  Track skeleton changed: 275 tracks
[27.09.2026 20:31:37.449] WARN  Track state drift detected without dirty flag (undo/selection/FX drag?)
[27.09.2026 20:31:37.531] INFO  Track skeleton changed: 275 tracks
[27.09.2026 20:31:38.481] WARN  Track state drift detected without dirty flag (undo/selection/FX drag?)
[27.09.2026 20:31:38.693] INFO  Track skeleton changed: 275 tracks
[27.09.2026 20:31:39.769] INFO  Track skeleton changed: 275 tracks
[27.09.2026 20:31:39.798] WARN  Track state drift detected without dirty flag (undo/selection/FX drag?)
[27.09.2026 20:31:40.847] INFO  Track skeleton changed: 275 tracks
[27.09.2026 20:31:41.095] WARN  Track state drift detected without dirty flag (undo/selection/FX drag?)
[27.09.2026 20:31:41.958] INFO  Track skeleton changed: 275 tracks
[27.09.2026 20:31:42.120] WARN  Track state drift detected without dirty flag (undo/selection/FX drag?)
[27.09.2026 20:31:43.175] WARN  Track state drift detected without dirty flag (undo/selection/FX drag?)
[27.09.2026 20:31:43.829] INFO  Track skeleton changed: 275 tracks
[27.09.2026 20:31:45.175] INFO  Track skeleton changed: 275 tracks
[27.09.2026 20:31:46.817] INFO  Track skeleton changed: 275 tracks
[27.09.2026 20:31:48.219] INFO  Track skeleton changed: 275 tracks
[27.09.2026 20:31:55.841] INFO  Track skeleton changed: 275 tracks
[27.09.2026 20:31:56.970] INFO  Track skeleton changed: 275 tracks
[27.09.2026 20:31:58.438] INFO  Track skeleton changed: 275 tracks
[27.09.2026 20:31:59.271] WARN  Track state drift detected without dirty flag (undo/selection/FX drag?)
[27.09.2026 20:31:59.639] INFO  Track skeleton changed: 275 tracks
[27.09.2026 20:32:00.861] INFO  Track skeleton changed: 275 tracks
[27.09.2026 20:32:01.782] WARN  Track state drift detected without dirty flag (undo/selection/FX drag?)
[27.09.2026 20:32:03.365] INFO  Track skeleton changed: 275 tracks
[27.09.2026 20:32:09.296] INFO  Track skeleton changed: 275 tracks
[27.09.2026 20:32:11.174] INFO  Track skeleton changed: 275 tracks
[27.09.2026 20:32:13.011] INFO  Track skeleton changed: 275 tracks
[27.09.2026 20:32:14.764] INFO  Track skeleton changed: 275 tracks
[27.09.2026 20:32:15.759] WARN  Track state drift detected without dirty flag (undo/selection/FX drag?)
[27.09.2026 20:32:16.111] INFO  Track skeleton changed: 275 tracks
[27.09.2026 20:32:17.371] INFO  Track skeleton changed: 275 tracks
[27.09.2026 20:32:18.605] INFO  Track skeleton changed: 275 tracks
[27.09.2026 20:32:20.083] INFO  Track skeleton changed: 275 tracks
[27.09.2026 20:32:21.572] INFO  Track skeleton changed: 275 tracks
[27.09.2026 20:32:22.920] INFO  Track skeleton changed: 275 tracks
[27.09.2026 20:32:24.190] INFO  Track skeleton changed: 275 tracks
[27.09.2026 20:32:25.461] INFO  Track skeleton changed: 275 tracks
[27.09.2026 20:32:26.733] INFO  Track skeleton changed: 275 tracks
[27.09.2026 20:32:27.998] INFO  Track skeleton changed: 275 tracks
[27.09.2026 20:32:29.289] INFO  Track skeleton changed: 275 tracks
[27.09.2026 20:32:31.415] WARN  Track state drift detected without dirty flag (undo/selection/FX drag?)
[27.09.2026 20:32:32.026] INFO  Track skeleton changed: 275 tracks
[27.09.2026 20:32:32.768] WARN  Track state drift detected without dirty flag (undo/selection/FX drag?)
[27.09.2026 20:32:34.178] INFO  Track skeleton changed: 275 tracks
[27.09.2026 20:32:35.456] INFO  Track skeleton changed: 275 tracks
[27.09.2026 20:32:37.016] INFO  Track skeleton changed: 275 tracks
[27.09.2026 20:32:38.305] INFO  Track skeleton changed: 275 tracks
[27.09.2026 20:32:39.539] INFO  Track skeleton changed: 275 tracks
[27.09.2026 20:32:40.659] WARN  Track state drift detected without dirty flag (undo/selection/FX drag?)
[27.09.2026 20:32:40.858] INFO  Track skeleton changed: 275 tracks
[27.09.2026 20:32:42.118] INFO  Track skeleton changed: 275 tracks
[27.09.2026 20:32:43.153] WARN  Track state drift detected without dirty flag (undo/selection/FX drag?)
[27.09.2026 20:32:43.832] INFO  Track skeleton changed: 275 tracks
[27.09.2026 20:32:44.739] WARN  Track state drift detected without dirty flag (undo/selection/FX drag?)
[27.09.2026 20:32:45.363] INFO  Track skeleton changed: 275 tracks
[27.09.2026 20:32:47.523] WARN  Track state drift detected without dirty flag (undo/selection/FX drag?)
[27.09.2026 20:32:47.612] INFO  Track skeleton changed: 275 tracks
[27.09.2026 20:32:48.937] INFO  Track skeleton changed: 275 tracks
[27.09.2026 20:32:50.155] INFO  Track skeleton changed: 275 tracks
[27.09.2026 20:32:51.388] INFO  Track skeleton changed: 275 tracks
[27.09.2026 20:32:52.684] INFO  Track skeleton changed: 275 tracks
[27.09.2026 20:32:53.900] INFO  Track skeleton changed: 275 tracks
[27.09.2026 20:32:55.123] INFO  Track skeleton changed: 275 tracks
[27.09.2026 20:32:56.439] INFO  Track skeleton changed: 275 tracks
[27.09.2026 20:32:57.869] INFO  Track skeleton changed: 275 tracks
[27.09.2026 20:32:59.127] INFO  Track skeleton changed: 275 tracks
[27.09.2026 20:33:00.337] INFO  Track skeleton changed: 275 tracks
[27.09.2026 20:33:01.642] INFO  Track skeleton changed: 275 tracks
[27.09.2026 20:33:02.855] INFO  Track skeleton changed: 275 tracks
[27.09.2026 20:33:04.075] INFO  Track skeleton changed: 275 tracks
[27.09.2026 20:33:05.426] INFO  Track skeleton changed: 275 tracks
[27.09.2026 20:33:06.747] INFO  Track skeleton changed: 275 tracks
[27.09.2026 20:33:08.036] INFO  Track skeleton changed: 275 tracks
[27.09.2026 20:33:09.267] INFO  Track skeleton changed: 275 tracks
[27.09.2026 20:33:10.473] INFO  Track skeleton changed: 275 tracks
[27.09.2026 20:33:11.761] INFO  Track skeleton changed: 275 tracks
[27.09.2026 20:33:13.048] INFO  Track skeleton changed: 275 tracks
[27.09.2026 20:33:14.284] INFO  Track skeleton changed: 275 tracks
[27.09.2026 20:33:14.895] WARN  Track state drift detected without dirty flag (undo/selection/FX drag?)
[27.09.2026 20:33:15.568] INFO  Track skeleton changed: 275 tracks
[27.09.2026 20:33:16.420] WARN  Track state drift detected without dirty flag (undo/selection/FX drag?)
[27.09.2026 20:33:17.552] INFO  Track skeleton changed: 275 tracks
[27.09.2026 20:33:18.159] WARN  Track state drift detected without dirty flag (undo/selection/FX drag?)
[27.09.2026 20:33:18.691] INFO  Track skeleton changed: 275 tracks
[27.09.2026 20:33:19.594] WARN  Track state drift detected without dirty flag (undo/selection/FX drag?)
[27.09.2026 20:33:19.801] INFO  Track skeleton changed: 275 tracks
[27.09.2026 20:33:20.903] INFO  Track skeleton changed: 275 tracks
[27.09.2026 20:33:21.952] INFO  Track skeleton changed: 275 tracks
[27.09.2026 20:33:23.091] INFO  Track skeleton changed: 275 tracks
[27.09.2026 20:33:24.176] INFO  Track skeleton changed: 275 tracks
[27.09.2026 20:33:25.223] INFO  Track skeleton changed: 275 tracks
[27.09.2026 20:33:26.310] INFO  Track skeleton changed: 275 tracks
[27.09.2026 20:33:27.419] INFO  Track skeleton changed: 275 tracks
[27.09.2026 20:33:28.494] INFO  Track skeleton changed: 275 tracks
[27.09.2026 20:33:29.606] INFO  Track skeleton changed: 275 tracks
[27.09.2026 20:33:30.654] INFO  Track skeleton changed: 275 tracks
[27.09.2026 20:33:31.797] INFO  Track skeleton changed: 275 tracks
[27.09.2026 20:33:32.575] WARN  Track state drift detected without dirty flag (undo/selection/FX drag?)
[27.09.2026 20:33:34.049] INFO  Track skeleton changed: 275 tracks
[27.09.2026 20:33:35.154] INFO  Track skeleton changed: 275 tracks
[27.09.2026 20:33:35.254] WARN  Track state drift detected without dirty flag (undo/selection/FX drag?)
[27.09.2026 20:33:36.231] INFO  Track skeleton changed: 275 tracks
[27.09.2026 20:33:37.315] INFO  Track skeleton changed: 275 tracks
[27.09.2026 20:33:38.398] INFO  Track skeleton changed: 275 tracks
[27.09.2026 20:33:39.443] INFO  Track skeleton changed: 275 tracks
[27.09.2026 20:33:42.200] INFO  Track skeleton changed: 275 tracks
[27.09.2026 20:33:43.993] INFO  Track skeleton changed: 275 tracks
[27.09.2026 20:33:45.524] INFO  Track skeleton changed: 275 tracks
[27.09.2026 20:33:46.863] INFO  Track skeleton changed: 275 tracks
[27.09.2026 20:33:48.275] INFO  Track skeleton changed: 275 tracks
[27.09.2026 20:33:49.697] INFO  Track skeleton changed: 275 tracks
[27.09.2026 20:33:51.246] INFO  Track skeleton changed: 275 tracks
[27.09.2026 20:33:52.690] INFO  Track skeleton changed: 275 tracks
[27.09.2026 20:33:54.123] INFO  Track skeleton changed: 275 tracks
[27.09.2026 20:33:55.561] INFO  Track skeleton changed: 275 tracks
[27.09.2026 20:33:57.117] INFO  Track skeleton changed: 275 tracks
[27.09.2026 20:33:58.575] INFO  Track skeleton changed: 275 tracks
[27.09.2026 20:33:59.974] INFO  Track skeleton changed: 275 tracks
[27.09.2026 20:34:00.447] WARN  Track state drift detected without dirty flag (undo/selection/FX drag?)
[27.09.2026 20:34:01.467] INFO  Track skeleton changed: 275 tracks
[27.09.2026 20:34:02.821] INFO  Track skeleton changed: 275 tracks
[27.09.2026 20:34:04.178] INFO  Track skeleton changed: 275 tracks
[27.09.2026 20:34:05.461] INFO  Track skeleton changed: 275 tracks
[27.09.2026 20:34:06.688] INFO  Track skeleton changed: 275 tracks
[27.09.2026 20:34:07.867] INFO  Track skeleton changed: 275 tracks
[27.09.2026 20:34:09.086] INFO  Track skeleton changed: 275 tracks
[27.09.2026 20:34:10.350] INFO  Track skeleton changed: 275 tracks
[27.09.2026 20:34:11.589] INFO  Track skeleton changed: 275 tracks
[27.09.2026 20:34:12.932] INFO  Track skeleton changed: 275 tracks
[27.09.2026 20:34:14.215] INFO  Track skeleton changed: 275 tracks
[27.09.2026 20:34:15.564] INFO  Track skeleton changed: 275 tracks
[27.09.2026 20:34:16.770] INFO  Track skeleton changed: 275 tracks
[27.09.2026 20:34:18.130] INFO  Track skeleton changed: 275 tracks
[27.09.2026 20:34:19.372] INFO  Track skeleton changed: 275 tracks
[27.09.2026 20:34:20.668] INFO  Track skeleton changed: 275 tracks
[27.09.2026 20:34:21.873] INFO  Track skeleton changed: 275 tracks
[27.09.2026 20:34:23.238] INFO  Track skeleton changed: 275 tracks
[27.09.2026 20:34:24.973] INFO  Track skeleton changed: 275 tracks
[27.09.2026 20:34:26.312] INFO  Track skeleton changed: 275 tracks
[27.09.2026 20:34:27.934] WARN  Track state drift detected without dirty flag (undo/selection/FX drag?)
[27.09.2026 20:34:28.976] INFO  Track skeleton changed: 275 tracks
[27.09.2026 20:34:30.236] INFO  Track skeleton changed: 275 tracks
[27.09.2026 20:34:31.312] INFO  Track skeleton changed: 275 tracks
[27.09.2026 20:34:32.394] INFO  Track skeleton changed: 275 tracks
[27.09.2026 20:34:33.472] INFO  Track skeleton changed: 275 tracks
[27.09.2026 20:34:34.556] INFO  Track skeleton changed: 275 tracks
[27.09.2026 20:34:37.619] INFO  Track skeleton changed: 275 tracks
[27.09.2026 20:34:38.916] INFO  Track skeleton changed: 275 tracks
[27.09.2026 20:34:40.204] INFO  Track skeleton changed: 275 tracks
[27.09.2026 20:34:41.733] INFO  Track skeleton changed: 275 tracks
[27.09.2026 20:34:43.146] INFO  Track skeleton changed: 275 tracks
[27.09.2026 20:34:48.066] INFO  Track skeleton changed: 275 tracks
[27.09.2026 20:34:49.560] INFO  Track skeleton changed: 275 tracks
[27.09.2026 20:34:51.598] WARN  Track state drift detected without dirty flag (undo/selection/FX drag?)
[27.09.2026 20:34:51.805] INFO  Track skeleton changed: 275 tracks
[27.09.2026 20:34:53.588] INFO  Track skeleton changed: 275 tracks
[27.09.2026 20:34:55.523] INFO  Track skeleton changed: 275 tracks
[27.09.2026 20:34:56.827] INFO  Track skeleton changed: 275 tracks
[27.09.2026 20:34:58.091] INFO  Track skeleton changed: 275 tracks
[27.09.2026 20:34:59.375] INFO  Track skeleton changed: 275 tracks
[27.09.2026 20:35:00.659] INFO  Track skeleton changed: 275 tracks
[27.09.2026 20:35:01.967] INFO  Track skeleton changed: 275 tracks
[27.09.2026 20:35:03.270] WARN  Track state drift detected without dirty flag (undo/selection/FX drag?)
[27.09.2026 20:35:05.068] INFO  Track skeleton changed: 275 tracks
[27.09.2026 20:35:06.399] INFO  Track skeleton changed: 275 tracks
[27.09.2026 20:35:07.491] INFO  Track skeleton changed: 275 tracks
[27.09.2026 20:35:08.549] INFO  Track skeleton changed: 275 tracks
[27.09.2026 20:35:09.621] INFO  Track skeleton changed: 275 tracks
[27.09.2026 20:35:10.704] INFO  Track skeleton changed: 275 tracks
[27.09.2026 20:35:11.781] INFO  Track skeleton changed: 275 tracks
[27.09.2026 20:35:12.832] INFO  Track skeleton changed: 275 tracks
[27.09.2026 20:35:13.922] INFO  Track skeleton changed: 275 tracks
[27.09.2026 20:35:15.035] INFO  Track skeleton changed: 275 tracks
[27.09.2026 20:35:16.197] INFO  Track skeleton changed: 275 tracks
[27.09.2026 20:35:17.465] INFO  Track skeleton changed: 275 tracks
[27.09.2026 20:35:18.630] INFO  Track skeleton changed: 275 tracks
[27.09.2026 20:35:19.715] INFO  Track skeleton changed: 275 tracks
[27.09.2026 20:35:20.812] INFO  Track skeleton changed: 275 tracks
[27.09.2026 20:35:21.919] INFO  Track skeleton changed: 275 tracks
[27.09.2026 20:35:23.009] INFO  Track skeleton changed: 275 tracks
[27.09.2026 20:35:24.057] INFO  Track skeleton changed: 275 tracks
[27.09.2026 20:35:25.168] INFO  Track skeleton changed: 275 tracks
[27.09.2026 20:35:26.211] INFO  Track skeleton changed: 275 tracks
[27.09.2026 20:35:27.295] INFO  Track skeleton changed: 275 tracks
[27.09.2026 20:35:28.351] INFO  Track skeleton changed: 275 tracks
[27.09.2026 20:35:29.451] INFO  Track skeleton changed: 275 tracks
[27.09.2026 20:35:30.565] INFO  Track skeleton changed: 275 tracks
[27.09.2026 20:35:31.617] INFO  Track skeleton changed: 275 tracks
[27.09.2026 20:35:32.704] INFO  Track skeleton changed: 275 tracks
[27.09.2026 20:35:34.065] INFO  Track skeleton changed: 275 tracks
[27.09.2026 20:35:35.218] INFO  Track skeleton changed: 275 tracks
[27.09.2026 20:35:35.768] WARN  Track state drift detected without dirty flag (undo/selection/FX drag?)
[27.09.2026 20:35:51.377] INFO  Track skeleton changed: 275 tracks
[27.09.2026 20:35:53.288] INFO  Track skeleton changed: 275 tracks
[27.09.2026 20:35:55.137] INFO  Track skeleton changed: 275 tracks
[27.09.2026 20:35:57.040] INFO  Track skeleton changed: 275 tracks
[27.09.2026 20:35:58.762] INFO  Track skeleton changed: 275 tracks
[27.09.2026 20:36:00.490] INFO  Track skeleton changed: 275 tracks
[27.09.2026 20:36:02.198] INFO  Track skeleton changed: 275 tracks
[27.09.2026 20:36:04.021] INFO  Track skeleton changed: 275 tracks
[27.09.2026 20:36:05.755] INFO  Track skeleton changed: 275 tracks
[27.09.2026 20:36:07.532] INFO  Track skeleton changed: 275 tracks
[27.09.2026 20:36:09.397] INFO  Track skeleton changed: 275 tracks
[27.09.2026 20:36:11.064] INFO  Track skeleton changed: 275 tracks
[27.09.2026 20:36:12.751] INFO  Track skeleton changed: 275 tracks
[27.09.2026 20:36:14.723] INFO  Track skeleton changed: 275 tracks
[27.09.2026 20:36:16.738] INFO  Track skeleton changed: 275 tracks
[27.09.2026 20:36:18.703] INFO  Track skeleton changed: 275 tracks
[27.09.2026 20:36:21.053] INFO  Track skeleton changed: 275 tracks
[27.09.2026 20:36:23.304] INFO  Track skeleton changed: 275 tracks
[27.09.2026 20:36:25.398] INFO  Track skeleton changed: 275 tracks
[27.09.2026 20:36:27.671] INFO  Track skeleton changed: 275 tracks
[27.09.2026 20:36:29.979] INFO  Track skeleton changed: 275 tracks
[27.09.2026 20:36:31.677] INFO  Track skeleton changed: 275 tracks
[27.09.2026 20:36:33.237] INFO  Track skeleton changed: 275 tracks
[27.09.2026 20:36:45.551] WARN  Track state drift detected without dirty flag (undo/selection/FX drag?)
[27.09.2026 20:36:46.054] INFO  Track skeleton changed: 275 tracks
[27.09.2026 20:36:47.363] INFO  Track skeleton changed: 275 tracks
[27.09.2026 20:36:48.480] INFO  Track skeleton changed: 275 tracks
[27.09.2026 20:36:49.591] INFO  Track skeleton changed: 275 tracks
[27.09.2026 20:36:50.697] INFO  Track skeleton changed: 275 tracks
[27.09.2026 20:36:51.754] INFO  Track skeleton changed: 275 tracks
[27.09.2026 20:36:52.838] INFO  Track skeleton changed: 275 tracks
[27.09.2026 20:36:54.002] INFO  Track skeleton changed: 275 tracks
[27.09.2026 20:36:55.059] INFO  Track skeleton changed: 275 tracks
[27.09.2026 20:36:56.155] INFO  Track skeleton changed: 275 tracks
[27.09.2026 20:36:57.270] INFO  Track skeleton changed: 275 tracks
[27.09.2026 20:36:58.345] INFO  Track skeleton changed: 275 tracks
[27.09.2026 20:36:59.426] INFO  Track skeleton changed: 275 tracks
[27.09.2026 20:37:00.509] INFO  Track skeleton changed: 275 tracks
[27.09.2026 20:37:01.556] INFO  Track skeleton changed: 275 tracks
[27.09.2026 20:37:02.647] INFO  Track skeleton changed: 275 tracks
[27.09.2026 20:37:03.716] INFO  Track skeleton changed: 275 tracks
[27.09.2026 20:37:04.798] INFO  Track skeleton changed: 275 tracks
[27.09.2026 20:37:05.909] INFO  Track skeleton changed: 275 tracks
[27.09.2026 20:37:07.047] INFO  Track skeleton changed: 275 tracks
[27.09.2026 20:37:08.523] INFO  Track skeleton changed: 275 tracks
[27.09.2026 20:37:09.756] INFO  Track skeleton changed: 275 tracks
[27.09.2026 20:37:10.891] INFO  Track skeleton changed: 275 tracks
[27.09.2026 20:37:12.103] INFO  Track skeleton changed: 275 tracks
[27.09.2026 20:37:13.275] INFO  Track skeleton changed: 275 tracks
[27.09.2026 20:37:14.527] INFO  Track skeleton changed: 275 tracks
[27.09.2026 20:37:15.873] INFO  Track skeleton changed: 275 tracks
[27.09.2026 20:37:17.214] INFO  Track skeleton changed: 275 tracks
[27.09.2026 20:37:18.495] INFO  Track skeleton changed: 275 tracks
[27.09.2026 20:37:19.940] INFO  Track skeleton changed: 275 tracks
[27.09.2026 20:37:21.279] INFO  Track skeleton changed: 275 tracks
[27.09.2026 20:37:22.449] INFO  Track skeleton changed: 275 tracks
[27.09.2026 20:37:23.684] INFO  Track skeleton changed: 275 tracks
[27.09.2026 20:37:24.938] INFO  Track skeleton changed: 275 tracks
[27.09.2026 20:37:26.045] INFO  Track skeleton changed: 275 tracks
[27.09.2026 20:37:27.121] INFO  Track skeleton changed: 275 tracks
[27.09.2026 20:37:28.200] INFO  Track skeleton changed: 275 tracks
[27.09.2026 20:37:29.250] INFO  Track skeleton changed: 275 tracks
[27.09.2026 20:37:30.356] INFO  Track skeleton changed: 275 tracks
[27.09.2026 20:37:31.439] INFO  Track skeleton changed: 275 tracks
[27.09.2026 20:37:32.514] INFO  Track skeleton changed: 275 tracks
[27.09.2026 20:37:33.599] INFO  Track skeleton changed: 275 tracks
[27.09.2026 20:37:34.647] INFO  Track skeleton changed: 275 tracks
[27.09.2026 20:37:35.790] INFO  Track skeleton changed: 275 tracks
[27.09.2026 20:37:36.836] INFO  Track skeleton changed: 275 tracks
[27.09.2026 20:37:37.917] INFO  Track skeleton changed: 275 tracks
[27.09.2026 20:37:39.000] INFO  Track skeleton changed: 275 tracks
[27.09.2026 20:37:40.159] INFO  Track skeleton changed: 275 tracks
[27.09.2026 20:37:41.509] INFO  Track skeleton changed: 275 tracks
[27.09.2026 20:37:42.882] INFO  Track skeleton changed: 275 tracks
[27.09.2026 20:37:44.179] INFO  Track skeleton changed: 275 tracks
[27.09.2026 20:37:45.242] INFO  Track skeleton changed: 275 tracks
[27.09.2026 20:37:46.345] INFO  Track skeleton changed: 275 tracks
[27.09.2026 20:37:47.460] INFO  Track skeleton changed: 275 tracks
[27.09.2026 20:37:48.550] INFO  Track skeleton changed: 275 tracks
[27.09.2026 20:37:49.638] INFO  Track skeleton changed: 275 tracks
[27.09.2026 20:37:50.759] INFO  Track skeleton changed: 275 tracks
[27.09.2026 20:37:51.837] INFO  Track skeleton changed: 275 tracks
[27.09.2026 20:37:52.917] INFO  Track skeleton changed: 275 tracks
[27.09.2026 20:37:53.994] INFO  Track skeleton changed: 275 tracks
[27.09.2026 20:37:55.174] INFO  Track skeleton changed: 275 tracks
[27.09.2026 20:37:56.231] INFO  Track skeleton changed: 275 tracks
[27.09.2026 20:37:57.370] INFO  Track skeleton changed: 275 tracks
[27.09.2026 20:37:58.441] INFO  Track skeleton changed: 275 tracks
[27.09.2026 20:37:59.517] INFO  Track skeleton changed: 275 tracks
[27.09.2026 20:38:00.600] INFO  Track skeleton changed: 275 tracks
[27.09.2026 20:38:01.643] INFO  Track skeleton changed: 275 tracks
[27.09.2026 20:38:02.759] INFO  Track skeleton changed: 275 tracks
[27.09.2026 20:38:03.845] INFO  Track skeleton changed: 275 tracks
[27.09.2026 20:38:04.930] INFO  Track skeleton changed: 275 tracks
[27.09.2026 20:38:06.055] INFO  Track skeleton changed: 275 tracks
[27.09.2026 20:38:07.126] INFO  Track skeleton changed: 275 tracks
[27.09.2026 20:38:08.214] INFO  Track skeleton changed: 275 tracks
[27.09.2026 20:38:09.298] INFO  Track skeleton changed: 275 tracks
[27.09.2026 20:38:10.357] INFO  Track skeleton changed: 275 tracks
[27.09.2026 20:38:11.427] INFO  Track skeleton changed: 275 tracks
[27.09.2026 20:38:12.506] INFO  Track skeleton changed: 275 tracks
[27.09.2026 20:38:13.685] INFO  Track skeleton changed: 275 tracks
[27.09.2026 20:38:14.886] INFO  Track skeleton changed: 275 tracks
[27.09.2026 20:38:15.990] INFO  Track skeleton changed: 275 tracks
[27.09.2026 20:38:17.039] INFO  Track skeleton changed: 275 tracks
[27.09.2026 20:38:18.124] INFO  Track skeleton changed: 275 tracks
[27.09.2026 20:38:19.296] INFO  Track skeleton changed: 275 tracks
[27.09.2026 20:38:20.376] INFO  Track skeleton changed: 275 tracks
[27.09.2026 20:38:21.507] INFO  Track skeleton changed: 275 tracks
[27.09.2026 20:38:22.585] INFO  Track skeleton changed: 275 tracks
[27.09.2026 20:38:23.773] INFO  Track skeleton changed: 275 tracks
[27.09.2026 20:38:25.050] INFO  Track skeleton changed: 275 tracks
[27.09.2026 20:38:26.277] INFO  Track skeleton changed: 275 tracks
[27.09.2026 20:38:27.469] INFO  Track skeleton changed: 275 tracks
[27.09.2026 20:38:28.660] INFO  Track skeleton changed: 275 tracks
[27.09.2026 20:38:29.730] INFO  Track skeleton changed: 275 tracks
[27.09.2026 20:38:30.813] INFO  Track skeleton changed: 275 tracks
[27.09.2026 20:38:31.926] INFO  Track skeleton changed: 275 tracks
[27.09.2026 20:38:33.079] INFO  Track skeleton changed: 275 tracks
[27.09.2026 20:38:34.208] INFO  Track skeleton changed: 275 tracks
[27.09.2026 20:38:35.319] INFO  Track skeleton changed: 275 tracks
[27.09.2026 20:38:36.463] INFO  Track skeleton changed: 275 tracks
[27.09.2026 20:38:37.579] INFO  Track skeleton changed: 275 tracks
[27.09.2026 20:38:38.815] INFO  Track skeleton changed: 275 tracks
[27.09.2026 20:38:41.230] INFO  Track skeleton changed: 275 tracks
[27.09.2026 20:39:08.514] INFO  Track skeleton changed: 275 tracks
[27.09.2026 20:39:09.620] INFO  Track skeleton changed: 275 tracks
[27.09.2026 20:39:10.712] INFO  Track skeleton changed: 275 tracks
[27.09.2026 20:39:11.922] INFO  Track skeleton changed: 275 tracks
[27.09.2026 20:39:13.152] INFO  Track skeleton changed: 275 tracks
[27.09.2026 20:39:14.224] INFO  Track skeleton changed: 275 tracks
[27.09.2026 20:39:15.301] INFO  Track skeleton changed: 275 tracks
[27.09.2026 20:39:16.349] INFO  Track skeleton changed: 275 tracks
[27.09.2026 20:39:17.579] INFO  Track skeleton changed: 275 tracks
[27.09.2026 20:39:18.795] INFO  Track skeleton changed: 275 tracks
[27.09.2026 20:39:19.914] INFO  Track skeleton changed: 275 tracks
[27.09.2026 20:39:21.133] INFO  Track skeleton changed: 275 tracks
[27.09.2026 20:39:22.331] INFO  Track skeleton changed: 275 tracks
[27.09.2026 20:39:23.429] INFO  Track skeleton changed: 275 tracks
[27.09.2026 20:39:24.581] INFO  Track skeleton changed: 275 tracks
[27.09.2026 20:39:25.805] INFO  Track skeleton changed: 275 tracks
[27.09.2026 20:39:27.065] INFO  Track skeleton changed: 275 tracks
[27.09.2026 20:39:28.317] INFO  Track skeleton changed: 275 tracks
[27.09.2026 20:39:29.560] INFO  Track skeleton changed: 275 tracks
[27.09.2026 20:39:30.902] INFO  Track skeleton changed: 275 tracks
[27.09.2026 20:39:32.198] INFO  Track skeleton changed: 275 tracks
[27.09.2026 20:39:33.556] INFO  Track skeleton changed: 275 tracks
[27.09.2026 20:39:34.858] INFO  Track skeleton changed: 275 tracks
[27.09.2026 20:39:59.881] INFO  Track skeleton changed: 275 tracks
[27.09.2026 20:40:01.150] INFO  Track skeleton changed: 275 tracks
[27.09.2026 20:40:02.331] INFO  Track skeleton changed: 275 tracks
[27.09.2026 20:40:03.515] INFO  Track skeleton changed: 275 tracks
[27.09.2026 20:40:04.557] INFO  Track skeleton changed: 275 tracks
[27.09.2026 20:40:05.705] INFO  Track skeleton changed: 275 tracks
[27.09.2026 20:40:06.810] INFO  Track skeleton changed: 275 tracks
[27.09.2026 20:40:07.952] INFO  Track skeleton changed: 275 tracks
[27.09.2026 20:40:09.069] INFO  Track skeleton changed: 275 tracks
[27.09.2026 20:40:10.144] INFO  Track skeleton changed: 275 tracks
[27.09.2026 20:40:11.277] INFO  Track skeleton changed: 275 tracks
[27.09.2026 20:40:12.364] INFO  Track skeleton changed: 275 tracks
[27.09.2026 20:40:13.534] INFO  Track skeleton changed: 275 tracks
[27.09.2026 20:40:14.644] INFO  Track skeleton changed: 275 tracks
[27.09.2026 20:40:15.786] INFO  Track skeleton changed: 275 tracks
[27.09.2026 20:40:16.904] INFO  Track skeleton changed: 275 tracks
[27.09.2026 20:40:18.000] INFO  Track skeleton changed: 275 tracks
[27.09.2026 20:40:19.088] INFO  Track skeleton changed: 275 tracks
[27.09.2026 20:40:20.161] INFO  Track skeleton changed: 275 tracks
[27.09.2026 20:40:21.331] INFO  Track skeleton changed: 275 tracks
[27.09.2026 20:40:22.545] INFO  Track skeleton changed: 275 tracks
[27.09.2026 20:40:23.822] INFO  Track skeleton changed: 275 tracks
[27.09.2026 20:40:25.055] INFO  Track skeleton changed: 275 tracks
[27.09.2026 20:40:26.195] INFO  Track skeleton changed: 275 tracks
[27.09.2026 20:40:27.311] INFO  Track skeleton changed: 275 tracks
[27.09.2026 20:40:28.438] INFO  Track skeleton changed: 275 tracks
[27.09.2026 20:40:29.674] INFO  Track skeleton changed: 275 tracks
[27.09.2026 20:40:31.018] INFO  Track skeleton changed: 275 tracks
[27.09.2026 20:40:32.286] INFO  Track skeleton changed: 275 tracks
[27.09.2026 20:40:33.437] INFO  Track skeleton changed: 275 tracks
[27.09.2026 20:40:35.048] INFO  Track skeleton changed: 275 tracks
[27.09.2026 20:40:35.383] WARN  Track state drift detected without dirty flag (undo/selection/FX drag?)
[27.09.2026 20:40:36.589] INFO  Track skeleton changed: 275 tracks
[27.09.2026 20:40:36.734] WARN  Track state drift detected without dirty flag (undo/selection/FX drag?)
[27.09.2026 20:40:37.654] INFO  Track skeleton changed: 275 tracks
[27.09.2026 20:40:37.844] WARN  Track state drift detected without dirty flag (undo/selection/FX drag?)
[27.09.2026 20:40:39.664] INFO  Track skeleton changed: 276 tracks
[27.09.2026 20:40:40.590] WARN  Track state drift detected without dirty flag (undo/selection/FX drag?)
[27.09.2026 20:40:40.960] INFO  Track skeleton changed: 276 tracks
[27.09.2026 20:40:41.777] WARN  Track state drift detected without dirty flag (undo/selection/FX drag?)
[27.09.2026 20:40:42.214] INFO  Track skeleton changed: 276 tracks
[27.09.2026 20:40:44.112] WARN  Track state drift detected without dirty flag (undo/selection/FX drag?)
[27.09.2026 20:40:44.996] INFO  Track skeleton changed: 276 tracks
[27.09.2026 20:40:46.129] INFO  Track skeleton changed: 276 tracks
[27.09.2026 20:40:47.413] INFO  Track skeleton changed: 276 tracks
[27.09.2026 20:40:48.823] INFO  Track skeleton changed: 276 tracks
[27.09.2026 20:40:49.927] INFO  Track skeleton changed: 276 tracks
[27.09.2026 20:40:51.113] INFO  Track skeleton changed: 276 tracks
[27.09.2026 20:40:52.297] INFO  Track skeleton changed: 276 tracks
[27.09.2026 20:40:53.413] INFO  Track skeleton changed: 276 tracks
[27.09.2026 20:40:54.699] INFO  Track skeleton changed: 276 tracks
[27.09.2026 20:40:55.807] INFO  Track skeleton changed: 276 tracks
[27.09.2026 20:40:56.456] WARN  Track state drift detected without dirty flag (undo/selection/FX drag?)
[27.09.2026 20:40:56.854] INFO  Track skeleton changed: 276 tracks
[27.09.2026 20:40:57.537] WARN  Track state drift detected without dirty flag (undo/selection/FX drag?)
[27.09.2026 20:40:57.933] INFO  Track skeleton changed: 276 tracks
[27.09.2026 20:40:59.100] INFO  Track skeleton changed: 276 tracks
[27.09.2026 20:40:59.282] WARN  Track state drift detected without dirty flag (undo/selection/FX drag?)
[27.09.2026 20:41:00.221] INFO  Track skeleton changed: 276 tracks
[27.09.2026 20:41:01.323] INFO  Track skeleton changed: 276 tracks
[27.09.2026 20:41:01.602] WARN  Track state drift detected without dirty flag (undo/selection/FX drag?)
[27.09.2026 20:41:02.471] INFO  Track skeleton changed: 276 tracks
[27.09.2026 20:41:03.793] INFO  Track skeleton changed: 276 tracks
[27.09.2026 20:41:04.926] INFO  Track skeleton changed: 276 tracks
[27.09.2026 20:41:06.005] INFO  Track skeleton changed: 276 tracks
[27.09.2026 20:41:07.150] INFO  Track skeleton changed: 276 tracks
[27.09.2026 20:41:08.225] INFO  Track skeleton changed: 276 tracks
[27.09.2026 20:41:09.431] INFO  Track skeleton changed: 276 tracks
[27.09.2026 20:41:10.537] INFO  Track skeleton changed: 276 tracks
[27.09.2026 20:41:11.796] INFO  Track skeleton changed: 276 tracks
[27.09.2026 20:41:11.943] WARN  Track state drift detected without dirty flag (undo/selection/FX drag?)
[27.09.2026 20:41:12.903] INFO  Track skeleton changed: 276 tracks
[27.09.2026 20:41:14.045] INFO  Track skeleton changed: 276 tracks
[27.09.2026 20:41:15.125] INFO  Track skeleton changed: 276 tracks
[27.09.2026 20:41:15.257] WARN  Track state drift detected without dirty flag (undo/selection/FX drag?)
[27.09.2026 20:41:16.257] INFO  Track skeleton changed: 276 tracks
[27.09.2026 20:41:17.481] INFO  Track skeleton changed: 276 tracks
[27.09.2026 20:41:18.608] INFO  Track skeleton changed: 276 tracks
[27.09.2026 20:41:19.754] INFO  Track skeleton changed: 276 tracks
[27.09.2026 20:41:20.851] INFO  Track skeleton changed: 276 tracks
[27.09.2026 20:41:22.194] WARN  Track state drift detected without dirty flag (undo/selection/FX drag?)
[27.09.2026 20:41:22.362] INFO  Track skeleton changed: 276 tracks
[27.09.2026 20:41:23.469] INFO  Track skeleton changed: 276 tracks
[27.09.2026 20:41:24.576] INFO  Track skeleton changed: 276 tracks
[27.09.2026 20:41:25.652] INFO  Track skeleton changed: 276 tracks
[27.09.2026 20:41:26.583] WARN  Track state drift detected without dirty flag (undo/selection/FX drag?)
[27.09.2026 20:41:27.003] INFO  Track skeleton changed: 276 tracks
[27.09.2026 20:41:28.051] INFO  Track skeleton changed: 276 tracks
[27.09.2026 20:41:28.761] WARN  Track state drift detected without dirty flag (undo/selection/FX drag?)
[27.09.2026 20:41:29.166] INFO  Track skeleton changed: 276 tracks
[27.09.2026 20:41:30.533] INFO  Track skeleton changed: 276 tracks
[27.09.2026 20:41:31.629] INFO  Track skeleton changed: 276 tracks
[27.09.2026 20:41:32.505] WARN  Track state drift detected without dirty flag (undo/selection/FX drag?)
[27.09.2026 20:41:32.971] INFO  Track skeleton changed: 276 tracks
[27.09.2026 20:41:34.032] INFO  Track skeleton changed: 276 tracks
[27.09.2026 20:41:35.133] INFO  Track skeleton changed: 276 tracks
[27.09.2026 20:41:36.215] INFO  Track skeleton changed: 276 tracks
[27.09.2026 20:41:37.324] INFO  Track skeleton changed: 276 tracks
[27.09.2026 20:41:38.412] INFO  Track skeleton changed: 276 tracks
[27.09.2026 20:41:39.542] INFO  Track skeleton changed: 276 tracks
[27.09.2026 20:41:40.636] INFO  Track skeleton changed: 276 tracks
[27.09.2026 20:41:41.731] INFO  Track skeleton changed: 276 tracks
[27.09.2026 20:41:42.820] INFO  Track skeleton changed: 276 tracks
[27.09.2026 20:41:43.863] INFO  Track skeleton changed: 276 tracks
[27.09.2026 20:41:45.040] INFO  Track skeleton changed: 276 tracks
[27.09.2026 20:41:46.113] INFO  Track skeleton changed: 276 tracks
[27.09.2026 20:41:47.194] INFO  Track skeleton changed: 276 tracks
[27.09.2026 20:41:48.372] INFO  Track skeleton changed: 276 tracks
[27.09.2026 20:41:49.510] INFO  Track skeleton changed: 276 tracks
[27.09.2026 20:41:49.816] WARN  Track state drift detected without dirty flag (undo/selection/FX drag?)
[27.09.2026 20:41:50.623] INFO  Track skeleton changed: 276 tracks
[27.09.2026 20:41:50.874] WARN  Track state drift detected without dirty flag (undo/selection/FX drag?)
[27.09.2026 20:41:51.762] INFO  Track skeleton changed: 276 tracks
[27.09.2026 20:41:52.940] INFO  Track skeleton changed: 276 tracks
[27.09.2026 20:41:54.081] INFO  Track skeleton changed: 276 tracks
[27.09.2026 20:41:55.211] INFO  Track skeleton changed: 276 tracks
[27.09.2026 20:41:55.419] WARN  Track state drift detected without dirty flag (undo/selection/FX drag?)
[27.09.2026 20:41:56.591] INFO  Track skeleton changed: 276 tracks
[27.09.2026 20:41:57.667] INFO  Track skeleton changed: 276 tracks
[27.09.2026 20:41:58.743] INFO  Track skeleton changed: 276 tracks
[27.09.2026 20:41:59.866] INFO  Track skeleton changed: 276 tracks
[27.09.2026 20:42:00.966] INFO  Track skeleton changed: 276 tracks
[27.09.2026 20:42:02.047] INFO  Track skeleton changed: 276 tracks
[27.09.2026 20:42:03.132] INFO  Track skeleton changed: 276 tracks
[27.09.2026 20:42:04.269] INFO  Track skeleton changed: 276 tracks
[27.09.2026 20:42:05.209] WARN  Track state drift detected without dirty flag (undo/selection/FX drag?)
[27.09.2026 20:42:05.412] INFO  Track skeleton changed: 276 tracks
[27.09.2026 20:42:06.518] INFO  Track skeleton changed: 276 tracks
[27.09.2026 20:42:06.765] WARN  Track state drift detected without dirty flag (undo/selection/FX drag?)
[27.09.2026 20:42:07.569] INFO  Track skeleton changed: 276 tracks
[27.09.2026 20:42:07.845] WARN  Track state drift detected without dirty flag (undo/selection/FX drag?)
[27.09.2026 20:42:08.652] INFO  Track skeleton changed: 276 tracks
[27.09.2026 20:42:08.927] WARN  Track state drift detected without dirty flag (undo/selection/FX drag?)
[27.09.2026 20:42:09.754] INFO  Track skeleton changed: 276 tracks
[27.09.2026 20:42:10.254] WARN  Track state drift detected without dirty flag (undo/selection/FX drag?)
[27.09.2026 20:42:10.864] INFO  Track skeleton changed: 276 tracks
[27.09.2026 20:42:11.446] WARN  Track state drift detected without dirty flag (undo/selection/FX drag?)
[27.09.2026 20:42:11.945] INFO  Track skeleton changed: 276 tracks
[27.09.2026 20:42:12.604] WARN  Track state drift detected without dirty flag (undo/selection/FX drag?)
[27.09.2026 20:42:13.024] INFO  Track skeleton changed: 276 tracks
[27.09.2026 20:42:13.667] WARN  Track state drift detected without dirty flag (undo/selection/FX drag?)
[27.09.2026 20:42:14.108] INFO  Track skeleton changed: 276 tracks
[27.09.2026 20:42:15.246] INFO  Track skeleton changed: 276 tracks
[27.09.2026 20:42:15.525] WARN  Track state drift detected without dirty flag (undo/selection/FX drag?)
[27.09.2026 20:42:16.359] INFO  Track skeleton changed: 276 tracks
[27.09.2026 20:42:16.654] WARN  Track state drift detected without dirty flag (undo/selection/FX drag?)
[27.09.2026 20:42:17.693] INFO  Track skeleton changed: 276 tracks
[27.09.2026 20:42:18.959] INFO  Track skeleton changed: 276 tracks
[27.09.2026 20:42:20.118] INFO  Track skeleton changed: 276 tracks
[27.09.2026 20:42:21.279] INFO  Track skeleton changed: 276 tracks
[27.09.2026 20:42:22.458] INFO  Track skeleton changed: 276 tracks
[27.09.2026 20:42:23.897] INFO  Track skeleton changed: 276 tracks
[27.09.2026 20:42:24.969] INFO  Track skeleton changed: 276 tracks
[27.09.2026 20:42:25.493] WARN  Track state drift detected without dirty flag (undo/selection/FX drag?)
[27.09.2026 20:42:26.107] INFO  Track skeleton changed: 276 tracks
[27.09.2026 20:42:26.591] WARN  Track state drift detected without dirty flag (undo/selection/FX drag?)
[27.09.2026 20:42:27.214] INFO  Track skeleton changed: 276 tracks
[27.09.2026 20:42:28.293] INFO  Track skeleton changed: 276 tracks
[27.09.2026 20:42:29.406] INFO  Track skeleton changed: 276 tracks
[27.09.2026 20:42:30.457] INFO  Track skeleton changed: 276 tracks
[27.09.2026 20:42:31.550] INFO  Track skeleton changed: 276 tracks
[27.09.2026 20:42:32.615] INFO  Track skeleton changed: 276 tracks
[27.09.2026 20:42:33.662] INFO  Track skeleton changed: 276 tracks
[27.09.2026 20:42:34.743] INFO  Track skeleton changed: 276 tracks
[27.09.2026 20:42:35.827] INFO  Track skeleton changed: 276 tracks
[27.09.2026 20:42:36.907] INFO  Track skeleton changed: 276 tracks
[27.09.2026 20:42:37.956] INFO  Track skeleton changed: 276 tracks
[27.09.2026 20:42:39.035] INFO  Track skeleton changed: 276 tracks
[27.09.2026 20:42:39.534] WARN  Track state drift detected without dirty flag (undo/selection/FX drag?)
[27.09.2026 20:42:40.267] INFO  Track skeleton changed: 276 tracks
[27.09.2026 20:42:41.033] WARN  Track state drift detected without dirty flag (undo/selection/FX drag?)
[27.09.2026 20:42:41.438] INFO  Track skeleton changed: 276 tracks
[27.09.2026 20:42:42.524] INFO  Track skeleton changed: 276 tracks
[27.09.2026 20:42:42.796] WARN  Track state drift detected without dirty flag (undo/selection/FX drag?)
[27.09.2026 20:42:43.633] INFO  Track skeleton changed: 276 tracks
[27.09.2026 20:42:44.734] INFO  Track skeleton changed: 276 tracks
[27.09.2026 20:42:44.749] WARN  Track state drift detected without dirty flag (undo/selection/FX drag?)
[27.09.2026 20:42:45.814] INFO  Track skeleton changed: 276 tracks
[27.09.2026 20:42:46.866] INFO  Track skeleton changed: 276 tracks
[27.09.2026 20:42:48.004] INFO  Track skeleton changed: 276 tracks
[27.09.2026 20:42:49.056] INFO  Track skeleton changed: 276 tracks
[27.09.2026 20:42:50.133] INFO  Track skeleton changed: 276 tracks
[27.09.2026 20:42:51.244] INFO  Track skeleton changed: 276 tracks
[27.09.2026 20:42:52.045] WARN  Track state drift detected without dirty flag (undo/selection/FX drag?)
[27.09.2026 20:42:52.414] INFO  Track skeleton changed: 276 tracks
[27.09.2026 20:42:53.501] INFO  Track skeleton changed: 276 tracks
[27.09.2026 20:42:53.599] WARN  Track state drift detected without dirty flag (undo/selection/FX drag?)
[27.09.2026 20:42:54.610] INFO  Track skeleton changed: 276 tracks
[27.09.2026 20:42:55.699] INFO  Track skeleton changed: 276 tracks
[27.09.2026 20:42:56.392] WARN  Track state drift detected without dirty flag (undo/selection/FX drag?)
[27.09.2026 20:42:56.768] INFO  Track skeleton changed: 276 tracks
[27.09.2026 20:42:57.905] INFO  Track skeleton changed: 276 tracks
[27.09.2026 20:42:59.015] INFO  Track skeleton changed: 276 tracks
[27.09.2026 20:43:00.070] INFO  Track skeleton changed: 276 tracks
[27.09.2026 20:43:01.145] INFO  Track skeleton changed: 276 tracks
[27.09.2026 20:43:02.416] INFO  Track skeleton changed: 276 tracks
[27.09.2026 20:43:03.522] INFO  Track skeleton changed: 276 tracks
[27.09.2026 20:43:04.456] WARN  Track state drift detected without dirty flag (undo/selection/FX drag?)
[27.09.2026 20:43:04.630] INFO  Track skeleton changed: 276 tracks
[27.09.2026 20:43:05.710] INFO  Track skeleton changed: 276 tracks
[27.09.2026 20:43:05.842] WARN  Track state drift detected without dirty flag (undo/selection/FX drag?)
[27.09.2026 20:43:06.791] INFO  Track skeleton changed: 276 tracks
[27.09.2026 20:43:07.833] INFO  Track skeleton changed: 276 tracks
[27.09.2026 20:43:08.914] INFO  Track skeleton changed: 276 tracks
[27.09.2026 20:43:09.997] INFO  Track skeleton changed: 276 tracks
[27.09.2026 20:43:24.640] INFO  Track skeleton changed: 276 tracks
[27.09.2026 20:44:02.502] INFO  Track skeleton changed: 276 tracks
[27.09.2026 20:44:03.482] WARN  Track state drift detected without dirty flag (undo/selection/FX drag?)
[27.09.2026 20:44:04.275] INFO  Track skeleton changed: 276 tracks
[27.09.2026 20:44:05.348] INFO  Track skeleton changed: 276 tracks
[27.09.2026 20:44:06.425] INFO  Track skeleton changed: 276 tracks
[27.09.2026 20:44:07.507] INFO  Track skeleton changed: 276 tracks
[27.09.2026 20:44:08.556] INFO  Track skeleton changed: 276 tracks
[27.09.2026 20:44:09.639] INFO  Track skeleton changed: 276 tracks
[27.09.2026 20:44:10.744] INFO  Track skeleton changed: 276 tracks
[27.09.2026 20:44:11.826] INFO  Track skeleton changed: 276 tracks
[27.09.2026 20:44:12.911] INFO  Track skeleton changed: 276 tracks
[27.09.2026 20:44:13.956] INFO  Track skeleton changed: 276 tracks
[27.09.2026 20:44:15.036] INFO  Track skeleton changed: 276 tracks
[27.09.2026 20:44:16.122] INFO  Track skeleton changed: 276 tracks
[27.09.2026 20:44:17.166] INFO  Track skeleton changed: 276 tracks
[27.09.2026 20:44:18.306] INFO  Track skeleton changed: 276 tracks
[27.09.2026 20:44:19.369] INFO  Track skeleton changed: 276 tracks
[27.09.2026 20:44:20.514] INFO  Track skeleton changed: 276 tracks
[27.09.2026 20:44:21.674] INFO  Track skeleton changed: 276 tracks
[27.09.2026 20:44:22.819] INFO  Track skeleton changed: 276 tracks
[27.09.2026 20:44:23.920] INFO  Track skeleton changed: 276 tracks
[27.09.2026 20:44:24.972] INFO  Track skeleton changed: 276 tracks
[27.09.2026 20:44:26.058] INFO  Track skeleton changed: 276 tracks
[27.09.2026 20:44:27.132] INFO  Track skeleton changed: 276 tracks
[27.09.2026 20:44:28.214] INFO  Track skeleton changed: 276 tracks
[27.09.2026 20:44:29.265] INFO  Track skeleton changed: 276 tracks
[27.09.2026 20:44:30.347] INFO  Track skeleton changed: 276 tracks
[27.09.2026 20:44:31.430] INFO  Track skeleton changed: 276 tracks
[27.09.2026 20:44:32.481] INFO  Track skeleton changed: 276 tracks
[27.09.2026 20:44:33.620] INFO  Track skeleton changed: 276 tracks
[27.09.2026 20:44:34.730] INFO  Track skeleton changed: 276 tracks
[27.09.2026 20:44:35.777] INFO  Track skeleton changed: 276 tracks
[27.09.2026 20:44:36.872] INFO  Track skeleton changed: 276 tracks
[27.09.2026 20:44:38.074] INFO  Track skeleton changed: 276 tracks
[27.09.2026 20:44:39.234] INFO  Track skeleton changed: 276 tracks
[27.09.2026 20:44:40.834] INFO  Track skeleton changed: 276 tracks
[27.09.2026 20:44:41.994] INFO  Track skeleton changed: 276 tracks
[27.09.2026 20:44:43.076] INFO  Track skeleton changed: 276 tracks
[27.09.2026 20:44:43.326] WARN  Track state drift detected without dirty flag (undo/selection/FX drag?)
[27.09.2026 20:44:44.161] INFO  Track skeleton changed: 276 tracks
[27.09.2026 20:44:45.242] INFO  Track skeleton changed: 276 tracks
[27.09.2026 20:44:46.342] INFO  Track skeleton changed: 276 tracks
[27.09.2026 20:44:47.428] INFO  Track skeleton changed: 276 tracks
[27.09.2026 20:44:48.790] INFO  Track skeleton changed: 276 tracks
[27.09.2026 20:44:49.887] INFO  Track skeleton changed: 276 tracks
[27.09.2026 20:44:51.054] INFO  Track skeleton changed: 276 tracks
[27.09.2026 20:44:52.137] INFO  Track skeleton changed: 276 tracks
[27.09.2026 20:44:53.471] INFO  Track skeleton changed: 276 tracks
[27.09.2026 20:44:54.632] INFO  Track skeleton changed: 276 tracks
[27.09.2026 20:44:55.745] INFO  Track skeleton changed: 276 tracks
[27.09.2026 20:44:56.844] INFO  Track skeleton changed: 276 tracks
[27.09.2026 20:44:58.033] INFO  Track skeleton changed: 276 tracks
[27.09.2026 20:44:58.483] WARN  Track state drift detected without dirty flag (undo/selection/FX drag?)
[27.09.2026 20:44:59.149] INFO  Track skeleton changed: 276 tracks
[27.09.2026 20:45:00.359] INFO  Track skeleton changed: 276 tracks
[27.09.2026 20:45:01.540] INFO  Track skeleton changed: 276 tracks
[27.09.2026 20:45:02.640] INFO  Track skeleton changed: 276 tracks
[27.09.2026 20:45:03.697] INFO  Track skeleton changed: 276 tracks
[27.09.2026 20:45:04.829] INFO  Track skeleton changed: 276 tracks
[27.09.2026 20:45:06.207] INFO  Track skeleton changed: 276 tracks
[27.09.2026 20:45:07.287] INFO  Track skeleton changed: 276 tracks
[27.09.2026 20:45:08.362] INFO  Track skeleton changed: 276 tracks
[27.09.2026 20:45:09.509] INFO  Track skeleton changed: 276 tracks
[27.09.2026 20:45:10.585] INFO  Track skeleton changed: 276 tracks
[27.09.2026 20:45:13.530] INFO  Track skeleton changed: 276 tracks
[27.09.2026 20:45:14.672] INFO  Track skeleton changed: 276 tracks
[27.09.2026 20:45:15.794] INFO  Track skeleton changed: 276 tracks
[27.09.2026 20:45:16.939] INFO  Track skeleton changed: 276 tracks
[27.09.2026 20:45:18.033] INFO  Track skeleton changed: 276 tracks
[27.09.2026 20:45:19.293] INFO  Track skeleton changed: 276 tracks
[27.09.2026 20:45:20.369] INFO  Track skeleton changed: 276 tracks
[27.09.2026 20:45:21.457] INFO  Track skeleton changed: 276 tracks
[27.09.2026 20:45:22.561] INFO  Track skeleton changed: 276 tracks
[27.09.2026 20:45:23.644] INFO  Track skeleton changed: 276 tracks
[27.09.2026 20:45:24.754] INFO  Track skeleton changed: 276 tracks
[27.09.2026 20:45:25.900] INFO  Track skeleton changed: 276 tracks
[27.09.2026 20:45:27.003] INFO  Track skeleton changed: 276 tracks
[27.09.2026 20:45:28.062] INFO  Track skeleton changed: 276 tracks
[27.09.2026 20:45:29.157] INFO  Track skeleton changed: 276 tracks
[27.09.2026 20:45:30.236] INFO  Track skeleton changed: 276 tracks
[27.09.2026 20:45:31.321] INFO  Track skeleton changed: 276 tracks
[27.09.2026 20:45:32.430] INFO  Track skeleton changed: 276 tracks
[27.09.2026 20:45:35.732] INFO  Track skeleton changed: 276 tracks
[27.09.2026 20:45:36.781] INFO  Track skeleton changed: 276 tracks
[27.09.2026 20:45:37.857] INFO  Track skeleton changed: 276 tracks
[27.09.2026 20:45:38.935] INFO  Track skeleton changed: 276 tracks
[27.09.2026 20:45:40.017] INFO  Track skeleton changed: 276 tracks
[27.09.2026 20:45:41.065] INFO  Track skeleton changed: 276 tracks
[27.09.2026 20:45:43.742] INFO  Track skeleton changed: 276 tracks
[27.09.2026 20:45:44.794] INFO  Track skeleton changed: 276 tracks
[27.09.2026 20:45:46.079] INFO  Track skeleton changed: 276 tracks
[27.09.2026 20:45:47.159] INFO  Track skeleton changed: 276 tracks
[27.09.2026 20:45:48.359] INFO  Track skeleton changed: 276 tracks
[27.09.2026 20:45:49.436] INFO  Track skeleton changed: 276 tracks
[27.09.2026 20:45:50.490] INFO  Track skeleton changed: 276 tracks
[27.09.2026 20:45:51.567] INFO  Track skeleton changed: 276 tracks
[27.09.2026 20:45:52.680] INFO  Track skeleton changed: 276 tracks
[27.09.2026 20:45:53.831] INFO  Track skeleton changed: 276 tracks
[27.09.2026 20:45:54.932] INFO  Track skeleton changed: 276 tracks
[27.09.2026 20:45:55.996] INFO  Track skeleton changed: 276 tracks
[27.09.2026 20:45:57.129] INFO  Track skeleton changed: 276 tracks
[27.09.2026 20:45:58.256] INFO  Track skeleton changed: 276 tracks
[27.09.2026 20:45:59.367] INFO  Track skeleton changed: 276 tracks
[27.09.2026 20:46:00.483] INFO  Track skeleton changed: 276 tracks
[27.09.2026 20:46:01.597] INFO  Track skeleton changed: 276 tracks
[27.09.2026 20:46:02.740] INFO  Track skeleton changed: 276 tracks
[27.09.2026 20:46:03.854] INFO  Track skeleton changed: 276 tracks
[27.09.2026 20:46:04.727] INFO  CLIENT REMOVE id=1 total=0
[27.09.2026 21:38:56.204] INFO  shutdown() called
[27.09.2026 21:38:56.207] INFO  FastTimer: stopped
[27.09.2026 21:38:56.207] INFO  timers stopped
[27.09.2026 21:38:56.207] INFO  cleaning up CSurf
[27.09.2026 21:38:56.207] INFO  CSurf cleaned up
[27.09.2026 21:38:56.207] INFO  cleaning up audio stream
[27.09.2026 21:38:56.208] INFO  audio stream cleaned up
[27.09.2026 21:38:56.208] INFO  menu: unregistered
[27.09.2026 21:38:56.208] INFO  stopping server
[27.09.2026 21:38:56.211] INFO  server stopped
[27.09.2026 21:38:56.211] INFO  cleaning up gesture state
[27.09.2026 21:38:56.211] INFO  gesture state cleaned up
[27.09.2026 21:38:56.212] INFO  cleaning up toggle subscriptions
[27.09.2026 21:38:56.212] INFO  toggle subscriptions cleaned up
[27.09.2026 21:38:56.212] INFO  cleaning up notes subscriptions
[27.09.2026 21:38:56.213] INFO  notes subscriptions cleaned up
[27.09.2026 21:38:56.213] INFO  cleaning up track subscriptions
[27.09.2026 21:38:56.213] INFO  track subscriptions cleaned up
[27.09.2026 21:38:56.213] INFO  cleaning up peaks subscriptions
[27.09.2026 21:38:56.213] INFO  peaks subscriptions cleaned up
[27.09.2026 21:38:56.213] INFO  cleaning up routing subscriptions
[27.09.2026 21:38:56.213] INFO  routing subscriptions cleaned up
[27.09.2026 21:38:56.213] INFO  cleaning up track FX subscriptions
[27.09.2026 21:38:56.213] INFO  track FX subscriptions cleaned up
[27.09.2026 21:38:56.213] INFO  cleaning up track FX param subscriptions
[27.09.2026 21:38:56.213] INFO  track FX param subscriptions cleaned up
[27.09.2026 21:38:56.213] INFO  cleaning up tuner subscriptions
[27.09.2026 21:38:56.213] INFO  tuner subscriptions cleaned up
[27.09.2026 21:38:56.213] INFO  cleaning up tile cache
[27.09.2026 21:38:56.215] INFO  tile cache cleaned up
[27.09.2026 21:38:56.215] INFO  cleaning up GUID cache
[27.09.2026 21:38:56.216] INFO  GUID cache cleaned up
[27.09.2026 21:38:56.216] INFO  cleaning up item GUID cache
[27.09.2026 21:38:56.219] INFO  item GUID cache cleaned up
[27.09.2026 21:38:56.219] INFO  cleaning up shared state
[27.09.2026 21:38:56.219] INFO  shared state cleaned up
[27.09.2026 21:38:56.219] INFO  cleaning up tiered arenas
[27.09.2026 21:38:56.242] INFO  tiered arenas cleaned up
[27.09.2026 21:38:56.242] INFO  shutdown() complete
=== Extension Unloaded ===

=== Reamo Extension Log ===
[28.09.2026 01:21:36.986] INFO  REAmo v0.7.3 starting
[28.09.2026 01:21:36.986] INFO  Project entities: tracks=1 items=0 markers=0 regions=0 fx=0 sends=0 tempo=0
[28.09.2026 01:21:36.986] INFO  Arena sizes: HIGH=1011KB MEDIUM=4045KB LOW=126KB SCRATCH=10113KB total=19MB
[28.09.2026 01:21:36.988] INFO  Tiered arenas initialized: 19MB total
[28.09.2026 01:21:36.988] INFO  Session token generated
[28.09.2026 01:21:36.988] INFO  CSurf registered for push-based callbacks
[28.09.2026 01:21:36.988] INFO  Auto-detected hostname: MacBookPro.ht.home
[28.09.2026 01:21:36.988] INFO  Loaded 0 playlists from project
[28.09.2026 01:21:36.988] INFO  Initialization complete, waiting for warmup
[28.09.2026 01:21:38.731] INFO  Initialization complete, starting processing timer
[28.09.2026 01:21:39.697] INFO  Starting HTTP+WS server (deferred)...
[28.09.2026 01:21:39.698] INFO  HTTP+WS server started on port 9224
[28.09.2026 01:21:39.698] INFO  FastTimer: started at 10ms interval (native)
=== Reamo Extension Log ===
[28.09.2026 01:53:17.549] INFO  REAmo v0.7.3 starting
[28.09.2026 01:53:17.549] INFO  Project entities: tracks=1 items=0 markers=0 regions=0 fx=1 sends=0 tempo=0
[28.09.2026 01:53:17.549] INFO  Arena sizes: HIGH=1011KB MEDIUM=4045KB LOW=126KB SCRATCH=10113KB total=19MB
[28.09.2026 01:53:17.552] INFO  Tiered arenas initialized: 19MB total
[28.09.2026 01:53:17.552] INFO  Session token generated
[28.09.2026 01:53:17.552] INFO  CSurf registered for push-based callbacks
[28.09.2026 01:53:17.552] INFO  Auto-detected hostname: MacBookPro.ht.home
[28.09.2026 01:53:17.552] INFO  Loaded 0 playlists from project
[28.09.2026 01:53:17.552] INFO  Initialization complete, waiting for warmup
[28.09.2026 01:53:19.670] INFO  Initialization complete, starting processing timer
[28.09.2026 01:53:20.709] INFO  Starting HTTP+WS server (deferred)...
[28.09.2026 01:53:20.711] INFO  HTTP+WS server started on port 9224
[28.09.2026 01:53:20.711] INFO  FastTimer: started at 10ms interval (native)
[28.09.2026 03:28:42.104] INFO  shutdown() called
[28.09.2026 03:28:42.106] INFO  FastTimer: stopped
[28.09.2026 03:28:42.106] INFO  timers stopped
[28.09.2026 03:28:42.106] INFO  cleaning up CSurf
[28.09.2026 03:28:42.106] INFO  CSurf cleaned up
[28.09.2026 03:28:42.106] INFO  cleaning up audio stream
[28.09.2026 03:28:42.106] INFO  audio stream cleaned up
[28.09.2026 03:28:42.106] INFO  menu: unregistered
[28.09.2026 03:28:42.106] INFO  stopping server
[28.09.2026 03:28:42.108] INFO  server stopped
[28.09.2026 03:28:42.108] INFO  cleaning up gesture state
[28.09.2026 03:28:42.108] INFO  gesture state cleaned up
[28.09.2026 03:28:42.108] INFO  cleaning up toggle subscriptions
[28.09.2026 03:28:42.108] INFO  toggle subscriptions cleaned up
[28.09.2026 03:28:42.108] INFO  cleaning up notes subscriptions
[28.09.2026 03:28:42.108] INFO  notes subscriptions cleaned up
[28.09.2026 03:28:42.108] INFO  cleaning up track subscriptions
[28.09.2026 03:28:42.108] INFO  track subscriptions cleaned up
[28.09.2026 03:28:42.108] INFO  cleaning up peaks subscriptions
[28.09.2026 03:28:42.108] INFO  peaks subscriptions cleaned up
[28.09.2026 03:28:42.108] INFO  cleaning up routing subscriptions
[28.09.2026 03:28:42.108] INFO  routing subscriptions cleaned up
[28.09.2026 03:28:42.108] INFO  cleaning up track FX subscriptions
[28.09.2026 03:28:42.108] INFO  track FX subscriptions cleaned up
[28.09.2026 03:28:42.108] INFO  cleaning up track FX param subscriptions
[28.09.2026 03:28:42.108] INFO  track FX param subscriptions cleaned up
[28.09.2026 03:28:42.108] INFO  cleaning up tuner subscriptions
[28.09.2026 03:28:42.108] INFO  tuner subscriptions cleaned up
[28.09.2026 03:28:42.108] INFO  cleaning up tile cache
[28.09.2026 03:28:42.108] INFO  tile cache cleaned up
[28.09.2026 03:28:42.108] INFO  cleaning up GUID cache
[28.09.2026 03:28:42.108] INFO  GUID cache cleaned up
[28.09.2026 03:28:42.108] INFO  cleaning up item GUID cache
[28.09.2026 03:28:42.108] INFO  item GUID cache cleaned up
[28.09.2026 03:28:42.108] INFO  cleaning up shared state
[28.09.2026 03:28:42.108] INFO  shared state cleaned up
[28.09.2026 03:28:42.108] INFO  cleaning up tiered arenas
[28.09.2026 03:28:42.111] INFO  tiered arenas cleaned up
[28.09.2026 03:28:42.111] INFO  shutdown() complete
=== Extension Unloaded ===

=== Reamo Extension Log ===
[28.09.2026 03:28:56.056] INFO  REAmo v0.7.3 starting
[28.09.2026 03:28:56.056] INFO  Project entities: tracks=1 items=0 markers=0 regions=0 fx=1 sends=0 tempo=0
[28.09.2026 03:28:56.056] INFO  Arena sizes: HIGH=1011KB MEDIUM=4045KB LOW=126KB SCRATCH=10113KB total=19MB
[28.09.2026 03:28:56.058] INFO  Tiered arenas initialized: 19MB total
[28.09.2026 03:28:56.058] INFO  Session token generated
[28.09.2026 03:28:56.058] INFO  CSurf registered for push-based callbacks
[28.09.2026 03:28:56.058] INFO  Auto-detected hostname: MacBookPro.ht.home
[28.09.2026 03:28:56.058] INFO  Loaded 0 playlists from project
[28.09.2026 03:28:56.058] INFO  Initialization complete, waiting for warmup
[28.09.2026 03:28:57.848] INFO  Initialization complete, starting processing timer
[28.09.2026 03:28:58.827] INFO  Starting HTTP+WS server (deferred)...
[28.09.2026 03:28:58.829] INFO  HTTP+WS server started on port 9224
[28.09.2026 03:28:58.829] INFO  FastTimer: started at 10ms interval (native)
=== Reamo Extension Log ===
[28.09.2026 12:58:03.295] INFO  REAmo v0.7.3 starting
[28.09.2026 12:58:03.295] INFO  Project entities: tracks=1 items=0 markers=0 regions=0 fx=1 sends=0 tempo=0
[28.09.2026 12:58:03.295] INFO  Arena sizes: HIGH=1011KB MEDIUM=4045KB LOW=126KB SCRATCH=10113KB total=19MB
[28.09.2026 12:58:03.297] INFO  Tiered arenas initialized: 19MB total
[28.09.2026 12:58:03.297] INFO  Session token generated
[28.09.2026 12:58:03.297] INFO  CSurf registered for push-based callbacks
[28.09.2026 12:58:03.297] INFO  Auto-detected hostname: MacBookPro.ht.home
[28.09.2026 12:58:03.297] INFO  Loaded 0 playlists from project
[28.09.2026 12:58:03.297] INFO  Initialization complete, waiting for warmup
[28.09.2026 12:58:05.550] INFO  Initialization complete, starting processing timer
[28.09.2026 12:58:06.490] INFO  Starting HTTP+WS server (deferred)...
[28.09.2026 12:58:06.493] INFO  HTTP+WS server started on port 9224
[28.09.2026 12:58:06.493] INFO  FastTimer: started at 10ms interval (native)
=== Reamo Extension Log ===
[28.09.2026 14:55:25.767] INFO  REAmo v0.7.3 starting
[28.09.2026 14:55:25.767] INFO  Project entities: tracks=1 items=0 markers=0 regions=0 fx=1 sends=0 tempo=0
[28.09.2026 14:55:25.767] INFO  Arena sizes: HIGH=1011KB MEDIUM=4045KB LOW=126KB SCRATCH=10113KB total=19MB
[28.09.2026 14:55:25.770] INFO  Tiered arenas initialized: 19MB total
[28.09.2026 14:55:25.770] INFO  Session token generated
[28.09.2026 14:55:25.770] INFO  CSurf registered for push-based callbacks
[28.09.2026 14:55:25.770] INFO  Auto-detected hostname: MacBookPro.ht.home
[28.09.2026 14:55:25.770] INFO  Loaded 0 playlists from project
[28.09.2026 14:55:25.770] INFO  Initialization complete, waiting for warmup
[28.09.2026 14:55:27.612] INFO  Initialization complete, starting processing timer
[28.09.2026 14:55:28.584] INFO  Starting HTTP+WS server (deferred)...
[28.09.2026 14:55:28.585] INFO  HTTP+WS server started on port 9224
[28.09.2026 14:55:28.585] INFO  FastTimer: started at 10ms interval (native)
[28.09.2026 15:07:08.003] INFO  CLIENT ADD id=1 total=1
[28.09.2026 15:07:08.063] INFO  CLIENT REMOVE id=1 total=0
[28.09.2026 15:07:09.413] INFO  CLIENT ADD id=2 total=1
[28.09.2026 15:07:09.426] INFO  CLIENT REMOVE id=2 total=0
[28.09.2026 15:07:11.186] INFO  CLIENT ADD id=3 total=1
[28.09.2026 15:07:11.229] INFO  CLIENT REMOVE id=3 total=0
[28.09.2026 15:07:13.981] INFO  CLIENT ADD id=4 total=1
[28.09.2026 15:07:14.024] INFO  CLIENT REMOVE id=4 total=0
[28.09.2026 15:07:17.704] INFO  CLIENT ADD id=5 total=1
[28.09.2026 15:07:17.716] INFO  CLIENT REMOVE id=5 total=0
[28.09.2026 15:07:23.282] INFO  CLIENT ADD id=6 total=1
[28.09.2026 15:07:23.305] INFO  CLIENT REMOVE id=6 total=0
[28.09.2026 15:07:31.116] INFO  CLIENT ADD id=7 total=1
[28.09.2026 15:07:31.196] INFO  CLIENT REMOVE id=7 total=0
[28.09.2026 15:07:42.804] INFO  CLIENT ADD id=8 total=1
[28.09.2026 15:07:42.818] INFO  CLIENT REMOVE id=8 total=0
